y_true,y_pred
204.0,186.19595889366641
209.0,188.20392248712582
211.0,188.515557948845
211.0,193.47379210747113
211.0,199.95719259965367
215.0,205.00988562609925
225.0,208.17631616890029
233.0,214.2979259286683
237.0,216.10026868650348
241.0,217.50673471366554
246.0,215.56622836869678
248.0,218.02876648362158
250.0,230.32749927066573
252.0,237.31679577090583
256.0,243.89942649156526
259.0,245.1254239472481
262.0,247.10324547487178
266.0,245.80276568719324
269.0,250.71682077730154
272.0,251.2409868889322
275.0,255.97867771498372
279.0,257.70089729888235
281.0,261.28823346822736
283.0,266.05907080789245
286.0,268.2021009197994
289.0,268.48457243524393
292.0,272.9509324346356
294.0,278.6209089901214
299.0,280.56692614551304
301.0,281.60015613081856
304.0,281.4321865164134
307.0,283.0709615271398
309.0,283.0327127819361
311.0,287.7115961751304
313.0,290.2163550460655
313.0,290.26710344225336
314.0,296.4738385513152
314.0,295.8833315534721
315.0,299.0921958343877
317.0,298.5944298075056
318.0,303.2509875689331
319.0,303.71897181094283
321.0,303.75863675881925
321.0,304.4779698606619
321.0,304.77186952582196
322.0,309.7428793329395
326.0,310.8478838681555
326.0,317.65376556563854
326.0,321.49431646233376
325.0,321.6233508717595
324.0,321.7983293316083
322.0,322.4730041099892
320.0,323.7106854048873
318.0,323.78814590091196
316.0,323.900785647637
314.0,323.3032069081569
308.0,322.5451451991518
304.0,321.65919122280775
301.0,314.65311682230595
298.0,313.84567141539674
296.0,313.5860585722348
294.0,308.7089916307765
293.0,302.721234031033
291.0,295.7736578701909
273.0,289.2689033255045
270.0,289.32947259065793
276.0,287.6672906102864
265.0,287.05425438971116
251.0,286.1176551438109
251.0,280.4514295889697
251.0,260.75244135701263
249.0,253.24693967279552
255.0,264.40930604001124
294.0,259.4870466831109
306.0,235.79567225133462
316.0,238.23490599493294
322.0,240.11304969020694
311.0,237.10809610228785
298.0,243.02165837712843
293.0,289.006320497396
288.0,294.77862694196153
291.0,298.701026965723
289.0,297.178778482056
285.0,283.6845706837097
289.0,274.397037700508
300.0,266.2258671264761
307.0,255.67174766614443
296.0,260.99490254328856
291.0,263.1011774754399
275.0,264.252549128336
270.0,266.0506748553242
272.0,274.5593823683915
269.0,276.6364881241165
251.0,273.238510118824
241.0,269.2812771240032
244.0,251.57699686457855
239.0,229.36669026975162
237.0,237.5413965213188
233.0,242.75197993437223
228.0,225.77685456809746
222.0,206.67229440271174
218.0,213.09293809914075
214.0,206.93567281421124
210.0,206.94445658277596
209.0,206.1850440176428
205.0,203.88477126086684
204.0,200.08429089043392
204.0,198.74363516630558
198.0,192.97116541338187
197.0,190.76891053674734
195.0,187.76754860479204
194.0,182.0419610051947
190.0,178.9808332065169
189.0,181.25309375637596
180.0,179.56520543896852
177.0,178.70648553407813
176.0,179.24554597197755
172.0,181.9198982574661
168.0,175.37900359331795
165.0,174.2241272955939
162.0,161.9911506738226
159.0,160.34077743594204
156.0,160.4135647781838
151.0,152.68759859022595
150.0,149.87808801623297
146.0,147.3902897476733
140.0,145.77755112407795
140.0,144.31276340664192
138.0,140.33666672895615
140.0,136.44467738149734
139.0,151.81361957065351
141.0,151.89879591213895
139.0,147.58735743174822
144.0,151.6990520719487
152.0,149.91574268477905
160.0,156.41748521524516
167.0,152.3239217783767
176.0,157.6093163258849
179.0,147.9974337953586
177.0,160.59812499337428
172.0,178.78141566478035
158.0,180.23231047675
145.0,186.28464848794684
138.0,197.2350191870707
136.0,193.8425214133904
134.0,178.22549925172365
128.0,167.8767364897283
123.0,142.27583187665147
121.0,134.20381107386416
123.0,127.71886002583517
121.0,130.46620353136336
117.0,124.51477298694986
112.0,118.23935549840691
109.0,113.99178077600408
110.0,109.7456228253217
114.0,113.47613955502689
126.0,113.0726444675979
142.0,106.67675294599434
155.0,102.36341263005154
163.0,100.34401606975774
159.0,102.4056173692724
153.0,112.66147817988647
152.0,141.7717976056285
151.0,150.53646143424282
145.0,166.4748938023962
141.0,179.60778343678075
141.0,158.25430606005068
143.0,142.55425327026398
145.0,139.85443363242132
146.0,138.89242060748168
149.0,130.15075720542097
151.0,130.21300339242663
152.0,134.32655206703623
153.0,137.8479336218247
154.0,140.65761157475166
154.0,142.21171064960382
154.0,150.75460998194052
156.0,149.64938799019927
155.0,150.48837028089747
153.0,153.47318887469143
147.0,155.47467630899786
142.0,154.4999737970533
142.0,157.46657157104192
143.0,161.14025927647674
138.0,159.41236081039122
137.0,155.0768189095138
135.0,147.30754808958503
130.0,143.92957963761674
131.0,143.1171145833155
132.0,145.0816928044556
133.0,136.39106364748795
135.0,137.0447185613856
135.0,132.87624114818726
137.0,123.51017218054646
140.0,126.01593022751062
145.0,127.41477356743448
149.0,131.76736544292325
150.0,134.6806438928325
149.0,136.6780036327146
146.0,140.40182393519194
132.80918318476884,148.5626892695201
149.0,131.1760007761857
155.0,145.73651078260372
157.0,142.34224613474
156.0,139.6171173023936
158.0,142.7673100555075
163.0,131.7423027459805
164.0,149.06018287855923
173.0,158.31348234522883
179.0,161.32124134442364
182.0,169.7668477806742
183.0,172.24836615905983
183.0,178.56762917238925
184.0,181.2858983189677
184.0,195.37665357105445
183.0,204.92705486094536
189.0,207.6210660986584
195.0,202.17624016975967
199.0,194.91500996784583
198.0,204.68267536144128
199.0,203.96575141263529
198.0,199.5974031542649
198.0,206.30256382759944
197.0,215.24752980615477
198.0,215.76710296494136
195.0,208.43963959079025
192.0,205.33322067364932
187.0,203.1720598476121
181.0,203.55215839452802
184.0,200.7553107609988
183.0,198.9396209973934
180.0,187.5402271062843
179.0,183.82243317996642
177.0,178.7986498511495
172.0,163.98203207436916
167.0,173.5169973571502
166.0,172.02996846454832
163.0,169.96186815600427
159.0,167.1121696225292
157.0,163.29753627281403
154.0,153.28791581036728
151.0,149.88267988722995
149.0,147.42123153633247
148.0,147.46727519834099
147.0,141.78029170668222
146.0,140.04233252966932
144.0,138.0954576579611
139.0,135.13413933981232
133.0,133.2866320466949
129.0,135.826912661748
126.0,138.4029596178005
124.0,138.52025122389855
124.0,136.82130723219467
123.0,130.63509699713856
124.0,123.93425930754884
125.0,119.0813865946281
127.0,116.68682832846658
129.0,113.57797569293412
131.0,114.82687173829136
133.0,114.89071966460473
134.0,117.07215520768072
134.0,119.15511775951356
134.0,126.19721693891098
134.0,132.7719462796613
135.0,134.96892314239864
136.0,136.33231198911471
137.0,137.3650223598031
137.0,137.20948864599563
138.0,137.3982275857115
138.0,137.3037096806208
139.0,138.97138224348353
139.0,139.97807154988564
140.0,141.3102459940174
140.0,140.9435821034491
139.0,142.00136367714725
139.0,141.60473823647882
140.0,143.00139380644902
139.0,142.3540179949944
138.0,143.46078689408932
137.0,142.58430864485447
137.0,139.07562270051204
136.0,138.97921845064627
136.0,141.75906637467872
136.0,139.1087782108426
136.0,135.84951066693532
136.0,135.9355106809125
135.0,136.6835142724353
135.0,135.3003069802467
132.0,135.88851357216416
129.0,136.02550710586726
130.0,136.34989908330266
128.0,138.01450663514743
127.0,135.01345450479303
126.0,137.11181891881026
124.0,129.05086752769057
122.0,127.1738199978087
121.0,128.22291933175748
119.0,126.89886720379982
118.0,126.5075412373516
117.0,125.44646360834645
117.0,121.75853995105946
116.0,119.04069523903821
115.0,117.64469869906942
113.0,115.4228424911161
112.0,114.7898533243187
111.0,114.56660254165871
110.0,115.89278403974697
109.0,114.38498057907884
108.0,113.56538831726202
107.0,111.55665704866517
107.0,109.998859322409
105.0,109.294425414882
104.0,109.4986990248059
104.0,109.06113559624599
103.0,107.40276887123399
103.0,106.50013846927864
102.0,106.65651370379824
101.0,103.49468143809514
101.0,102.51663702628291
100.0,104.16845669069139
99.0,103.53539418678754
98.0,103.94863973437694
98.0,101.81610466848223
97.0,101.09699670201414
97.0,101.11372472418375
96.0,99.48197691203252
96.0,97.5368769853031
97.0,96.88916799377706
95.0,96.62825381787644
93.0,113.02717401982704
94.0,114.64554294522299
97.0,110.82016724787593
103.0,108.16607499056023
110.0,112.6885637626576
118.0,104.5676941742097
131.0,103.52604365733247
146.0,106.38975922414066
156.0,112.38143065688182
161.0,131.21644014944624
169.0,145.48574604788055
163.0,152.74100205580032
199.0,174.12413701712342
200.0,176.78309063234897
201.0,183.1982667536474
200.0,183.07285927663523
197.0,196.07455477127326
193.0,164.95558467213868
189.0,231.5519833831062
185.0,227.95593177532766
180.0,220.21473249496498
177.0,219.65447690248533
181.0,205.0423839424182
181.0,190.14961035124392
174.0,165.26478667337372
167.0,164.41983427405899
163.0,162.47200362167564
158.0,156.1746316950135
155.0,162.7203456693506
156.0,163.78886145784756
158.0,154.23867697451993
200.0,150.43334216312735
213.0,146.73550801202242
246.0,138.93215451332176
265.0,137.27345092987497
267.0,142.37210258589243
258.0,148.38170502238185
248.0,212.29276960490913
240.0,224.08399599335613
230.0,260.2901573788502
225.0,273.5438257675329
224.0,271.05947730855286
220.0,261.23286293012535
214.0,237.68734748304504
212.0,222.88565703060925
206.0,208.27057429910926
198.0,205.06696035468175
194.0,209.7125634031941
195.0,204.65770951530766
197.0,197.9473739022421
196.0,197.63627561562228
194.0,189.96748737701643
193.0,183.29080846359204
193.0,176.83558386757466
190.0,182.84162308942567
186.0,184.4272525100788
185.0,183.7048056899875
186.0,178.66743581718188
182.0,181.72575632386832
178.0,183.12619248391286
177.0,175.46871606310995
176.0,177.53015731376803
173.0,178.26943041496176
171.0,180.106736637051
168.0,171.65462968883458
166.0,169.67091752871858
164.0,169.03716557236066
159.0,169.90733177288624
156.0,163.28536254604836
153.0,163.91093961315732
151.0,161.3258715893136
149.0,157.7244901590172
145.0,153.6906049038442
140.0,148.54866941698086
136.0,144.0057107306369
136.0,140.74806868167374
133.0,141.5758492950212
129.0,140.99014962490622
124.0,140.16817289742005
124.0,135.9759451278584
130.0,133.49106616454063
134.0,151.6034759686398
142.0,152.04806012885004
146.0,147.93335439873042
143.0,146.73761572021834
147.0,145.30488319223556
156.0,157.45447068176628
162.0,162.84017161207035
164.0,183.93559480331888
168.0,184.73919217105197
175.0,173.02901400111978
179.0,180.42322312445722
183.0,196.23694559493967
190.0,193.034401036422
194.0,190.3733515863501
197.0,195.3672890519744
201.0,210.9470875627171
206.0,210.7880862144361
208.0,213.9485732496138
208.0,220.4962636650554
208.0,221.30886708480412
212.0,219.0418690990963
209.0,221.30570397254553
205.0,226.91575154726715
208.0,222.1529268147879
204.0,215.5077145918172
201.0,213.0096849981173
201.0,220.16258258908886
203.0,209.41545186744372
203.0,201.4306818567438
199.0,207.03544820806007
200.0,190.37048390188514
202.0,192.3637977339421
202.0,191.66178329938091
197.0,193.80244265733594
197.0,193.97552729452394
199.0,191.16782488301268
198.0,193.6060396080111
204.0,200.01028645745916
205.0,200.45386140030317
204.0,191.87038126025863
210.0,193.35913489757513
212.0,198.20817552223275
212.0,193.86497324703566
212.0,201.74574525332758
210.0,204.27830415184636
208.0,201.6415859736882
206.0,210.19749282131386
208.0,211.18620087326389
205.0,211.1064221642811
204.0,211.2634624333821
199.0,208.2078231368
197.0,205.91009991123795
191.0,200.9585197060925
182.0,202.60181312028067
180.0,198.250040772931
176.0,196.25630630898027
174.0,194.62916238311718
179.0,192.3748515093339
178.0,187.1348049547161
172.0,177.12147095747554
169.0,171.2242191042726
165.0,167.0845727963726
162.0,166.39116679532327
162.0,175.46806851458746
166.0,172.23108683579028
167.0,159.69054656074553
166.0,158.27651428763036
160.0,152.81841257485783
156.0,153.35480879627363
153.0,156.3395509240959
152.0,161.8268381223546
156.0,161.26340329190592
166.0,159.40643112595563
164.0,205.10573960770924
163.0,211.30924178357438
164.0,203.0861732856625
164.0,204.25368469513668
161.0,192.32260598246998
157.0,190.19008313593176
152.0,182.49169151776516
144.0,168.76714883533833
136.0,163.98427403880774
127.0,160.23245308775387
121.0,156.19915200198656
121.0,149.1553199056596
120.0,137.9910485640463
119.0,133.86080719783487
119.0,126.58620884473798
118.0,116.87498988728346
116.0,107.26045906285805
112.0,108.5765817898897
109.0,108.4322771929143
104.0,110.65693790712952
98.0,114.6423978273171
96.0,113.86148031628463
93.0,112.41997094649403
91.0,107.14480903435063
91.0,106.92841171347985
91.0,100.92381354485903
94.0,92.41674793935506
98.0,89.73672408839141
101.0,89.62490427683967
103.0,87.50556338104863
104.0,88.22382633185973
105.0,87.2285353974493
106.0,93.51501624652641
108.0,102.48500474769953
109.0,105.47242556591404
110.0,109.80819580510618
112.0,111.84846375933844
113.0,113.08071796985915
114.0,111.33432772905208
116.0,114.3594951167671
117.0,115.09040943661714
118.0,115.08608353757215
119.0,116.06103750795091
121.0,118.417658130665
122.0,120.65084398365597
123.0,121.42781538213897
123.0,123.42784057051186
124.0,123.95007735706025
125.0,125.2932066464365
127.0,128.53677692593158
129.0,128.62483699808547
131.0,129.3499962527584
130.0,128.12498864003717
133.0,129.2551765668678
136.0,129.98535430474772
139.0,133.79378498509848
144.0,137.47585755368772
151.0,138.9124893110439
157.0,136.23601662771753
162.0,139.04111987313428
167.0,142.91261891732714
172.0,146.89928940713312
176.0,155.90814238339465
180.0,165.58296879690914
183.0,169.5368488017838
186.0,176.7896286767121
188.0,181.26855870541274
191.0,187.37557236027678
193.0,187.2855136178237
195.0,188.08681216933914
196.0,193.39272098671256
197.0,192.7757921520123
199.0,194.61413584490384
200.0,200.32234081139816
202.0,203.35232238675556
204.0,206.47217535465276
204.0,204.70994565946424
207.0,203.37766938797216
210.0,206.96807358026862
213.0,208.49337446022884
216.0,208.52134933586416
218.0,208.4571303146197
219.0,207.40300146412216
220.0,212.33195039538325
223.0,216.66834799955035
224.0,219.53448739009414
227.0,223.17839547895977
228.0,226.4838113200589
231.0,226.9213577795705
234.0,226.51416204118584
236.0,227.9368031426832
238.0,228.36076769648778
240.0,233.5041465124363
244.0,234.18173003857842
246.0,238.59436039892827
245.0,239.22234155842702
247.0,240.51946425451652
249.0,242.7932896424336
250.0,243.9646353775327
253.0,250.28848250916718
255.0,250.89961787425372
256.0,250.45255137399488
257.0,252.18276052334548
257.0,255.64807276049495
261.0,257.07264474657086
263.0,258.61474947423727
264.0,260.0657879980849
265.0,259.8877587301547
262.0,259.37638601933884
261.0,259.3677268229208
265.0,262.8725870091243
270.0,266.4070966911367
272.0,269.2112027997108
273.0,270.0354303627325
267.0,263.71697093605394
265.0,261.60923264284065
270.0,269.5564415555328
256.0,273.1547273151981
292.0,273.8391942344598
293.0,277.4587505724935
284.0,270.5029526868261
277.0,266.39524586495617
284.0,270.3362399992831
289.0,251.50826423042486
276.0,285.95749492326325
277.0,289.1822242058026
277.0,281.6741747720191
273.0,272.2153782889008
263.0,276.24172700472394
248.0,277.07500245540876
245.0,266.9578474077191
253.0,268.1689438046314
251.0,269.42910702374917
245.0,265.8306766769685
238.0,252.92677228666088
233.0,228.73560542107776
230.0,221.50681822267848
227.0,241.4521106483874
223.0,237.58038540661454
216.0,228.32852260034142
208.0,220.11851359404915
210.0,213.62267900383952
214.0,212.57441975216287
201.0,206.88458994036898
193.0,200.81002041425626
187.0,192.62935758218404
176.0,190.30560160981722
176.0,200.17158591118604
179.0,204.70508343747454
189.0,185.80158653524086
198.0,176.2691525004895
197.0,171.72724387769617
200.0,158.52440208525917
191.0,160.12866165526907
180.0,168.1232176525946
172.0,182.01331128019424
173.0,203.9497034106363
182.0,192.5400551810238
180.0,203.03864641997592
170.0,188.7905454011667
169.0,169.61019433626555
174.0,161.6341560630826
182.0,168.73031636022168
195.0,186.89397019452102
197.0,180.75122805432994
199.0,153.26603791246438
199.0,151.78961472449672
206.0,170.6043398270962
209.0,193.5142192050995
198.0,209.74470894395418
200.0,201.9899648181192
205.0,203.1202587849004
207.0,199.50375682975303
199.0,209.4886696952762
188.0,210.9130892686317
185.0,194.1436830314508
185.0,197.45476694733844
182.0,202.83033760059013
183.0,204.0962638070199
177.0,188.2304779032374
172.0,178.32161231685402
172.0,174.819591899297
172.0,174.97742666090983
169.0,165.1297951077556
167.0,174.8826814410182
166.0,162.9831898902262
166.0,155.6183481107548
165.0,160.25789816309396
164.0,161.93496558861904
163.0,161.87449991245037
160.0,157.2430208592907
155.0,157.21789524119063
147.0,157.40456615237335
139.0,156.4490504253667
132.0,156.44247394221603
123.0,158.47532365677182
116.0,154.2603798078716
113.0,144.64801807311858
111.0,134.49942529651503
110.0,126.38127316436648
118.0,121.12358705386684
129.0,123.82899924836876
142.0,119.22338739671899
157.0,117.3936615679171
167.0,116.74170157541222
170.0,115.80821335324643
180.0,133.56969537066618
187.0,176.3539458577511
193.0,182.6071751186481
205.0,202.80733556220014
207.0,209.16367248038043
208.0,205.52333101621537
212.0,221.37558330075612
219.0,227.17955612844577
221.0,226.47743990855116
225.0,237.8803434825514
227.0,231.76914520725228
226.0,222.4812277231347
224.0,226.4290191479706
219.0,236.0330547317745
228.0,235.62556397505773
227.0,239.77457601578027
233.0,237.92557500490105
235.0,236.9832109889923
234.0,227.0573860363106
228.0,219.80328746429566
222.0,237.4506117257576
223.0,236.11992182658756
230.0,240.8015741321867
230.0,242.8997992207069
232.0,235.30413499512568
233.0,226.5656523217143
233.0,212.27704363472455
235.0,214.21367439081683
231.0,226.501888289536
225.0,228.41792315009
221.0,230.3203667573754
216.0,236.82738902338292
205.0,231.32661124981567
152.0,170.7115188020089
154.0,170.7115188020089
154.0,170.7115188020089
155.0,170.7115188020089
154.0,202.29134504172606
153.0,200.0035348167056
152.0,164.48214729505
151.0,155.57470766813586
149.0,151.4906192210459
147.0,154.5791061190966
146.0,150.46674423463216
143.0,149.09182279901825
141.0,148.76001041637298
158.0,145.17021490368924
169.0,143.27164584430864
179.0,141.1479526471426
175.0,144.45206849603673
166.0,140.22306554812812
156.0,137.75462364482897
148.0,174.62860576877097
140.0,182.22085657789867
132.0,186.947095643075
124.0,180.3498314436748
116.0,161.84400770855603
107.0,153.87303528677137
87.0,141.2387305256942
77.0,132.60348064383209
66.0,121.78095513010904
58.0,112.53819612552009
53.0,105.98971939231546
51.0,97.6184006369069
49.0,81.09726941356405
48.0,75.96483227296159
48.0,75.06310287161074
47.0,81.4251828689942
46.0,81.73546970307048
46.0,81.39349154468893
45.0,78.57226349491101
45.0,79.7512615184831
45.0,79.58279965137147
46.0,65.62594592168661
47.0,62.970373008821895
47.0,61.58613851092384
47.0,59.649560179105144
46.0,59.27888027218126
46.0,58.96615879223891
46.0,58.69364288546599
46.0,59.83435505900559
46.0,60.753133162073404
47.0,59.15006825675891
48.0,58.91552081291728
49.0,58.31797930630531
50.0,55.43235092202616
51.0,56.39168356665421
52.0,59.176630297634084
53.0,60.179602877723376
63.0,61.595918841797385
66.0,62.124781296101176
65.0,62.94404398642605
86.0,68.73896003873386
82.0,71.64688885650071
76.0,78.66057742021884
78.0,89.5772911099565
83.0,92.17553448760391
86.0,88.6945651059428
87.0,123.65541062347054
89.0,111.9152243747404
88.0,97.1919032382413
87.0,98.06223526551183
91.0,103.03230312977661
92.0,107.14872365775797
95.0,101.76646350089511
97.0,108.32430378660769
91.0,102.4420215285942
84.0,94.89406632734848
81.0,102.85381185043764
86.0,107.58722764148067
92.0,107.55347794221082
92.0,106.53063219195863
99.0,94.61245989866424
116.0,82.8847772507422
129.0,79.66751989860303
139.0,87.93009434858756
148.0,99.9293257846481
154.0,112.89019511373675
163.0,129.63577880714908
173.0,156.94825174243084
189.0,170.564457128032
195.0,171.96009243939534
194.0,170.75891153327115
196.0,166.02035054420458
212.0,172.65788018485537
218.0,192.4716666705039
219.0,207.0413065513163
223.0,209.5215938962046
230.0,201.7553972864982
226.0,199.9642451686032
229.0,223.31901444824587
235.0,228.40289536144067
233.0,221.71100054610443
234.0,222.89033020317967
245.0,242.96194748607388
265.0,224.51737700100085
255.0,233.9175354836076
250.0,248.9583673915929
241.0,239.87865910280365
231.0,240.25769054614605
224.0,256.4233732789999
224.0,279.8363789872473
223.0,261.0234842325453
225.0,254.1923284810039
228.0,238.98621963154108
223.0,216.86234123323985
218.0,206.17755899184843
217.0,211.0958780911539
216.0,213.7451135540485
210.0,211.91065695644966
210.0,215.7200369403191
217.0,210.387899936804
221.0,207.90418341289725
226.0,209.21922905705983
229.0,210.17813075127347
226.0,205.076289122036
225.0,207.86447008669612
230.0,213.70497095279467
231.0,218.34718016973062
226.0,221.58705389428616
218.0,225.21429668608965
209.0,221.36984018505643
200.0,220.23854358244895
194.0,225.7180377054475
191.0,228.28095518048661
193.0,222.8549754258147
199.0,212.79433537738907
203.0,203.1159551722458
205.0,197.0231916625829
207.0,190.99648562983137
208.0,187.17797410425422
200.0,187.43684720045735
193.0,196.28485888563944
191.0,196.33316830891286
192.0,202.23979820006977
188.0,203.92977953924705
201.0,204.9671862269166
200.0,199.60401144218827
202.0,191.44957131855296
201.0,192.22029020608204
201.0,192.69260018623075
201.0,188.13855788970088
196.0,201.18410155549176
190.0,203.50799878426682
189.0,202.70656391718225
182.0,200.57403814558097
178.0,201.00564605175694
179.0,200.89133726154927
178.0,193.59511809834953
170.0,190.6346017457745
169.0,189.14314176037246
168.0,178.4586162437403
167.0,175.5755968399042
167.0,176.29245694244122
166.0,175.06987978779878
165.0,163.90614301604023
174.0,167.34342414288383
194.0,169.35578804421
216.0,166.78897994376783
232.0,168.14420408607708
242.0,170.68179946644292
253.0,170.59936300668767
274.0,195.97797373708786
288.0,215.77022218821193
297.0,236.60991744739962
308.0,253.98375744406317
311.0,258.9778815745353
310.0,272.95582443671555
308.0,293.2127200794874
307.0,300.178218100317
295.0,311.06176918177795
281.0,316.97528887097775
267.0,321.73810329308884
256.0,319.2174255821274
239.0,314.61888796871307
219.0,311.5703780905543
198.0,276.9781158558763
186.0,255.72435526057703
174.0,230.4696564542674
160.0,211.11645447180047
148.0,189.040694126863
141.0,175.52296701899243
135.0,150.7448706411605
134.0,137.32810744563895
141.0,139.73840486185208
147.0,122.09273589894504
147.0,114.33920664473158
144.0,103.97745162929681
137.0,95.43104010946439
130.0,101.98002519208399
121.0,127.32472698292445
114.0,143.76877709982662
105.0,157.68991091182235
95.0,146.0706509522065
88.0,137.08492053845347
80.0,122.03773266997133
75.0,108.38201140642335
73.0,102.25821015135674
85.0,89.90921693464253
90.0,79.85277884329903
85.0,77.90697103289565
91.0,76.50529807936567
105.0,78.73030347224676
123.0,85.21716688261786
139.0,103.0752919114525
148.0,110.91887130340064
147.0,100.17851315012187
144.0,109.86705345365054
139.0,132.67425176706732
132.0,154.14934544710997
122.0,167.89788883217105
113.0,177.17517465317493
107.0,153.38748998523667
100.0,141.14494818945187
95.0,133.74056231950118
90.0,127.28671520633492
82.82398570310669,112.58234504620054
75.25259314711882,107.35142182396824
70.0,99.38017417429046
69.0,91.07282379402086
72.0,86.34527124853456
80.0,82.38876690152352
88.0,77.68868990744339
92.0,75.99225893884167
97.0,75.52167691934505
100.0,78.2246365728283
103.0,83.51360697309843
106.0,100.26366180241088
112.0,118.90899486935459
120.0,115.90852643888716
130.0,116.93176172843249
139.0,113.71163661813084
150.0,113.09192058620832
160.0,131.00879358197534
169.0,135.6746323851649
180.0,151.7925073430386
188.0,170.66559334803264
198.0,169.91808183752207
209.0,189.6265044777752
217.0,193.8222002944901
225.0,199.58301352863478
236.0,214.4561728603029
242.0,213.66593470963292
244.0,223.05134639385423
247.0,231.44246897982194
247.0,239.76836118917726
245.0,241.37659286528228
243.0,237.66794271404925
245.0,237.03186615818132
247.0,237.74735492526716
246.0,234.40431549354054
246.0,228.44942703310903
246.0,224.35185886511564
245.0,221.11463889478827
243.0,229.96814762535357
239.0,234.1252913739866
235.0,230.82956442278586
229.0,232.350513436623
223.0,233.1076363775793
216.0,234.2027006825942
210.0,231.8356057468345
203.0,226.51914322047875
198.0,221.7915236226604
193.0,209.07628311830334
189.0,195.8605350430744
185.0,183.89143574794574
181.0,187.55076480735846
177.0,182.37624362467562
174.0,180.4019668370929
170.0,173.60125654333677
166.0,167.46228900298908
166.0,166.29364765855118
166.0,161.30726292155282
161.0,157.82810380207872
157.0,157.87590786553994
154.0,147.57093830323336
154.0,144.9301966063889
153.0,146.14059045492576
154.0,146.5266782912256
153.0,141.21967495954226
152.0,136.85100759911367
151.0,135.14545873863372
150.0,135.6320052868252
148.0,134.21315873066894
145.0,136.53368544687234
142.0,135.2487423900063
143.0,135.10563154610327
144.0,134.54520454978123
144.0,134.9901557850288
142.0,131.43771924588347
140.0,138.22908792004716
139.0,136.47301879906013
137.0,140.09457677064086
136.0,141.23065319467725
136.0,140.30439562916376
137.0,139.08440391307178
137.0,135.9170819891394
137.0,134.4059013880763
136.0,132.91138848374405
135.0,133.39756617889725
134.0,134.9361164766646
133.0,136.77882059971458
132.0,136.92256791546575
132.0,136.58055506208828
131.0,137.0104532997904
130.0,136.60850667356533
129.0,132.9574344008857
127.0,132.07044720340608
125.0,128.65460425760747
124.0,128.74213177927064
123.0,128.31599316281662
122.0,126.90363672535102
121.0,126.95714310888117
121.0,125.74980072818562
119.0,122.14372349456696
118.0,121.08439167149317
116.0,120.39007820215674
114.0,119.5924175264576
113.0,118.0866983398494
113.0,117.9395390340559
112.0,115.93031597206776
112.0,114.97562693204748
112.0,113.88802487339149
112.0,113.55002988256847
114.0,111.75957833129681
115.0,112.33705110525621
114.0,110.61149777750438
114.0,110.73301357868169
113.0,111.05981504046609
112.0,111.770324422846
112.0,117.72862553099465
111.0,120.08938408927071
111.0,119.79005092682978
111.0,119.91249827695127
112.0,115.05640409386035
112.0,113.50251850652896
112.0,112.12368329381714
115.0,110.84105814876271
118.0,111.02768071000986
116.0,111.07249152197707
117.0,113.7574009701984
118.0,113.61392727706104
115.0,113.49394044087038
112.0,120.26920401732414
110.0,122.79049345402683
109.0,120.17972862875416
107.0,121.51310396169988
105.0,122.27173604393244
103.0,119.53695992448584
102.0,111.86391826273561
100.0,110.37156925750065
99.0,110.24176039642157
98.0,107.4779541698463
101.0,104.07868516650784
103.0,102.111380611399
100.0,100.65777373257517
99.0,98.59768180882908
98.0,97.71877119966027
98.0,97.23651136940533
97.0,100.18341987122989
112.0,97.99024080297832
117.0,143.21103172784692
120.0,149.37591114559075
122.0,149.41475156306598
124.0,149.21006810874908
127.0,150.96939773222005
130.0,113.92107765086712
133.0,121.07473502879206
137.0,125.66434292719995
140.0,127.42062285133433
144.0,128.2030470396468
149.0,133.4265477495908
151.0,138.84873782732654
152.0,141.03131376890036
153.0,146.88293400981203
155.0,152.0080487943982
157.0,156.5883792198936
159.0,162.4834820464471
166.0,162.38115672028786
170.0,156.26351579754925
176.0,156.43086690671322
196.0,162.2074146981539
208.0,159.85648580331568
209.0,163.84021105187688
208.0,173.45529865335547
209.0,174.8330634565708
210.0,183.15509555600207
212.0,210.20840737946529
216.0,221.35507865318257
222.0,213.58793275931768
231.0,204.16681867769844
234.0,204.32572090531386
230.0,206.80061379363693
227.0,210.67829057419
239.0,217.45671172230828
245.0,225.48647890218842
242.0,237.54239866718336
243.0,238.8610473173099
246.0,231.1138363677044
248.0,225.6283727362759
249.0,241.07905693735609
248.0,251.57553430785325
247.0,246.77177966950805
249.0,241.49041217659644
259.0,243.76534564953187
264.0,247.6705593621984
267.0,253.5118557419601
271.0,249.36438879912316
274.0,249.20384023924058
279.0,255.9229668413469
285.0,267.52699896001684
287.0,273.84905414173653
290.0,275.82588638528443
291.0,276.5067801034965
287.0,278.48400107081136
286.0,284.18106710370637
288.0,288.48251322734035
281.0,284.896407527804
274.0,286.15642173573616
272.0,280.26606248692866
262.0,276.6689615429061
258.0,271.79426097330725
242.0,270.80376656274274
223.0,252.90375619636447
207.0,240.21104404410562
195.0,237.47299511621927
185.0,226.75770301228238
175.0,224.0942541635137
164.0,201.71335761146264
156.0,167.7912998111256
150.0,150.48965509978166
138.0,134.67038675511296
124.0,127.34961337667067
112.0,123.16411074916164
105.0,104.49100645591555
100.0,111.74978771155428
96.0,116.6897923444129
90.0,93.15136768814146
85.0,84.54207977547955
80.0,87.17650333180359
76.0,80.998094910131
73.0,84.33516368373803
72.0,84.38465604344536
72.0,80.85501108277232
73.0,77.84484521992474
74.0,78.19980444492886
73.0,79.3423336742922
72.0,79.49462724521736
73.0,84.8001694996023
75.0,87.77790182168177
78.0,88.16155689425825
80.0,92.43926793014936
87.0,92.0584923168688
95.0,93.99433814594859
98.0,93.75093316678122
99.0,95.92687362753523
99.0,98.57280967366667
100.0,91.98400822185307
102.0,104.29260329732212
108.0,119.45724660870826
113.0,123.1480901798199
116.0,125.9764957672576
121.0,121.22155334848729
126.0,121.20863404089063
130.0,122.12173902515357
135.0,129.4706344446504
141.0,137.86378909103377
148.0,135.59630974389202
156.0,137.8757929862908
159.0,139.33176316192657
161.0,141.01780692118595
163.0,143.3820125121027
164.0,153.7429982148721
168.0,160.29968705887666
172.0,171.90694017153626
175.0,172.09407791815713
180.0,168.59777928717327
184.0,169.29322616133152
184.0,171.13371956951306
184.0,177.67794074958456
184.0,181.30524730486783
183.0,185.15355185217703
183.0,189.20507451441912
185.0,196.90726506309107
187.0,193.36000130225557
187.0,192.0182608581009
187.0,191.56659523171555
184.0,189.6707906703358
182.0,189.64732336568642
180.0,189.92476434508558
174.0,193.193551589631
171.0,192.55618083653013
168.0,190.01859185475894
164.0,185.75861692305813
162.0,181.84011801717185
159.0,179.09786311182793
156.0,171.8453527539615
151.0,167.8096341816496
148.0,163.66857236156656
147.0,154.98256768269997
148.0,153.1561982967338
146.0,151.72452004750352
142.0,146.54364997221796
138.0,141.38963969053714
134.0,140.95555235134188
130.0,144.9192807006119
128.0,145.9132001097161
129.0,146.41797338230597
134.0,141.69740936585782
140.0,135.5324001915326
143.0,129.19932389829154
144.0,132.85438806900112
144.0,135.1461842588242
145.0,140.49481056768406
149.0,154.51665961090288
151.0,166.77479268413026
155.0,167.66381501627015
157.0,165.56545734947858
161.0,163.8657479838147
162.0,163.59258905983253
163.0,169.10724155285573
162.0,169.82273621547816
89.0,134.57230202823695
91.0,130.99304473321013
92.0,131.9196432365006
95.0,127.7388221039035
100.0,139.164981365288
104.0,139.164981365288
108.0,95.75758264901185
112.0,99.67282348019732
115.0,101.15128462550376
116.0,101.45479515032552
117.0,103.1734760752184
117.0,110.23624893835665
118.0,113.18308586708774
118.0,117.04433311098319
117.0,122.40986538339862
116.0,120.18394948182726
115.0,121.31809309777782
116.0,121.12041828131474
116.0,122.48148162276232
116.0,122.66161286917912
117.0,121.98172669828843
117.0,118.94458195442022
118.0,115.86810155910084
118.0,119.38889663707883
118.0,116.44349927143921
117.0,116.34553937586395
116.0,119.9166186199987
116.0,120.22016030162169
116.0,123.2768791084823
115.0,122.80472950867336
114.0,123.0146024394544
113.0,120.08073277342628
112.0,119.35361388994701
112.0,119.49328182726711
110.0,117.33394033868439
110.0,116.53066901673995
109.0,116.35307093865579
109.0,114.410690390476
108.0,112.50592178913944
108.0,112.53130015155527
109.0,111.17620624035916
113.0,111.68179808505977
111.0,110.71017556606179
106.0,110.55702348686347
103.0,108.48876263162059
100.0,108.5437410190502
97.0,112.04468351421798
95.0,119.93100152959678
93.0,114.68816295517253
92.0,107.39655064865427
91.0,103.07951140354224
90.0,99.01326173751121
89.0,97.29175066695795
88.0,94.76863158114746
87.0,93.86258029987302
87.0,92.28410676968063
86.0,90.54902729287994
86.0,90.79939173493946
85.0,90.88403762124703
84.0,90.13486976466815
84.0,88.15333329609314
85.0,88.35927241026909
86.0,87.30679229994813
86.0,87.36014177191421
86.0,86.07707973946056
86.0,84.79510780279553
86.0,84.6522164137711
87.0,86.41218254672768
87.0,88.2076035134864
87.0,87.86470840126744
86.0,87.93183513465095
86.0,88.85905512462894
86.0,88.87587878482117
85.0,89.86470864999507
85.0,88.84957307546136
85.0,88.93404508183738
85.0,87.86331557401562
84.0,87.80424643926943
83.0,87.81511304459312
82.0,85.69650977895634
82.0,85.84360351488823
83.0,85.84086287514732
83.0,86.67392005471405
83.0,84.68694065936283
83.0,84.60631888077653
82.0,81.98735789130184
82.0,82.06544530342144
80.0,84.51613958425078
78.0,84.58524330066476
79.0,85.29017265008751
79.0,85.29017265008751
78.0,82.80999334952824
77.0,82.80683914927347
75.0,80.96610336272538
74.0,79.29627622405032
73.0,80.82640543642162
72.0,80.82807057901277
72.0,79.35634904709202
71.0,78.12119624144017
71.0,77.03893612961026
72.0,77.01317478439293
73.0,77.10261201068599
73.0,76.7836161817647
75.0,77.17775447687102
77.0,76.37916282896941
76.0,76.51783338787192
76.0,78.12659639558763
77.0,79.68781129953345
76.0,78.94333223684838
77.0,80.30367561418795
80.0,81.3093221872152
81.0,79.5787925184663
83.0,94.12013078486926
85.0,95.97890175477126
87.0,91.66447441618963
88.0,92.58794135679753
90.0,94.87482389641188
87.0,96.80103031408096
83.0,107.5458101045978
81.0,106.65163371208122
79.0,105.45464856857637
77.0,107.97725252071744
77.0,108.36654005873237
73.0,103.91742615468134
86.0,89.7615032320574
83.0,88.08460407953378
85.0,87.33219641723939
87.0,88.0504297006849
88.0,89.35461117707248
88.0,89.25634898617285
88.0,104.67188569494373
92.0,101.5558342547709
99.0,100.81751334754925
106.0,99.57541094938134
112.0,102.91233438229052
114.0,102.21420226836263
115.0,102.42397234318238
112.0,109.97090338554935
109.0,119.12414871246254
110.0,133.1461074484674
110.0,140.23045604191114
111.0,143.75447059077655
104.0,125.8134578706924
95.0,120.63376071462682
90.0,117.24797374930209
89.0,117.30854933138104
92.0,112.14376035771136
98.0,113.52212604808751
104.0,106.44481573496383
112.0,95.33833388768741
119.0,92.43205269223031
122.0,92.2462383885589
128.0,95.49281593634205
131.0,108.22190443281293
137.0,112.40520307005814
144.0,122.2406852453146
151.0,134.29597957837908
159.0,132.17659264456248
164.0,145.26881610875776
169.0,143.03372083913465
171.0,145.9534614114438
169.0,158.58254610384927
170.0,170.48527160760662
173.0,178.9816166549002
176.0,181.22590704706064
179.0,181.3244023813054
179.0,182.93837716773135
181.0,171.885438188113
187.0,169.887518192416
189.0,176.24662801123506
191.0,179.9925488293805
188.0,185.53432661758234
187.0,184.8034432544616
187.0,184.9072409637693
187.0,196.63440173447182
187.0,197.8343613460992
193.0,201.52996885281388
206.0,194.86360544191885
220.0,192.60226417476952
221.0,192.75459354503167
217.0,190.2585520505586
217.0,189.13694917276496
215.0,201.734321615835
211.0,217.9272530324216
209.0,231.51254217628568
207.0,227.72966369901766
205.0,219.81847046437292
204.0,224.4203326930633
205.0,221.5631075143433
207.0,217.36188110249284
209.0,207.82520801815576
212.0,207.59958431572116
221.0,203.79980906917507
227.0,204.16466502598735
233.0,207.2263013359904
238.0,211.316328050503
243.0,219.19874972080586
247.0,224.75815782647624
247.0,236.83756452833472
249.0,238.4268772763945
250.0,236.44727207886618
248.0,240.74967135133727
245.0,238.97015114949676
243.0,237.77035770626568
243.0,234.47319357265562
242.0,237.25097153994966
237.0,240.19914188989708
224.0,228.6345567046578
216.0,225.28790446275005
211.0,225.48605850041275
207.0,226.44050449952212
203.0,227.4407335758248
201.0,222.36190702566847
200.0,201.9462624420108
199.0,186.46984491481058
197.0,189.21550019874246
201.0,187.98331428874522
203.0,183.24548261084018
203.0,183.08343350486197
195.0,183.69891625640233
193.0,182.5546233369675
190.0,178.8053358846897
184.0,185.75744559128051
185.0,193.86503504277033
184.0,196.69754794948574
184.0,185.51648400183643
187.0,185.01005769042774
189.0,181.71845578314276
190.0,169.2937316440332
193.0,173.24285553831575
196.0,175.43335106523585
198.0,174.9650795895813
195.0,176.01760524021248
194.0,178.63023476720568
191.0,188.49947154218114
190.0,195.504552161625
185.0,200.0315030944871
180.0,202.8290733353528
179.0,197.23447891334416
180.0,195.12673786172087
178.0,191.70775748151044
177.0,190.81953660577048
175.0,183.16894982838585
173.0,177.3950494698982
170.0,176.65660438348752
165.0,177.40722442104675
157.0,175.08313878447382
150.0,173.7139480216968
145.0,173.86628789870446
142.0,169.3955410843484
141.0,163.65257139794227
142.0,157.37975891748013
143.0,146.22900983101366
145.0,143.03778283630368
146.0,139.3895647552199
149.0,138.27095205502698
148.0,137.91577342713563
144.0,140.9826070485582
141.0,142.3880186476148
142.0,144.43504690593548
147.0,149.63407057412536
147.0,153.4310133789584
145.0,149.83772235626452
149.0,145.78208849978705
155.0,141.65433052325824
164.89045365215446,144.21745204620254
177.20468603387354,156.45829259621226
188.9165753986558,150.7075279716408
197.0,147.1415361405762
200.0,155.47414697388317
201.0,168.59973268972323
199.0,178.46508199100597
196.0,187.18923409106677
193.0,193.6496690090603
190.0,204.70678206140377
186.0,206.61711415170964
181.0,204.12545265655723
176.0,200.89286002423307
172.0,195.38327182145838
170.0,192.11292610848508
168.0,182.63516906174203
165.0,174.72646983641704
168.0,168.85606884809508
164.0,158.6675392655134
156.0,154.80634295435877
150.0,157.94435889632535
145.0,157.56894882508655
142.0,152.77873841817754
141.0,159.92545875473905
143.0,152.93300592561445
148.0,143.23533473996304
151.0,140.45245876295394
153.0,137.02566849818186
153.0,137.22878891371263
153.0,138.75037617817478
153.0,143.16295068293354
152.0,146.80669516273653
150.0,151.41155362310238
147.0,149.57944345480837
144.0,143.02368627983893
139.0,144.0271390881733
135.0,145.86509590238916
133.0,145.59536128289372
131.0,146.86713554875487
129.0,140.64414353992524
126.0,133.0129565077329
122.0,129.73507469708747
117.0,127.29141411339747
112.0,125.65066398073752
106.0,121.82521700066037
100.0,120.11164251857774
95.0,117.81104559566604
89.0,112.39453422621891
84.0,106.95496044554207
80.0,101.6306736451326
76.0,96.7921916029516
73.0,91.25672785917878
69.0,87.05730420579846
66.0,84.12726248667944
65.0,79.70771593979819
64.0,76.85993656754106
63.0,73.33863780954674
62.0,73.34758098197547
61.0,72.12111251203332
60.0,70.42008896122152
59.0,70.34176314334591
59.0,70.28396221273124
58.0,69.81779289834736
58.0,69.60981734617505
57.0,69.67446655398004
56.0,67.74088165021396
56.0,69.91207383504229
56.0,70.70028408688427
56.0,69.81609901430305
58.0,69.92666936661819
61.0,69.51521472279589
63.0,68.42040650829959
67.0,69.84922159732056
71.0,71.10019571454116
73.0,71.73228300462728
74.0,75.41886023193236
76.0,79.98687778337343
79.0,83.72462041305874
82.0,86.7556860603006
86.0,91.37090626571187
92.0,92.33863008085409
97.0,91.15685057508968
101.0,91.05149100771715
106.0,101.2440071880109
110.0,103.84022014153108
113.0,110.00159746927642
117.0,117.90945553083192
122.0,124.69171459917897
128.0,126.9900616029954
133.0,128.10105683994146
138.0,131.59430374105548
143.0,130.86587808907672
148.0,132.2512980825871
152.0,136.56801009058339
157.0,149.01684538556268
161.0,147.18441901657678
165.0,151.91616657808066
170.0,160.70824573217408
172.0,161.77330522520498
176.0,167.05369421079718
183.0,164.28731215805433
192.0,166.04618446739022
205.0,170.60854468883946
210.0,183.690761874121
208.0,188.92604171293527
224.0,196.64831296901647
244.0,208.27323285575415
263.0,227.14775777359813
279.0,241.3820040034051
298.0,239.55097591509568
314.0,226.6332921799641
334.0,248.46176454984175
351.0,270.7165218434105
359.0,282.142876492529
362.0,290.1822345418295
364.0,307.4142978819019
370.0,321.47002934726936
378.0,320.8084369987371
386.0,331.1025185548744
393.0,323.75623120405294
400.0,330.37336831930384
400.0,332.0250939845107
400.0,336.46252987951704
400.0,342.37241812492493
400.0,363.040452051038
400.0,364.8236402845917
400.0,365.9774002154227
400.0,364.6474132173652
400.0,366.10476557614743
400.0,365.353100752516
400.0,365.42232192887076
400.0,362.703981200686
400.0,362.58773511104494
400.0,359.7519132363345
400.0,361.9682198486715
400.0,369.24645527902027
400.0,369.3279789010176
400.0,371.1398598218111
400.0,368.50206335181537
400.0,367.7317709970548
400.0,367.477729913452
400.0,365.93506493287833
400.0,364.6627563472486
400.0,364.31150695286465
400.0,364.15569732130905
400.0,363.9167006148712
400.0,364.3121707011255
400.0,360.2301129873663
400.0,357.63006542658843
400.0,355.7999117725223
400.0,355.6648052402046
400.0,355.6630360013374
398.0,355.40632799654475
392.0,360.35021896626864
386.0,360.408956614073
383.0,361.08081294230425
380.0,361.08081294230425
374.0,361.08081294230425
371.0,359.4844844444212
368.0,356.80155534602164
361.0,356.29064465180153
351.0,327.1978064355604
352.0,324.99144233856504
350.0,323.4915400152991
339.0,324.3717111831274
332.0,326.28018688683676
328.0,321.7620130605231
330.0,318.2887662653235
334.0,317.473095349222
336.0,317.65117405283377
332.0,314.04458579080483
324.0,307.7277436286801
316.0,306.5688691677897
311.0,306.52655722971826
307.0,307.3487655223359
305.0,310.76383967408566
304.0,308.09830664019256
301.0,304.59940046441943
294.0,300.8070277558109
289.0,286.87018184045877
290.0,280.1355020441688
292.0,283.6006759235323
297.0,286.3262116613649
300.0,274.1427549176956
303.0,267.74654655130655
304.0,258.5862151291863
305.0,258.09504091470745
301.0,257.21583064385493
295.0,270.01397120803296
293.0,275.65099457010547
287.0,288.5154477089308
280.0,289.2107884857412
271.0,289.62229669013374
260.0,284.7278395236199
252.0,271.01058165885587
243.0,272.06272056700595
235.0,255.64361815344947
226.0,247.50615168855117
221.0,232.79109885180938
214.0,222.3547062128838
210.0,220.86712006108766
206.0,208.39886578189703
203.0,198.27677072126107
200.0,194.1391257385226
194.0,198.66301077873226
187.0,191.66516670553884
182.0,196.3278095447187
179.0,187.14822215134663
173.0,182.50792447454225
165.0,184.92943066612426
159.0,179.54974041551645
155.0,174.64393782134536
151.0,169.67827370740122
150.0,168.7919731177289
153.0,161.52927081956275
153.0,153.0971535082037
154.0,142.24531621375522
156.0,138.61477668901716
156.0,133.53318465117772
157.0,138.31398316309313
159.0,142.51404555688487
161.0,141.6679128235499
160.0,141.3515996337692
162.0,160.4517143666755
164.0,162.054427458676
165.0,164.01351299055145
166.0,158.12058921249235
166.0,157.8940603553677
168.0,158.85254845651005
170.0,160.74604987645213
172.0,166.05712815653504
168.0,169.20205848256356
168.0,169.31822844686076
171.0,168.72470915705085
172.0,173.47497301072653
172.0,174.90949679226483
174.0,178.22304530049493
177.0,171.53248496266508
183.0,172.4091124332472
192.0,177.5895598400517
202.0,178.47432457936443
213.0,176.31578552773192
219.0,180.07280638773543
220.0,185.4269967741886
222.0,198.66433501553266
164.0,198.85009744464526
164.0,193.81481058390398
160.0,174.57418415739065
159.0,168.12155003777036
158.0,169.61344847048187
164.0,173.0770385617496
173.0,174.34345242680334
172.0,163.85655366505486
168.0,156.14358835976407
169.0,156.09924026133712
167.0,153.25292248602878
166.0,168.5175670989165
169.0,186.02634250754642
172.0,176.9699304572144
175.0,169.05251926819358
178.0,175.02160960505879
179.0,169.97412504563474
179.0,168.1579598624387
173.0,172.67584699341177
165.0,179.13491166174973
161.0,186.86869172707705
155.0,189.04109087029246
150.0,184.4059849538162
145.0,181.05824483886676
137.0,164.59337486910886
132.0,149.73666460272622
127.0,148.2869967302913
122.0,146.47996917546607
117.0,137.44720808578242
108.0,133.3748116702717
106.0,121.99088173552161
108.0,116.87625049235851
109.0,114.30121070478214
112.0,110.3995525318125
114.0,103.23890578999206
114.0,93.74545109722287
113.0,95.92459082497972
116.0,103.81379253022043
117.0,109.27896138667806
115.0,105.40069522745796
113.0,110.30791017251394
112.0,115.51235154929228
109.0,113.56772403851923
105.0,120.45963612856309
103.0,121.07544558457883
104.0,118.70585707764596
105.0,111.99743080571444
105.0,106.4911577340706
103.0,105.79247137774884
101.0,99.62774939233906
102.0,98.60769660345407
102.0,99.6116222397959
100.0,101.86699947145603
99.0,101.83046767041509
99.0,100.10443726451481
103.0,98.42991285248738
107.0,102.10071071957479
115.0,100.72777419539767
122.0,98.38009940449032
128.0,97.75387621174498
135.0,96.5384602340257
141.0,107.87516819679907
144.0,111.02163242470586
146.0,126.8071359172846
147.0,133.8477112619327
148.0,141.31005934082518
148.0,145.12566395279353
147.0,151.6058613549672
147.0,152.417475846382
147.0,154.89173187484081
148.0,154.7329717108809
148.0,155.0431908686145
149.0,153.49187705402696
148.0,153.7346942057232
145.0,153.59174303606935
144.0,152.63962471748405
144.0,152.9370221279322
145.0,153.43592065809764
146.0,154.84501397743944
147.0,149.3090618478542
148.0,144.65230323390307
148.0,144.52038783367533
149.0,145.50409088865004
150.0,146.077162629758
151.0,146.54625490232263
152.0,150.73965452348742
153.0,149.87059264030887
153.0,147.95068524922817
154.0,148.94149465657216
155.0,152.35469463795897
154.0,152.32894994516522
154.0,156.27553676144353
154.0,155.62877347530232
156.0,155.04899880973653
157.0,156.49847254882843
157.0,159.26885117572
157.0,156.60634312105728
158.0,156.86641709742509
158.0,157.09458040805418
158.0,160.80615964793506
159.0,161.47076540449012
159.0,162.05706987945405
159.0,162.41647707178856
160.0,163.4871134434426
161.0,164.35392933652966
161.0,163.55212483705813
161.0,165.38496137046292
162.0,165.38806037867104
162.0,165.20065522159638
162.0,166.68541034004411
163.0,166.77811499480012
163.0,165.8989346794972
161.0,165.79697324348453
162.0,167.3361337189349
163.0,167.14016348890115
164.0,166.71509481249961
167.0,168.71976812511392
169.0,168.64325015575227
171.0,164.89640501769023
174.0,166.62377262220704
175.0,168.29040648820282
176.0,169.9487445363875
177.0,172.53723575244913
179.0,175.50235046588077
180.0,177.98618183357982
181.0,182.32589290800334
181.0,182.6899910138596
182.0,180.61909608943856
183.0,179.04789080091487
184.0,182.73761210402614
185.0,182.20502807269486
186.0,182.60405397494117
188.0,181.4307527678792
188.0,184.20870154806187
190.0,186.86346896632529
191.0,189.16888079496914
193.0,189.4318521722988
195.0,189.98167591995724
195.0,192.1412125003843
197.0,191.62713690577698
205.0,195.77229571585522
216.0,195.9893069938349
202.0,198.7292095418282
210.0,201.25820251197666
217.0,200.06602800276693
223.0,221.8712756648892
227.0,232.29211181994515
231.0,244.67936543331055
233.0,221.53394369443103
235.0,230.662469948228
239.0,235.98575919621484
245.0,234.60649370712264
248.0,236.01536997134946
251.0,237.44874709478808
255.0,235.23522038241012
257.0,234.81053264806815
256.0,236.1539422363487
253.0,240.21353998892593
249.0,241.38565316851205
249.0,245.01998663802067
251.0,249.5200584464986
251.0,249.46696410664538
249.0,250.60843290108426
249.0,249.9450569988979
246.0,243.42528272593597
243.0,243.26681942259265
241.0,248.56158710073942
239.0,248.95677028529286
239.0,246.7399096885551
236.0,246.694617704338
233.0,236.48453143002837
234.0,233.31341977213395
231.0,234.00953134548854
228.0,231.8809600824446
226.0,232.06768358655103
223.0,226.3548307024211
218.0,221.61129371242393
212.0,223.51752859102038
208.0,221.85662607000862
209.0,216.54244342868944
209.0,216.535819809976
208.0,213.33084831934485
208.0,210.540249626715
209.0,205.04833257992357
209.0,200.21162370140715
211.0,201.384164066411
214.0,200.85900667030504
213.0,197.13529259959532
213.0,198.56960495525573
211.0,200.20233251961517
210.0,203.1451266098665
210.0,208.6941742253867
209.0,211.32066135105927
203.0,211.25477620987883
200.0,211.44443247168456
198.0,209.02540293248964
199.0,206.81772086613637
201.0,208.11394727209606
200.0,202.3377014665681
200.0,194.62332699937684
197.0,194.45327512262466
196.0,193.8613650079524
196.0,194.294423551899
196.0,197.22735268726328
195.0,197.38703999425044
194.0,197.3441924869924
192.0,194.22014382884763
190.0,193.80912866440855
187.0,194.01341842442102
184.0,194.55284413711968
180.0,194.29511971911924
176.0,191.8643377991124
174.0,190.11358620355617
173.0,189.71915654340174
172.0,183.11400277612884
171.0,182.61772251753112
167.0,177.1615854149156
164.0,172.3752701389247
162.0,171.26419543623217
162.0,171.42973129736905
163.0,168.03221678559737
158.0,168.40213066422524
156.0,159.42294303917967
156.0,153.53806056662378
156.0,152.30000615460972
156.0,157.4969017235687
157.0,159.93585237436778
154.0,151.97834565727703
152.0,149.84157226865406
152.0,154.63449572582996
153.0,153.53654389864485
158.0,152.51160604925957
163.0,154.1169609292215
166.0,150.96767061348402
167.0,149.11369849461718
172.0,149.82392934248486
174.0,151.08298050197197
174.0,163.48741244100907
175.0,170.13837602237825
177.0,174.27810334945107
176.0,171.4041744396324
174.0,179.28813480332263
170.0,183.00254586073459
168.0,180.94828262619612
168.0,181.62943071191188
168.0,183.22685655869083
168.0,180.74801030358375
166.0,178.17032196740092
164.0,167.21514935182225
164.0,165.55505028131847
165.0,167.58125151405204
165.0,169.00359548904106
164.0,168.8420487355267
165.0,163.0075902118791
162.0,160.76698515951296
160.0,161.3470719552908
159.0,163.15627857002923
157.0,162.33154020204478
157.0,160.96755190723135
154.0,168.72701044442172
152.0,159.7702663910614
152.0,158.72035498046188
149.0,158.15784403760952
145.0,155.49341380451952
143.0,155.90152503103826
141.0,151.49381521960177
138.0,149.4262011939243
137.0,149.4788530556198
139.0,146.29757132801117
138.0,143.11182328523836
137.0,142.85655525871022
133.0,140.57432544274326
129.0,134.9657968153055
127.0,134.72679763753166
124.0,138.5849835550119
121.0,136.74368053675033
121.0,136.27250165978705
121.0,128.387303799897
119.0,123.39758217645647
118.0,122.49365873728757
117.0,117.11310850603562
115.0,113.96341122046351
113.0,114.35870015907287
122.0,130.49406530772913
129.0,135.21972466784663
133.0,134.88319705379658
135.0,134.94276041554977
138.0,171.1031789377751
141.0,167.857276269173
142.0,130.5234110926668
143.0,137.06690632312527
144.0,142.36942859529296
144.0,143.34272910289008
145.0,143.93760256802796
146.0,146.96026080529373
148.0,145.69864628426552
151.0,145.40718516942718
152.0,146.4102834656665
154.0,145.97704151804453
155.0,146.9336887198343
154.0,148.5690871620981
153.0,150.59775516402954
153.0,157.0534716788765
156.0,156.85818673425953
161.0,153.17999295050998
169.0,154.43793020399391
180.0,151.06663025191085
192.0,149.65320189907447
204.0,152.34035423964804
214.0,158.49326794195466
224.0,164.88688087751464
233.0,182.71459350049665
243.0,192.706632804326
251.0,212.36804751247456
259.0,217.24474835399104
265.0,228.31530799015496
269.0,231.85371745995351
276.0,242.37396727889106
282.0,251.6896839609319
288.0,256.22418619870297
294.0,253.00551573687792
299.0,258.7960433481033
303.0,250.53579112564879
304.0,257.77992327139197
302.0,259.40488735986804
300.0,263.6149705707262
296.0,272.1259502143331
291.0,281.4549777775733
283.0,287.3820083200516
273.0,292.734222993261
264.0,287.3881066488746
257.0,283.52982708452106
251.0,279.48658994283915
244.0,262.3296554790386
238.0,252.89023778561054
233.0,241.2585581892067
227.0,228.94060385060547
220.0,223.85878638003456
212.0,225.59598617840848
210.0,213.69942591505614
205.0,209.68603899634044
200.0,201.4008349476138
194.0,200.74756762435777
184.0,199.40050376033037
173.0,194.87265003590966
165.0,196.20667948210507
159.0,186.21193143413765
157.0,181.66827835419443
155.0,174.92472012473584
155.0,162.82717160156008
159.0,153.03404207475745
164.0,141.97933500003813
166.0,135.63668355288942
166.0,134.68923505803073
162.0,132.84521693082058
158.0,132.3787015666999
153.0,144.48007783787028
147.0,156.57948282537686
141.0,161.77706481122667
136.0,164.744047925976
131.0,156.07066601029663
126.0,157.22808020714643
121.0,141.15714150745808
117.0,137.8358421673586
112.0,138.13276786670195
108.0,133.9236607831035
104.0,124.80919530223665
100.0,118.23284869284674
97.0,112.59718633413334
94.0,109.48003248415294
91.0,103.73188350596894
88.0,101.79718267950192
85.0,97.12534327052855
82.0,94.14966374273403
80.0,90.98648600387122
77.0,88.2622072243852
75.0,86.28147191491864
73.0,84.78591467150898
71.0,82.36320821746749
69.0,79.13345933287562
68.0,78.19468639536234
66.0,75.60073679796153
64.0,74.95643515106948
63.0,74.47968703001814
61.0,73.7362576985503
60.0,72.24956277942628
58.0,71.20024274611328
57.0,69.39254829919702
56.0,68.44767838063169
54.0,68.33268787104348
53.0,66.65437775945452
51.0,67.13300386310698
50.0,66.42053349996065
51.0,66.92171728493551
55.0,66.41463312727166
62.0,67.62699252330553
68.0,68.25340103351388
74.0,63.33844143460143
81.0,59.17227916350392
86.0,63.496706688170605
91.0,70.79854703599425
96.0,78.64490492062497
99.0,88.67322340929968
104.0,98.70469051684692
107.0,105.1794705492942
107.0,110.98201700850059
107.0,117.42837191533766
108.0,121.24029907067626
109.0,124.56352912037761
110.0,129.9587125500277
109.0,126.51110808804137
109.0,122.81083679352955
110.0,119.54757684268907
110.0,117.81479715411423
111.0,119.62149892145798
111.0,115.58750790334715
109.0,115.10175332201169
110.0,115.1765239285339
112.0,136.48838127325834
114.0,138.46587000793423
120.0,136.89499042182072
133.0,128.45356163901113
150.0,128.0168363316087
162.0,131.34761692137812
183.0,137.0945457605629
181.0,138.9916118550631
181.0,150.1102588181396
175.0,150.1102588181396
171.0,150.1102588181396
170.0,199.7651618823274
169.0,198.58443496564132
167.0,180.3736758758438
165.0,177.0364645762942
162.0,175.95630133381795
158.0,171.28561048518776
154.0,172.20527840263438
149.0,171.613595349319
140.0,162.1559019512897
136.0,160.98899320343202
133.0,161.02512497370535
131.0,152.7112459452119
130.0,145.27579694156066
127.0,142.91141191230682
125.0,136.28754167090784
119.0,130.5395311920236
109.0,125.98447149797792
109.0,122.84034342698423
105.0,122.80242562883365
106.0,121.6611046465856
107.0,117.13967912274234
105.0,108.63470165762278
101.0,99.74264275888756
94.0,101.8634861515111
88.0,96.05744087483474
86.0,101.02858665413719
85.0,105.11234778308807
84.0,105.33995371020174
83.0,100.12225198387493
78.0,97.35440679475899
80.0,96.75682012115072
83.0,95.32577575592966
77.0,95.99497206268148
73.0,95.97070357757727
78.0,96.63740086958268
82.0,95.03946262984014
83.0,96.08589964309434
83.0,100.91523540720979
84.0,93.27336244368466
87.0,90.65868932485427
84.0,96.84187163091059
85.0,102.61548480944857
88.0,101.66224292727877
93.0,98.72888952913293
92.0,97.42414672525071
92.0,99.19434925236052
92.0,96.33486215387491
90.0,97.1103578717367
88.0,102.18209103143121
84.0,111.64272337268793
75.0,106.43497635721285
73.0,99.09325084853558
71.0,97.94895977619417
72.0,94.58452554534834
78.0,91.97259928040998
78.0,87.22361307359722
77.0,82.90846092783742
70.0,82.81148096040023
71.0,83.62055926688059
75.0,84.52944624753934
77.0,94.7656316859833
78.0,91.36908047229745
82.0,87.19115377586483
86.0,79.66486821391344
92.0,82.06936347639017
98.0,87.77696945025758
105.0,89.95151072057018
107.0,87.83866731576039
108.0,92.31537469206286
108.0,97.2128128626165
112.0,109.75953844873086
122.0,119.38877763831178
126.0,125.8436988790717
124.0,120.63934574122538
127.0,118.05886698807281
122.0,115.47204878508637
126.0,119.08379577866852
134.0,136.82971345475022
137.0,139.33072922082596
141.0,128.8396010635942
149.0,132.73830279453662
158.0,125.4428602844556
168.0,132.8849094201808
178.0,147.72521230278844
187.0,156.49332781445264
194.0,165.78724529824626
202.0,179.9410343349192
211.0,190.5251257152216
219.0,203.52731791467326
228.0,220.66254915476418
236.0,227.6627712476092
237.0,226.86434433564884
71.0,159.16371205933697
71.0,159.16371205933697
72.0,159.16371205933697
74.0,159.16371205933697
78.0,159.16371205933697
81.0,168.3177419138419
86.0,92.91730159904014
89.0,93.90100179689632
91.0,96.2604989630806
94.0,98.05590221548138
97.0,104.2645084944568
101.0,105.5933518743897
106.0,115.26936108032575
112.0,124.93106478291784
117.0,122.41116862597171
124.0,130.11704533088138
127.0,134.83989130329832
180.0,137.56544925902907
182.0,143.52739611015747
184.0,150.4586709715044
184.0,157.10954751096403
182.0,160.88790386492136
180.0,156.15438236180862
178.0,221.0923363798991
175.0,219.81524539136436
173.0,210.0412478817776
170.0,198.9093326804244
169.0,185.54959412244855
169.0,179.3413070281474
169.0,162.74634877247834
168.0,161.82685223190563
167.0,164.31610504926545
165.0,158.97876273768117
164.0,157.7780952465169
163.0,162.55444112441626
163.0,164.78534083155296
163.0,163.8307325544207
162.0,162.9082091706896
163.0,163.18843712817724
164.0,163.21689699190014
164.0,164.52532473335722
164.0,163.1220714417377
162.0,162.5958427498366
161.0,161.13061404538078
161.0,163.39430924857407
162.0,166.59562851035182
162.0,167.701986645194
162.0,167.19147157368857
162.0,163.8640657775555
162.0,160.69770697404405
162.0,160.33158212494345
163.0,161.53070441339483
162.0,161.46337565058846
162.0,160.99626410616548
161.0,164.03580581177545
161.0,164.80305476452185
161.0,165.20354601990226
160.0,167.0429097876206
162.0,165.2174699120595
161.0,165.2324041561414
160.0,163.55595405391287
159.0,162.8617849850206
159.0,163.17809047393533
157.0,161.33536126821167
154.0,166.67418124252225
151.0,164.4689960311924
150.0,163.97829363038028
155.0,160.4468372096857
170.0,161.52811209166686
185.0,157.49256649576824
194.0,153.84005307501076
200.0,151.665533910441
204.0,151.5827041887472
205.0,155.30582085985304
205.0,177.78811647580656
206.0,193.54204666526468
207.0,205.62871099077827
207.0,213.64017291046915
208.0,211.60146715631538
208.0,210.90194426375783
209.0,208.45560878738058
208.0,209.48320454087644
208.0,208.40414431502418
208.0,207.20266074642
207.0,208.2171537572996
206.0,206.47212385853905
204.0,206.89790708802815
202.0,203.52592072121703
202.0,203.2267088947632
201.0,203.18984959369112
200.0,202.37162579298558
227.0,196.26688996828685
223.0,195.13297620447108
222.0,195.44273127747397
220.0,200.54408221878916
219.0,197.79400928735336
219.0,199.60745336207557
219.0,237.24869475003229
217.0,224.91093148926126
216.0,220.14071315545235
217.0,210.70284672704545
217.0,208.20793736693136
216.0,209.00315199100712
214.0,204.4547200507517
212.0,196.9290022961998
210.0,196.38499129178047
207.0,194.36491514777293
203.0,195.53993011471937
198.0,195.65635728811986
193.0,195.77342423611924
187.0,193.2289766710672
182.0,193.18081440925778
177.0,190.2691441338207
171.0,182.20288360024279
166.0,178.8521922706279
162.0,175.14146431770536
158.0,171.01412933105127
153.0,162.2872707146985
148.0,157.70805721428118
143.0,150.38414547417784
139.0,144.79212070637539
136.0,142.58863698890968
134.0,136.1004229368254
131.0,131.36346177800775
129.0,123.47229807140297
125.0,121.65893464458289
123.0,118.29750074361766
121.0,119.80184126813418
120.0,117.79638989541357
118.0,116.88795918513414
116.0,116.66768076680249
115.0,112.56647898617135
112.0,112.45037410229307
109.0,109.72251316404608
105.0,108.92861157282043
102.0,105.86016724120438
100.0,105.14743857212787
101.0,107.29337282504312
104.0,103.75269220569078
106.0,101.20788659084334
108.0,97.37789422722665
110.0,94.88590574488566
112.0,94.2180492108412
113.0,95.83615765897065
113.0,101.6806041175599
113.0,110.96096214175705
111.0,113.13056921505525
112.0,115.84891649657887
115.0,115.24076385063633
118.0,118.27857027910973
119.0,117.63877776928334
120.0,117.77104733066825
123.0,114.21132388066025
124.0,115.36805624711224
125.0,120.24868359691618
125.0,122.76532505838871
128.0,123.22008100508978
131.0,139.00680632155235
135.0,144.50144335497404
140.0,146.3237389188664
144.0,148.47283082197745
146.0,146.90774352900135
151.0,150.3083379615714
157.0,154.90127175480126
162.0,156.84933891542474
168.0,164.14490133275086
172.0,167.7234274124245
177.0,169.77218042836805
181.0,176.44340176225367
185.0,177.88993452077258
188.0,181.5673989514328
192.0,191.21389339737888
195.0,195.8285103437144
199.0,200.5659266386287
202.0,202.22658563054236
205.0,210.9193493018155
208.0,209.8203002644128
210.0,212.18204260981722
212.0,213.98366084185918
213.0,216.49646624920533
214.0,205.33640565553546
214.0,197.3417117743364
214.0,197.11276563312833
213.0,201.4865279949332
212.0,202.37332590390196
210.0,201.74871213809934
209.0,200.23445330828656
207.0,194.29122962148563
206.0,193.22712135360362
204.0,192.51731900112867
203.0,189.03238996730144
201.0,176.1079445149745
199.0,174.14667126231456
198.0,176.71947885221516
196.0,178.0693618713029
195.0,174.40288127763128
193.0,180.0730722241206
192.0,181.99003067181866
191.0,181.96668288066837
190.0,185.48100449786654
190.0,185.3538460152554
189.0,186.31204554894606
189.0,184.69837876782603
188.0,183.38595461712293
188.0,185.10986001256026
187.0,185.3094072566531
187.0,187.7183741754607
185.0,184.71563262728853
181.0,184.63455349220965
180.0,183.93334166528538
178.0,184.01250587220937
178.0,184.03598465357663
179.0,184.79594123298762
181.0,183.80156212351054
182.0,177.60975472272898
184.0,177.93312649454342
187.0,175.40458126551243
188.0,175.9292525294239
188.0,180.49493435646397
187.0,181.94602835865464
186.0,184.15861293801578
186.0,190.5792249987327
186.0,189.77843674732097
187.0,190.71756623948437
188.0,187.4179664993258
187.0,184.48216494457392
103.0,123.391640682889
98.0,122.3225872807513
95.0,115.96847713482478
93.0,112.10199977777896
93.0,107.85054383955456
89.0,106.17429862959916
87.0,99.82157467727815
85.0,93.84305243177744
82.0,90.33859440981325
80.0,87.12684837895063
78.0,87.92737056781347
76.0,86.1238042677055
74.0,84.31732195407224
83.0,83.29896040090463
86.0,80.15617866828764
91.0,79.38862114447345
99.0,78.06769759965344
107.0,75.68275328214473
117.0,74.48618659528604
125.0,90.6687680937582
130.0,96.41514755884675
132.0,100.90522825723873
134.0,111.56013169902789
138.0,118.98193814605736
150.0,129.45750561485025
157.0,138.95550612775457
155.0,140.92834469332692
154.0,133.78538999086533
154.0,134.9144603512683
154.0,139.24402209430883
153.0,163.04802382895897
151.0,168.23267718028924
150.0,161.73231782484913
156.0,156.63038691544807
156.0,157.74130378037486
151.0,158.4289389823862
147.0,157.4904268472152
144.0,151.00806000329607
143.0,149.90546480090666
141.0,162.5192878469592
140.0,163.0058709139113
140.0,152.21710716050745
139.0,145.84897022098275
139.0,144.32266979832386
140.0,146.32529790768606
140.0,144.57264133534636
140.0,143.18966037050572
141.0,142.08745387503453
144.0,138.08012322241677
147.0,138.33260831232124
149.0,142.397583699106
151.0,143.05594471312597
153.0,142.0761311676986
155.0,144.89462808362046
159.0,150.6280010569125
160.0,153.05394239016303
162.0,153.89510815567058
166.0,158.00421849089165
165.0,159.14389249284358
163.0,161.44595158551724
162.0,166.65537400388394
161.0,167.77442719211535
161.0,169.40066195929344
160.0,175.15967258479873
160.0,171.7584857601976
159.0,168.42606883139936
159.0,167.48910181449088
161.0,165.9792129984712
161.0,166.4861234578353
155.0,163.48649651290003
155.0,163.64798939528944
163.0,162.30839535115948
162.0,163.1694635763845
162.0,167.37179669875624
161.0,166.91824407891767
160.0,156.05084372049706
161.0,156.5289536724201
164.0,173.48950937779196
167.0,169.65453080205705
169.0,168.9338154450848
167.0,166.91348757821865
164.0,166.59946428748506
162.0,167.77349605655715
159.0,171.62040590295652
157.0,173.88592446219099
156.0,176.34311351784152
155.0,171.50062380744805
152.0,167.573920950744
150.0,165.77505267737743
148.0,160.51342992902022
146.0,156.98454199603466
140.0,155.74211515852207
139.0,158.1098985310913
141.0,156.06003077331752
140.0,159.5737766417625
140.0,156.5946654398838
140.0,156.61773228001414
137.0,150.04828102836964
142.0,148.46542732693342
145.0,153.29984498613604
148.0,149.7477467455128
151.0,148.17155322170626
149.0,144.8473650985284
145.0,139.80497486717493
141.0,156.2058603368484
143.0,157.89748347057935
140.0,156.44039366477176
138.0,162.77102723081998
142.0,150.35645097256875
152.0,148.56925515055605
161.0,145.61974723110578
166.0,147.81951511517397
166.0,143.92001166932124
173.0,142.06342867616013
180.0,152.04437298445671
181.0,170.81540242481933
176.0,174.78272531142997
167.0,177.93263102247835
167.0,169.72175421116444
164.0,181.86050332605896
159.0,190.3257241537846
156.0,189.11142464627866
161.0,172.98037396365058
167.0,162.6301536748544
164.0,164.70139516559945
158.0,156.57008447952208
153.0,153.1150747095073
144.0,149.4345381835449
140.0,158.91525245885387
132.0,170.74869630972822
130.0,157.584692850722
131.0,148.95024206455724
130.0,145.06838653782705
125.0,136.2367320723558
123.0,134.9674236294371
125.0,123.76857113716133
135.0,121.89618976923197
140.0,124.8055729212657
154.0,142.25650790838563
172.0,144.21955844765466
188.0,146.6745523277664
199.0,152.82257873693493
209.0,182.84854547024278
218.0,178.34270939175704
227.0,194.51391587848985
230.0,202.56339534767883
230.0,200.14913647059922
234.0,203.50972219311865
233.0,209.08279664900977
230.0,216.7207577152681
232.0,212.41108055035042
235.0,210.83036622557321
233.0,204.2464302329008
229.0,210.05106104527655
224.0,205.72939043872466
219.0,196.51276553747235
213.0,206.62952782146013
208.0,222.76573213924658
199.0,221.57589981639546
197.0,206.55996232474445
192.0,191.62338474361079
186.0,188.33158969995347
172.0,181.968816835303
168.0,176.03840870369794
168.0,164.67581150546408
164.0,165.3649602415151
162.0,156.63376923020573
156.0,153.88463447849753
156.0,134.41046733456926
151.0,135.56290552548384
148.0,144.03600585256507
145.0,138.30670795819427
140.0,141.6034647898962
139.0,133.05105444030605
135.0,135.23209027046929
133.0,129.17638474931772
127.0,124.67855319830844
118.0,125.65558164895353
114.0,123.37360912866811
111.0,125.34175968828848
103.0,125.14234950863504
103.0,121.97467175096347
98.0,116.49830029154073
91.0,102.87817335683631
88.0,101.00102024725034
97.0,97.82826288830587
101.0,94.57170992916288
112.0,96.14322306635627
122.0,92.04162830746408
126.0,87.7459345688592
126.0,87.1123664786945
125.0,105.869952408446
125.0,103.19204122675886
125.0,121.67568998023849
123.0,136.57674090219797
120.0,137.3901167918974
113.0,132.80030713018903
109.0,127.29760264716172
106.0,125.50227276390994
103.0,124.63602944882737
100.0,122.48145100619608
98.0,115.94201329716358
96.0,108.32628602698648
92.0,104.65540454629465
90.0,103.51119857274469
88.0,98.31732372527362
86.0,95.84974103343168
87.0,93.97193591366752
101.0,90.53032854451914
121.0,89.68233009696475
136.0,89.38665169676443
140.0,89.03874469354552
139.0,87.11129615439832
142.0,88.16958422491052
136.0,117.44608113179711
130.0,145.3791158344385
136.0,152.96472772654536
142.0,149.9921495354427
155.0,141.79626861366967
164.0,156.56677505275707
178.0,144.2918948482423
199.0,145.9992603524499
217.0,148.99818079456986
231.0,166.47278479628045
233.0,188.2906248053788
233.0,193.01922632503292
239.0,198.20022973085503
245.0,205.78597806794144
248.0,212.48473032699772
239.0,231.92108678247615
236.0,225.29800413594185
238.0,206.39990607372488
242.0,219.38424080513812
247.0,229.05666214964018
240.0,229.32173609930894
238.0,205.3545710460419
241.0,202.5463528112648
240.0,217.00946924847923
239.0,235.94037234240955
237.0,245.69706851201553
235.0,231.04235554081345
234.0,232.16436126659244
233.0,242.7850232146684
233.0,235.1716827520282
234.0,237.8960491557968
233.0,238.6972899697757
231.0,232.9597926092495
229.0,225.41785515210339
227.0,221.64682988644464
225.0,222.4014425155623
222.0,225.47232734609636
216.0,223.54173365225668
200.0,222.86221107928986
192.0,219.85159445926246
184.0,215.32414589708782
181.0,213.4242739579319
180.0,210.95559218439692
176.0,202.93029901284513
174.0,187.13145184032993
174.0,172.12580723955878
173.0,168.15263321358702
171.0,165.66281924136655
165.0,164.84782339918107
164.0,163.35077285135816
157.0,159.19063508152138
146.0,164.8318217210336
141.0,167.36586342367409
143.0,164.12322917891427
146.0,149.94223372133914
148.0,151.1278457603069
148.0,139.008302593561
145.0,125.56697582626124
141.0,122.20564397280302
137.0,132.39916642384898
132.0,141.04181197436125
128.0,142.81855669128484
125.0,145.9351209550123
121.0,144.4991049089853
118.0,139.9320513449943
114.0,136.1032204751227
111.0,126.49430915399802
108.0,123.53829491024115
102.0,117.050287974864
95.0,110.62898122712454
91.0,105.6084326710845
88.0,104.95541261063066
85.0,101.69499917921128
80.0,100.35023538874336
80.0,95.38919717618388
83.0,88.6480684563026
78.0,87.07558053779539
73.0,86.60285962937272
70.0,84.97938026845884
67.0,80.75503455440906
66.0,78.60514820162085
68.0,84.19144036419837
72.0,76.81923621911568
73.0,75.16796088092016
76.0,73.8959549240098
82.0,72.48369584903946
88.0,71.11582213376366
95.0,73.32630102562815
102.0,79.59696644185966
109.0,79.5372043562941
116.0,80.74987535407045
121.0,89.45753503920984
126.0,107.14404229519552
132.0,116.2316027259856
137.0,125.19092514816855
144.0,130.49192729553172
151.0,133.7425199413008
154.0,136.5853902067389
155.0,142.82751451018504
157.0,144.88428692591773
160.0,145.56623336170978
162.0,157.9418653813438
163.0,169.1262943496985
164.0,165.9611955908388
164.0,162.56518889354484
165.0,162.26012026228412
166.0,162.84700201965924
169.0,163.55691114244382
172.0,163.0210808724259
175.0,164.4578000583992
177.0,166.10311405374037
180.0,169.80730399189883
182.0,170.61878023375414
186.0,173.9610099123199
191.0,177.12109437312355
198.0,183.56287300642865
210.0,181.82664606706746
218.0,185.16825252430797
223.0,188.74511056630445
223.0,192.90456657831893
224.0,200.81670628150718
226.0,213.95370140422835
228.0,224.65947206306402
231.0,230.84269398295854
233.0,230.9459976317456
234.0,225.40449789051752
235.0,220.4599092928479
235.0,227.0003529355584
235.0,228.18268756091118
236.0,235.83029616621164
237.0,236.48888751575237
239.0,233.6896613175448
241.0,237.3570984778152
240.0,237.91084647295392
242.0,238.56041437427288
241.0,238.74883459218435
242.0,241.89773641017143
241.0,242.561997169128
238.0,246.28466362642652
236.0,243.32857990971675
234.0,247.49622104769816
232.0,245.8459802331472
231.0,247.47280523905988
230.0,245.34721730060053
229.0,240.57034627731713
227.0,236.4060710233112
239.0,229.5350223616903
244.0,226.49132752384685
243.0,226.72981062494696
240.0,223.11919133124695
237.0,222.6591101069237
237.0,218.41034074186294
236.0,234.65556588461678
232.0,241.30186175717074
229.0,238.33893516280796
227.0,234.10940899992443
224.0,233.2236866783708
220.0,234.53585027066327
214.0,231.95127797268333
207.0,227.07815097693282
203.0,224.0151348110209
202.0,219.09371395238185
200.0,214.2565989655215
196.0,213.86111947245467
192.0,211.35596041612436
190.0,207.12553615693602
188.0,199.54255124632985
182.0,200.20074952490995
185.0,200.6902782781685
193.0,194.19253671642446
192.0,187.74853061954116
189.0,185.81313579008332
184.0,185.59820829384074
180.0,175.44913052837438
176.0,180.76856583897674
175.0,191.9720577674915
175.0,188.188265114125
176.0,184.12808293586835
178.0,179.82809502484068
175.0,177.02926239107705
171.0,171.76724329290977
183.0,167.92300363046795
195.0,171.06831334720113
204.0,173.03371675532898
215.0,172.30352879785357
228.0,181.54598460592257
239.0,191.93425514521195
242.0,195.74060424162266
246.0,206.30795753245832
249.0,212.51504137395509
246.0,219.53625501187202
245.0,225.14542787775625
245.0,230.42066361092864
241.0,227.26856320120203
236.0,227.86779124702505
232.0,232.69475805791856
227.0,222.74797555152975
225.0,221.35692386804214
225.0,223.50375137319853
231.0,220.65911831373742
230.0,216.6174672526102
227.0,211.05515884507258
225.0,205.72103629290643
217.0,202.67746079915958
212.0,202.75602113160178
205.0,215.84816419705857
194.0,214.00134631485736
180.0,204.49547448508596
173.0,204.3745152281228
164.0,191.74181065450952
168.0,190.6944064073409
171.0,181.8306590882151
165.0,166.17085149110247
158.0,149.3225871464058
156.0,146.6583594431769
154.0,134.00710226046195
151.0,146.89706801113496
149.0,157.93194651542234
140.0,142.19605476206613
136.0,133.81520538878308
136.0,133.95541417377993
139.0,133.22674584483065
134.0,131.64041684806477
130.0,129.4610921586641
127.0,125.57530022910558
125.0,122.03084763220464
131.0,127.8944438756964
133.0,135.88599800196513
129.0,128.05490719644712
127.0,121.7017431557016
127.0,120.99103589400073
123.0,117.2754293333879
123.0,127.88712157702612
123.0,132.05265727496584
121.0,124.83424933372784
118.0,123.46419458510879
113.0,126.5384779207509
119.0,119.33069253529044
122.0,119.94762955102442
117.0,120.48684237006994
115.0,117.83707246070317
115.0,112.44092734243797
108.0,107.4644516915538
107.0,118.74499909631173
106.0,124.85222913315404
108.0,114.17601624301257
105.0,129.13748039946185
111.0,133.39256067760746
126.0,124.28092904111419
143.0,127.81136406396946
157.0,127.43637236143842
172.0,129.4364579026693
191.0,117.9816253127835
207.0,125.60806219966226
215.0,159.32615461791545
214.0,175.50044536844848
225.0,187.195111156306
228.0,191.89760300948956
228.0,198.6229160458313
224.0,196.25453118029
224.0,194.22249447159075
225.0,183.00637682780163
221.0,200.03989751065302
218.0,198.25647796361605
214.0,195.92398539563771
222.0,183.59108473609456
232.0,186.66699833559304
242.0,195.27945194858592
246.0,182.6262065204208
239.0,184.51172766428255
229.0,178.27349127177402
218.0,195.399770321343
208.0,235.51457812441762
202.0,249.15772301972208
195.0,251.16425624127663
192.0,236.52661400797265
195.0,225.34296375733172
197.0,201.43748312830326
196.0,186.59527412555425
196.0,185.2049200227525
191.0,170.60234318121346
187.0,170.33992777203804
190.0,176.8958834387376
188.0,180.46460869100983
188.0,185.04818729264213
188.0,184.81311420022362
181.0,175.06782775702968
177.0,174.28044729813212
176.0,186.4997962515335
173.0,181.70848655746607
170.0,182.22126977843016
165.0,181.11026947776023
162.0,167.1454359760878
160.0,164.65912567604443
153.0,164.2454426979091
152.0,161.52961132449408
152.0,160.1976273171503
152.0,151.74911459695534
155.0,149.07985141456953
157.0,149.8190557401003
160.0,137.6417198425064
165.0,141.4636247178972
179.0,142.7887147421788
185.0,151.7487770536874
185.0,158.41386088977706
188.0,163.51331545840173
187.0,172.1080665988532
185.0,174.71252867470264
186.0,199.2364898983341
177.0,203.16368491133358
171.0,195.11102511666985
171.0,192.831119900687
177.0,187.16469905642063
183.0,179.98920705208877
190.0,182.53935392809169
192.0,165.14231208873207
194.0,159.007320217048
197.0,164.84483063206054
199.0,181.48925509070426
200.0,196.57273550009774
200.0,207.97625665005876
201.0,204.54260325524297
198.0,205.97586496029612
195.0,209.26960985736977
194.0,213.99672347126145
191.0,216.29729272299397
190.0,217.82165100149876
187.0,220.2777759146287
183.0,203.4896167888799
178.0,194.11108654216883
174.0,192.6744999611688
176.0,192.01071339089364
196.0,190.05996873459316
191.0,183.84560259039336
186.0,176.83773444839287
179.0,169.37019753984993
172.0,163.83545221619895
165.0,172.25646484694812
160.0,212.14836119677682
157.0,201.70069275561312
154.0,189.1293485246129
151.0,176.62823348237495
146.0,165.13973017534013
144.0,155.5358215922547
139.0,150.32316205830236
151.0,148.29999720048295
156.0,144.12882161868373
149.0,141.48728897717345
143.0,135.87224375423847
141.0,133.44401601512766
145.0,127.4476963454139
143.0,154.72903943144763
139.0,166.96594683525362
136.0,147.77995738359834
136.0,140.99835839678073
133.0,139.54351383536005
129.0,149.97807633129057
125.0,143.24989354663225
122.0,136.52785341171196
121.0,133.39466302837582
119.0,135.93272316064045
119.0,130.349606030528
119.0,123.7673401392296
120.0,118.65061588272505
122.0,115.79144439032275
129.0,114.80504989764312
138.0,112.60828171970482
135.0,114.21174760212253
138.0,114.65237789030574
141.0,115.72809294773297
139.0,121.61432401405982
138.0,138.63534179371496
141.0,149.09586571088448
147.0,140.68332554376573
148.0,143.3391391141982
148.0,150.46372923597735
148.0,142.27206787624493
147.0,140.9528324602794
146.0,148.75171829479518
148.0,157.89212303101414
148.0,154.25740590983216
148.0,151.41479453473806
156.0,150.9589287985496
157.0,150.96742898010987
153.0,149.99191043577076
149.0,151.85051392524986
147.0,152.90137954046233
146.0,151.3370483173266
146.0,165.82871400385773
146.0,165.12505059918425
147.0,157.71713117018766
147.0,150.81785132447482
150.0,151.2910060781274
157.0,150.55398800962377
150.0,150.97442474957268
144.0,151.10087522550202
145.0,152.32302956240065
145.0,151.5644855811994
145.0,159.87068029855706
148.0,168.11744651434026
153.0,158.46556901441127
161.0,145.4118808790707
169.0,147.18133236876915
185.0,147.77211862318396
185.0,147.3371433320096
185.0,152.10784806528864
183.0,164.67131073198374
183.0,173.95472542179417
183.0,181.74634722082857
183.0,195.6763199303597
182.0,196.9723038402291
177.0,192.38423643891625
170.0,187.57017124171233
166.0,188.69396087820502
163.0,189.27986357488464
160.0,187.74825634848946
158.0,183.5904246476934
159.0,176.5455811472012
160.0,165.04438008850553
164.0,162.4951361117733
178.0,157.85926510932126
188.0,156.9284834053121
191.0,152.23865988392149
175.0,158.00547477087875
180.0,160.62976331559952
185.0,165.79072544248112
185.0,190.28589117579224
194.0,199.52529345390434
196.0,201.22660010219263
198.0,171.2940512086284
202.0,180.4720670468669
202.0,193.82167753770912
195.0,192.21384738816806
193.0,203.49388805576248
196.0,203.90098480926073
201.0,205.04324598436966
203.0,205.7408330370093
198.0,204.6514434037028
199.0,197.23906126457604
196.0,193.58313015066676
194.0,195.85915577021166
192.0,206.2044271950297
193.0,203.2975596047467
205.0,195.1619356523672
210.0,199.41437435516414
216.0,196.40721548994185
226.0,194.0098214649614
243.0,193.58710212401314
249.0,195.18307989937657
256.0,210.84392969313254
251.0,215.03486666401975
249.0,217.85041425373367
251.0,226.4629525461075
261.0,239.85235769926908
264.0,248.47972290473288
265.0,252.4753399689758
270.0,243.94803517505804
282.0,239.1807135592469
291.0,245.38647060462847
295.0,256.51549085868453
291.0,266.13591260437227
293.0,264.42912517933956
299.0,260.3575620042741
310.0,270.2483816127448
322.0,273.1352527308119
332.0,274.7935868633606
336.0,267.4138716303249
338.0,268.14170024412863
344.0,272.7591984249688
348.0,281.8298642003544
352.0,298.68496924053727
354.0,304.6081548452476
352.0,318.72945870308035
351.0,321.2484371036987
352.0,330.8173779364357
352.0,337.6543242184606
349.0,341.78114429797415
337.0,340.59294966426944
334.0,340.09272254865004
328.0,340.56255502518485
324.0,333.04970041024825
312.0,335.02951469577863
304.0,326.8908681552975
305.0,312.7658295053887
304.0,298.01702423447495
292.0,292.5057897041096
287.0,286.6098337270782
276.0,271.83101963544294
263.0,258.0736412374734
247.0,255.10259760759283
225.0,260.6840228646062
207.0,246.23258379334308
198.0,243.80615475225943
183.0,226.18738657281386
170.0,203.68171784559246
156.0,192.22702368039853
145.0,159.71626052302608
134.0,144.58491361411916
123.0,135.26567320302686
110.0,129.62639128604928
100.0,118.64350229680169
92.0,100.78946894267344
82.0,86.84618020439794
85.0,80.86776540826061
94.0,75.29146040252232
105.0,71.99636601705159
119.0,66.98551470870417
132.0,66.4475008845939
141.0,68.1576774984752
145.0,76.03954682587245
143.0,94.03097448677175
138.0,103.41847917853094
131.0,131.816633798059
124.0,153.68403565534197
118.0,162.54045885552466
116.0,162.99323430199027
113.0,149.09309651720517
108.0,136.91042185451246
105.0,131.67393326665348
100.0,111.90289064175907
94.0,108.35315529616877
89.0,110.53788073652393
81.0,105.58725898462485
76.0,100.8801665060047
79.0,97.02013438806931
89.0,93.60731430436446
100.0,87.31112255992011
111.0,85.43573754494636
119.0,81.76088908198415
124.0,82.35937497125047
127.0,86.96023517570505
132.0,106.75952573170044
126.0,119.0345893913151
131.0,129.64735554812623
144.0,135.10311510734442
160.0,134.06354839622233
173.0,135.27059245989116
177.0,137.66679728192688
179.0,125.91167014731373
187.0,141.71776558606956
194.0,162.07771201127014
203.0,188.78857507665518
205.0,205.49588387473676
205.0,205.575328447927
205.0,200.7695700201451
208.0,202.1711659706521
216.0,194.31835549418813
221.0,205.2247769490436
224.0,201.3590752122158
223.0,193.19638240068585
219.0,190.91653966874543
214.0,194.92167968680434
208.0,221.92705145897895
201.0,229.4501324188482
194.0,232.9059898704615
180.0,226.5765812698748
173.0,218.09218304246346
166.0,211.39585655362032
160.0,189.85966273027995
150.0,185.5478939278788
140.0,180.07763708174525
142.0,160.21367790888013
140.0,159.9862115902201
138.0,148.07920572562438
134.0,136.25093195036797
133.0,128.32424056666522
131.0,116.7263860419033
130.0,125.44697338727755
130.0,121.16152499492463
128.0,122.69054913368318
125.0,118.521016110899
123.0,119.98922083787659
111.0,118.63334644245545
105.0,121.02034320463092
99.0,121.91752019775146
98.0,122.92585903656199
93.0,120.85578584482552
94.0,119.22584466472833
99.0,104.42947331897159
103.0,100.81109983472166
109.0,97.23082822406178
116.0,97.6799701608564
126.0,96.45117514529548
138.0,98.79676352399652
145.0,103.19413000347002
152.0,108.42353857356099
152.0,118.75437386320172
152.0,131.3906566725078
153.0,150.58025818871698
157.0,161.6164326838888
160.0,167.75351988327003
163.0,172.39657476307542
166.0,162.51634431647992
169.0,156.71777478804387
172.0,157.47266191972437
174.0,161.70146953601164
176.0,167.4948339896764
179.0,168.216845028558
181.0,172.5727188259374
182.0,175.32307364447072
184.0,176.13563014577537
186.0,181.1676110585973
187.0,182.7144775707384
197.0,185.94857726457744
203.0,185.6657207217094
199.0,188.15780291472453
196.0,192.45806749566447
194.0,192.6627461451486
191.0,191.00788489068677
188.0,209.4006405833181
187.0,212.78898595779097
186.0,207.94726651847392
184.0,199.7446330974515
182.0,196.05345977928195
181.0,194.48560651746737
180.0,185.2588570385172
181.0,183.65813355731598
183.0,182.60067918659215
187.0,179.36843290162525
194.0,172.46612791356634
190.0,173.34443654457596
188.0,173.14685676428576
186.0,177.1613378647369
184.0,183.70060285258788
184.0,191.5817716543144
185.0,200.74777366825504
184.0,195.21306359348588
182.0,190.7437269405805
181.0,187.82566898608147
182.0,185.69400800855388
184.0,186.76760599544892
184.0,187.0873110776236
184.0,186.61936036383548
187.0,181.8146797612004
187.0,178.61240772519116
186.0,181.63567019639223
186.0,187.40493051440455
186.0,186.94179935183732
184.0,186.96419554707612
188.0,190.99400521347917
198.0,190.38641992647078
199.0,188.36554059938453
198.0,188.55850551029474
197.0,189.46047351654255
193.0,186.56834764797225
188.0,190.28649411325637
186.0,208.9885845351512
186.0,208.29708043478922
186.0,204.567576009336
186.0,200.19325569429697
185.0,196.32174663713866
185.0,189.77770717626476
183.0,186.65254753793886
182.0,187.27774998253543
181.0,187.90317058561936
181.0,187.1477890710301
180.0,179.7947744060038
179.0,180.9309974422512
179.0,176.4272754798146
179.0,179.1930544322283
179.0,177.4508038388178
178.0,177.92360555707455
178.0,177.22114125799925
177.0,175.0395271312901
176.0,174.50566549582504
180.0,176.00028081913473
190.0,176.27316189082703
188.0,174.17555218256322
182.0,174.23836292068864
179.0,172.04526422893514
176.0,172.71487128717357
173.0,180.10326893878144
172.0,201.3595507325496
170.0,192.67601879079433
174.0,180.78101441486655
176.0,176.02032613771644
167.0,172.8933266087415
173.0,170.51922041569537
181.0,168.94106087242
184.0,166.5104121809861
187.0,177.3362340905057
185.0,176.926181030748
181.0,162.34081913452587
180.0,176.7726455135237
181.0,189.48129366825864
184.0,196.50900763318933
187.0,194.63715080257563
189.0,188.43214817456004
190.0,180.06416175940944
192.0,178.89910163346775
194.0,179.91103467719674
197.0,187.56906509845808
196.0,188.32560807742425
195.0,191.29187441003802
197.0,194.03782649719298
193.0,194.85467960031045
191.0,196.1383912838905
184.0,200.42103256531766
184.0,196.464987931193
186.0,195.1782377068883
181.0,209.71046597747537
181.0,202.63146191637594
178.0,201.25898847632266
179.0,193.836592801264
184.0,186.40628785034116
183.0,187.6567517922912
184.0,175.80828803752155
187.0,176.00532029481377
183.0,170.5864992102235
180.0,174.53153206699196
180.0,189.05272377331264
184.0,185.47224929951804
182.0,184.65853286414367
183.0,185.4406009410908
179.0,180.1587687507343
177.0,172.7208705055279
176.0,173.45025410085333
178.0,183.98766732202884
180.0,178.4362621824326
182.0,182.4090671229347
178.0,173.46161779461718
179.0,169.18191919132258
179.0,170.34191678215345
177.0,174.16941155738954
176.0,178.9426845514832
176.0,183.5570987143159
172.0,173.76842909003847
168.0,176.11092401707037
166.0,179.4570196213472
159.0,173.15586150482196
155.0,172.02286076614442
159.0,171.95994152102904
156.0,164.9755603500877
156.0,160.56822546456635
154.0,156.36909515269804
160.0,149.45590001318016
158.0,141.3173660854981
158.0,153.4838406483552
157.0,147.8012200159028
160.0,148.5581386084069
159.0,143.51848448884553
160.0,175.36084979251538
164.0,178.2976016667913
162.0,172.40532511508016
155.0,171.42388364775618
149.0,174.3756287692118
141.0,173.5806335423001
138.0,173.6846728257101
134.0,178.12172631325328
134.0,172.38874337436155
136.0,157.56302444566015
136.0,152.94242849389263
140.0,145.8109936125888
149.0,128.13513389624222
153.0,125.81575947940023
153.0,129.70779449055067
153.0,136.94833514629667
153.0,134.65809149056375
155.0,145.69164878433554
153.0,165.61892380586985
151.0,168.16659150459398
154.0,159.19042044794452
154.0,153.55727061154087
158.0,153.03028511759996
163.0,156.33553791499637
161.0,148.20162081402495
154.0,140.3187208427092
152.0,147.84664132432232
153.0,148.34377384324551
153.0,158.69818618687523
155.0,167.30701293411389
153.0,159.89579314042754
151.0,147.09738978488673
149.0,141.86645429993962
149.0,144.82343179243256
148.0,142.6229036709481
146.0,145.50927947513242
142.0,144.90999923995489
142.0,143.22820635223977
141.0,140.0611950015237
137.0,141.57259973905656
137.0,141.2001872611749
133.0,141.97308850808997
132.0,138.6634963990304
129.0,139.80256472312433
126.0,139.48493925743978
126.0,133.50302571693896
118.0,135.04155872597332
111.0,129.1272229854977
107.0,127.77150581992474
103.0,126.12050890131543
101.0,122.41340567962179
98.0,124.03443237018362
97.0,112.3894474146398
97.0,104.55351345045109
96.0,102.38183936336746
96.0,96.27164956821211
101.0,94.47951428029587
113.0,91.87469343965434
124.0,91.38746404650341
130.0,91.22489414657385
133.0,90.1990522407691
134.0,90.0808410033238
131.0,98.94147163214481
128.0,127.15232122905878
127.0,140.60215787512197
126.0,139.40132858112804
125.0,137.06823713958414
123.0,135.1437172852029
120.0,131.22769791529194
116.0,128.23818091935763
113.0,126.81866256497352
108.0,123.05178973222174
105.0,120.74089483487735
102.0,119.11464339544762
100.0,115.77445656055161
98.0,110.98970737195323
92.0,106.65362668859696
85.0,101.14948221161501
82.0,97.59788570459494
88.0,95.64932664195055
95.0,94.96037827568541
95.0,110.88673757018114
98.0,108.61270215639087
109.0,112.88661361198488
112.0,115.83022712559234
126.0,124.32406621863345
141.0,130.92243893244122
159.0,124.2574389773517
175.0,130.2162748228925
190.0,152.98926623886092
200.0,151.41353849729907
210.0,175.84447039748127
222.0,183.85623387501244
233.0,209.20760493595472
241.0,222.92197134290424
244.0,220.3540498328718
245.0,224.57852357871522
243.0,231.75002371740263
238.0,250.68533565910255
232.0,253.2018936528832
226.0,252.34877471570522
220.0,249.54899173923303
206.0,235.65418011276992
212.0,229.25019131633746
218.0,232.32273716487362
227.0,233.8658218369432
236.0,222.17013242133334
244.0,210.092180468009
251.0,193.62758443005214
252.0,206.0450306401706
249.0,209.8839311202353
244.0,217.79620372072466
240.0,244.045845106676
239.0,252.73615765568624
236.0,258.449215943844
232.0,254.06305801543257
229.0,245.18667831695697
226.0,232.35276996571542
223.0,221.4539822946264
219.0,223.28995180737084
219.0,220.6186186311917
212.0,214.10152467539487
207.0,211.6067984501795
207.0,202.61485153187294
205.0,197.81110134623916
204.0,197.27466675484223
199.0,200.30048148359344
196.0,189.85784662031116
197.0,185.88219054777463
202.0,190.17683701183532
207.0,187.93720898036756
204.0,185.4417404817629
202.0,181.7744759537211
201.0,178.04474545654145
201.0,181.36516770768245
201.0,187.02629023816974
201.0,205.9606597889808
201.0,198.31383936894485
200.0,197.9966593891315
200.0,198.41589274793935
200.0,198.4406074053155
200.0,197.8915202381696
202.0,194.04357191053057
202.0,195.2580734531
198.0,195.95340257639242
197.0,198.9463967763973
196.0,199.25469251935255
195.0,199.46209820462008
192.0,200.1412796888495
190.0,200.1153128153363
194.0,194.11710123168547
199.0,193.65838421154453
193.0,194.08044374431506
186.0,194.226364144706
184.0,190.8434592805045
183.0,190.3337107395137
181.0,194.677385088475
181.0,204.26840985406932
184.0,192.18538884848223
186.0,183.9716376326731
184.0,183.42351112636538
186.0,182.85227534478977
185.0,178.55679764497125
184.0,179.91137869183913
182.0,186.41282068161462
181.0,186.89706671820784
181.0,181.52313319211856
182.0,189.09182863003383
182.0,188.4363585398748
182.0,188.26000686628868
186.0,181.1525013626421
187.0,179.01638767897862
186.0,179.29288324255845
186.0,181.51302562544265
185.0,181.31346629410373
184.0,181.39932393258434
183.0,189.4996274252933
185.0,190.30052558843323
185.0,188.91812218308493
185.0,188.639642270733
183.0,188.3504042042975
182.0,188.49497115341194
180.0,184.42021178728697
175.0,186.83121229814364
173.0,186.68734731324335
175.0,186.589736526073
182.0,183.1671326944951
184.0,181.29150662803693
185.0,179.64392928719153
189.0,176.0817497319367
193.0,172.75650475261818
194.0,178.21041836925303
194.0,190.18268495245636
193.0,195.64113518651877
193.0,192.17578558325164
195.0,193.97472662427884
193.0,200.69285563716343
191.0,200.9645302030381
194.0,200.55906391819047
194.0,199.41273795520078
194.0,198.75622361181192
194.0,201.33033359737775
195.0,196.87084936084185
196.0,190.0466114866815
197.0,194.00784645082783
198.0,193.4904607871663
199.0,192.68254647233636
200.0,191.93028262243988
200.0,196.21815270073063
203.0,196.4212857213402
203.0,197.05794524834377
204.0,199.48292969426373
211.0,200.72805432652257
209.0,203.22093326486925
207.0,203.22868518692945
204.0,203.48501898780532
202.0,203.4233064655795
200.0,203.71434075864303
198.0,216.58517407216598
196.0,209.93231617941973
195.0,208.37544635997398
194.0,200.7201191232651
194.0,200.32381498790923
195.0,199.35695969992867
195.0,196.40935826964082
192.0,192.55276899818315
192.0,192.3367565435942
192.0,188.01729186074633
191.0,188.1980885033918
189.0,193.16464268621513
187.0,193.15118908770796
185.0,189.13527404068816
183.0,189.25647119575726
186.0,190.37702918623359
192.0,190.156264959385
192.0,187.00536068959204
194.0,183.3141111098506
194.0,182.73618947403781
194.0,180.65445351056482
194.0,185.30681706520667
192.0,193.28573076969099
193.0,193.51381720093002
192.0,197.45262102937133
185.0,195.38648744962282
185.0,194.54852691742965
179.0,192.73770590929112
176.0,189.47467469857224
182.0,191.65924670739298
189.0,189.46270018939524
191.0,180.40906661944504
198.0,197.14914946570428
200.0,180.88980486154423
201.0,177.40764939229226
204.0,190.35272458644295
202.0,197.81426278220889
199.0,197.4045418912995
195.0,206.1923759354309
188.0,205.32072173913966
185.0,200.94257357013652
183.0,198.22198636854762
182.0,195.9993791722733
176.0,190.65355516294102
171.0,184.1516682191118
167.0,179.5601022865569
166.0,178.40210485165107
163.0,173.2846146948326
159.0,171.90132164608926
153.0,161.48527876834711
153.0,154.3418264336325
148.0,150.00599948415768
145.0,150.06282726836002
143.0,149.14513503924275
145.0,148.22692578663893
139.0,138.90542461522185
134.0,138.0138708293308
137.0,132.2172901163897
135.0,132.0217148995197
134.0,133.06076012427738
131.0,138.14255272238262
131.0,129.12289984836383
133.0,123.71567245966855
133.0,132.7512348665844
131.0,129.635891359354
126.0,127.42366955000736
122.0,123.09656084906193
127.0,124.9169710349453
135.0,132.66758701555005
142.0,130.40826362550087
143.0,141.33116244878278
143.0,137.22970218066104
147.0,129.28266942692983
149.0,141.68883207873554
152.0,158.06419594279865
152.0,165.88480097819797
155.0,155.86397280066024
166.0,149.56198263865025
166.0,157.9364701719095
169.0,162.55578906854615
174.0,166.94504124055516
174.0,160.25498236112543
174.0,156.82085532841063
175.0,176.05835455528637
175.0,171.95998933026866
178.0,172.1556179585912
184.0,183.11606501919263
190.0,181.2119936883297
198.0,176.57272156102673
199.0,177.4037392222592
203.0,178.88925367326
206.0,184.41791506951284
204.0,198.05723189949651
199.0,203.63661216250094
198.0,214.00203483386662
191.0,211.71467935327985
192.0,211.50167112716304
189.0,214.13796716519568
185.0,209.07291480809798
184.0,204.7148995231181
183.0,200.42434131502463
177.0,184.54584665763016
173.0,186.58814840664343
172.0,181.32010959620993
166.0,171.8261152585076
164.0,171.26699074891263
166.0,170.3480658573475
165.0,162.48000016721264
157.0,158.4149992280263
154.0,158.02353894845135
155.0,149.46835674896946
150.0,148.09654854910167
146.0,152.80178460810794
145.0,153.6681230397343
144.0,140.37246624431012
143.0,139.41974419123042
138.0,141.70119674470808
135.0,139.30024776971268
132.0,140.99640894316823
130.0,140.77475249861834
127.0,140.60084548692285
127.0,140.1939918997146
126.0,135.11092281763942
125.0,131.29442759022044
129.0,124.69246984748025
136.0,123.20847011715506
143.0,122.10133969208559
146.0,123.58144983770406
144.0,123.07451520551365
143.0,119.87993191344245
143.0,126.96439714657433
141.0,141.54159729484275
138.0,151.2427821368694
136.0,153.67872260267393
137.0,144.55082173700325
136.0,143.51988789275237
133.0,147.1934316596293
130.0,145.08474978099778
128.0,133.9458425809536
124.0,133.40857686050018
122.0,136.80606971947336
122.0,135.01468098503665
123.0,129.66915981384466
124.0,124.78854185464523
128.0,123.41034278718435
131.0,117.67165628595708
137.0,115.7748834728995
138.0,117.0264552449659
137.0,118.86367472935686
138.0,143.3898524640452
139.0,149.54417534748913
145.0,157.54978009927623
153.0,161.7517302187483
167.0,162.11229120341787
179.0,160.18110555293856
190.0,155.28003234823103
197.0,155.73955714386298
199.0,165.32720773564867
203.0,179.1606982938585
209.0,193.79514230004654
209.0,199.5301975876265
204.0,199.12063217876866
202.0,196.8491996821027
198.0,199.90637163564296
197.0,195.83872134948808
195.0,199.37854077671992
193.0,189.98560019544212
192.0,177.7281719299166
188.0,177.057910610577
187.0,174.5507197490247
191.0,174.7038261888956
184.0,178.12166152653268
179.0,178.5630511432861
174.0,172.91618715977785
174.0,160.23762329397846
177.0,163.39570594358926
179.0,175.08142226091528
177.0,162.7587813047373
176.0,157.43396631002537
179.0,152.22423270883155
183.0,159.99339502055778
189.0,169.66583307567421
195.0,179.06922400049828
196.0,171.81568339231012
197.0,170.358031779102
200.0,177.51230512370225
205.0,188.81259451293738
207.0,192.43923053093386
208.0,200.41306544020267
210.0,197.2629100939714
211.0,195.59987381414146
207.0,202.84927136961736
204.0,207.7848026040047
204.0,210.56569965309203
201.0,211.04150848114676
199.0,213.5154276653546
197.0,213.40732364102917
195.0,201.99973321977814
196.0,196.2484922880692
194.0,191.6381185197455
191.0,192.73808362339014
187.0,191.281846766865
182.0,190.9507588785221
176.0,188.56601210003672
170.0,187.5468097946989
164.0,184.69740899868452
156.0,181.99023469030004
150.0,177.92094567245712
145.0,171.9477170644963
142.0,164.10975548869558
139.0,155.0693462800016
135.0,149.5160007927836
131.0,139.28319346815928
128.0,137.33999998925503
126.0,129.5413904764302
122.0,127.41542858056657
118.0,123.52717102831078
115.0,122.0760370815754
113.0,116.72516842295906
110.0,115.27588120899026
108.0,116.4538351225233
106.0,112.44366989170845
104.0,108.36698752686308
101.0,105.77141407287397
98.0,104.79889986199687
96.0,101.56722105457546
94.0,100.54323362777792
91.0,100.02056229191332
85.0,96.77078753287599
81.0,94.4188316702522
79.0,92.02375919935378
81.0,89.1183938064222
87.0,88.58198809671764
91.0,86.17804660202094
94.0,81.93808032271386
96.0,77.63190510259375
97.0,77.27881942164801
97.0,78.12163294262655
97.0,88.42977895151361
98.0,96.01923948568846
101.0,103.67428412102662
101.0,100.88156984910525
102.0,103.04510722738631
104.0,100.89347535733704
104.0,100.78211373481642
104.0,102.63234283145191
103.0,106.04661022346136
105.0,105.90691754829136
106.0,106.36171243788323
105.0,110.75452642712405
104.0,110.89557000585472
104.0,111.08158267856106
104.0,110.24385292478041
106.0,112.13233194728653
107.0,112.81473506612673
107.0,109.505847711779
108.0,107.7613621985015
110.0,108.476094638975
113.0,108.61707757990675
115.0,112.32316014126629
119.0,112.72085029137291
120.0,112.50354262638899
125.0,113.71862573418142
133.0,116.5725371923542
136.0,120.70595279104148
139.0,122.88830654672579
140.0,126.61792031344226
142.0,125.02724204071487
144.0,131.18428785120378
146.0,143.23545216979875
149.0,144.6048595978489
151.0,146.23626268751678
154.0,146.36578749330684
158.0,149.63898819183103
161.0,151.78417162828237
163.0,154.3235779862938
165.0,157.0721159600043
166.0,159.07130897052764
166.0,160.76114742528242
163.0,166.68847763882732
161.0,167.59209618313287
160.0,170.67999723478496
159.0,172.80477137701183
160.0,172.67234172385878
161.0,172.47264520643617
162.0,166.35706991184824
162.0,164.0534029725861
166.0,162.59250201238433
168.0,161.29577787626872
170.0,163.13795274990665
179.0,163.45078433947666
182.0,167.48351077656045
183.0,167.20227210644896
183.0,173.2729559641569
182.0,175.18912320871323
179.0,176.70673304763588
181.0,191.33992871293236
180.0,193.111124604275
181.0,191.73886802271588
181.0,188.67637274986964
181.0,185.29160713979354
183.0,179.79656419272413
181.0,182.81851433747397
185.0,180.99754944334384
185.0,182.18369128770382
186.0,181.53361458160575
190.0,182.6055411491434
206.0,188.90350948694504
215.0,191.75743357554285
220.0,197.72724409207134
221.0,196.99930307826816
223.0,201.00316626591064
223.0,205.6908202537382
222.0,218.710635291276
225.0,219.77343912469718
228.0,218.90191902262256
231.0,214.685850621777
231.0,206.93872330696112
227.0,202.62358855260706
229.0,200.4587173349922
225.0,213.3037639488808
223.0,220.35545705133063
222.0,227.67731886908373
223.0,228.21564936347255
219.0,220.66319738204302
217.0,227.83458018238287
215.0,220.87301635388368
214.0,208.19640829366443
210.0,208.45589278512637
208.0,208.90649211961784
212.0,206.49011344756917
214.0,204.39425442632825
215.0,205.88684601481953
212.0,203.0173408184405
208.0,197.7455344448872
208.0,195.4726720369735
207.0,206.87803182438958
204.0,208.10812761163402
203.0,210.88922178391863
202.0,205.8423870180197
200.0,199.00427875136214
193.0,203.91275597788646
189.0,200.01140075006757
189.0,195.19262394875136
187.0,195.60880572138484
187.0,196.04705708413928
190.0,194.88813512458626
189.0,187.75101273604943
190.0,179.26397675095782
197.0,183.44050565574148
207.0,181.26337851166522
208.0,182.09662125728414
205.0,186.30416590206806
204.0,185.3788409104985
203.0,190.3587511764967
199.0,202.65201904221135
198.0,214.72992197066094
198.0,211.34693292119104
197.0,204.30750101756215
194.0,202.1270773268546
188.0,201.94582146229465
185.0,199.96834188071244
181.0,196.165142871524
178.0,196.27102142935277
176.0,194.13278657004267
178.0,191.68758833869046
180.0,185.6194100459075
179.0,181.70641259577505
174.0,176.70145410257476
179.0,175.2364916854855
188.0,174.01268189647368
190.0,176.63143433200855
191.0,182.60156145433442
193.0,180.0671448615831
196.0,175.57518696555385
203.0,189.9554301478844
211.0,208.91605613149443
218.0,210.70974137177987
227.0,206.93399422931518
235.0,205.60703877202272
250.0,207.49989228873986
262.0,214.38964117965008
265.0,225.6343832270718
267.0,234.09168321838175
272.0,233.53070102178705
280.0,238.8064737351571
291.0,256.6309598525076
288.0,261.4470133818661
292.0,261.7657747652219
298.0,260.74146058064895
304.0,262.048622675904
309.0,268.755075716469
310.0,275.28229985341386
307.0,276.3697721586157
303.0,278.2530308439089
298.0,289.51075809698096
294.0,296.93031888600734
290.0,294.3681515833985
286.0,292.80372833436064
283.0,290.4560170505513
282.0,285.9726017082808
280.0,277.1764137551053
278.0,267.8645149895732
276.0,258.8379871160748
275.0,254.71265289057737
266.0,258.2017165381332
259.0,257.11449186133177
253.0,254.41260944826124
248.0,253.4106182970975
247.0,250.69755231711144
243.0,249.63005704726172
243.0,239.80737584005126
244.0,232.9908706012428
240.0,229.668110461816
237.0,226.1445020050467
234.0,226.15285062908407
228.0,218.06336353631772
221.0,220.9461859797727
221.0,223.47033541949597
219.0,218.69973283470787
221.0,217.03915285625212
217.0,215.88379252763403
213.0,207.43741806870526
210.0,202.64043250463843
208.0,204.20827219473205
207.0,203.72632935951913
204.0,205.27733841619678
199.0,199.33113219020356
197.0,197.84025308917765
197.0,196.70054567889045
198.0,192.4837556413801
195.0,192.92188766397126
191.0,188.73251016873925
190.0,186.9054145840093
189.0,188.12935957986608
187.0,188.07486210167173
184.0,191.16829256800636
179.0,190.50215403715885
171.0,184.0074363716715
174.0,183.9598317942445
183.0,182.45039198967402
191.0,179.49173977057157
193.0,183.28499068008435
200.0,175.9852232452531
211.0,163.01755670448006
223.0,180.61909953182388
235.0,203.44139498622312
242.0,209.5537816337249
238.0,206.07018844326956
240.0,211.19511348414846
240.0,219.73157800214844
239.0,228.98360979613398
236.0,233.13603697875
236.0,232.4837179677733
236.0,219.7274151137526
233.0,211.63363505583035
229.0,214.1024066080072
225.0,209.43977265526644
223.0,201.34939845724642
220.0,206.8398578141963
217.0,212.5534693801999
214.0,207.96478611227423
211.0,205.8881894053741
208.0,198.2766982100391
205.0,195.01206441254348
203.0,198.0638241172281
200.0,196.79065656818
197.0,196.4523494218854
194.0,197.31239432549862
191.0,191.17688448077337
186.0,187.4077447592639
185.0,184.59293951572323
184.0,186.18026316505367
184.0,182.87511240732968
185.0,178.25398482940162
185.0,173.5293860673921
185.0,170.6201306087504
187.0,170.90896122951506
188.0,169.80512733706612
188.0,175.04209515849598
186.0,176.28777698405696
187.0,176.0733799721785
185.0,183.07504144960674
183.0,187.26270460906792
182.0,189.75209018237683
179.0,187.851628034531
176.0,180.10343413941465
174.0,185.21983573325605
171.0,182.33953852161108
169.0,177.70402614987367
167.0,179.9061730575182
165.0,175.32456119003967
162.0,170.33891008571183
161.0,170.0317855323947
160.0,165.97099049960698
158.0,163.8694154248611
156.0,160.09169266700388
154.0,158.58803214872006
152.0,156.65558280866165
149.0,156.95628583235248
147.0,157.98939621686264
144.0,155.26195389955706
141.0,153.10734675553016
138.0,151.10642909733008
135.0,149.11360381943075
132.0,146.7980813440063
130.0,145.26185415848124
127.0,142.69033944781143
123.0,140.53541326060238
120.0,136.14655908536525
117.0,132.22162378606046
116.0,125.39509579243021
113.0,124.39178144571419
110.0,122.1128934838622
108.0,116.06979172479633
106.0,111.88232689301
105.0,109.36413201344293
103.0,109.02634105660576
101.0,105.62939262270672
100.0,102.97713585144608
99.0,101.36331813780605
97.0,100.98514503363901
95.0,99.46580411957596
94.0,98.20253670753064
93.0,96.104751720455
91.0,95.25438037865365
90.0,94.62858198321572
89.0,93.38752203047602
88.0,91.91083771707582
88.0,91.58919785865876
88.0,91.24543457784404
88.0,89.98059625681357
88.0,89.76500934139374
87.0,89.34141357984778
86.0,89.1507102019728
86.0,90.20802794297778
86.0,90.56566588630376
85.0,90.49569378076357
85.0,90.98530648145966
85.0,87.5482110384573
85.0,86.52339499439975
85.0,86.60884749357899
85.0,86.97320816403662
85.0,85.82533059237171
86.0,85.88632217804813
87.0,85.89620893900073
88.0,86.63116043358318
89.0,86.55861193481996
90.0,86.49011791536722
91.0,86.41942489382703
93.0,87.95327189134923
94.0,89.77229827257499
95.0,93.65222670446595
96.0,94.92828083026376
97.0,95.22814765431664
98.0,95.47724960433223
99.0,99.82477715531387
100.0,99.54486511555011
102.0,98.59727776516836
103.0,98.45955506443035
104.0,101.38231502034594
105.0,102.31888301217327
106.0,103.12679191946542
107.0,104.70564452876175
109.0,107.25021681073294
110.0,111.38097676842581
111.0,111.52820662610449
112.0,112.01598768051262
114.0,112.79979468176931
117.0,113.33697013606972
118.0,116.92753621322072
120.0,116.55116454401528
122.0,116.17777579433377
123.0,116.89859231575478
124.0,121.84593413756316
124.0,123.70471518439503
125.0,123.67902643527701
127.0,125.62209124429745
127.0,127.11277247626755
128.0,127.16802404759238
130.0,128.0013867241601
133.0,127.81084190541603
134.0,128.6077933530634
138.0,132.56108978084092
143.0,132.56806066411949
144.0,135.89657506416953
145.0,137.1881100823383
147.0,139.1428665360392
146.0,139.58379312931
147.0,145.14106095053538
146.0,153.65782835359778
147.0,152.11556701091055
147.0,150.9050584507754
147.0,153.77383000083807
148.0,152.05985767396427
148.0,152.847651725469
149.0,152.73343186998815
149.0,152.4712128765142
149.0,152.20211004760228
148.0,149.73658667080096
148.0,150.45611002645245
143.0,154.25964270573274
148.0,156.04950825244845
153.0,156.01233301227475
160.0,155.45943173981624
167.0,162.1877820535063
174.0,161.00792852723404
180.0,155.55608368542022
183.0,160.3605321746373
188.0,168.5660571313478
189.0,175.08969898525558
188.0,181.58064922360947
187.0,188.47465548212287
185.0,194.44658809411
184.0,198.41245029893034
183.0,199.01500445619035
183.0,194.01385034817787
181.0,187.64480380893912
178.0,185.34714637519468
175.0,185.92011320067238
176.0,183.13503286413717
174.0,180.48272996827671
173.0,181.0772561992074
172.0,176.44286550165444
174.0,172.78871879351726
176.0,165.45735421959486
175.0,170.3566307551416
176.0,169.13562885675506
174.0,167.50118254867877
172.0,164.73894238806434
168.0,172.25805121747035
165.0,175.59681637969987
162.0,174.7490868483021
162.0,176.40580846437206
161.0,171.71851224912177
163.0,168.85384299580747
164.0,160.66593430825404
163.0,157.1554735114214
164.0,156.48787060658205
162.0,156.92804762512745
161.0,156.64002359341882
159.0,159.0213434863021
158.0,159.64974934657621
156.0,158.59137615094116
156.0,165.38027899726893
156.0,161.1786979938479
156.0,160.78806833361253
156.0,155.89473800635173
155.0,153.79340912716776
151.0,151.888420090336
152.0,152.25047519576586
153.0,152.0375781457614
154.0,152.2662007609792
155.0,153.73378100126914
159.0,171.2108377661052
163.0,162.70473964259847
170.0,160.0794416045688
176.0,163.41585774353476
183.0,164.2177360300262
187.0,169.2707214892657
187.0,175.7297307596735
192.0,177.3721810619222
195.0,185.3242708522135
199.0,196.55400445863367
205.0,208.34303026217404
211.0,205.69604010321677
213.0,192.60719202750585
212.0,197.45311489649853
207.0,206.7808136793593
206.0,210.99621957907152
210.0,215.10785447159444
213.0,220.84441084242175
216.0,216.82448270309132
212.0,211.89884264346625
207.0,200.57245192063482
204.0,202.87041460249867
197.0,211.47166866977392
194.0,214.61092507822676
192.0,219.99532693419377
188.0,205.403176469187
186.0,195.15676835878827
180.0,180.94587523490242
175.0,169.75505012984684
170.0,177.31199049576495
169.0,177.13589104904523
167.0,174.20012065231367
166.0,168.2154294248969
166.0,160.52103732195815
162.0,156.73547083632457
163.0,148.49959703382666
164.0,153.14432429041193
161.0,150.23941240297643
161.0,148.82576386886922
161.0,150.92474248734555
164.0,145.40108732400077
165.0,151.4998676138851
161.0,155.42503492315848
160.0,152.56435839149216
157.0,154.72051744109325
155.0,155.11411522863156
156.0,164.6538095399042
155.0,166.13953543640733
153.0,159.32261803239416
153.0,160.80452452353376
150.0,151.72698834756528
153.0,150.91423942148688
153.0,152.81676268984242
149.0,151.7241136171587
145.0,148.2104118383926
144.0,148.3039903524095
141.0,146.5875043002822
139.0,148.33588466300088
138.0,149.91012756322993
136.0,146.09011979956028
134.0,143.24640588469512
132.0,143.1383223722207
130.0,140.7611583759035
128.0,137.4581139815773
127.0,136.6813450335463
127.0,135.18046085609595
124.0,131.0487898214907
123.0,126.68528471105114
124.0,125.23321864437864
127.0,123.97993157444525
128.0,124.71748714001981
129.0,126.95827982158998
129.0,120.71194544793225
127.0,119.51619505450998
125.0,121.64325250509604
125.0,129.30146104717588
122.0,130.70410334383882
117.0,134.50345307574688
117.0,134.21248135468994
121.0,129.57562838006993
133.0,124.87461077504935
142.0,122.48425452956015
151.0,120.24568392242092
166.0,134.67766263646214
177.0,141.1857505394298
181.0,148.1196378401137
188.0,174.62099307145462
194.0,184.15692776200018
193.0,196.6254016539867
193.0,200.48248148218283
192.0,206.76612575252292
185.0,194.6543261660905
175.0,194.73665851159205
162.0,192.70185727088955
156.0,183.59855311862125
151.0,177.4873055900104
147.0,168.87177498267133
146.0,155.60632300412135
147.0,141.4578720842139
146.0,128.44336350267412
145.0,127.0907367936232
144.0,125.06533386383762
144.0,123.21349043311237
146.0,126.41990163940606
146.0,129.94348996926877
143.0,131.41951361113647
141.0,128.1793209600854
141.0,128.72489552389482
137.0,132.26358473652215
137.0,139.6832321468384
139.0,141.9702030669189
140.0,135.10593686591028
147.0,133.9682035479291
147.0,134.59892126473036
147.0,130.48925665075197
148.0,131.73780798657145
149.0,135.89568387122725
150.0,147.9265556426337
150.0,162.43347340227433
152.0,156.73420448321255
152.0,152.4618337201335
150.0,149.95750816753005
148.0,150.8260312171089
146.0,157.5755776579077
148.0,156.59816903862284
144.0,155.05469719604554
133.0,152.77621678658716
125.0,153.60250177005403
120.0,146.14642919977345
125.0,145.037774068348
127.0,146.22555335821693
131.0,144.66981847923327
135.0,127.99328371360984
138.0,116.65065060305314
144.0,110.72370441065418
148.0,120.97433366580802
152.0,130.1238670571788
156.0,133.66917091307718
159.0,144.6580762867752
161.0,145.11978246797938
163.0,155.89958896757426
164.0,154.7983621776823
165.0,159.43239370110666
165.0,163.76950159009925
166.0,167.9155231654041
167.0,166.6740404913932
166.0,169.79586942151087
167.0,170.2688544237736
168.0,170.75959017557375
169.0,170.81553721626798
171.0,172.21783100485828
173.0,172.62525797581534
174.0,171.16472057848003
175.0,172.06730892225056
175.0,174.2729771744493
175.0,175.3418346568541
177.0,178.3957916772856
178.0,180.85323679841008
179.0,181.4369180777093
180.0,182.27163147742908
181.0,180.3700963837587
182.0,179.68990387721303
185.0,180.22955490494724
187.0,182.86509280156758
188.0,183.2039659489867
189.0,183.5812724645524
192.0,184.01877401757716
194.0,185.54997265759908
195.0,190.90387967181417
198.0,191.85666144165043
203.0,193.2722962333046
208.0,192.23254123461052
212.0,197.76013934878836
215.0,200.74972598682206
219.0,202.2163219215361
223.0,205.69186314560085
227.0,209.51673717277114
231.0,217.0248136839641
233.0,220.0880575583753
234.0,221.57141561656553
235.0,226.8506831479094
235.0,229.4554539412266
235.0,233.44644239508727
235.0,237.52881080507674
236.0,237.14011134586863
236.0,234.47989533851313
240.0,238.48851976578584
244.0,238.62033870622028
245.0,238.54259605922064
246.0,237.91545962687746
247.0,237.77834038420622
248.0,237.7804713976104
249.0,243.09214903430646
250.0,250.30891838316555
250.0,251.56953218724738
251.0,251.49908782431436
251.0,252.23707073508155
251.0,252.603540583156
250.0,255.56756740034828
250.0,255.90391383149702
251.0,255.4275735673445
251.0,255.84945209506765
249.0,255.43219095166475
248.0,254.57766024851298
248.0,255.141930709737
248.0,254.92087045242903
247.0,255.73668198682424
243.0,255.55435690154923
239.0,253.21324423940254
237.0,250.19483139677908
237.0,250.0396646984691
237.0,250.43391841411287
236.0,249.52360457804366
235.0,242.97543240772146
234.0,234.78526556697213
233.0,233.81528645079945
237.0,234.6260710108121
196.0,158.14928833949958
190.0,158.14928833949958
186.0,157.92238541576643
177.0,157.92238541576643
177.0,157.92238541576643
173.0,157.92238541576643
170.0,199.38257612022846
169.0,188.2559143126269
169.0,182.42619176464154
164.0,173.55203920454278
167.0,174.39308071315205
173.0,169.6508817886218
172.0,162.3767364816659
171.0,162.60000768372342
170.0,163.9884898421393
171.0,152.5701531369041
171.0,158.12369849052558
173.0,177.34455105045788
168.0,174.36406951755814
165.0,172.93745629310297
169.0,171.11173776790258
172.0,175.22547648409426
173.0,175.40303326560579
178.0,177.37505128102416
175.0,164.20022672094905
174.0,159.9818226257405
172.0,178.49192881038474
175.0,185.9807894731682
176.0,189.86891987788758
177.0,199.60637432291753
182.0,191.7710369056894
189.0,189.5581710912688
188.0,185.37042345647873
198.0,191.24725052354464
210.0,192.3663891112944
215.0,188.16491994675093
210.0,202.1518628432434
213.0,207.87518952736673
217.0,189.58834806045166
219.0,207.65245505701063
217.0,223.18153275417652
213.0,224.12512546012616
210.0,209.36361654956178
210.0,212.19290582376695
211.0,216.6435018249884
211.0,220.63093498350077
213.0,217.40966577161865
210.0,198.1367633568086
203.0,200.88757983760814
193.0,193.82707282878718
188.0,197.48007334544684
187.0,197.6913464197338
196.0,199.37437212162166
191.0,195.3060771278987
190.0,182.42891267348773
187.0,170.1778207585357
185.0,168.839228480026
186.0,169.02886537279247
186.0,185.87310596002214
187.0,176.52117163101104
192.0,176.2807254194484
194.0,169.05106149707206
194.0,173.43625596975986
189.0,179.01293192014313
183.0,183.29846078286872
181.0,184.26136985028867
182.0,192.44549332219157
176.0,195.91315558060185
171.0,195.0672573173041
169.0,187.05901460206792
167.0,179.01952532054267
167.0,177.57239866527067
165.0,179.31158519295494
163.0,170.67760859960492
164.0,165.66167299454193
164.0,160.22100755928201
167.0,156.00991412027494
165.0,156.6586195910269
162.0,154.58451020062742
157.0,156.56420835197835
151.0,159.83518710021696
155.0,160.1375946906051
156.0,168.80917768421332
156.0,160.78013378908773
156.0,158.78286994010801
156.0,151.86669457881806
156.0,145.41371260938604
155.0,150.51194031435082
153.0,152.74724138883656
147.0,151.8131605402451
140.0,151.89110268858298
137.0,158.15877121839503
131.0,158.94312907471775
128.0,157.37694602850806
126.0,149.85760819998617
126.0,144.1937915932868
124.0,137.32818163872457
117.0,134.39597821541784
106.0,123.9741687405303
108.0,122.28671668827263
112.0,121.61138740043808
107.0,122.74258438095498
107.0,117.78018433313039
104.0,109.84281543415527
100.0,99.56833349117207
102.0,102.86115153499972
107.0,110.77914348792957
117.0,127.6383783008195
130.0,128.14674164332544
144.0,126.60506239195307
161.0,112.84627711737478
191.0,114.1823031962143
186.0,129.56841133581622
191.0,149.2537438707051
185.0,173.5560435154323
177.0,171.3493428103642
174.0,187.10963847277932
177.0,203.94621785298907
181.0,195.85027112440181
185.0,194.86166231499854
191.0,175.54231093128243
200.0,161.49756411026905
210.0,163.8991868489441
220.0,173.76288256887352
228.0,183.18581214518423
233.0,190.8554295677633
240.0,203.36657046321045
241.0,214.32799627470095
242.0,224.60638015507953
244.0,236.72751535026194
244.0,247.00915221329225
244.0,244.73052107275802
245.0,252.35895513252646
248.0,253.51841069020287
252.0,246.55514835066649
261.0,240.43449025648988
253.0,241.24795800383706
251.0,246.33663039687295
250.0,241.43291524558293
246.0,247.04310601053126
244.0,251.19406551876216
246.0,260.2780037406935
246.0,251.31667004248558
243.0,248.24810159788652
240.0,247.4649544486444
235.0,236.60670079564366
237.0,234.16814794078473
235.0,234.77187197866488
229.0,230.22439213284787
237.0,225.62373105806589
244.0,217.09470057138412
239.0,212.8459882557208
237.0,220.5390793517102
233.0,216.51117498087334
226.0,207.5437054530283
223.0,223.47849288667052
219.0,231.14705695996392
215.0,222.0784396889627
211.0,220.5868840730014
206.0,211.677832998976
202.0,203.61818052370634
196.0,201.9557685553599
190.0,200.11856706189795
185.0,192.17521534320517
181.0,189.56492450442104
177.0,188.81565923635705
172.0,182.20160888930403
167.0,173.7870659481776
164.0,170.56895050743887
161.0,165.00929516374563
158.0,157.86489836354502
151.0,154.10424469003675
145.0,146.39902116020374
140.0,143.33807149711868
140.0,141.9176014501495
141.0,141.91420494607124
135.0,135.54096567373938
128.0,130.75106253462377
124.0,123.35452648338035
122.0,118.51881235708213
117.0,121.309768401875
112.0,130.82961471246995
108.0,124.08089401527471
104.0,114.58590591894526
98.0,110.22414056000841
95.0,109.27211777194523
94.0,106.68788804591404
93.0,100.17125905084984
93.0,97.6312935673701
93.0,92.79614087255669
93.0,89.20245037100376
91.0,86.57968483352107
92.0,86.91707611389866
92.0,87.03005478153538
92.0,87.43883410224517
92.0,87.94820714525727
93.0,88.68109002911389
98.0,86.76441550228151
101.0,89.62568613918532
102.0,91.05903449862892
102.0,91.9588009895167
103.0,92.74870116068092
103.0,95.60526221245664
104.0,104.68338438717322
101.0,105.56871790950386
99.0,105.11641870844844
101.0,105.62961167475353
104.0,108.93450468604907
112.0,108.48214442975633
118.0,109.58348345159825
120.0,103.06640859467365
123.0,98.80823405682622
125.0,103.68118113276198
128.0,109.73781456760162
130.0,121.31239497531658
131.0,129.09777207034384
130.0,127.64608376996532
130.0,129.57650738771636
131.0,129.94315207711497
125.0,137.72031482609154
119.0,136.55333601455297
119.0,136.44150684123377
118.0,133.78596821655168
120.0,133.7721378872184
126.0,135.4262359068436
127.0,122.87693651759044
128.0,117.67731996141825
128.0,117.34920154909673
127.0,115.98113370793078
128.0,119.61008809134086
127.0,129.79811230098352
127.0,134.31130084150388
128.0,134.45232903226494
127.0,133.99040320394332
126.0,131.09374750690603
127.0,134.2066655541194
129.0,129.86660554513026
136.0,129.54889732754557
149.0,130.70781257608806
146.0,129.06812447225605
144.0,127.4016556123737
142.0,129.3743816803657
142.0,135.25114550439076
152.0,145.54976430445882
156.0,161.14490864020743
160.0,154.40626471732065
169.0,147.71281155403176
180.0,146.89276975613345
195.0,147.65423633891172
204.0,166.04613268153653
210.0,166.14178604441142
214.0,170.02845995402976
214.0,183.1379187521973
217.0,191.76083905561572
219.0,215.0451785465115
215.0,219.63095097735984
214.0,226.54578644717637
214.0,224.15037686722857
214.0,217.02722090852518
215.0,220.39359821751128
213.0,220.88439553070882
213.0,214.23479591680723
196.0,213.99616902521265
204.0,214.89332966612122
211.0,215.14306604625693
214.0,212.12759962731025
221.0,204.66914040714173
228.0,204.2247593764238
236.0,176.55069117837363
247.0,183.5493150676961
257.0,203.953133915145
261.0,210.28501941704417
258.0,218.45149481316363
257.0,225.2289621659741
261.0,230.8003062745578
267.0,242.6530072269877
273.0,249.7035338791119
280.0,251.8647489595003
284.0,253.125092294535
286.0,247.39220517161618
288.0,254.17952882978216
292.0,262.59074535664166
296.0,272.4986567471658
299.0,277.4744573891468
293.0,281.743873641788
290.0,280.3809174153237
292.0,280.6660287279919
295.0,280.50440821902583
297.0,286.05599759720894
296.0,289.1091904348586
295.0,285.8685821377276
294.0,281.8842202668894
292.0,280.87299987625477
289.0,286.40114185116636
286.0,285.7653908621376
281.0,276.6397386194273
276.0,283.37869569302217
263.0,280.0333057131085
242.0,271.8146129530567
232.0,260.34295001826234
239.0,255.64736723658575
239.0,253.19787640123124
232.0,240.6344987125823
225.0,225.04723682181609
222.0,196.32107996187176
227.0,175.99758598227436
229.0,194.36170637699553
228.0,199.00982745084764
225.0,195.71149908818222
218.0,194.054860771987
209.0,194.31244325100656
206.0,198.18707680408917
209.0,203.26419756268245
211.0,206.13382336260625
215.0,203.82329480995972
220.0,196.62494032485398
223.0,184.00193115927462
221.0,186.72848602895928
218.0,190.67967027528476
212.0,198.67212828809824
206.0,201.80780391286126
200.0,214.59580916950026
190.0,216.58035446946624
186.0,214.69081763255963
181.0,213.05077623675567
179.0,205.06455010382996
176.0,193.48802202497825
164.0,192.19070786350088
143.0,186.17805495757344
180.0,181.3909090425299
184.0,172.74894940825192
189.0,172.05012097090042
190.0,169.75603276624116
191.0,140.26030629923503
191.0,126.0705541314677
192.0,199.63498941847547
199.0,203.98783251741202
211.0,201.50190166442226
224.0,200.76416457779976
238.0,200.87991389407753
268.0,197.11934446616334
279.0,194.41238142188377
291.0,207.97254130829356
285.0,221.10467455827248
294.0,225.5989940214477
301.0,236.1253236392973
308.0,268.9819692431419
308.0,278.4631435521733
305.0,289.11757448243185
294.0,280.63798609753445
291.0,287.77704771000833
303.0,288.2687612655455
316.0,304.4398271622729
325.0,296.43708479024093
329.0,289.36309897137517
330.0,267.053010779768
328.0,255.62815239512105
327.0,287.41270700995494
325.0,314.5854770518349
322.0,317.006231414807
319.0,313.97139668181575
311.0,307.59416217082594
303.0,306.3518351918512
302.0,307.44701114718083
298.0,310.85194364286
296.0,300.3968095058909
295.0,293.28883842033304
292.0,285.06653669110494
288.0,279.24886690358034
281.0,273.99810539787296
271.0,275.24550947127267
261.0,273.92133514557884
256.0,274.3542211739718
246.0,263.5062878824453
243.0,260.11494529148865
240.0,253.29845321050868
230.0,233.26764910718848
230.0,219.85858638051945
225.0,218.82329566370103
221.0,198.47508099340857
210.0,199.21734763078356
207.0,199.27688056632437
209.0,189.60332686419252
212.0,200.32990556267055
214.0,200.2494879859171
211.0,193.72687533726847
207.0,185.00065282893513
204.0,185.3630449413172
202.0,190.986566411652
200.0,197.70491858176533
199.0,197.66238499020017
195.0,194.36997777430534
193.0,188.4477343397489
193.0,186.43956629967022
197.0,186.57975924402984
195.0,189.8850977834031
189.0,190.64127451868708
187.0,188.99044707739154
189.0,189.81863564172568
187.0,188.43974208236517
186.0,191.6539716076674
185.0,192.03637530469678
187.0,180.57149505986462
189.0,180.81496019024553
186.0,186.1500499145977
179.0,183.656537538446
172.0,183.09285181291273
173.0,182.85591869095362
175.0,185.60330857807213
176.0,189.68734915267584
177.0,183.8320344701215
174.0,175.50394009577684
173.0,164.77335439188025
184.0,169.39243278859487
183.0,176.8775491651357
180.0,178.46764996847787
175.0,177.72848711506936
167.0,173.35659095749207
161.0,171.7685329985721
162.0,195.9655056156039
169.0,194.96837150343066
166.0,181.1308280457763
161.0,175.14768162882322
155.0,161.26290903830196
147.0,154.6873917801696
144.0,159.51313952130764
142.0,169.60849142820723
139.0,163.14704969611265
137.0,153.57600517144755
144.0,146.23538607124328
139.0,142.4137389838594
142.0,142.27515573974333
150.0,161.98277256753832
158.0,148.19471167260264
162.0,147.85007226810794
166.0,159.00084208639925
172.0,143.73590406379768
178.0,151.46961371920898
182.0,166.61500017658614
192.0,172.8597161816883
191.0,171.9393502313651
179.0,168.0790755602814
174.0,174.6610879451998
167.0,180.01378473402676
158.0,182.28045359147887
150.0,198.39287646998716
144.0,187.47966277286685
134.0,156.4716060154751
124.0,155.7142775453914
115.0,143.76384198851343
115.0,137.39735085179214
105.0,133.2371427156622
107.0,124.56009177827299
118.0,112.65803743525032
124.0,102.95277330042221
128.0,98.6184995156188
133.0,102.72449285351784
138.0,93.85558106648952
144.0,104.17118294169794
148.0,130.26110330211276
151.0,136.86009653856655
154.0,144.68146769306324
155.0,144.2485024013594
142.0,147.88774771802156
139.0,159.03299851740547
146.0,158.24116589209802
149.0,159.74209962417422
151.0,159.74203702164223
151.0,153.8406831190412
150.0,131.68914986632373
150.0,126.44363106423815
151.0,143.12851713752272
153.0,146.9319592671434
154.0,147.87164304533533
153.0,144.18465422872288
157.0,141.38834927359656
163.0,145.0165298883547
160.0,147.13814046895465
156.0,152.17161604291468
157.0,155.02154886346455
167.0,153.91273216657552
174.0,168.43704976066695
187.0,176.09513946901063
198.0,168.96813832757744
199.0,163.8228599163419
201.0,164.63969580418714
202.0,177.8039672244799
203.0,187.4276736119944
204.0,200.29993363633733
206.0,215.04951670690306
207.0,213.67696759718305
210.0,212.28967134503472
212.0,210.117316895948
215.0,209.86600738324472
217.0,209.26651720905647
210.0,212.4591512220455
206.0,213.43444222455895
211.0,218.1513530350518
208.0,217.90293012763328
207.0,220.4927508999584
207.0,224.22798528184103
208.0,212.09728892146234
211.0,208.29083838253325
216.0,215.8701629051381
216.0,206.3780250687928
216.0,205.24967954954647
213.0,205.05628138339404
214.0,206.43773541754427
218.0,215.1101911226515
219.0,221.46213763216994
219.0,221.5820271769129
219.0,221.5565106152093
220.0,215.7892186609728
222.0,215.98818982372194
223.0,223.22939885138356
221.0,222.2363336171359
219.0,221.71940273808627
218.0,220.93172538855404
219.0,220.44542136078272
219.0,221.80433554122754
219.0,221.65069685958093
218.0,219.31509816177743
218.0,217.1817278965162
218.0,217.91661554243638
218.0,218.6627345300551
222.0,216.90486787450084
242.0,216.97775936866418
252.0,216.6737427926556
243.0,218.79507044795722
238.0,219.00345392108875
234.0,218.9679584916507
232.0,222.23752522760594
230.0,242.69498007499655
227.0,257.70889786879184
224.0,239.85419612871524
226.0,231.46313965248598
228.0,227.65756159962527
228.0,227.03683541841892
229.0,223.73579678181616
233.0,219.83808658767825
234.0,217.1770356735356
229.0,218.35779230854777
226.0,216.77061789646365
224.0,218.85825077957878
223.0,225.12198697606522
221.0,228.98692603849014
219.0,229.05178839643625
218.0,224.6522511928386
218.0,220.21808853767314
215.0,217.48916285873543
207.0,216.2998641017854
204.0,216.0553829089467
202.0,215.64671075200567
202.0,215.83673086714944
196.0,215.83206429465844
191.0,211.3808212626568
188.0,200.14868569960515
187.0,198.3745526958425
185.0,197.55424337724668
201.0,197.30414733333893
203.0,192.3461864434873
200.0,186.0191624723624
200.0,186.02405184529434
200.0,183.87466726618834
199.0,182.86246437168631
197.0,204.89016290348653
195.0,203.625301296832
198.0,200.7127397568178
198.0,200.18485049661263
196.0,200.63490878901248
191.0,198.36494082874785
181.0,192.37814477825003
183.0,192.4106134181343
179.0,196.3160416560241
186.0,196.71612603348157
191.0,193.66578059890622
188.0,190.1768485481217
196.0,175.54139762729997
205.0,187.32032842120952
205.0,185.0362507466337
211.0,197.64811157104666
221.0,202.00402773758586
224.0,192.8788227227771
221.0,204.25421968590345
213.0,212.63302308784702
206.0,206.89677099262062
201.0,213.0746309567224
193.0,221.82837483935162
183.0,218.9543862621159
174.0,211.3719767776107
168.0,198.53422630566834
163.0,191.2424085530426
155.0,178.81169125519412
142.0,175.8649758987758
136.0,166.77586905668957
132.0,156.68889046602135
132.0,144.4626887407675
130.0,139.66226344348033
130.0,130.4315399434314
139.0,124.52520594213503
146.0,127.69978598091579
152.0,128.61627584671135
156.0,134.0856867405128
169.0,134.4660717747529
175.0,135.84317932562396
178.0,153.90541596873558
183.0,175.40710427138217
186.0,173.1931688724353
180.0,167.4661644232701
165.0,184.14882896112596
152.0,191.90850232386987
140.0,185.63022767870132
129.0,187.28805533211653
119.0,186.20708064593907
115.0,161.3223703959575
110.0,134.48189880802414
96.0,125.35153863079468
99.0,121.61046767305346
108.0,111.3118388424519
113.0,101.76530862864766
110.0,101.7753848916792
107.0,100.5261087267259
111.0,89.63750587828318
117.0,90.3724845901219
119.0,121.37910187796503
114.0,122.82161399383197
109.0,107.01541186417826
107.0,99.21955645596742
108.0,112.68519864745191
111.0,123.36285498288541
117.0,120.68857891556829
129.0,111.94021460635095
130.0,106.05252853013846
139.0,105.36525735592575
139.0,105.80648781450874
139.0,107.08353552967002
134.0,113.85768530551258
128.0,142.69861681972478
128.0,139.9222304439598
136.0,146.4186242460072
134.0,141.97507326802736
132.0,141.14767974069932
128.0,136.2128195469129
120.0,126.44554240176294
117.0,124.92388029896001
116.0,143.24273357154416
118.0,138.22895294880485
121.0,132.03882744407517
123.0,128.03552599855823
120.0,115.79203830903398
120.0,112.2276603144844
131.0,113.0420207358957
145.0,116.8289003627881
151.0,121.70895631919187
151.0,121.8812904414671
153.0,119.60636230587188
146.0,121.98182210838921
144.0,141.8677381442522
143.0,157.76406674708764
139.0,163.67283934098592
144.0,156.63464259251396
142.0,158.7512376970257
141.0,148.91497762418123
149.0,146.20907039870775
158.0,144.8293141352279
163.0,138.11293843334803
164.0,149.29907855585063
159.0,145.8907677220143
155.0,151.47232814964423
160.0,167.8800668392446
159.0,180.90891890269538
157.0,183.70401427400506
154.0,179.5531907499884
146.0,168.0135111638928
142.0,163.44274167048712
142.0,168.15833547855115
137.0,161.47333045897307
119.0,148.72557273222228
126.0,143.61826642400624
119.0,137.26542349387103
113.0,130.61060636056848
116.0,131.95781025865432
117.0,128.76701366347226
120.0,103.52701927079936
116.0,116.70433526817921
113.0,107.68294836652655
112.0,100.59328835811147
113.0,109.09574135342059
111.0,112.08855743220718
113.0,120.102340947406
114.0,109.514623313367
118.0,106.18394796546545
125.0,114.82943505685897
116.0,111.23575301766186
112.0,109.99987183073952
111.0,113.34852117412443
114.0,116.6360206914974
126.0,126.1081062419222
140.0,144.1623601512936
148.0,126.07404300167236
151.0,117.35936147708732
154.0,114.16813560426928
155.0,123.28845390759736
163.0,153.31060202072274
165.0,169.5974615283183
176.0,167.19080332408666
185.0,161.42323406665204
185.0,159.24075449256586
179.0,155.51249984700777
173.0,173.14882939807913
166.0,171.940246712982
168.0,196.54149903698942
169.0,205.01738244687652
169.0,196.51241226060327
170.0,171.853833243846
171.0,163.6602579522187
168.0,158.73853193093444
170.0,156.21219913115402
174.0,160.19796040388084
173.0,160.6264933852797
177.0,163.06596754760076
182.0,169.51989846564615
191.0,159.76180503784883
203.0,162.67228271425515
215.0,173.4975395500914
223.0,170.0820506925719
230.0,175.77185977191627
238.0,190.02907278244209
243.0,205.72607274668587
250.0,215.2201788934623
254.0,227.56633171192752
263.0,231.89451085578764
280.0,238.206814681489
288.0,247.5037544845757
301.0,249.54840628642947
178.0,133.99278875712898
184.0,149.9450863850189
191.0,160.55182416895994
195.0,172.74889753136068
199.0,176.7315420903407
203.0,179.18073272488735
204.0,185.73917060504544
205.0,198.17725668240163
209.0,205.53131445359708
214.0,211.95669678875382
219.0,213.90719440865917
223.0,213.50513311538526
222.0,211.056682427467
220.0,213.03424573629607
221.0,216.8852218938481
222.0,223.51228584283393
226.0,230.520102920047
229.0,231.02783204569653
232.0,227.05014802421928
234.0,222.73874687385123
235.0,222.50048612377844
237.0,224.96298109749463
239.0,233.81354772375107
241.0,237.5985193643572
244.0,237.95304542409238
249.0,238.04244852584057
253.0,239.98872869746964
255.0,243.15140698186687
260.0,243.06702772561457
262.0,245.53594649081992
269.0,249.42474104918088
280.0,255.89601104125447
284.0,257.70313087472414
287.0,257.62815458796234
290.0,262.0048041487128
291.0,263.03673704309784
286.0,269.7260580684456
281.0,281.89599186832913
279.0,285.53320904279957
283.0,284.71939762442514
282.0,283.9649896071986
281.0,282.4812310624042
283.0,278.95801731734144
287.0,272.66148543034717
291.0,269.0583904093203
288.0,271.88016372559434
284.0,270.9838358557877
283.0,272.0659811194281
286.0,272.8932280117308
292.0,283.0928989272455
290.0,287.6132678275942
286.0,285.57319987394993
286.0,280.9057056133647
289.0,280.27708002312045
295.0,280.9820970689496
306.0,284.00332194768225
312.0,282.4201727444817
314.0,275.45129915981425
313.0,281.2156223772644
309.0,282.3745898736346
305.0,288.1409036074142
305.0,297.2271829676486
306.0,304.2733381782242
309.0,304.52260563664396
310.0,303.9553388438958
310.0,300.8941318782509
309.0,298.40437816615696
308.0,298.3337195739537
305.0,296.57601688357784
304.0,300.676964739532
299.0,300.4707009992117
288.0,302.34156043044413
294.0,304.5891706335499
296.0,304.4316943170332
304.82599657413016,298.3043613404649
320.5091509600023,297.310409184754
336.9377298658732,289.1713569228058
348.0,275.26765861334354
351.0,284.85391523182625
354.0,285.04158782372724
358.0,296.5303532157123
364.0,310.02700243213
368.0,317.0577387087154
368.0,315.80164804729134
368.0,315.13953852414454
368.0,313.3995809761818
366.0,317.44672946729577
370.0,342.7604588434277
377.0,345.87313326392234
383.0,346.4345174053219
384.0,357.0997605277112
386.0,353.62935623395475
388.0,346.30908761945875
385.0,352.9821314612699
382.0,354.0796056257706
380.0,356.07723935649284
377.0,355.13814811864745
374.0,376.7173986848034
369.0,377.08943967507395
366.0,374.1723568039269
365.0,354.05746913841284
365.0,349.92670776362866
363.0,349.0724764417871
358.0,341.67106020890463
355.0,337.0855898206106
353.0,325.37096649642734
336.0,322.01037858812623
333.0,320.8697090914447
341.0,320.08248421097284
345.0,312.5929231906299
346.0,313.0693211988337
345.0,305.8295584548671
343.0,298.3757445793433
340.0,291.80387914959886
338.0,300.60867449169865
335.0,304.3353608447065
332.0,308.71031416772576
329.0,306.73902551203764
323.0,310.7697282278722
320.0,310.9345941642114
315.0,308.2946495165941
310.0,313.81885371064345
305.0,309.7849631080095
302.0,298.99871382641277
297.0,296.2506302066844
292.0,291.9668431519264
288.0,289.91506438716647
281.0,284.06969675272944
275.0,284.27782919264195
274.0,278.967901574963
270.0,276.5684651305028
266.0,263.3404211066858
261.0,260.47191219152614
258.0,253.73178585593635
257.0,243.7297888821657
255.0,240.2710693998555
254.0,238.76994057247322
253.0,239.31748719196275
251.0,228.1975270008341
249.0,228.44803127207976
249.0,226.54158605003676
249.0,229.40065376454274
250.0,229.8809356146273
253.0,243.72271140850165
252.0,245.12993197764968
256.0,242.7658138987496
261.0,245.30587704562865
267.0,245.65528927226072
269.0,248.12459828191302
275.0,252.43913029962243
282.0,247.73497483772408
283.0,248.32925548668166
285.0,251.66974986403278
288.0,265.97540030842123
289.0,268.2298702908041
294.0,276.02674054708643
305.0,284.1666166481353
308.0,283.99879850366773
308.0,283.50381140921866
308.0,286.1986916314004
308.0,279.39620081947174
308.0,280.646678496679
307.0,288.84082928728475
306.0,295.12306051812885
307.0,292.88745075852233
305.0,285.99429451417984
300.0,286.6707829396774
295.0,280.76279870191
293.0,277.82589685163964
291.0,274.47361749417917
288.0,277.77852190284176
286.0,278.95687694003504
284.0,270.6062177303709
282.0,265.05660944360545
280.0,265.43499963865384
272.0,259.068637415789
262.0,257.2027795161236
257.0,255.490195237034
256.0,254.13159399830485
257.0,259.89744078311605
252.0,257.4755027243949
248.0,249.32962301477326
247.0,235.97402054141426
247.0,230.40181338268883
241.0,231.37093590241344
235.0,233.67423211814386
231.0,231.239308792524
231.0,227.11426919653772
232.0,230.1687917829498
230.0,233.0887985291599
226.0,226.08952446199947
222.0,219.91552070073973
219.0,215.11756852266592
217.0,214.07238386147964
213.0,214.13150916379664
211.0,209.76357264658265
208.0,202.2260731995259
206.0,197.98027810619456
203.0,196.4375598329776
199.0,192.54467616487383
192.0,190.34138265658748
196.0,191.72389388089968
199.0,186.36098309139962
199.0,187.31225494326014
191.0,179.24007809931194
184.0,177.55323294827744
189.0,170.88476202976395
188.0,179.42739052395189
185.0,184.68734890997052
182.0,186.39957043616621
180.0,174.0107909831996
169.0,166.31646387583726
167.0,174.75330678147535
164.0,175.837184922764
161.0,176.55568379402928
156.0,175.0267035817169
154.0,170.30553503531073
152.0,148.77204911809397
148.0,148.5149578728291
143.0,147.79268197180807
140.0,145.91160263268992
137.0,138.80088973379495
127.0,137.31996330267904
122.0,135.8364246289759
120.0,129.89953792545506
117.0,126.29286764075873
115.0,128.21102567846415
116.0,129.21749071648497
118.0,115.00692320716587
120.0,109.75931071062537
124.0,107.74193251203481
130.0,105.03379618218307
133.0,104.20724539020354
136.0,107.47133233401694
145.0,108.54621462992148
153.0,122.96643902966531
160.0,141.91897791255042
175.0,146.8008874083644
189.0,140.29353435306973
202.0,135.27629586780162
212.0,147.49948086898436
218.0,156.83605898682475
219.0,157.30212391251214
215.0,176.3445945471252
210.0,182.4074336403951
200.0,198.26099281422768
188.0,209.5061378755139
184.0,216.01947392693677
180.0,211.5513084064011
174.0,196.34136021771775
168.0,186.34744349143972
163.0,171.0974686564808
158.0,158.9044097952349
154.0,161.13191262399826
153.0,154.2452645629392
153.0,146.7259190864091
151.0,141.30022080722264
149.0,136.42573474545603
146.0,133.10647919080787
143.0,131.54947790886428
140.0,136.71745866380678
140.0,139.35424459816514
141.0,139.3046663587968
140.0,136.89176888474842
140.0,137.0483912901537
141.0,137.0807639724596
141.0,134.7107235023526
140.0,135.57649114456964
137.0,139.05217408237797
135.0,137.34448234366806
132.0,138.1431518469355
128.0,140.54066811707025
126.0,142.84928745091827
124.0,138.59106519080115
123.0,134.22473897508138
123.0,133.76049421375643
122.0,127.91966200038374
121.0,124.32448843552328
123.0,123.27777387060459
125.0,118.95213729296793
128.0,119.8404543325199
130.0,121.35266376419924
130.0,120.23172710952845
130.0,119.25011933487635
131.0,120.85327255150676
131.0,125.63301751503742
131.0,134.7478964997652
131.0,136.66395631573678
132.0,134.13340615762579
132.0,133.78448309229057
132.0,135.20927678797716
132.0,134.9304826222311
132.0,134.7835331469792
132.0,132.55091228851325
133.0,135.01370978098714
134.0,134.84726734430518
135.0,132.68972893965665
136.0,132.43542897954634
138.0,132.50025759157037
140.0,132.48736122677317
142.0,135.25616246819624
144.0,138.22360062306706
146.0,139.73619335296547
148.0,140.98217694911853
150.0,143.9375764384005
151.0,146.5022592416912
151.0,149.76389806719567
152.0,151.89122998341566
154.0,154.38473867228075
156.0,154.24014755523814
158.0,158.98598879327912
159.0,158.44383745353485
161.0,157.07222576371584
163.0,156.89335377216725
165.0,158.81581297140502
166.0,162.47910852446972
167.0,165.02962455450384
168.0,165.89984448453578
169.0,167.49669617090535
170.0,170.80499813935307
171.0,173.67295441072528
172.0,173.89346144887574
173.0,174.03186253902024
174.0,176.22239746044818
174.0,177.44981176230192
175.0,177.85863808843885
176.0,179.92315287465502
177.0,179.79942100334367
179.0,180.36208703383096
181.0,181.14226171293137
181.0,180.75870019325743
183.0,181.6452065927565
184.0,181.29520271980581
185.0,180.55379073520095
186.0,184.2011451812161
187.0,185.2925827105773
188.0,184.16624590235298
188.0,189.28631687648468
189.0,191.08576464304815
191.0,191.03953470887586
192.0,191.28732579758082
193.0,192.0435952549415
194.0,193.4633581368573
194.0,192.21366713201638
195.0,192.2386241004022
195.0,196.9702429696318
196.0,196.49056046089834
196.0,198.74524667999586
197.0,199.1759958351072
197.0,198.64060579365832
198.0,199.25472377472374
199.0,198.58511285613153
201.1690507694376,199.02331835490477
201.8988673736737,201.44070170723342
202.9567745880161,202.5616893567484
213.0,203.47888427226542
218.0,203.71073465234298
224.0,203.75878453180857
224.0,200.2769558287298
221.0,208.7017618683302
220.0,212.2930213357946
218.0,223.5421436873106
221.0,225.82217897527443
226.0,229.02537998413356
228.0,226.08660250033293
229.0,216.24894324322054
230.0,212.0807086471612
228.0,230.84252064940426
228.0,235.36641332209413
231.0,244.38180192258156
234.0,240.69579736700314
243.0,242.31597947208115
259.0,240.34670857168175
267.0,239.42615952774062
272.0,239.56323508535004
275.0,244.10972503293854
280.0,246.07625162625166
282.0,246.10227560752452
283.0,257.597118073843
285.0,269.0268302348034
285.0,268.439367747642
289.0,271.28005068601584
292.0,272.94749881471034
288.0,272.00858694193596
283.0,269.7148181588143
287.0,270.63029364886467
284.0,269.1520919855052
275.0,268.2127038161826
272.0,269.7069302961021
272.0,270.0011808437992
272.0,264.3813753942717
268.0,270.91923501046125
267.0,265.93308179454334
263.0,247.1898441698128
256.0,241.84221712149886
253.0,243.52233637508473
251.0,245.27192381891456
244.0,242.8631382644489
238.0,244.52347540499093
233.0,240.6440913767376
232.0,231.33489628439423
232.0,228.60516401093605
233.0,233.42832578733652
235.0,224.8761653590277
236.0,216.6887712532245
235.0,208.04587910062412
232.0,209.49905311391325
219.0,209.61327484103896
224.0,209.50381697428668
225.0,214.7136305160789
223.0,217.68012805101168
219.0,218.89846133752738
214.0,216.89374079151054
209.0,196.0623945572565
207.0,201.8707273234085
205.0,206.84067733842744
204.0,205.13890973344843
202.0,202.63996440298988
200.0,195.06428213311239
200.0,186.6832924282154
192.0,187.522965106526
188.0,184.2583507469074
194.0,181.5069527789895
198.0,183.81431991579555
201.0,183.2614172018394
201.0,184.53585450907107
196.0,177.1220224829439
191.0,175.07710043083924
186.0,181.28914373095674
189.0,190.16198689932102
190.0,197.0501539145965
187.0,192.6571297869879
183.0,192.21148560112562
182.0,183.82165944983842
181.0,177.57299015730135
186.0,182.73731492544562
194.0,188.71101667332627
202.0,178.07989948590176
205.0,176.17820287868645
210.0,172.87818041297038
216.0,174.63996625565548
222.0,183.73325932083836
228.0,199.17168020724773
225.0,208.21256864746553
220.0,208.70715051671004
225.0,213.88502726890002
233.0,221.67747450674912
248.0,226.61526593389445
269.0,231.07183623669104
292.0,221.9357132640687
309.0,211.9054789572142
321.0,224.30039028503276
331.0,234.36073128232067
337.0,257.457546909065
341.0,280.9172336561147
342.0,292.3629865845414
344.0,312.40539749297227
346.0,322.74705187485085
347.0,329.9732543608299
344.0,339.76753835687015
336.0,343.07897320912457
340.0,338.4501894675697
344.0,338.07683210170126
344.0,345.2456849774798
345.0,343.4258913253601
343.0,339.90993816166093
342.0,333.3323909371681
338.0,332.75860520452517
335.0,337.78225919766106
334.0,337.8737497295544
332.0,337.6789394728929
332.0,332.40755317742344
329.0,332.6718355863361
328.0,326.9173464151938
331.0,325.99642444692455
327.0,324.7624416307841
320.0,321.45047100028427
310.0,310.0607897588286
303.0,307.62511319071893
301.0,305.53774271379905
294.0,300.84274138893295
292.0,296.6056214104277
296.0,291.07579479767594
298.0,279.5315963202115
292.0,266.0375265783371
288.0,249.33780602131228
283.0,248.9158442708303
280.0,247.20441397890676
275.0,250.94283254050322
270.0,256.0455160995596
270.0,252.03665634021976
268.0,249.61788592391895
267.0,248.10012149725935
262.0,246.45481824665862
260.0,242.3875852128851
261.0,237.62719079637054
261.0,238.79929452806815
256.0,240.9324348092726
255.0,241.2338526678309
252.0,239.76204377074515
252.0,240.5947203626223
257.0,243.44522065517702
252.0,245.8144232852912
249.0,243.5540456408847
245.0,244.59946729879644
238.0,235.05564220174406
235.0,235.30197082186243
235.0,238.6715680302068
237.0,234.8696944603146
233.0,233.45515799960106
228.0,245.7528854355111
220.0,236.00717525733492
211.0,233.3060756862148
207.0,233.80255538991565
203.0,245.16888009598492
200.0,229.3237753815602
199.0,216.17070426341795
197.0,206.3354692165486
197.0,187.806124592778
195.0,184.43939153946295
194.0,179.59435300736348
192.0,179.25732232962076
191.0,183.36860601726113
191.0,181.04544278346
189.0,182.9401533598334
187.0,180.76338074194678
184.0,179.06939022872834
178.0,177.56981447088202
174.0,177.93830376677468
166.0,182.42226720304342
165.0,178.70543673591308
169.0,178.7521780002581
176.0,175.8493492407373
179.0,162.0832777299926
180.0,159.58570592487396
182.0,145.50519087994735
184.0,145.80732800181997
181.0,158.01482770124338
176.0,176.2472251093599
177.0,182.70848672386657
181.0,179.84946265188012
184.0,184.7982740477548
187.0,190.99287625635424
190.0,182.28404744532534
194.0,171.97888308322288
198.0,173.35558625594078
201.0,180.36588766388985
201.0,193.9837809300208
206.0,192.94411826092193
210.0,196.85158968337794
209.0,200.41845952783987
210.0,205.72048082560775
210.0,208.93654622529237
218.0,208.91535928005703
229.0,213.46796984160449
236.0,218.60323103850493
241.0,212.9750391583121
243.0,216.09626559157667
242.0,212.45403582124388
242.0,226.3511710277823
243.0,234.82290217819528
245.0,241.4168809010096
247.0,243.6178183345938
252.0,245.0209461345387
254.0,240.36131846787578
255.0,239.41792260912706
259.0,239.1611172484711
262.0,242.37688695409514
263.0,245.4600484910286
264.0,255.53866552407843
266.0,257.1268202915302
266.0,258.4683274511593
265.0,261.9429135009328
266.0,264.904527371068
268.0,267.2354321787892
269.0,268.6008386321503
271.0,269.1675842503525
273.0,268.8689107763433
275.0,268.4701014367987
276.0,268.47750638307315
276.0,270.23728552980333
277.0,270.8788344742081
279.0,271.6301825443488
280.0,275.2252485215898
285.0,275.97352765588465
291.0,274.9171792939952
293.0,274.00667000721535
294.0,279.76644009131684
294.0,280.31153476274085
293.0,280.38145491779375
295.0,284.5660423915984
296.0,288.35565562597816
296.0,292.7746399920856
297.0,293.1329517288845
299.0,292.69472669137116
302.0,292.4980509994382
305.0,293.12238655049333
308.0,292.8074478495105
310.0,292.8568969002181
310.0,294.54826174886415
310.0,294.28280786680364
310.0,294.7943703510529
310.0,299.1857690085282
310.0,303.711285217263
311.0,303.81782890200424
311.0,304.18565913901807
311.0,304.71971225050936
311.0,304.9500785363004
311.0,306.62948266075216
311.0,306.6628967528966
311.0,304.67809404419774
312.0,304.6429251936491
314.0,304.60230447686143
315.0,304.7355844808692
314.0,304.72833656769575
314.0,304.2634227955506
313.0,304.24571561411057
312.0,306.22267674068047
312.0,308.2618487253035
313.0,307.93074773091394
312.0,307.7562382649536
312.0,307.8910482986876
311.0,307.86622853155075
313.0,305.01926646761615
314.0,302.2858173224041
314.0,301.13647805792954
314.0,301.3947820403933
313.0,301.9423575124663
312.0,298.7688473984044
312.0,303.0441822743148
310.0,306.022304844142
308.0,304.67454605303374
307.0,306.719633614124
306.0,305.40818388333344
305.0,304.8674569927214
303.0,306.84183249548204
300.0,301.51512272659977
299.0,300.42834781783915
299.0,296.672681499764
347.0,191.11336857673948
345.0,188.20112996150465
339.0,188.20112996150465
333.0,191.9331094290246
328.0,190.65729550902986
325.0,190.65729550902986
325.0,322.91616391313653
320.0,318.04722417035674
314.0,315.77417227451815
317.0,310.6983017144232
321.0,309.8569753150357
316.0,308.8606505669427
313.0,296.02479913228916
310.0,289.368299781412
303.0,289.91374781718184
299.0,284.60916784658554
295.0,288.3824920116223
291.0,284.4768792356233
289.0,285.5641391921149
286.0,284.83082088649576
286.0,280.9360049707666
282.0,274.6395138359174
277.0,271.89425523376525
273.0,262.6411064028569
284.0,256.08304000654687
285.0,252.48469568433433
278.0,252.27460392510147
286.0,249.71789877657213
286.0,244.410745821183
285.0,239.30198041793685
283.0,249.123712618731
278.0,260.418234984228
272.0,252.54985185685666
273.0,279.9324849909305
278.0,277.2692251277439
276.0,277.1323434378225
265.0,273.77628858772033
264.0,269.0807536098453
271.0,264.78493383978525
279.0,268.9660833714929
281.0,267.29173740903906
282.0,267.60446482276177
281.0,257.7833446946277
281.0,257.0884059891477
282.0,271.50899184931336
282.0,282.7604345553269
280.0,288.9284965206571
276.0,290.58930360780414
267.0,287.8953204564147
270.0,286.93152511876565
265.0,286.4785025786907
259.0,287.22574507025337
251.0,282.00622657718105
248.0,269.0853313905152
243.0,264.0226145646613
256.0,267.34369006319014
268.0,255.6096817480849
267.0,239.52247180528448
261.0,232.37350876178016
255.0,230.22849842077355
250.0,224.06832700833112
245.0,245.01398119161414
248.0,261.12338159172265
253.0,263.11286640898743
251.0,249.46694272671732
247.0,245.67661605077512
247.0,241.50145039803527
253.0,233.42456155359397
257.0,238.85442422518688
262.0,250.2965323521274
268.0,246.95616920777607
271.0,238.95444485454465
271.0,237.5305066135393
279.0,250.38348148381803
284.0,255.8253629747147
286.0,262.2094256455058
281.0,274.06420122692873
276.0,275.18108973602295
278.0,273.84829131443956
278.0,286.0222220650896
274.0,287.97096652950063
270.0,283.1144376964094
266.0,279.9162916046975
261.0,267.56217759851785
257.0,276.0912329372667
257.0,272.30437501705376
260.0,257.9648849666531
264.0,252.4709567927283
257.0,244.4405201461789
255.0,239.34034657092405
263.0,232.79244715942187
262.0,240.5969700675701
257.0,246.35823733762567
254.0,248.81666997862823
253.0,243.7619719558766
251.0,242.49588523725794
246.0,249.28110066090667
246.0,246.95747389183654
236.0,240.22787167395006
224.0,238.33639364665538
221.0,240.14379560294154
213.0,239.07823068561262
204.0,231.96966927410065
195.0,232.98652075307626
178.0,218.56535596162573
162.0,200.93523420312448
151.0,200.71789272082557
141.0,188.72767007351138
136.0,177.243579808051
144.0,171.71491460663088
137.0,151.5810057027867
132.0,124.91096811599013
126.0,125.32236330272686
125.0,106.80608881053169
126.0,105.27230525712339
123.0,124.41972863473553
118.0,114.47425557927448
117.0,112.09391493524474
121.0,107.95290683164156
126.0,108.3701054801798
142.0,113.7037836034872
155.0,109.77761494194179
159.0,118.85215259461364
160.0,119.83255138777663
164.0,127.76722715780917
170.0,142.1926703359655
168.0,165.00866834395183
169.0,170.62952372865223
172.0,162.8161605720238
177.0,153.25002996045257
192.0,148.4929168426763
203.0,153.31702915277234
212.0,150.33455974453005
218.0,151.87776456545848
225.0,158.1125872693583
225.0,171.404770192001
226.0,196.0358122726056
229.0,205.27329360410698
229.0,213.7740602847919
226.0,221.13340225364453
231.0,227.50956962446142
230.0,224.3831275416342
221.0,221.01718693227042
213.0,227.96724243181646
209.0,225.79773499664623
210.0,216.19122119173963
206.0,220.01118211129855
206.0,226.08059983470906
208.0,192.98773152985135
207.0,180.10201235384835
204.0,183.04651441148187
203.0,192.25470786174438
204.0,186.277721743954
205.0,186.59913822258895
208.0,193.5001296404951
218.0,191.8856542979722
226.0,185.41534510210298
226.0,186.25943895889992
230.0,190.9491092885679
230.0,202.42491947447803
223.0,207.0428357385577
224.0,222.5747794171073
225.0,227.33172177002228
225.0,226.14555231085268
226.0,228.00993215291686
227.0,227.67360520168978
226.0,218.12997259447772
223.0,220.5369328600717
221.0,223.82341181748006
218.0,224.3793800318102
217.0,218.27964769201262
216.0,219.11102084538777
216.0,223.30811038075836
216.0,218.18519099214032
218.0,215.6242455748562
215.0,215.19962109649373
215.0,213.05161482850414
218.0,213.15919025112044
222.0,213.48255314750213
229.0,213.46439057310107
234.0,217.77414995768126
230.0,214.83483608696457
225.0,214.69463105870827
224.0,220.36933458261709
223.0,223.33318575744835
223.0,229.02287298051087
223.0,231.10006685266504
223.0,226.60413131696922
222.0,222.49679297480415
222.0,221.25576383304426
221.0,220.13439622818294
222.0,216.97075922297782
222.0,216.7488652320526
221.0,216.12692103831913
222.0,216.03887649595575
221.0,216.52028784464142
217.0,216.37064411186435
215.0,219.43606640383055
214.0,219.60869160395384
214.0,216.8395564597707
222.0,220.10770970963128
227.0,218.4768317902685
224.0,213.56616168323748
225.0,213.75047432852364
228.0,213.54499853833426
229.0,213.8540441104905
232.0,222.21472413074613
237.0,225.70356508063776
240.0,221.61344579020542
243.0,224.03411447971789
246.0,225.6606589456382
249.0,227.66921271935357
253.0,229.8075668032081
258.0,236.2923076058824
258.0,237.20565611403188
258.0,240.44110400840722
261.0,240.87915971233278
262.0,249.25407113766133
263.0,253.77278892100327
261.0,258.0008445809548
262.0,258.9070266558541
257.0,258.85132485866006
247.0,261.5130004767833
244.0,263.7427258639878
244.0,265.70794715656444
246.0,261.70046948566056
247.0,263.6738617954686
249.0,257.81006395640594
253.0,239.9459988221175
258.0,236.0393989561312
255.0,240.0389470499168
254.0,240.04763752741815
256.0,242.14298137709292
255.0,246.5972209624858
254.0,250.80936223239436
256.0,255.1414705558311
261.0,253.6406656439697
262.0,252.10692064023516
260.0,254.1516797322066
259.0,254.3606290983548
259.0,251.50927405437608
261.0,253.28285082353418
275.0,258.6401005340225
284.0,260.6449416639355
284.0,257.38500666785
280.0,255.0056435887767
280.0,256.80033516860476
278.0,256.9870753067432
279.0,275.4266005754735
286.0,285.25638263648574
295.0,285.3439223616598
298.0,279.34751047537867
305.0,277.4445254090501
311.0,276.92538823819257
259.0,277.5357017401812
259.0,280.0206025595156
262.0,284.29983792414
258.0,286.03951710146475
259.0,287.99756134250407
258.0,289.1711969562273
256.0,230.85320215976608
254.0,230.50106501614485
252.0,237.32053928095343
255.0,243.88549919034554
264.0,256.56437644621775
272.0,255.29473772966108
277.0,250.3620780447811
283.0,250.07034051333005
288.0,248.53271916909193
294.0,262.8319053111009
298.0,280.5976449241685
288.0,288.56723369539355
285.0,296.79598123523465
282.0,299.4815325046123
275.0,303.45570537499566
271.0,311.00032200375153
270.0,305.78015685180975
271.0,296.4299182001131
262.0,292.40174072669794
254.0,282.63768483213585
249.0,266.5950527543842
251.0,263.10319924681374
248.0,262.2242705159716
235.0,266.9208694558456
226.0,251.80982410426964
217.0,240.95788294076505
214.0,234.6182408761028
206.0,236.5905794637274
199.0,224.98092932426823
194.0,209.4933015199112
187.0,200.83394326662932
180.0,184.92671205480409
177.0,189.75887273008144
179.0,187.0485542660303
183.0,178.70565629161752
183.0,172.96651861368716
183.0,166.31367113817447
182.0,152.7386674935044
180.0,152.2388410650484
180.0,153.04671150502432
181.0,165.83507283989243
181.0,164.2344198082162
180.0,166.78898594741366
178.0,170.39394421217594
176.0,168.12025243564452
175.0,171.30176507283875
174.0,171.70449267786765
172.0,173.02430189023235
172.0,172.79753182710832
170.0,170.8471618923025
168.0,169.3094966382654
170.0,169.00438485860064
170.0,168.4473515378082
167.0,164.71692558778506
168.0,165.8890249334157
173.0,163.32090864000398
174.0,162.79665836896905
166.0,165.89180612342346
164.0,165.9806330349592
164.0,159.9788611302957
164.0,163.1311857432411
163.0,175.0280250393564
163.0,187.2830866712707
164.0,174.76394209206902
172.0,172.3882163896497
189.0,177.7706120725532
202.0,175.8894193642164
210.0,169.46780786190715
219.0,162.54205301553492
229.0,163.12546241305415
225.0,192.2095060705537
231.0,209.2061464151261
238.0,219.62549207892485
241.0,226.29878686757775
246.0,233.9510195864503
248.0,242.4808695589279
248.0,234.21437861750428
249.0,237.22920088469556
248.0,256.02538315413693
248.0,258.05743505359493
248.0,261.6050638894501
250.0,256.90310973540625
248.0,253.7671898653199
248.0,255.51893027408175
244.0,249.0622176618019
241.0,247.92742288545182
240.0,248.01717299819433
241.0,245.7330501548432
245.0,239.48022857451906
248.0,239.9033631388907
243.0,236.91881949301026
241.0,231.22363389592977
242.0,228.10059723185378
240.0,231.77565835909903
239.0,240.57193384967223
242.0,247.21831639361636
247.0,234.490433975652
253.0,230.9250887691053
257.0,232.5947954885311
258.0,227.4090930826496
259.0,230.55339354460625
260.0,236.72980756517168
260.0,242.66031207232876
260.0,248.51090853006843
263.0,248.60054493367156
265.0,248.74372967981398
264.0,249.29546055041936
265.0,249.4667180451886
265.0,252.96854758411476
264.0,253.89320552770377
265.0,259.0037704533865
261.0,252.7632086180319
255.0,250.5865770907891
253.0,250.56923065772725
246.0,250.3390619627526
249.0,249.00009586599163
248.0,249.0204224303141
248.0,240.27368812059183
249.0,238.07850757651389
253.0,234.70400228296603
254.0,226.44990543251936
254.0,233.2178009927458
258.0,231.0919760591994
260.0,231.51285391405222
261.0,236.15453538599002
264.0,240.08689769444953
264.0,240.56637365793975
261.0,242.9822597899594
262.0,247.4067344812773
259.0,253.64088997923207
259.0,253.34942761327824
262.0,262.7364270055678
266.0,263.7117626650841
265.0,255.50778973885764
258.0,256.67130791530934
251.0,251.25097909922076
251.0,249.74477779616427
254.0,251.42054168715728
254.0,264.0344708225772
254.0,264.2226093109354
254.0,247.2975785618717
251.0,242.04245891374262
249.0,263.309260067046
246.0,264.95724427174656
243.0,266.8070063708442
239.0,267.11506383983516
237.0,266.8464416916333
234.0,267.715268548108
231.0,263.550498026808
228.0,255.83884157999756
230.0,250.75490162938962
226.0,247.68771849574708
222.0,248.6941505109511
219.0,230.33029861220336
217.0,222.00932698175785
217.0,218.3958597276021
217.0,222.50195713806465
219.0,217.51061858600244
220.0,210.87362651692533
221.0,208.52708153415674
223.0,202.10820568959363
225.0,202.83495942246324
226.0,204.40131873722808
227.0,211.55653069348057
227.0,214.46221086441076
229.0,216.64024472708903
231.0,219.97125504808415
235.0,224.44779368064977
240.0,226.01932366738092
241.0,225.8866670976579
244.0,226.15652644955463
246.0,229.75041139438625
247.0,230.41236536345656
247.0,232.99441378196983
249.0,233.77712530046801
249.0,236.1697711728914
249.0,237.480261027636
249.0,236.41063029247593
250.0,234.86125682926763
251.0,235.47215779766884
251.0,241.80319726514054
252.0,241.92121732711243
252.0,241.8677150922129
252.0,241.75836278719908
253.0,243.8228238997621
257.0,243.91540025716574
258.0,247.0326896463076
259.0,247.31840223512953
258.0,247.31845532526737
257.0,247.5549913501071
256.0,248.46727046128825
254.0,250.79175258258175
253.0,252.54669354271635
249.0,252.92843008799534
242.0,251.9002882807121
236.0,250.32007796957615
233.0,250.25464651344203
232.0,246.8938061419724
233.0,246.86087033186672
232.0,241.40694433174423
232.0,231.45769930650468
232.0,221.60588693269625
230.0,218.755133656426
235.0,218.7545224589395
244.0,219.67511818718796
247.0,219.36622968782672
249.0,219.4461655268869
251.0,219.53604192142174
251.0,221.2375853177848
252.0,232.59892805363648
252.0,241.66760481872828
252.0,243.92748532900566
253.0,248.4287785197423
254.0,251.34063349565923
255.0,251.2283936871028
258.0,251.44626996220825
259.0,252.51116632581048
259.0,252.4121281133254
260.0,254.473101288297
261.0,254.37336151432172
261.0,256.2162094675496
261.0,258.25454293076496
256.0,259.48247838943126
261.0,259.51313725580815
265.0,261.67183456829446
264.0,261.71741362278743
264.0,261.7869292523102
267.0,261.6605478316733
270.0,255.87521761527958
273.0,261.6971313969367
274.0,270.23775077552153
275.0,271.404640626096
274.0,271.3341191137782
274.0,271.76556434413874
274.0,272.721821221673
274.0,276.7521195991901
277.0,276.62826106264106
279.0,277.27100123837755
278.0,274.5966360911583
277.0,274.40029797505235
279.0,274.2748037169635
279.0,272.7253334035123
281.0,280.6824772350974
285.0,281.0050858331058
287.0,281.4556083590357
289.0,282.5256374076875
288.0,282.44661407589933
286.0,282.3855729240163
287.0,284.3764145374069
288.0,285.60092503521406
288.0,286.5178764491205
288.0,288.04550751926615
290.0,286.10438469921775
290.0,284.8916094341649
290.0,285.9186034904587
290.0,285.8201667513517
290.0,283.223601550392
291.0,283.29245269750595
290.0,287.1750051751336
290.0,287.6975049248986
292.0,287.61975981173214
294.0,287.96584396611314
293.0,288.06369938927344
292.0,288.15010878005734
295.0,285.4145947394532
298.0,285.4145947394532
301.0,288.10560747916304
302.0,292.3505940555013
297.0,292.61326107815194
296.0,285.3000586045792
294.0,292.25779758525675
292.0,289.98688591599364
290.0,289.6520722955929
287.0,289.6870377734468
285.0,286.8137390544911
284.0,282.44113432655547
286.0,280.3808517935852
283.0,273.39018132949946
277.0,271.2826261790899
273.0,268.4798710558801
270.0,268.166279187712
268.0,270.6437028617067
269.0,270.12876794028557
276.0,276.4797717737052
283.0,275.0444843862812
289.0,275.2286447208855
297.0,277.6156319617822
295.0,276.21596272786604
295.0,276.98846182017866
294.0,278.7697992740156
291.0,289.85403989146715
286.0,296.47586391174485
284.0,302.2071598655559
283.0,299.6406286216826
280.0,299.5161113213734
277.0,297.2006275274948
277.0,294.904399181558
280.0,277.8522654497603
276.0,277.2349416362249
274.0,279.42294468124277
276.0,277.75334333789505
277.0,279.1927037296345
278.0,279.063299190268
280.0,279.3526221644037
282.0,268.60432739942195
273.0,259.83938461247857
267.0,259.52867600697317
262.0,262.3652703095806
260.0,262.8422050569543
258.0,265.04808007689047
257.0,270.0266126675232
258.0,257.19351514928644
256.0,246.1649750364275
253.0,239.53236720712374
249.0,240.66575522483075
250.0,241.4935228553343
250.0,241.91537482805379
247.0,245.25745112809173
245.0,241.7592775177462
242.0,235.68876462298087
240.0,236.6410733125124
238.0,239.2808574835804
230.0,239.6752282378202
225.0,233.93739282792998
220.0,230.47205137502488
215.0,228.2985429433514
211.0,223.1077905816783
207.0,222.44005425623476
205.0,210.1354494768289
207.0,203.65165455143145
210.0,203.294510046779
212.0,192.0561081721247
214.0,190.25319219121712
217.0,184.43676731442972
219.0,181.4518275805709
218.0,188.5759843671773
213.0,197.29777560934647
210.0,199.6310072562966
209.0,207.57612487035203
211.0,211.79931791702487
211.0,214.39061230675725
214.0,214.3759672826888
214.0,208.79356402440732
215.0,200.8922292444027
219.0,196.2764585384755
222.0,204.08345263683645
224.0,204.48213877947677
226.0,207.48376945579687
229.0,209.65420561553094
227.0,211.47782735510174
229.0,217.09437265996203
232.0,219.2043291433691
233.0,219.57627846732365
235.0,222.015427047717
237.0,225.00242850491628
240.0,222.5359680719667
242.0,225.82747563071496
243.0,228.01777941452636
244.0,228.05968744357796
244.0,229.9260573169459
244.0,233.6860975115751
245.0,234.22416873439954
246.0,237.58953316416438
245.0,236.24100660479297
247.0,237.3227808052917
247.0,237.95918016005524
249.0,239.7570269910894
249.0,241.0156198472398
246.0,239.9523895232334
247.0,238.89336160498556
250.0,241.27322328617308
254.0,240.94524406112726
254.0,245.56845423539048
257.0,245.48693472887908
261.0,237.2332766321316
265.0,239.07901497984338
263.0,246.1493586019578
264.0,248.4789059878285
265.0,246.54159579237307
260.0,248.91817713663156
262.0,254.05527495361065
264.0,262.9630536721212
265.0,258.99359195851326
269.0,262.0980398012181
270.0,262.7728937069569
268.0,253.8746621018845
265.0,254.0674399661055
267.0,260.308601716415
270.0,263.9624947401854
272.0,266.8053711553277
273.0,266.7406464092118
272.0,266.3583033720481
271.0,264.33528024370145
271.0,266.3210643980607
270.0,267.2664518743762
269.0,266.8950347983259
269.0,271.1525972362759
268.0,264.91543768263847
267.0,263.03010816656234
266.0,258.3068816393286
265.0,256.6901784232797
264.0,250.00187913708095
264.0,249.2679119610425
265.0,244.95090818587462
265.0,245.66047266680243
264.0,245.15532796821287
262.0,246.8322900449663
261.0,246.42680795295541
261.0,246.63019485268651
246.0876554429942,246.0876166465967
241.61814699362927,247.69325003853996
228.0,233.34542103264343
228.0,231.17787810137295
226.0,238.05916932263048
226.0,244.2289737994356
226.0,246.65297901193114
226.0,247.68438226358535
226.0,210.2626631222539
227.0,207.8201394639936
228.0,213.84235501818162
228.0,213.71609878553912
225.0,216.49590978424663
225.0,216.94228545885213
223.0,210.48338812877793
220.0,218.83254883667868
221.0,221.89507443354367
223.0,222.9313815093479
223.0,219.83619119808398
223.0,219.71225397064325
222.0,210.1909004319264
222.0,209.19644048036156
221.0,209.4082322592412
219.0,210.42117250628775
218.0,210.95445310571864
217.0,210.64553840081237
215.0,215.72159026020262
215.0,216.1719577709213
216.0,229.7134172292126
220.0,227.5004436099926
222.0,229.08950615417223
228.0,225.99763497485117
237.0,226.25611712277234
252.0,219.5111341790733
268.0,210.41063706242417
280.0,218.76521245316326
292.0,219.11988072436375
302.0,226.57733545003802
313.0,236.79886516425358
322.0,252.68189040418767
329.0,268.6033586141707
329.0,283.06251190790965
330.0,290.6974185087091
329.0,294.98482997981284
326.0,302.9224494886621
322.0,312.9905797744576
320.0,316.0685674275467
316.0,315.71151847860654
310.0,315.6455761202655
307.0,313.74518671956656
305.0,311.4096569185556
299.0,299.2269588302087
292.0,282.4172881780096
285.0,288.2425008848946
280.0,278.9882367182854
273.0,274.0786096075007
265.0,273.0741924565912
258.0,257.6045879866088
253.0,244.87370872674265
248.0,243.02489855607965
244.0,234.6795580442711
239.0,229.05796261773946
233.0,221.02623396552593
227.0,217.00338855586634
222.0,221.15791314694027
217.0,214.58484615800245
213.0,210.92177149131317
207.0,207.19764689645407
202.0,202.55102131816437
199.0,200.35368516274414
196.0,201.18454298884868
195.0,197.59092305057086
192.0,195.5037576856258
188.0,188.62305119696893
184.0,182.52683996277042
181.0,182.74813134760842
178.0,180.63847947885822
176.0,183.41923655213333
174.0,175.53128046332833
172.0,171.65176569537522
170.0,168.6248058628969
170.0,168.17112199764094
169.0,170.84143864324633
167.0,169.4593141915322
165.0,166.87938351272632
162.0,163.3273308180715
159.0,159.62176945299672
157.0,158.88775182353342
153.0,161.30629390174596
148.0,157.80798393745536
146.0,156.0522364726321
146.0,152.73157327178546
146.0,151.7363058247071
146.0,148.4982378773021
148.0,144.92728601627996
149.0,136.78233455523417
150.0,139.3316100162285
152.0,144.88019459919641
153.0,147.6693560240738
154.0,148.0327984604157
156.0,148.3134971198855
158.0,152.9145938825689
159.0,160.24832791528385
159.0,160.7268498452725
160.0,159.80604327284178
163.0,159.9175613830005
165.0,164.27993076015647
167.0,168.16414565858915
170.0,167.56100154093986
172.0,167.74498441970607
174.0,169.49706875906958
177.0,172.3322197625794
179.0,172.8003113052721
182.0,173.2369212386034
184.0,177.19629354073268
186.0,179.52936995213864
188.0,182.09897432121727
190.0,183.76149668334025
193.0,187.04437690152528
195.0,190.22768937934572
197.0,192.5653610705762
199.0,192.36512128223433
200.0,194.18034043731146
200.0,197.4587424056129
200.0,201.64695262003292
200.0,204.35202910815084
200.0,204.64478896693942
201.0,206.94368755811468
203.0,207.83104309977878
205.0,206.9773418341663
206.0,206.49242345849188
208.0,205.75813286368935
208.0,205.59029324024002
207.0,205.3022704007162
207.0,205.52038468223878
208.0,207.80180733726323
208.0,210.15929857388727
209.0,211.24196478512164
211.0,210.67428257673475
211.0,209.23129494413175
212.0,209.24437221453846
212.0,209.90913708713936
211.0,209.62103401695157
211.0,209.91620316666587
211.0,214.11079010269322
210.0,213.8421147753049
211.0,214.27980270019057
212.0,214.02656963574927
209.0,213.21827000293052
208.0,213.35730638761368
210.0,212.51486537830016
211.0,209.99859659549747
212.0,212.23493007686625
212.0,212.54481194570704
210.0,206.9778484475636
208.0,206.43864326916795
208.0,211.15354809599594
212.0,212.06533617805192
217.0,212.26629205210187
218.0,211.9621839022299
217.0,209.57738740778336
216.0,207.39102391240556
216.0,206.66479522076446
215.0,213.34058949222975
215.0,218.2909846261209
216.0,219.92221225418407
217.0,217.76711832729939
217.0,217.11824686473824
216.0,217.14739696396424
215.0,214.85459741136845
215.0,213.34684759173334
214.26021518867333,217.36371028915607
213.4597302981096,217.34138962803334
212.6004710510694,216.39602901857444
211.8536529226455,213.2156281527498
211.3904913879308,213.07666247240152
212.0,212.06780162443783
213.0,210.52784380347165
213.0,210.86424401583506
213.0,209.25874874022244
215.0,209.50003450678597
215.0,212.93794459240195
216.0,211.9547030631817
218.0,213.52637728607556
224.0,213.08512588114777
242.0,213.32547453924013
260.0,219.52466511519697
278.0,228.81182767656267
293.0,236.2025438696505
300.0,243.6904063924309
310.0,249.5942941170309
316.0,262.87272521803715
321.0,271.08718271216065
329.0,297.09854410552504
335.0,303.5043371125243
336.0,306.63314581724063
332.0,309.7870353965456
327.0,311.799277745043
320.0,313.56741967194114
311.0,324.3608673959235
302.0,321.55740242305103
295.0,322.7326444039232
286.0,317.5647772700119
276.0,315.6336354348283
269.0,294.1662787814965
264.0,276.081822206347
262.0,263.58514212016706
258.0,259.3411506135508
252.0,256.78843002724284
250.0,244.67284387782863
248.0,217.69329135401165
244.0,210.85523199672673
241.0,209.73137796401753
235.0,209.12078270205984
228.0,205.92309923535697
218.0,208.6727711613853
209.0,208.93394269749504
200.0,206.414318716867
193.0,205.79931767462392
182.0,203.90253365610272
171.0,196.7177078133215
161.0,188.62037301898408
154.0,178.47932641457334
147.0,177.91620098739944
140.0,171.30693762896777
135.0,157.25469562633882
130.0,139.2721961709666
127.0,134.13143593403336
123.0,128.56884864990744
121.0,118.59107349754005
118.0,99.2950695813075
115.0,104.66451003601907
113.0,104.65229237608003
111.0,103.29735182576592
110.0,102.42593858612999
108.0,106.89778144875017
106.0,98.89574764941281
104.0,96.9309062674683
101.0,98.97637483470479
99.0,95.41052515451433
98.0,96.88507659072138
96.0,97.03888088089195
95.0,97.10193434641066
95.0,95.69763315824284
95.0,93.91738906922706
82.0,92.7272541642768
82.0,92.57300550940168
81.0,90.14329461742584
81.0,90.87289901549595
81.0,90.36891441447926
84.0,109.97713670720363
88.0,99.31106714293382
91.0,96.09987492675708
92.0,92.36705701772125
93.0,93.32139657229096
92.0,93.43301654444569
92.0,95.50299417890297
93.0,101.83443855539733
94.0,101.699092890541
94.0,104.43961366094068
94.0,107.59092164723737
93.0,102.63156275616413
90.0,92.61435151307437
89.0,95.0541735933909
86.0,95.2636140159562
84.0,95.35797965366667
83.0,92.47663042398436
80.0,91.79983061577144
79.0,88.82982561649793
78.0,88.34649601408098
77.0,85.87723839045539
75.0,84.51022297161902
74.0,84.34634349352629
74.0,80.47817511798718
75.0,79.20339196784934
80.0,77.78324144479085
85.0,77.42925739295084
91.0,77.6186822122798
96.0,77.79590342224301
96.0,77.70961471403744
97.0,78.7986405124177
96.0,88.43796219361083
91.0,99.5407515631558
89.0,108.13430804994333
90.0,117.41391111801792
90.0,111.97020024930518
91.0,107.69814839683241
90.0,101.23136359573878
91.0,97.88384675460276
92.0,92.79999245139918
91.0,93.23504979225754
90.0,94.41390375703288
88.0,94.53586367665898
85.0,93.70613792817643
84.0,95.24897538114803
85.0,98.83377870558164
84.0,95.58398634618761
84.0,95.15388325219453
85.0,90.48658758295761
86.0,86.72442712654684
85.0,85.97464529063483
83.0,87.35927012819535
82.0,85.96614727361104
82.0,95.83229173924833
82.0,95.70808045385382
83.0,89.48717688935616
86.0,85.56698943002978
90.0,83.68367770912012
94.0,82.66539009232675
98.0,82.54460936851198
101.0,82.5819029565479
103.0,82.9020881392851
105.0,86.30959814560491
107.0,91.92504436964656
105.0,98.06157234627256
102.0,98.35925133308368
100.0,101.59562448535297
95.0,103.4568461478514
88.0,106.02062433750734
83.0,107.51440328786688
83.0,104.4480950329869
83.0,96.23938501304639
84.0,93.90318945594647
84.0,86.63418575001853
83.0,82.1159620066382
80.0,78.41608864357936
75.0,79.4711870593195
70.0,79.32780154854639
67.0,80.67104637686647
64.0,80.4884943925144
61.0,81.04636889859084
60.0,76.72530237294389
62.0,72.75746111285953
68.0,71.08728108227005
80.0,70.40080045457199
91.0,78.66877217014301
103.0,76.40165222937254
114.0,74.35541154268388
120.0,76.06142532705682
117.0,86.5896300526281
118.0,107.55543683547408
118.0,111.03167684254379
117.0,123.61676354777352
114.0,132.11564867904315
110.0,130.04979735240144
106.0,119.40736920069867
101.0,116.9032902605963
94.0,118.91317858189379
90.0,119.10130039017578
87.0,111.16213968424009
84.0,106.1472670163411
82.0,99.33537218603993
81.0,92.3250347858703
82.0,87.03672224357891
84.0,85.54426544918644
83.0,85.17567222059948
81.0,85.50717451637472
80.0,84.59079563628383
79.0,85.15398075693845
81.0,81.72027399029966
83.0,84.065286334081
86.0,84.4588933039924
88.0,80.39269894916644
89.0,78.61824276157051
87.0,79.10469829945458
87.0,84.4887436448116
86.0,88.75476224556286
86.0,93.20765071035666
88.0,98.57309329627492
89.0,97.92967697703907
91.0,91.88829027209407
93.0,90.04858350915273
95.0,89.28567602789218
96.0,87.84502687507495
97.0,93.3160531145081
99.0,94.16246839948187
100.0,95.79970014789888
102.0,100.57889069230421
104.0,100.15447807742329
106.0,98.84414589109653
107.0,100.9593293953057
109.0,102.93279814810705
111.0,104.62715706163212
112.0,106.97624858429799
113.0,112.18607373022681
114.0,113.9118685681782
115.0,114.03365677890515
115.0,116.78049586911314
116.0,116.56138036314262
118.0,116.58835465792262
119.0,118.72416941898986
121.0,121.420455216159
121.0,121.71794387233881
122.0,121.43693539915269
124.0,122.48512654755982
124.0,123.7184693841171
125.0,124.52020998830434
125.0,126.03783529266771
125.0,125.2391766563439
126.0,126.59876913372014
127.0,128.51425496750628
128.0,128.28915960939898
129.0,129.00995482716297
132.0,129.01693512266252
134.0,129.00824500150378
137.0,131.4885403737105
139.0,133.13421063564334
141.0,135.96180982501906
142.0,136.93812462805414
143.0,138.69464056722987
144.0,140.05120513175842
145.0,142.56023945437892
147.0,145.0860640353509
148.0,148.24948540581974
149.0,148.2311515058656
150.0,148.37805783451313
151.0,149.28296201904584
152.0,149.4625043973181
152.0,152.48099186167653
152.0,152.29202402310878
152.0,152.69717372969345
152.0,161.61453027315517
152.0,159.27756792899302
152.0,157.9841300595355
151.0,156.30929331255612
150.0,154.45235623804055
151.0,153.0990050947285
151.0,153.35373937060783
152.0,154.2486090282216
152.0,154.5940315682819
152.0,154.11516612058466
152.0,151.53982000448082
153.0,157.13993245322345
154.0,155.78786001839953
155.0,154.3969173601707
156.0,154.35580043705744
157.0,154.1914185449222
158.0,151.24082762748594
158.0,153.74047580735822
159.0,155.0430188601893
159.0,157.19656514305294
166.13672739306617,161.68769669916495
170.74560768148166,161.08387160611358
176.00596270400092,163.72800755192844
181.63968595386825,164.56473582756152
198.0,173.0246007417479
202.0,179.06848493927194
204.0,184.29110228883715
206.0,193.14337632866355
207.0,151.99919588391865
207.0,154.98640898127485
208.0,210.19640465433812
209.0,204.1336140675526
209.0,202.63313390221478
208.0,204.91910092005227
208.0,207.31119675764518
207.0,207.06457145502281
207.0,208.71436086672907
208.0,206.78190079258465
209.0,204.84544572303741
210.0,204.79447875087297
212.0,204.1808457026771
212.0,203.297133289188
213.0,202.38083642306387
213.0,203.53676994566064
215.0,204.32670128007027
217.0,208.00401186050456
218.0,211.5113023725576
219.0,210.69039860728176
220.0,210.14711094497207
227.0,210.65271964895345
236.0,225.0762520609667
246.0,231.4521248745136
254.0,237.30094663923143
263.0,235.2185018374491
273.0,235.94875087615438
279.0,245.69745652768194
285.0,250.01558194129052
294.0,249.24709291211764
300.0,254.68667980204418
304.0,265.3755643585113
299.0,281.46524613767923
293.0,284.591174663845
281.0,287.22332007512426
267.0,298.2971457092575
257.0,299.312655582387
251.0,300.97193345335376
246.0,293.60725954148154
242.0,291.0360420602037
241.0,256.65752599421256
238.0,237.73484112688396
229.0,223.12151912797896
219.0,220.38461004660425
210.0,208.88521091196108
204.0,209.89481368221132
200.0,202.65796857287313
195.0,194.521156483062
189.0,185.323020118239
185.0,181.84973198629567
182.0,178.15101781182574
177.0,172.92421287109372
172.0,174.95471536602344
167.0,166.39253348754943
161.0,156.75409092194255
155.0,151.21267143426715
149.0,153.23145580655745
145.0,153.58375162247677
144.0,141.93233620915254
145.0,143.0072410115916
149.0,135.42746117327513
152.0,131.60282786142784
155.0,121.47101308683997
156.0,117.30896679273826
156.0,121.61324745022448
155.0,126.7188198691548
153.0,140.10814261362785
152.0,140.6877438882793
150.0,155.43696870196567
148.0,147.17752680219277
147.0,144.5160471296591
146.0,152.61485592944098
142.0,151.59290190602675
139.0,149.28237431282278
136.0,144.06357213571627
133.0,143.80353218771626
131.0,143.38093161146412
131.0,144.76470270204695
130.0,140.81504602252144
129.0,135.9370420991296
128.0,133.73128453532888
128.0,129.17095025529213
128.0,125.91058062022249
129.0,126.30356071345396
129.0,125.81742769078978
129.0,126.85361429663539
128.0,126.5004103298455
127.0,127.25154621911325
126.0,129.83925566440158
124.0,131.3972537839841
123.0,133.56449122962053
124.0,132.84277018902145
125.0,131.10684842900065
124.0,129.45339090961156
124.0,126.76260053051041
123.0,123.3284038311037
122.0,122.05645876117535
119.0,123.34128388352735
117.0,124.44049813992503
116.0,123.2737386761036
115.0,123.37482926244697
115.0,124.67158382848037
113.0,124.37995488999967
113.0,118.36880278818616
114.0,115.18263511325138
114.0,114.47224574488048
113.0,113.52757121972537
113.0,113.88133822841121
113.0,112.00655554892506
113.0,112.38812080301972
111.0,114.52253673080196
110.0,114.5644539253793
111.0,112.60497468084534
111.0,113.10492299527013
110.0,114.89778197214632
110.0,114.93046122091334
110.0,110.66223295238699
103.0,110.69996434874994
104.0,111.33667379915444
104.0,111.05081464864182
103.0,111.01115861289513
106.0,111.50396094417273
110.0,127.41008209184459
117.0,113.94204641249246
122.0,114.69810225418948
125.0,114.87122038797543
126.0,111.85182266619331
126.0,118.48473490644777
124.0,122.54249927412742
121.0,129.8867593986636
116.0,133.70185701930802
111.0,132.45503965495953
107.0,127.93222149573018
103.0,125.05519478040932
98.0,124.10039173479346
92.0,116.8788885530988
86.0,106.39205816372052
82.0,103.70182524865416
78.0,103.44098058372352
74.0,99.48452119523562
71.0,93.77335347713876
68.0,87.74443394629492
66.0,85.53919603206047
67.0,84.09142581680497
70.0,82.74851837108731
73.0,77.75101967498604
75.0,76.1080573417395
78.0,76.02415258982741
79.0,73.89043293607534
80.0,74.74467996414734
82.0,78.21079466589808
83.0,82.02130912400335
84.0,83.21773582459586
84.0,89.43465039271018
84.0,90.5197375183918
85.0,88.15497231499978
86.0,89.14147333020274
86.0,95.6519237411308
87.0,94.77576422327998
87.0,92.37229041486835
87.0,90.99171183092776
89.0,93.87758002753495
90.0,95.36564571659433
91.0,95.21288086170382
93.0,96.56393212016806
95.0,96.77433555105064
98.0,96.59940947922543
100.0,102.34791402701151
100.0,102.62044802130004
102.0,101.73388034115973
104.0,106.58025529552178
107.0,101.17186598100803
111.0,104.60626782071738
114.0,105.90992995572579
117.0,105.69948837893628
118.0,108.19949850702652
120.0,113.17406773262401
122.0,115.7220177453938
122.0,121.03618694238627
124.0,125.55618297818934
126.0,126.2264985769022
127.0,126.21089242711106
129.0,127.99859286939355
132.0,130.1041305276626
136.0,129.39083478980385
140.0,131.47075751408553
145.0,135.38118060669228
148.0,136.19417330288093
150.0,139.67244311435437
152.0,141.7586048406969
154.0,146.0604468810516
158.0,151.65124192948608
160.0,159.02757367398092
163.0,161.3663852723644
166.0,169.31653379336825
169.0,170.18471479877138
173.0,167.30583850925595
177.0,170.08250675741212
180.0,170.81644205480168
184.0,173.7873740832299
187.0,172.76175887348845
189.0,175.09127437725144
191.0,181.3874059377309
193.0,183.1356754052902
193.0,184.46515208020182
193.0,193.07959133993842
195.0,191.69279977003015
196.0,191.93308719163565
197.0,195.0505984494447
198.0,200.22611426884765
199.0,199.21888780034067
199.0,198.21836703597384
199.0,203.25949800731198
199.0,202.77883592314734
201.0,202.07562226453527
204.0,202.71037973640586
207.0,203.01738616503312
207.0,202.635005477334
210.0,202.11031132971792
213.0,202.11910594542053
215.0,204.4231023550824
217.0,205.03737992808243
216.0,209.8615030723616
216.0,209.90586293411803
216.0,215.59734520149806
216.0,219.06749995607896
218.0,219.91703878923684
219.0,224.7405916618993
220.0,224.33542638836215
221.0,223.05779261218296
223.0,221.62809914640076
224.0,221.43509756610277
226.0,225.19099266812285
226.0,223.56023232856504
226.0,222.91585684848582
227.0,222.50690404000147
229.0,222.30600469149627
231.0,223.4592162308227
232.0,227.27881559709945
234.0,227.4836148575197
236.0,227.20784213837285
237.0,227.09351396106834
238.0,229.91137901408038
238.0,232.52503788532476
235.0,232.21882467321112
234.0,233.06659014121763
233.0,234.67628993286553
231.0,238.32714667752356
230.0,238.2494781417093
229.0,237.66565510659862
228.0,234.1275431350649
228.0,229.52066899456386
229.0,228.6121366905569
228.0,227.82009857119516
228.0,224.8765179343895
227.0,223.05262239641436
227.0,220.003164037132
229.0,219.64334499599417
233.0,221.9990282143993
234.0,219.3870143947834
270.0,218.052511655015
270.0,216.4963815872242
269.0,222.0845302633984
268.0,229.74443521154146
267.0,231.57819789795667
266.0,228.00806421390567
265.0,268.1532600956483
263.0,264.9579059996663
261.0,257.386314213996
259.0,252.5069526017779
259.0,251.93627097300282
256.0,251.11399278096593
253.0,251.9643482717386
252.0,248.5960020663883
255.0,241.87185160056865
265.0,263.9163823240955
277.0,265.0587223748995
286.0,264.1723948557111
290.0,263.8171681326535
289.0,262.7145032861042
296.0,267.75654812378855
300.0,282.0708165297507
301.0,297.8015819124547
297.0,303.13733907664215
291.0,305.51643404406474
287.0,303.8279711248744
285.0,309.1818193783086
284.0,311.3729919305542
285.0,311.1701701107377
291.0,309.1204420639599
292.0,294.2712607311215
295.0,284.76951936627336
296.0,283.1410039794782
293.0,282.3238205709575
291.0,284.0352262229962
290.0,289.1354665587308
289.0,284.7569194230736
289.0,291.2735683660362
285.0,284.0848714654837
279.0,270.0639806799984
263.0,266.3099990451339
262.0,264.1909575970144
261.0,259.1562313080581
258.0,258.36398215859145
254.0,255.1181848794023
253.0,251.85771797352496
251.0,226.67509862301625
246.0,229.4490097497129
239.0,230.96265866173403
237.0,232.4166409600807
235.0,230.74315892707324
233.0,232.86558856593183
229.0,232.7932319556135
226.0,224.4453053896832
225.0,215.93865041221204
224.0,222.1692201372236
210.0,222.64106472180512
191.0,218.88353607090528
174.0,213.63823618334493
186.0,211.19200635655528
189.0,208.39839977874757
194.0,207.6795079447085
198.0,189.69359999147585
199.0,166.82333525228822
201.0,154.2858568396255
199.0,173.9990036815092
199.0,174.8532532417013
199.0,178.92940819180055
199.0,187.3004975567264
195.0,192.85497594387158
191.0,195.42734703481364
188.0,195.52139262252183
187.0,196.11898718665765
177.0,200.44181094829133
156.0,196.43985421640184
143.0,189.36478149619543
166.0,186.79790319561374
176.0,181.3861169518101
181.0,179.84433480515582
185.0,160.13758717091673
186.0,137.54122409153993
186.0,125.50431395943079
186.0,168.01622916440706
189.0,192.35160678892916
192.0,193.41638620680627
191.0,202.4063482468883
191.0,196.02735619918766
194.0,191.4237026948731
199.0,188.1007884840263
212.0,189.3856133407801
220.0,196.12459594812742
227.0,190.83561089802674
232.0,192.04786639732023
236.0,195.5553630711674
234.0,205.44716840102336
230.0,219.9407252096899
225.0,225.02733178118152
220.0,228.37064907850035
216.0,233.87195922489394
209.0,237.42952732035366
199.0,229.51120187621484
192.0,218.9459299602042
186.0,212.8897575673912
183.0,205.02335772530787
182.0,197.22192217078737
181.0,186.81557407830408
179.0,171.10608370663766
178.0,167.7041138067948
184.0,166.8473595630794
192.0,164.33734940471396
200.0,164.0048151625671
208.0,165.8219411188912
213.0,163.88427492565143
214.0,162.43092947283253
219.0,177.33212190758744
222.0,202.9913069695091
223.0,217.40279105457282
224.0,226.02597070764594
226.0,222.60289559392368
228.0,219.99963730601615
229.0,223.89378506435907
230.0,226.34947243479746
230.0,222.35370147245254
230.0,221.89158886245076
230.0,228.786606928831
226.0,229.37216805062656
225.0,229.30559202182036
227.0,228.62788058178512
233.0,229.0472607524772
233.0,229.67330707793369
233.0,225.19793404109876
235.0,213.46376304860343
235.0,212.53736539881228
233.0,217.1916568079561
239.0,229.9619484988227
245.0,228.88639486910276
253.0,251.41731686983996
255.0,257.255130541389
255.0,257.30213469471886
255.0,246.59742349649673
255.0,259.702675791979
254.0,266.91871142914044
253.0,274.8274797014414
252.0,270.18415138292806
252.0,266.4437237776676
255.0,265.9993031190028
258.0,265.53842543442863
258.0,258.2607077545905
256.0,254.5455379237957
255.0,253.08618219360548
256.0,253.99696697181247
259.0,259.7315496958106
261.0,262.9404965758248
259.0,264.12711556406026
259.0,260.90632628778036
258.0,260.6826088332319
260.0,260.82806139539554
263.0,263.2794780207385
318.0,187.8113027804088
312.0,187.3046304936433
305.0,187.3046304936433
299.0,187.3508599285123
294.0,187.92737828205708
292.0,189.5222791502976
291.0,308.34440687643746
288.0,310.05612094199466
281.0,306.09157646526916
280.0,301.06419521945116
283.0,291.4590939162749
288.0,283.0236586080448
281.0,268.3284306525039
273.0,267.3566956499999
277.0,263.46334560908576
275.0,258.13106195420625
273.0,261.40476802351236
272.0,265.9175430992641
280.0,262.2660265453476
296.0,252.58722795418421
307.0,256.9558391170124
314.0,255.4456641745454
315.0,255.35286947032893
312.0,253.3089517569745
307.0,275.50489816200337
301.0,296.484769765998
302.0,301.53851784594116
302.0,305.30734517454863
299.0,304.9428534290918
295.0,300.2572583311818
292.0,281.9165884812472
287.0,274.9340341035078
283.0,270.9919282809307
276.0,269.4593210341322
275.0,266.52823317413254
273.0,277.25171425243906
270.0,271.0633699550787
268.0,268.8117552489577
267.0,266.3536524197802
268.0,258.37667946348154
262.0,263.4824362708117
256.0,263.91897856838807
261.0,262.2327388298132
265.0,260.1430003371867
262.0,258.08026059224176
252.0,259.3232735326014
249.0,251.97231293488255
245.0,241.118269911765
249.0,252.6526518564043
251.0,261.8359149848948
246.0,257.10538138190554
242.0,245.79866115556814
234.0,242.33643541571575
226.0,236.6950805723162
218.0,245.9439065324107
216.0,248.68697929821235
214.0,239.95610304017168
211.0,236.15756562586145
207.0,222.3765104847677
200.0,211.6767140285934
198.0,206.04416748252905
204.0,205.53031108575848
212.0,206.93195313282305
208.0,204.32261402876563
202.0,198.32418071269743
202.0,188.31689645422856
203.0,187.6356904505135
200.0,191.81701200969218
198.0,210.41547245153342
165.0,181.40947627040316
166.0,183.17427452573628
168.0,179.93514879334873
169.0,181.1095373474259
169.0,179.74950480679985
170.0,179.82432347782338
174.0,172.93858410640823
177.0,170.19417389283095
180.0,171.24379534997047
185.0,174.28597029435193
189.0,174.41552343188198
192.0,175.4620362844634
198.0,182.9070031689194
210.0,184.2035925520216
212.0,187.32438315383126
208.0,196.50215784431532
208.0,197.36922161477173
209.0,201.77299671050068
211.0,212.57866239859018
214.0,228.83647039683464
219.0,222.86854959807476
228.0,230.54362472385353
239.0,233.60403865955706
250.0,236.26716509811774
258.0,241.4006896713302
269.0,240.99841675196464
273.0,250.80435229702567
274.0,262.3908924438342
285.0,264.98377236169904
293.0,268.62492929988633
290.0,270.7293787642533
287.0,281.1226574706676
285.0,282.87388159733473
284.0,280.8402013042417
285.0,286.96196761438813
286.0,303.19923480509345
290.0,292.2255060093292
290.0,286.12130466229445
289.0,277.1770964055035
295.0,276.1764681228256
313.0,276.99406266483453
321.0,265.8790486270921
324.0,276.0602240634813
325.0,274.3078605337672
324.0,268.8921292930326
325.0,269.2053573390808
327.0,298.8322045020093
325.0,313.3732243368569
322.0,313.5623784569811
324.0,316.05289543327075
327.0,311.0513866885194
327.0,313.40497736296
328.0,316.961300479795
329.0,314.7640064947606
327.0,301.4927665647823
323.0,305.70450121362074
318.0,315.4754942671675
313.0,305.34087383782145
309.0,304.11847506788206
300.0,304.93747344029293
297.0,304.668986313792
296.0,298.4737368056847
291.0,292.27406743348627
286.0,288.5895011875715
279.0,285.86877570603747
268.0,275.7596051102835
265.0,273.5621345191203
259.0,266.78581766892273
252.0,261.1459660302744
248.0,258.04217879198836
242.0,248.84945642308108
237.0,230.31945803213824
233.0,232.76990352403598
228.0,228.69360941576343
225.0,222.9629601003842
222.0,216.6859757246313
215.0,210.35953208272073
183.0,204.17208800053052
181.0,198.44235875046417
178.0,197.62077541778558
175.0,199.85001670896256
172.0,198.56190082551936
169.0,191.3447422695561
173.0,160.13055925242378
180.0,156.82284836007267
186.0,155.36166544267294
189.0,150.34590706665773
188.0,148.5622574738882
186.0,153.8253039707145
187.0,170.214968868822
188.0,177.1338747889279
190.0,172.97395244660316
193.0,177.4224159919488
193.0,183.5684951155759
195.0,176.68597224303753
194.0,184.79730251670287
190.0,184.691683717632
184.0,189.72040728303713
180.0,195.25593809393
178.0,194.86546237462846
177.0,199.07268376826246
177.0,190.5843097287402
177.0,184.78918881241972
176.0,175.834538307882
174.0,170.91421998454692
173.0,171.769682030789
173.0,172.27949313965283
171.0,174.2423576355905
171.0,178.19379841033992
168.0,177.48128443056348
167.0,176.97869361295022
161.0,176.86965444968348
154.0,181.66700276304573
149.0,176.46761072046806
144.0,177.6645009311034
140.0,171.7653464404413
137.0,168.08394622007503
134.0,158.56867328073218
131.0,150.03274716966578
129.0,144.04126953844607
127.0,137.4036332675254
125.0,131.3239514170887
125.0,130.38418109423972
125.0,125.85104767443843
125.0,124.33623648606519
124.0,123.41689397655298
123.0,123.67549173682202
122.0,121.10606782542789
123.0,122.68843662500477
123.0,123.84022025257443
120.0,125.1309391664486
121.0,124.34162735484433
119.0,119.5433175168176
117.0,118.76517181539457
115.0,120.21468410775017
113.0,120.62102899118938
112.0,117.12203055679686
111.0,118.24117544707252
112.0,115.85487776051806
113.0,114.2295376491775
113.0,112.82199622072856
111.0,111.09274139087118
109.0,109.73376603552579
110.0,108.32677342031745
116.0,110.48310686120105
126.0,126.76210474933829
136.0,123.47496064083231
143.0,124.48506826939594
151.0,122.88755924109388
155.0,122.70501405976741
164.0,129.7843174187671
170.0,147.89420654206816
175.0,159.1605737991211
181.0,158.16256652407532
190.0,164.14879132067057
193.0,155.49820385374815
193.0,169.79644555082845
190.0,172.87048589508402
190.0,187.52884145837814
188.0,190.38392434269707
185.0,199.9425719259367
183.0,199.2435373594808
183.0,192.731696371332
182.0,180.79325979129754
182.0,181.2745439338828
182.0,175.95450457906827
179.0,169.96586358903252
176.0,172.43334975855245
172.0,178.1351773487429
166.0,175.042129950788
168.0,175.59626214656691
168.0,175.61597205635587
166.0,172.00947388921546
163.0,165.08065984334928
162.0,159.58889359802637
162.0,154.24897040765524
163.0,162.79984648061244
164.0,166.47444881625324
164.0,159.8764253407713
166.0,152.47098679878812
167.0,151.40163384352186
165.0,148.18014889388834
162.0,147.9064955809456
159.0,148.80911491302203
155.0,147.9867063831784
150.0,160.64905617818187
147.0,163.18308735594672
145.0,162.0973660491779
143.0,157.20427600824567
141.0,151.1613086310654
140.0,147.7708891998878
137.0,143.55865016099193
136.0,141.49750878504412
135.0,139.67965589471015
133.0,135.33991530585186
131.0,134.9422804700521
131.0,134.63485277951878
130.0,131.5185158628465
130.0,132.1273758942494
128.0,132.51569178128258
128.0,130.36448336569308
128.0,125.45260282037798
129.0,127.67541346115978
131.0,127.38153412810692
133.0,128.5894389610457
132.0,126.63319388159225
134.0,128.55225519112787
137.0,130.33028731655153
138.0,132.42989742380993
138.0,137.77700098096892
140.0,140.08479861293057
142.0,134.48970913947213
146.0,138.17227088751065
147.0,141.65142262753
147.0,142.65327259519708
148.0,142.06386778505296
151.0,144.80327886652586
154.0,148.5913467982958
155.0,155.6049703914469
156.0,156.1296032306035
157.0,154.2174058610621
158.0,155.519145196625
160.0,160.90974640885563
163.0,165.53817570253983
166.0,165.3186499223572
169.0,164.89766276617803
173.0,165.12878252921243
176.0,166.59283415350015
180.0,168.92505428576908
183.0,172.52062873326952
186.0,176.44683099584887
189.0,179.67020034520777
192.0,185.5858031474034
195.0,185.93389231724734
198.0,190.10428619360172
199.0,195.5697226509183
198.0,195.12685858284667
200.0,196.8142068607036
202.0,200.4432870317871
203.0,206.5922346850691
205.0,209.7756991864475
208.0,209.58310731381545
213.0,206.57364583563864
217.0,208.20974274283665
219.0,208.33947744388462
219.0,207.58858865401888
215.0,209.39332140685966
216.0,212.87995328807435
220.0,219.99110489807822
223.0,224.6411374732822
225.0,226.88200565284143
227.0,226.74881335909652
233.0,218.97559199912726
236.0,221.57096449550417
236.0,226.43774292133025
235.0,228.3810422755827
233.0,232.41610817568503
235.0,233.1184010011314
240.0,239.07517381034208
241.0,242.14461886633248
242.0,240.33973766746456
243.0,239.10318294071266
244.0,232.74535492463087
244.0,237.73365425427787
246.0,242.6472701054744
247.0,244.8687935248757
248.0,246.28019230736717
250.0,245.75955866617403
250.0,248.19458041671655
253.0,248.0820233556174
254.0,248.74120486003946
253.0,250.00975949326477
253.0,250.7148969761662
254.0,254.47364896653758
254.0,253.74275604727748
255.0,255.84156203801217
259.0,257.5356637650963
260.0,256.76143626635076
260.0,255.40716244783255
261.0,255.4403995865382
262.0,255.1779281943521
263.0,256.8712346186091
263.0,259.2874352665202
265.0,261.72727223060286
265.0,261.6031353334152
263.0,261.6550898710709
262.0,263.4506379505496
262.0,266.0681248681618
263.0,266.1413510875822
263.0,269.4798563578039
264.0,269.72613619854246
267.0,266.1343165565823
269.0,265.35284135973336
275.0,265.3983889643584
276.0,267.7718719892289
275.0,266.64608604978423
275.0,270.14478674183806
275.0,272.3378239814566
274.0,272.0626375287903
272.0,274.8263888922011
271.0,273.89445028024517
270.0,273.3567450760353
268.0,270.3846563649591
266.0,267.9731236093698
264.0,267.2523097525482
263.0,263.78599679255365
264.0,263.61976661473744
269.0,262.5298394918345
279.0,272.9619547426883
288.0,275.33835697114995
295.0,274.5140717057754
300.0,274.68783279185624
298.0,277.72048947074165
294.0,282.3925331435892
290.0,292.2616216806443
289.0,295.63178412785874
286.0,300.3624974386966
279.0,302.99005850391575
278.0,300.6246146167255
280.0,296.05115287058914
287.0,293.59317425154427
289.0,288.97259107862476
289.0,280.04798490186647
287.0,278.03818406190993
284.0,277.240687334716
284.0,280.0519651455025
282.0,281.9998141559331
278.0,285.6357250040297
273.0,284.74566580887375
270.0,277.1940670036839
270.0,274.82715074216173
269.0,273.9857111922359
265.0,260.4704413674454
262.0,257.29266336463
254.0,251.63855414248874
245.0,248.10316711157833
242.0,248.24511874997003
241.0,248.60416662788904
240.0,245.8454903095045
239.0,244.3076734243958
239.0,232.37780325502968
240.0,217.0936513450329
241.0,221.72164745222335
239.0,224.70735133028404
238.0,221.6783881652346
239.0,220.5414533705647
239.0,222.6490837083115
240.0,227.78265600370594
241.0,232.3896576633985
241.0,230.0421623509959
239.0,230.5913659491486
237.0,233.64902296544125
234.0,234.41387730788756
230.0,235.4272983499164
229.0,237.60284534122567
227.0,235.99924976799113
223.0,230.69204324496854
219.0,231.3742029055814
217.0,226.01184740870926
217.0,220.66378515002788
218.0,220.91526531194972
214.0,217.47747761111992
213.0,212.91177005669596
215.0,210.4865542121213
217.0,208.8678107766707
217.0,208.25522733031804
212.0,211.11134632643018
208.0,206.60810355128532
206.0,207.51155055416723
205.0,209.814713154767
206.0,214.63748227515057
209.0,214.82671199793648
214.0,207.23915398371003
216.0,204.59002033794604
212.0,200.65599203448593
206.0,193.39493655803508
201.0,198.50724482706494
194.0,201.75256581343245
184.0,214.78821988878462
175.0,215.67775795206705
168.0,204.29910024466858
156.0,204.73955972892688
143.0,197.55691573367423
135.0,189.79852521384709
128.0,185.85098096573896
122.0,165.00408895415868
118.0,152.9316713328324
113.0,128.10278785531293
112.0,112.3903572607598
113.0,110.18676297127823
113.0,108.5810805916951
113.0,104.74421351439675
111.0,102.90017398791979
108.0,101.42435553858455
109.0,105.21471052081733
108.0,110.71665378994693
107.0,114.52479970917817
106.0,113.59630223606688
104.0,112.27571887012306
102.0,113.10465312093292
99.0,119.09564100523485
95.0,118.30398543816717
93.0,118.12262614898707
93.0,118.10919318208695
94.0,113.97510012435428
95.0,110.18392749920538
94.0,107.64550351889204
92.0,102.6715290315697
91.0,101.43143486231462
90.0,98.76828405346637
91.0,101.45407630522706
92.0,103.3398120811395
96.0,103.1711756992222
98.0,99.35169222528452
101.0,98.24606212240916
104.0,98.17906034093154
106.0,98.10240476619845
109.0,99.7161447985422
111.0,106.86768853895093
113.0,108.84633334440568
116.0,111.53609092447255
120.0,115.81683401106979
124.0,116.72924071307301
128.0,122.0304545504373
131.0,121.42898562276582
134.0,123.45717940408373
137.0,126.23124239396768
140.0,130.83945115365842
144.0,137.76619361224957
147.0,139.06581836941467
152.0,138.85675181170822
157.0,141.02005639693192
163.0,144.25565067091736
165.0,149.17908832990773
164.0,154.61691709553912
162.6341519448696,156.50185300477
161.4750219466791,163.04467592592076
160.57838097514903,167.4249369119524
160.0,177.63571091273997
160.0,176.624188745946
161.0,170.12810292112118
162.0,168.64781846370155
164.0,166.39629702701578
165.0,164.87908186101626
166.0,160.5459765948231
166.0,161.79344377768325
166.0,163.1360317344385
167.0,167.36901269941598
168.0,170.73941600254417
168.0,171.15118751616637
168.0,171.78246941701195
168.0,170.98172262951215
166.0,170.49682841961524
165.0,171.91094236944008
168.0,181.47418786056173
172.0,168.24216895149019
177.0,167.91551753760115
180.0,166.47576152389163
182.0,156.18155160178682
184.0,142.14677694134255
185.0,157.87399130081604
186.0,158.41460733695214
189.0,166.527970015075
191.0,168.113349842369
189.0,170.19044784748917
187.0,172.33175723388754
186.0,178.3043608670063
184.0,180.51235696881105
180.0,183.7090151067186
178.0,187.90469706795767
175.0,180.8180624519949
173.0,178.77296538846892
172.0,176.38576477822653
171.0,177.17723011874173
167.0,172.37909534187278
161.0,169.8067206472272
156.0,169.92416407993863
157.0,167.22395754489318
158.0,166.3191951741875
159.0,172.45583165124424
159.0,163.80110428717393
160.0,152.08001333155497
163.0,147.3371023054598
165.0,152.73918810640774
167.0,157.74814518002714
167.0,162.25191946874685
166.0,163.2035114351105
167.0,168.82642799873582
168.0,173.8815490989692
169.0,176.74141992996442
171.0,175.52917878366952
175.0,172.62911168447314
178.0,171.80012512998968
182.0,174.19884692661137
185.0,178.63069670908595
187.0,180.47890882192604
190.0,184.58877256514157
192.0,191.34044171948037
194.0,194.56364123907588
197.0,198.25440429737196
200.0,200.03246166786272
203.0,198.53165972337598
205.0,202.2271736941356
208.0,199.84119043203995
204.0,202.76271329396664
202.0,206.0162069666183
201.0,210.88121983469046
201.0,210.2175645272832
201.0,210.99528954086222
227.0,234.48180050413436
222.0,235.22482317634157
220.0,233.86216740790655
216.0,227.87210056940665
210.0,227.53967148266645
208.0,227.10271891595266
205.0,214.77494731536763
204.0,209.455791130525
203.0,208.39986586171318
204.0,201.09935667813835
203.0,198.28358067541447
202.0,198.46419266297718
203.0,192.1760204627644
203.0,188.25395290753974
199.0,187.80750468323222
196.0,188.73252898512973
195.0,189.39530143009122
197.0,189.4316359077573
199.0,192.62379008758487
206.0,198.58025229523096
208.0,191.63564346195926
206.0,188.1343089991279
202.0,187.95023932550149
203.0,190.9666727757307
202.0,195.80649567269222
198.0,210.24262127410526
197.0,210.4435101514229
197.0,207.19573462399634
197.0,202.055993489406
198.0,202.03387119395774
198.0,201.98314196327854
198.0,193.5250029338805
198.0,192.77137624649416
201.0,192.85949626521693
214.0,192.25971775459857
217.0,194.06271457784806
214.0,197.07484410124397
208.0,200.29664784183754
206.0,200.64327477739903
206.0,205.3415105730451
209.0,218.6392842528056
214.0,218.0781346448461
213.0,213.32013979679806
215.0,207.09805091989497
215.0,207.9943270837961
213.0,209.4868978368062
211.0,210.85861002674267
208.0,212.21520649327888
206.0,216.40324024474074
203.0,215.76167021146355
200.0,212.83392081434243
196.0,209.88845313547836
191.0,208.02718099992012
186.0,197.71270901007574
182.0,196.83255744854986
178.0,187.97720032989548
174.0,188.27396021040954
170.0,182.87817988442475
168.0,174.35283046538657
164.0,170.64470984081535
162.0,162.9579945300621
160.0,159.45072925544014
157.0,156.04570489325042
148.0,152.31755058650955
139.0,153.30626800064124
135.0,145.35582715049534
121.0,145.21250381494056
124.0,145.92859913860025
125.0,140.97822876947257
123.0,126.56704330590229
121.0,124.28776410172887
123.0,126.1772941022114
126.0,110.8920735227293
122.0,115.13766833682519
121.0,115.90819750809354
119.0,115.42549369892325
115.0,111.02283301253014
116.0,115.89401175477852
111.0,133.09912255037648
113.0,117.3768621154101
113.0,114.51297215979253
108.0,113.08094669876061
104.0,107.47916516219928
105.0,110.35292333771837
108.0,112.89947324272255
111.0,117.2917275604978
111.0,115.71981091722793
107.0,112.68888483481011
105.0,109.39059112879698
103.0,110.36656434672312
102.0,118.85999262267181
101.0,121.66381005200614
98.0,119.71065952702588
96.0,119.14281409471006
96.0,116.814635807146
94.0,112.01078473237827
91.0,102.86989868361532
92.0,102.32880058530108
97.0,99.46109924101007
105.0,95.9246899750531
111.0,95.76605912866559
115.0,95.01716108265101
117.0,90.53230687303795
117.0,93.2824602112647
123.0,104.22681869834192
128.0,114.99514213557349
129.0,121.9951140935484
130.0,124.88250569261497
135.0,122.32357060782506
140.0,120.6351997391293
144.0,128.30983069903704
148.0,141.88693740774212
151.0,139.5032354868956
151.0,137.6337858093316
156.0,142.52125422312628
159.0,149.31533412217863
162.0,154.58072612241608
163.0,155.95639496261708
165.0,158.0262503658066
166.0,151.24972580114832
169.0,158.39354168260522
173.0,163.4871607783351
172.0,165.42228235173874
171.0,165.6790262715404
172.0,166.06555135245543
169.0,165.3516211653547
172.0,168.93149693708952
172.0,177.80055133284145
170.0,172.73107154980713
167.0,168.44829508276158
166.0,169.61007254768893
165.0,167.24986733295043
163.0,173.0873343020484
166.0,173.3458613888279
160.0,165.3717543756926
162.0,160.6783722172997
178.0,159.5217645143187
180.0,159.3614829680074
180.0,159.30535420246414
184.0,161.4015605537303
190.0,173.84831763483703
190.0,169.44163096737788
188.0,195.4164592717262
188.0,192.81832312410322
189.0,187.64421142323977
186.0,190.90276113427413
185.0,193.42093512961424
183.0,185.0739308957513
177.0,175.1888879147833
162.0,175.12421075734278
157.0,175.90134937809168
153.0,172.92384011701648
148.0,176.93644510600092
146.0,178.3972257000589
147.0,166.96854674405884
149.0,132.24194312477715
149.0,126.63452226938884
151.0,124.84034535608868
155.0,124.02599370215273
157.0,125.34071202844373
163.0,128.64014354671107
160.0,133.03323037823273
153.0,131.12407034799645
150.0,132.82271421448107
152.0,145.26652423117034
154.0,148.77100838166692
156.0,160.24352292640546
160.0,153.77429912335708
164.0,139.74298274346475
165.0,140.53086249255577
163.0,139.96291166497656
161.0,153.8570742432144
158.0,155.4041755888194
154.0,167.1331069829078
150.0,170.72163489274598
146.0,168.55622233591922
145.0,161.2316313827427
143.0,155.10324719003904
137.0,155.69576110396133
134.0,140.1732261713575
133.0,133.2534171118168
133.0,131.34116122484485
132.0,130.6592013096781
133.0,130.79884922963376
136.0,124.08701092227585
136.0,121.12731211305272
141.0,121.75456038822165
145.0,125.32093692045937
147.0,123.13038981624946
149.0,127.595380360131
155.0,136.68556946953336
163.0,137.5449665434156
170.0,147.79117027584783
176.0,150.8623855679696
178.0,152.38769028985763
182.0,152.51014417236863
185.0,162.4041901283772
186.0,176.1324910777275
188.0,183.5777992900114
190.0,192.01554785979806
195.0,186.45315072312783
195.0,191.0987867527457
194.0,198.0618612819411
196.0,194.2990112087712
198.0,196.6525180066756
194.0,198.19934430721145
185.0,200.86954174238264
181.0,197.99203938709323
176.0,190.0967003634203
173.0,188.23793661999935
167.0,191.9602462846723
160.0,181.46707760830935
151.0,164.20148927662322
141.0,157.29578966568462
133.0,151.93948616511366
125.0,147.6787150567421
118.0,145.9930222731301
114.0,139.32467009683216
111.0,129.16786449245157
110.0,116.93019826940827
111.0,110.2512308164069
112.0,104.40621418157494
113.0,98.81975822943423
114.0,98.46353068651551
115.0,96.59939418761854
116.0,98.83175430835722
117.0,101.76410374603164
119.0,103.32421813848683
122.0,105.04097940046469
125.0,111.66667581065809
127.0,118.69908427778205
129.0,121.05116380054922
130.0,123.16218575169084
132.0,125.96755613260905
132.0,128.33975479719552
132.0,130.5328760026441
133.0,134.3840217296552
133.0,139.1114351838001
134.0,138.2080741256372
134.0,138.52366095134474
135.0,136.41448484310158
136.0,135.85428794282996
139.0,137.92320597031795
142.0,137.76207671265112
147.0,145.1672483294621
153.0,146.7432665735277
161.0,149.5913332503813
138.0,152.21872679140932
144.0,156.93013389535736
149.0,166.82789008419718
152.0,168.72573098682028
151.0,175.0649919880877
146.0,177.7204941085141
143.0,130.66990616561347
136.0,142.5159245998113
126.0,154.158614378414
121.0,152.64932143119444
120.0,138.74916006812165
122.0,132.02739980701747
124.0,134.23180948381338
126.0,118.96119590720676
129.0,105.09483683884665
132.0,108.34173539420098
137.0,107.11822013007347
158.0,111.68071021347986
163.0,117.40408523175563
168.0,124.62489477249488
171.0,136.47463352177968
174.0,131.4751562542337
179.0,137.05835689513978
182.0,181.32803280109104
182.0,182.82806406560914
184.0,180.0101776093501
187.0,178.5510603153977
191.0,176.8548029140712
195.0,180.71395805016556
193.0,178.3395370679043
191.0,171.68555506760603
191.0,172.8766370690214
192.0,173.6032979275196
193.0,178.84392502325474
193.0,193.29414598053802
195.0,186.9335072387348
199.0,179.46631605437008
201.0,180.30466026954986
204.0,181.65018925153026
204.0,187.4029637019872
207.0,181.3058899249464
209.0,191.67482186679396
213.0,197.61197932224493
215.0,198.24340853136852
214.0,198.73864614503404
213.0,199.17194966790785
215.0,205.7402848807344
218.0,208.71355763377645
222.0,214.83880444793618
232.0,215.59216587249415
238.0,211.83314161747728
241.0,209.99265550651037
243.0,212.3978094802245
250.0,218.5835319930579
253.0,226.28199211687732
252.0,238.50383812394884
252.0,243.94498698298088
250.0,245.01318291797358
246.0,246.75752404545
241.0,253.43303854164654
238.0,248.0071650775172
236.0,239.07076839812527
232.0,236.40949514978988
231.0,236.97988980682487
225.0,231.6013177730352
221.0,228.90471520532083
217.0,226.46601645019692
215.0,222.98893210446195
211.0,216.43196690943964
207.0,215.30658571856654
205.0,206.10525846027193
204.0,204.40697375592575
202.0,195.78988533900753
200.0,196.06005919642556
197.0,194.2528487710905
195.0,190.73034998737037
193.0,185.34548661736022
192.0,184.05107979760052
192.0,180.26402076387063
194.0,180.98209572430497
194.0,175.83350072316034
191.0,177.93042331440856
189.0,176.80131057983343
189.0,174.249739468731
189.0,174.68295238165683
191.0,185.0799735699746
194.0,184.81066254533013
197.0,181.2619762484569
198.0,179.0745700750805
196.0,179.895887899591
193.0,181.1794479350344
192.0,186.35503790729564
191.0,191.5504673282955
190.0,199.3603376083345
187.0,200.1116630803855
185.0,194.05813925070166
186.0,191.90521117669974
188.0,189.62185575358527
189.0,188.71393495857652
188.0,188.9450019528621
185.0,183.46396476149548
183.0,182.79174088959687
186.0,183.9655846585254
188.0,187.78403968276956
191.0,187.4042445511103
192.0,185.93474720178685
205.0,181.7607947716118
216.0,180.51231413075112
227.0,186.8591647658204
234.0,189.23332192991134
246.0,202.67546661127156
243.0,201.15534570917382
253.0,219.09933892507559
254.0,230.18538951066475
253.0,233.46843051957543
252.0,235.33376203454202
248.0,245.68744657244176
241.0,237.11241538223393
236.0,243.59935734448638
235.0,244.75108452194578
240.0,240.9605374737267
248.0,231.1341721734685
247.0,222.7263586266944
251.0,221.34316067261437
252.0,219.8842246076159
249.0,222.0327010436161
248.0,231.24866771403043
250.0,244.22685254318404
252.0,242.53182966086155
249.0,248.5014238422081
248.0,248.3068057879941
243.0,248.55458721543124
237.0,244.0301992578547
239.0,248.38668788529995
236.0,245.30877592862402
228.0,244.13211000486592
227.0,239.95775215902768
227.0,230.1049414479187
224.0,225.71979626158182
222.0,229.35209593315415
221.0,223.98468517867624
219.0,211.3873225833157
215.0,210.63232706966912
224.0,209.79037136904103
225.0,207.21607464457938
221.0,206.263472741152
218.0,207.0702795789344
213.0,206.30294491484645
212.0,200.58799114537027
209.0,211.16328225029605
204.0,218.9791316146682
199.0,211.79598931899773
193.0,206.14605596002778
187.0,198.69233981703587
181.0,197.9772368087832
175.0,194.20554624653263
172.0,186.897697479396
167.0,183.15404439995703
162.0,178.3068208909712
150.0,169.36528173592612
147.0,161.6821018353695
141.0,158.92451218407075
135.0,153.94910993006152
134.0,148.38848460213725
130.0,138.37724830110585
125.0,125.85209806078775
117.0,120.74339131490476
116.0,121.18786434404227
110.0,115.83740720528859
105.0,116.9476147055249
105.0,113.67663612451781
100.0,110.01230651350001
96.0,102.61753649906086
93.0,99.79216362794467
92.0,95.49664399361924
87.0,90.0672885261057
84.0,91.02224485587364
79.0,88.43655711437924
76.0,85.00239113491507
73.0,84.76068548246344
71.0,85.18165093472214
67.0,83.65635370160926
67.0,82.53725770939977
67.0,78.14039509415045
71.0,76.21507668605523
76.0,76.00946641769524
79.0,77.59688289086307
80.0,75.29884767248916
81.0,74.4875734506338
80.0,73.72305036922855
79.0,80.53256077109504
79.0,88.89417193893311
78.0,93.61095290007768
77.0,88.36479836181385
76.0,87.58652122832723
75.0,84.7259902637434
77.0,85.84114191028205
79.0,85.12296850062386
83.0,82.66234667690284
89.0,80.31814571388065
94.0,79.16354996350894
99.0,79.77968296478019
101.0,82.44692382205228
105.0,88.76580929230649
111.0,95.72635959762654
118.0,103.92975836516362
125.0,110.38951103283192
135.0,116.49401236118956
120.0,115.72973459563339
130.0,118.03254324241138
138.0,139.48383423332123
146.0,149.64470432114376
151.0,152.9586293073799
156.0,160.56539324188702
161.0,134.44958526152243
166.0,142.88709004805244
170.0,157.312989826468
175.0,166.50608091364126
178.0,170.9865908704063
182.0,167.75722922013503
184.0,166.2737427277307
185.0,174.18225253290532
188.0,171.72161561654815
189.0,187.0405096290616
188.0,182.7772092034117
187.0,181.7638647166147
189.0,181.5739522719588
186.0,179.25494042203312
184.0,181.75646913916086
189.0,181.60583609452254
189.0,178.21139179123767
188.0,176.91551659850694
186.0,189.613847022303
182.0,182.01684024271188
179.0,175.68798194832237
177.0,185.05840016174926
176.0,178.8324522636352
175.0,173.98850732573598
181.0,168.16064842383207
186.0,162.9634628020081
183.0,162.1264754334226
182.0,160.10947628253112
186.0,163.25543528962137
190.0,164.72325700063217
195.0,177.00366317836836
195.0,190.6022210626872
192.0,183.33826278656989
188.0,177.97156566225487
185.0,183.84201338255897
180.0,188.48285442478095
176.0,197.55911299442988
173.0,195.75113165716297
169.0,185.57220064951716
165.0,180.7777678650522
159.0,176.33940703399364
152.0,170.89924319304492
148.0,170.49742875458827
143.0,165.72093932701716
164.0,158.7936243500556
164.0,147.6298630088464
165.0,143.7128681969239
166.0,136.14310362510042
167.0,135.6052277428893
169.0,135.2789028793515
170.0,162.1569610066774
168.0,171.57836690316554
166.0,166.9012627243478
166.0,164.6920321887228
162.0,163.94672684938726
159.0,168.0320513521149
153.0,168.22025754597075
147.0,166.21776922436024
141.0,160.5351902630501
137.0,160.3538142098313
133.0,149.15490744077243
131.0,150.16334117679037
131.0,141.116270695072
131.0,137.608477763857
132.0,130.9682612454777
139.0,123.4987822162879
140.0,119.83806807777825
143.0,118.88131084350383
147.0,120.43752073495969
151.0,140.42789163462422
154.0,142.505487511327
157.0,157.0509991105719
158.0,151.07239016111978
159.0,152.04408636360884
161.0,153.5194869805591
164.0,159.0916075259418
167.0,149.6605456593352
167.0,153.3001954478581
168.0,153.86279797384972
169.0,153.98876298597253
169.0,156.36581898354348
169.0,165.1314665856716
169.0,168.46311691420044
172.0,166.4443793596674
174.0,169.8444125835696
174.0,170.89345009116659
174.0,169.84014214848548
175.0,170.07204590645503
175.0,170.25776909990228
174.0,173.67590774860042
174.0,176.6046636061419
173.0,173.1441028410324
173.0,171.04636348276077
172.0,168.60061790815956
175.0,168.61502571493617
181.0,166.36528686774227
179.0,170.4740541736162
174.0,168.04798487511798
172.0,168.58454075014646
172.0,163.0963483308306
172.0,172.76301737279857
172.0,183.42435130709666
169.0,175.41027075175447
166.0,164.52812655433976
165.0,161.61344480484289
164.0,162.35953633397872
162.0,159.1445805415475
160.0,159.5862158663264
159.0,151.68718293602433
162.0,143.76669634957415
163.0,140.33805196628953
160.0,140.1471643266087
158.0,144.62756593084583
158.0,144.7335871738476
158.0,145.47558210048342
158.0,154.61684758316633
154.0,156.1728231475315
152.0,154.20273948666102
151.0,150.51426924050887
149.0,151.47210677701548
146.0,153.98500764277844
146.0,152.74487277318858
146.0,147.1413417140817
146.0,145.26596276768353
145.0,146.55263399563515
144.0,142.87189782398147
143.0,142.25500764439153
141.0,143.92450713402144
141.0,145.43096163401268
141.0,145.53418973276416
140.0,143.59641861356204
139.0,143.47380149818025
139.0,142.88049661292447
138.0,140.88261740852658
137.0,141.09203813570628
137.0,141.14349604664926
138.0,137.89071457197096
137.0,135.6561790017827
135.0,136.38015296039137
135.0,135.78091185500017
135.0,136.36046832567743
134.0,137.00711751826867
134.0,138.54103137541767
134.0,137.6706158285374
134.0,134.8373000292485
134.0,135.2054557012258
134.0,135.50869654834128
135.0,134.14141394146765
136.0,135.4586248783693
137.0,135.38084191900506
138.0,137.67454964494624
138.0,137.51109402811161
138.0,137.46941301429996
137.0,139.20650939432355
139.0,140.95515721683856
140.0,142.1577764734285
140.0,143.40986375449666
141.0,142.71720377716701
142.0,142.65701108254632
143.0,141.55784141481055
144.0,144.44506512666365
144.0,145.48460388422993
144.0,144.45229029328164
144.0,146.85738421024053
143.0,148.3706999864641
142.0,149.54964531747672
140.0,151.06182027951255
140.0,150.44677673385212
140.0,150.39034923306608
142.0,150.30475355324117
144.0,147.59399999701495
143.0,146.44005700609426
144.0,139.56592764462656
145.0,140.89671279832285
146.0,141.07554205902412
146.0,145.8858937111287
147.0,151.14388111269776
148.0,147.98574126702886
149.0,150.39740198058183
150.0,150.79041686743386
150.0,153.06853480627169
151.0,153.12191421062005
152.0,154.0398545642916
153.0,153.22217950384677
153.0,153.8951093036573
155.0,159.49658463432945
155.0,159.9798509580376
155.0,160.96730213834238
158.0,160.9663476303358
160.0,160.42647156429484
162.0,160.49291892104216
165.0,164.25855529615092
169.0,164.35356608247372
172.0,164.0414498430113
173.0,168.20081825362817
174.0,170.53166720275274
174.0,172.5655645516977
175.0,175.2083071017166
180.0,179.2340183658886
186.0,182.52096078870457
200.0,182.58065324163323
211.0,181.9767230970907
220.0,181.39873756574633
225.0,185.92485471336906
229.0,192.7096598910135
236.0,198.20190396126648
237.0,213.98890392689717
235.0,216.80796074494057
232.0,225.79214510255636
231.0,228.4770726991888
226.0,229.11273019580625
217.0,230.76241245334776
206.0,231.91435307741855
197.0,220.30248264050502
192.0,207.75359037111667
189.0,205.41287969235486
191.0,189.1043901883788
189.0,171.9589716180502
183.0,160.42667420096495
178.0,147.5488350128217
173.0,146.36316304355233
169.0,148.57528510930922
166.0,154.358656919077
163.0,152.2506640932818
158.0,146.85334878499654
152.0,144.95727746969266
148.0,145.5465310973115
145.0,144.9783398041914
142.0,143.5261023259101
141.0,144.9101285380299
137.0,137.27813733117014
134.0,131.54458409993168
131.0,126.84452088469483
128.0,126.11858012205428
129.0,125.17823431870838
130.0,127.58790824979556
127.0,124.8742375854299
123.0,121.3310625552438
120.0,118.69275957772953
119.0,115.92954046402788
118.0,120.00318068057835
116.0,123.55097290322362
116.0,120.847999997499
116.0,113.22310503569537
117.0,106.54558877274862
118.0,108.29963798735459
120.0,107.55920447521602
119.0,106.33795807720105
120.0,110.69143163233484
120.0,110.99167359533176
120.0,113.61876375171802
120.0,117.15892797218014
119.0,123.57820570068876
121.0,121.72484723320355
123.0,122.72411122068577
122.0,122.9212636339327
121.0,123.55194963783912
120.0,123.77685368134921
124.0,120.68480376415245
130.0,126.27960766965079
141.0,138.56505379032004
154.0,147.83803915631083
167.0,143.98076261109978
177.0,144.43445312567138
185.0,147.71851748760116
189.0,156.53140733266298
195.0,170.4338912039117
199.0,185.3271874304747
203.0,194.37147533356702
209.0,199.48670634621692
216.0,198.47516943465496
221.0,197.5697886348049
228.0,201.92529714154765
234.0,201.27456414706427
241.0,203.02844269973193
245.0,211.27017824031734
244.0,222.60725887389103
244.0,221.1068554483953
241.0,222.5441775572076
236.0,228.49772403162208
234.0,238.95486166066675
232.0,242.13986669775386
230.0,231.78466908991572
228.0,234.43774094713845
228.0,222.7116617774472
225.0,212.61008855480142
225.0,205.991176056769
225.0,205.84204722178285
225.0,206.8651397220447
228.0,203.1237062969275
229.0,204.4784735348953
229.0,198.45689036598966
229.0,199.30817388406135
231.0,201.84174133910955
233.0,201.9512780145713
234.0,218.2120191552315
233.0,221.63216317450818
235.0,221.87624567505156
240.0,222.27510518349635
244.0,222.15629605360797
251.0,221.8786076886481
257.0,219.82450143957877
251.0,218.10934554291222
244.0,222.25294411912225
240.0,225.75689201235414
238.0,228.91960591116424
233.0,240.70093918152284
228.0,242.56230888168733
223.0,231.7932071933304
218.0,222.54912153054798
215.0,220.27569982866154
215.0,219.752170873552
214.0,213.0336112522288
216.0,208.99990994334823
223.0,204.58750567625225
234.0,202.20707555374713
244.0,195.75883771469745
253.0,198.02374657050996
259.0,198.48345729345175
266.0,203.46322015141394
270.0,222.07938397582996
273.0,230.86307297310026
274.0,241.3265484325926
273.0,248.72301409756628
270.0,242.87346695913467
262.0,252.51494085999346
258.0,254.4317020089541
254.0,258.91610759980307
220.0,258.5234297000306
217.0,258.91632713710555
221.0,252.1982930661061
219.0,233.95601351140434
213.0,235.90266382552724
205.0,234.23762828987813
194.0,182.46664669045558
181.0,175.59352308183247
171.0,192.3427116540588
164.0,192.28351186614915
159.0,185.244391100407
154.0,170.05317893510897
149.0,153.85691730459095
146.0,137.9910688596898
138.0,125.40524390576932
131.0,132.4243203017631
130.0,133.0828593482843
128.0,125.7092539662087
129.0,117.20091489134839
129.0,120.39169422623242
128.0,113.43307847412096
129.0,112.8532994812581
129.0,117.14612707149512
131.0,120.4168298198303
132.0,126.37105472450598
132.0,127.28733713719707
133.0,125.76184644216657
134.0,126.97865889161116
135.0,130.99306138354922
136.0,136.60625519562143
135.0,134.24767379112188
134.0,132.72031982212124
135.0,135.38233435587276
135.0,138.6383026042277
136.0,140.80598587680367
139.0,142.83387699481807
140.0,141.96494694830798
140.0,139.67446899445332
141.0,141.94076232320435
142.0,140.73185968038672
145.0,139.55878673760415
149.0,150.649843349603
151.0,150.09124578262131
153.0,147.14059896298488
156.0,146.62349313574632
156.0,144.06882340234102
153.0,148.5199036786946
149.0,158.3881467827343
145.0,159.17595543231627
143.0,155.60986116231473
140.0,159.2754720901434
139.0,157.95382836122445
139.0,152.06400073902628
153.0,175.59394769399367
150.0,175.59394769399367
155.0,175.59394769399367
159.0,175.59394769399367
164.0,175.59394769399367
166.0,196.65078020755217
165.0,156.24872106811367
162.0,152.3798657932016
156.0,155.5132015216907
149.0,160.20823047581874
143.0,166.93029495555564
148.0,164.73559324285137
144.0,161.33420861246907
137.0,155.3951646893929
141.0,151.41935363268516
140.0,140.4014969897724
140.0,138.60420963636392
140.0,145.03639437119944
137.0,141.5902647381911
134.0,130.1470399647227
132.0,141.07544360385816
130.0,137.42917052027795
128.0,137.54399244003758
125.0,138.25382393356753
122.0,135.25041054161085
121.0,131.38624480751884
117.0,126.605557527362
112.0,125.80863020384876
111.0,125.25784734257887
113.0,119.6344192051352
113.0,116.50074536485741
111.0,114.91045905442483
109.0,109.21033635928715
109.0,102.44825911948769
109.0,102.21247404841222
109.0,107.29349291934285
112.0,110.31071130015911
114.0,107.28720722582726
114.0,106.66797752641409
121.0,108.19421657684295
139.0,109.15403237949359
152.0,113.4728969191441
166.0,115.18360151187166
163.0,123.18296651965237
172.0,121.53270693473529
183.0,131.10403356461208
194.0,155.0330051028127
209.0,172.05716939293183
221.0,190.0324222105684
223.0,172.50226138763998
203.0,189.113138005005
206.0,210.62183597728497
210.0,221.4383198586025
212.0,237.6145706682668
210.0,243.15977109995282
211.0,234.0261333064548
214.0,189.0987665128535
214.0,189.90600615465073
215.0,191.4555494733693
215.0,196.80922819085052
211.0,184.3518700065321
209.0,188.69928378900164
209.0,203.38599244167625
203.0,200.36848338632043
201.0,202.03789601256787
199.0,204.40265405356672
199.0,194.6003962247133
203.0,180.6111771112133
205.0,182.49528445339502
204.0,169.75155260678017
207.0,169.56553829121663
209.0,166.38274383793927
213.0,171.06702671069647
216.0,185.45105730178543
217.0,190.5124829930937
221.0,195.26446157989525
228.0,203.33463004730413
232.0,204.54906159796093
234.0,210.83408234633657
243.0,212.87926749030368
253.0,209.4571600340942
262.0,211.22470123956714
267.0,216.3145130134607
267.0,223.00983981809597
263.0,222.53704343498023
268.0,233.95481984838102
275.0,241.1064854738825
283.0,244.4084261773369
291.0,258.47053647097295
295.0,258.02358494438664
301.0,248.0127111027993
304.0,257.65168606922873
306.0,268.8696402793091
305.0,283.335789951841
303.0,298.85362864797196
297.0,304.3080868533588
290.0,310.17664077696776
287.0,308.16772986767035
279.0,307.82376046840193
268.0,307.8807211030593
266.0,303.80025236617047
265.0,296.02995661895284
277.0,275.9507114904373
276.0,274.16311879403145
276.0,263.4851901646913
275.0,246.67885776431416
273.0,244.30057635693748
271.0,248.51923915814092
269.0,263.9966682254061
270.0,264.9801439122452
268.0,264.2663992657945
263.0,268.65419441685094
263.0,267.37696971517397
258.0,260.19278021395417
248.0,255.25543602484973
239.0,256.7578601843786
232.0,255.85585652024778
237.0,251.1984650892063
237.0,246.92335952462454
232.0,240.022079531898
225.0,221.13194028859186
222.0,211.4256567464296
217.0,202.16003218590467
210.0,218.9141609794602
212.0,220.22599362785027
217.0,211.09720511152943
221.0,204.34558226678433
223.0,201.5666068581663
219.0,194.58576185573892
213.0,191.93442076735013
208.0,197.83332479719732
202.0,201.32777014680158
202.0,206.45667105323466
201.0,212.41608556744322
200.0,208.30808717918998
200.0,201.22351096499938
199.0,187.1364382426402
195.0,180.61221424574381
190.0,186.60864993251937
190.0,187.35830274730188
186.0,184.47250579431778
181.0,189.68381937446776
183.0,187.90510357832989
182.0,185.50873470347202
184.0,180.23766798754926
187.0,181.72060506694083
195.0,173.25019471013212
202.0,163.78907918156773
210.0,169.78245135941367
216.0,166.7229378592514
220.0,169.44242302838384
221.0,173.90978610285867
222.0,190.16839496729673
223.0,196.30296271807728
225.0,204.79358271854053
227.0,207.81866886469277
232.0,207.54589657701885
231.0,211.97132064157975
231.0,206.4504047742364
229.0,204.27599705877446
227.0,208.37656681883078
228.0,211.76216681812326
228.0,222.14575901595174
223.0,221.7147077886376
217.0,220.60811307298252
212.0,219.96114630479616
207.0,213.11734712475854
204.0,215.9600151763179
202.0,208.45143216632064
201.0,196.34299858820978
200.0,186.42122082419664
199.0,184.76147821329258
198.0,181.3960454601097
195.0,175.43807934223236
192.0,178.82397597733046
188.0,182.0751074291835
186.0,182.82521312355436
182.0,181.81534698468712
180.0,182.6389775382156
175.0,180.96418082315517
168.0,177.07846391717933
163.0,175.7259373557669
159.0,172.43301016488505
155.0,164.63354013836215
151.0,163.52180801060396
149.0,153.52371368555688
151.0,145.8929912217076
151.0,141.74173253178054
145.0,140.00426356601363
138.0,135.12694026078108
132.0,131.14161155037792
127.0,129.47623102761187
123.0,140.783479135066
119.0,143.33325054471842
118.0,130.6538751980085
122.0,123.74446816318773
122.0,117.00254978392366
117.0,114.45858663958667
115.0,106.48965053308284
114.0,100.41233383903773
115.0,98.83561203276282
118.0,111.84381693198117
122.0,109.95956680267581
120.0,102.7439545481255
119.0,101.779802462589
123.0,106.06947451362895
129.0,108.93026981193135
127.0,114.56815411529456
126.0,124.59906814425034
118.0,121.20552696213413
115.0,120.41419550720346
116.0,125.51694400550126
116.0,139.84236702605864
116.0,131.02101382029588
117.0,128.53675089952185
116.0,114.71852873956689
116.0,112.13650219175025
115.0,114.37502119382877
114.0,114.25186349769348
113.0,114.7918218502411
118.0,116.72266282069803
119.0,113.80850070438633
116.0,116.83018255384003
114.0,115.89167549123324
108.0,115.00944146656808
105.0,113.28745139823563
111.0,121.19951940254224
111.0,123.6246465367992
109.0,117.75519031208351
107.0,116.72419495799659
102.0,107.38812661495828
97.0,103.49701428934729
99.0,114.04322934119435
101.0,114.47513944012589
108.0,110.10468567230416
112.0,106.99313094022273
111.0,100.0760999641499
110.0,95.5805808775569
109.0,97.75848710885519
109.0,101.14752182488171
109.0,117.58644713095863
109.0,118.88752692483546
110.0,114.81507390129839
109.0,114.28733925997051
109.0,114.09410435115211
117.0,114.25316320462767
117.0,112.54297755036275
118.0,110.99615956949447
118.0,113.9815211797507
116.0,112.45050195677935
108.0,112.36962732733576
115.0,127.60853516491801
121.0,124.58337841549971
125.0,123.43262296541896
128.0,122.95240154932829
127.0,121.35617624005761
125.0,110.64873939615701
129.0,118.58634264039036
133.0,131.97920479143343
135.0,132.66715698543976
134.0,137.92107834079965
130.0,132.574188440462
131.0,128.61628848555367
132.0,136.16971384968326
133.0,140.78906638581424
133.0,141.94462344954107
137.0,138.80881668876668
136.0,133.8251856718212
134.0,135.27861100012507
133.0,135.63386012250226
134.0,135.77044431370177
138.0,133.71712865768822
144.0,143.602776148111
145.0,141.17343340396292
142.0,138.4520069470852
143.0,135.97786267577848
143.0,137.52164776877908
144.0,145.26173181539562
147.0,155.78241134476914
148.0,153.74482361150845
148.0,148.27985795031395
149.0,149.88519769760396
153.0,149.70409836689333
156.0,151.22034567049386
156.0,155.2922653021846
151.0,153.26637654293816
150.0,151.0518687072783
147.0,152.8227559822488
152.0,159.76673801091252
159.0,179.69576542609101
165.0,178.3973739642353
172.0,178.4735841970646
179.0,168.94615068523757
183.0,157.54559600502765
186.0,168.9131606875597
188.0,177.69420282575294
190.0,186.85542779298228
191.0,189.13834562374404
193.0,197.63467230655502
192.0,202.48225925537363
192.0,196.69666761722925
190.0,196.86330855135446
188.0,198.46274754798017
185.0,196.47041207729998
176.0,201.75128299619587
168.0,193.75317410963268
164.0,193.56576493836874
168.0,192.53455044176044
168.0,180.8501431725877
170.0,177.12114787048495
173.0,165.69103935049446
169.0,150.96057397776318
169.0,146.16041458939412
172.0,157.2393390123574
176.0,158.6572589333173
179.0,158.7442321553524
182.0,169.9932597742583
184.0,165.8440714172501
184.0,167.45607190316304
184.0,171.9291526473822
185.0,180.26089765482172
188.0,183.49755836548007
191.0,187.5693519417559
191.0,190.09392304006658
185.0,188.46258586178402
181.0,186.77178470430275
183.0,189.93996945281378
183.0,191.09037257576026
185.0,196.830010233417
185.0,195.26237996697182
187.0,181.81164275228383
188.0,174.86741580951858
188.0,182.62588104603873
187.0,182.79607724555274
189.0,184.8398563379737
194.0,184.12479917000238
204.0,193.72401424988897
196.0,195.19947587601632
198.0,194.6407492205873
198.0,193.50665376556478
197.0,201.48918067013292
196.0,210.8453839253258
195.0,220.5762508855331
196.0,201.7961520566301
193.0,206.9565673056664
192.0,206.22908534078869
181.0,201.00583117995174
171.0,196.8811064034198
177.0,191.07311054421262
174.0,193.36831566760503
174.0,189.1263419582229
173.0,186.12586382343804
173.0,166.10117738302068
175.0,148.59724424621604
177.0,167.74464141194144
179.0,167.36148216907952
182.0,171.2660585100989
182.0,167.47051295789475
176.0,168.41039640477968
178.0,179.26137937389112
180.0,174.81220030395656
174.0,179.855523414295
171.0,186.2498316173226
170.0,180.88860778516303
175.0,169.93182786480682
175.0,172.42875578239398
182.0,181.0273641118776
186.0,169.59747095850983
188.0,165.21047022058667
189.0,163.53119424510365
185.0,178.23974950626715
178.0,179.77424226113118
180.0,192.81935906922402
176.0,197.9278436700903
176.0,196.3943107517529
176.0,193.92979852287397
172.0,186.81505603532335
179.0,174.2002513784946
183.0,179.51255394246581
186.0,172.61781623699125
189.0,173.21113223638474
190.0,173.62962753727163
190.0,164.93275629485674
188.0,180.75846427271597
186.0,194.07020196549638
184.0,194.28717490115233
181.0,195.59670295825777
180.0,197.60675233082682
178.0,196.54843884485527
176.0,191.7537310675317
175.0,188.5163433454971
174.0,186.5254381533103
172.0,180.65903356985302
173.0,180.16825742551077
173.0,178.09203602438566
174.0,175.29653866956676
174.0,175.05873374261967
174.0,173.72269684737915
178.0,168.38676450762264
174.0,171.84045637138172
177.0,172.79981120099535
181.0,176.51826559008816
178.0,176.92582756077056
180.0,176.5206906949353
172.0,183.6648231107869
170.0,174.55882155167606
171.0,178.6843110518742
174.0,189.15158334010584
171.0,181.69685883347637
167.0,182.40764161132876
163.0,168.01352541746226
160.0,166.0277149477222
155.0,169.97817581158992
148.0,176.8060967939277
141.0,171.0031962675184
136.0,161.66460750316728
141.0,158.76745180458587
143.0,158.58397300926833
142.0,149.76096397291317
142.0,135.77638306037522
140.0,130.87150076426877
138.0,121.65641553916477
139.0,132.21868738741674
144.0,138.70305527984524
146.0,139.57273232917692
149.0,139.94360563098596
151.0,149.69432518751285
150.0,146.76552726716255
149.0,143.58983655634958
148.0,157.90997347771065
146.0,159.13767862484403
145.0,156.48703759581383
146.0,156.83125284652365
147.0,153.8902796728653
148.0,144.40479930875912
150.0,142.1219280183253
151.0,141.80251508119386
153.0,139.4050632706392
155.0,142.05345195479677
156.0,144.28772679598197
157.0,147.0621172047005
159.0,153.3023390957826
160.0,154.11912834836505
161.0,155.53961340508107
164.0,156.32746417080224
170.0,157.8419961775919
175.0,157.90973458057954
182.0,161.75129676116507
191.0,162.91204589047013
195.0,165.00267727423963
196.0,166.69583015587105
196.0,172.823275071324
189.0,183.1496931344356
200.0,187.59959745407494
200.0,196.17036195573556
192.0,197.37957406955863
184.0,190.68218392251114
175.0,180.12355989542678
168.0,161.83690957441308
158.0,187.1292168235465
149.0,188.38607725250375
142.0,169.1296912258192
136.0,163.15883057260692
131.0,147.61752101551843
127.0,134.80401723713092
124.0,115.08409250257978
120.0,110.02090147152171
115.0,106.79974843409072
111.0,105.58315465485941
107.0,104.89308910513394
103.0,103.48020947759304
100.0,103.32037619899974
100.0,99.94030693559702
102.0,96.6894692124947
101.0,95.38628509319227
97.0,93.20795391421495
94.0,90.11713363850875
92.0,88.86497706921378
90.0,90.522893162291
86.0,94.41862010269064
87.0,93.38986221296057
86.0,89.91568308099866
81.0,88.22528427019554
81.0,86.7609576929073
88.0,86.18137696642768
88.0,82.22502204541834
88.0,84.2000536257641
87.0,83.79971466146337
80.0,77.2753048301226
78.0,77.3389706426611
78.0,93.66041428940834
82.0,92.71781003704194
86.0,91.98363526518088
88.0,88.56731574227155
90.0,80.86780105250135
89.0,78.74609303770043
89.0,78.86652229110543
89.0,83.19302267236041
87.0,90.42998681003353
84.0,96.91908161337287
86.0,100.22090997984407
87.0,94.91798690119256
92.0,95.16401863536268
95.0,94.44547200873681
96.0,89.77327978427238
98.0,84.33703653944286
107.0,88.21891024092713
122.0,88.14944488579386
117.0,101.48273956710236
122.0,103.26102043206325
129.0,101.52647452127387
137.0,102.83140627718207
146.0,118.18685453905807
153.0,144.3417758565197
163.0,127.57801969725416
171.0,129.9874786972091
176.0,143.94979996068525
180.0,150.80571046059222
183.0,161.6806734813819
186.0,167.80498568796204
192.0,188.68482904745315
190.0,192.22112298157487
189.0,194.6613679055044
189.0,191.76838014658543
188.0,194.8810807775074
192.0,180.38967332031365
190.0,184.13190173868205
187.0,176.43545440336732
184.0,167.57295339664978
182.0,168.48730972356086
184.0,172.37410842664562
187.0,180.96500017952613
184.0,172.55034423060917
180.0,169.688071743012
176.0,167.69371020911285
170.0,163.42405626478788
168.0,174.08722253340972
166.0,176.16272246472002
171.0,173.43147793673367
170.0,161.3588558748668
164.0,153.5165722035933
166.0,151.83071103203517
164.0,154.07930868101798
162.0,152.7981206646801
161.0,166.65400293357035
159.0,162.16344207394795
155.0,149.34211032322528
153.0,157.2959659477165
151.0,155.86051414308554
150.0,155.2361165165977
157.0,157.03581648222342
170.0,155.16362294270036
174.0,149.9855481105266
177.0,146.26668570240267
179.0,161.3215307125056
180.0,160.62660229794596
177.0,167.52268393114494
170.0,177.6245180013877
165.0,181.48869679231956
159.0,181.0746711223728
153.0,180.46952861692
155.0,176.64862563427744
155.0,168.05606959598776
154.0,162.24773250081373
151.0,156.21203803831426
147.0,153.4055440547395
144.0,139.5233370270779
145.0,145.04071507319642
141.0,143.6230868624047
135.0,149.15083476326222
136.0,145.83880676951784
137.0,143.4879416911849
137.0,144.05069351012133
140.0,147.59280891198742
141.0,141.30859335918478
143.0,132.69314257646923
146.0,133.45178981565684
149.0,134.93311510756976
152.0,135.6556572535478
153.0,142.09368441462618
152.0,143.9397737078123
151.0,143.86460217265093
153.0,148.9857035709484
154.0,151.59807772687498
154.0,155.2118890802534
161.0,152.28776106036682
167.0,150.23241747669678
166.0,150.61659631147754
167.0,151.55467726528641
168.0,152.21080800848048
167.0,151.95792369154262
169.0,163.2489076164351
171.0,173.28821555907987
176.0,167.00765496432956
178.0,167.49378123315262
180.0,171.39463327635667
183.0,167.88746050302575
187.0,171.9462087835292
190.0,176.35893882782293
188.0,184.49718355159894
189.0,185.67972646713764
193.0,184.48613354137075
197.0,192.31421211454185
200.0,194.4918353121836
204.0,199.27875599586767
206.0,191.99074982958984
206.0,191.95662189065396
208.0,200.72794368990117
212.0,205.35883170146468
212.0,209.66316068425948
218.0,209.5151957960692
221.0,210.68301438327194
225.0,207.70732987055098
222.0,208.8127046289318
229.0,215.93538003857512
234.0,213.6133642573224
231.0,223.25118035277248
221.0,224.5815707306983
214.0,230.0652361085581
210.0,222.52954128243212
209.0,230.5920403933863
211.0,231.47485660458491
213.0,224.01415719920018
217.0,204.52221375315028
214.0,180.40901169763094
217.0,183.13532324284756
226.0,183.53665343870534
235.0,194.17584069710625
245.0,197.1180979852165
256.0,200.05020873217873
258.0,201.54458754675014
257.0,209.0890117225615
255.0,220.15738549568246
254.0,233.5778681162685
253.0,240.22472512758497
249.0,245.55574679923777
242.0,242.9636408847938
235.0,238.21341290840692
228.0,237.0531907801833
222.0,236.34260428056825
213.0,233.44667928028971
209.0,227.68266122434807
203.0,224.12524671448813
199.0,216.0085090654299
197.0,202.52916058642094
192.0,199.3743709497924
188.0,185.25972129339135
188.0,183.5428447325382
190.0,173.03821884603204
191.0,169.56707537475748
190.0,167.9431393894903
186.0,161.96468133073446
177.0,161.4273090782985
178.0,165.25672740169105
178.0,166.1052381678679
177.0,170.79089718104666
176.0,172.0674160159191
172.0,169.6270641080922
170.0,156.85178148870125
169.0,162.50792101717929
167.0,165.46782606281667
167.0,164.98314207384212
166.0,164.7881091203445
166.0,155.94911748103598
168.0,154.18415045892476
174.0,155.12902559978204
179.0,152.49146769871584
179.0,155.5600190857931
180.0,154.72605173069786
181.0,155.63404715279543
183.0,160.69337926138388
186.0,179.98333810057838
189.0,187.71997461785463
193.0,184.30851580428444
204.0,182.0117904184545
209.0,181.85692698613335
183.0,188.573118196313
183.0,192.0747739523347
182.0,194.5560908562607
182.0,202.3798251882251
182.0,215.13114171304497
177.0,218.48830948979196
174.0,173.0340749371674
173.0,175.948095040049
171.0,174.51680214922507
167.0,171.47761222067305
159.0,171.65815351544848
152.0,163.06395602908304
149.0,160.3376369031214
148.0,157.34406369637466
146.0,155.08295222154243
143.0,150.17061929887328
140.0,133.47569314426084
138.0,128.24940969306337
136.0,125.76288733720176
135.0,129.18123805211243
134.0,132.7883073968825
133.0,130.69398049565507
133.0,124.20155694453987
132.0,124.42110395069598
132.0,127.95675395706466
133.0,131.6752750211192
134.0,131.30181517475307
134.0,129.30635584693462
133.0,129.9244314341972
132.0,128.54751765963374
136.0,129.61780168357643
138.0,134.83922826566726
139.0,137.90822521587157
140.0,137.1207526723722
144.0,135.7051267705643
147.0,132.18712051516084
151.0,142.35873429123563
155.0,146.01123906895484
159.0,147.1809936536344
162.0,146.21498408211065
164.0,150.41555152324165
178.0,153.12672959812468
182.0,158.21976537931627
185.0,162.4670597732233
187.0,168.4732098288805
189.0,177.1180211331857
190.0,177.8352718926943
192.0,192.83262627114152
193.0,194.40776359587196
194.0,189.28178802271654
195.0,181.0894467376202
195.0,181.52294005165047
194.0,195.94855555848028
198.0,199.7870864027085
200.0,202.99420143901324
203.0,204.26722471674375
207.0,205.92686185842823
209.0,203.5742983917361
209.0,200.4558024402769
206.0,208.51159923854786
201.0,204.2687738090589
195.0,201.8520175059356
188.0,206.22581684194108
182.0,206.10175033922985
175.0,200.32047408068732
166.0,191.87510882030648
160.0,180.63870796809988
157.0,168.56780250880115
153.0,166.8461088877482
147.0,158.28140078967462
143.0,147.34327781484455
144.0,130.6432216478385
143.0,127.03658149506963
142.0,127.55906250813139
140.0,123.42383096694456
144.0,120.461441400079
145.0,119.71764344021945
142.0,123.74576513611096
138.0,123.95731528505648
136.0,124.9504921459991
134.0,129.0175882382394
132.0,138.88440662447485
131.0,143.83374047215153
130.0,134.8599960880775
130.0,128.55313414851784
128.0,128.86193921300142
128.0,126.59689854738552
133.0,124.30621526343631
136.0,123.85202414309501
135.0,122.02953972059264
135.0,122.2989809780419
134.0,121.43339731567552
131.0,123.76103447252868
131.0,137.16866744244774
132.0,140.4424200954316
134.0,138.53843162965168
132.0,136.84866643763255
133.0,135.51038738192617
136.0,132.06641306740485
139.0,126.57461163733393
139.0,128.97416835201608
141.0,136.16622804672318
145.0,128.7601954669626
145.0,134.74792449474478
141.0,140.16526165326457
140.0,144.5263001807171
142.0,143.08570155638012
142.0,148.48368451855245
146.0,153.66760779356883
152.0,151.40418852236283
154.0,145.9766628272073
163.0,141.92145999311748
170.0,148.43631293592398
175.0,147.6118087087024
180.0,155.50253790802415
180.0,163.6002349619576
179.0,161.15051156205297
182.0,176.00649436818952
185.0,182.24576735614562
187.0,188.66543082459438
193.0,192.10629431968098
195.0,187.27373713333236
196.0,180.44134146698744
197.0,186.06009111874013
198.0,192.94955285929413
199.0,193.97498283083695
201.0,203.19677702209142
198.0,206.2513746979712
197.0,204.2056225865785
202.0,202.58247852850448
209.0,205.56905413307354
214.0,206.70446985695125
220.0,208.28039341845334
223.0,203.88902889147707
224.0,199.37663844182163
225.0,206.23277226096593
228.0,216.0112842624703
230.0,220.1087016488638
230.0,227.5952543110914
230.0,229.05039528806546
233.0,227.74279894645997
235.0,231.19358305590745
236.0,233.31374955293697
238.0,236.68920594621548
240.0,235.80005472520787
241.0,234.62804756842291
243.0,235.9692405156159
246.0,239.68416164760023
250.0,238.49514499440704
254.0,241.56337787104647
257.0,243.0126496377733
258.0,244.60883565215303
254.0,246.4702131800449
246.0,249.31821832894187
238.0,254.4163830761402
232.0,252.1166149683076
230.0,249.92506658529993
224.0,244.24083063286682
226.0,239.48292724810906
223.0,228.76384860363396
218.0,225.63133991740486
207.0,216.79902525379504
201.0,214.82580394626814
193.0,207.19694286277397
189.0,209.11156422012883
185.0,205.3072308922783
181.0,200.87414288492633
174.0,181.21096234993456
161.0,171.2790674770629
166.0,162.5240980143232
163.0,160.59650320154654
157.0,157.37636887367336
148.0,155.73043456003091
152.0,149.6803821223379
155.0,135.89850161464875
157.0,144.69146877711657
157.0,149.32784102630805
155.0,139.130954738841
157.0,124.58897122402516
160.0,137.22459489930674
163.0,152.89183173068525
169.0,153.05130888987978
172.0,151.14138239548646
178.0,144.532193373743
180.0,154.11491098947863
185.0,158.0921137968291
194.0,158.73736032835956
202.0,165.81981101290103
211.0,170.25383480553137
221.0,178.2918124889578
227.0,174.1676494751852
235.0,182.1613076857263
245.0,194.23501688674122
255.0,203.2086380622714
265.0,221.3962249759778
271.0,225.6264774513623
274.0,222.85722289999882
284.0,230.89642658830658
293.0,235.72049176643566
301.0,242.12916751021783
300.0,255.32936756905082
303.0,258.1804923833664
312.0,260.634855768068
313.0,279.2104054259908
306.0,295.94141651938196
309.0,305.5603626919235
304.0,309.8357214298739
300.0,316.3902679950269
297.0,314.93185231216376
291.0,314.3996310331269
285.0,309.6525934351823
278.0,315.50056653503975
272.0,308.0153614566132
264.0,291.7515016444917
257.0,291.2318283319223
254.0,282.87240376202914
249.0,275.27895227775844
245.0,267.51107056776306
238.0,254.74403110995078
230.0,245.94759207849972
220.0,227.6421168307412
213.0,226.51072317242847
206.0,219.06296743776636
200.0,214.9970626963534
196.0,207.05739470268114
184.0,195.925739164106
180.0,192.59295760785545
159.0,185.442013734694
154.0,181.59819724443312
149.0,173.73746366314646
142.0,162.58693784977788
146.0,151.59846665097
135.0,149.90266492010664
123.0,129.4134507319352
120.0,133.99224204488377
124.0,121.79668148623466
129.0,119.55749436228201
138.0,138.80041371453916
149.0,122.90614247924108
161.0,110.5033892741668
173.0,110.58627347816768
183.0,119.32930008353611
188.0,132.94189828679868
194.0,145.35423325208646
199.0,171.90838387604842
204.0,171.50213472057848
218.0,179.53797599310116
225.0,178.70091969148524
224.0,198.53789617151412
225.0,208.6339616416596
230.0,212.59465399293717
226.0,204.1700208449089
218.0,231.61968328102236
211.0,234.25158673526383
206.0,224.23399256346462
200.0,223.2458621736115
195.0,236.33028638452163
192.0,219.97314155699826
190.0,197.49608614704445
193.0,178.47553429747026
196.0,173.73044493708156
194.0,167.47455792492912
189.0,163.15277678923064
185.0,158.28437474815095
187.0,157.48252091650008
189.0,166.4895595891677
189.0,174.10361750460513
188.0,169.89142861132675
190.0,164.1606743082081
192.0,161.2771942425121
191.0,173.9790579011538
191.0,179.65337901981616
184.0,178.42771023702082
180.0,178.3210243704602
180.0,184.81532301281158
181.0,187.61225708157053
179.0,186.93870479450868
178.0,188.68502724643324
180.0,176.87984647775104
180.0,170.48257213406987
181.0,173.54665918102572
181.0,174.74063554775393
184.0,174.3309980297155
186.0,172.73802523097876
188.0,178.22088387696803
194.0,178.8231241606415
199.0,178.96194324850265
203.0,178.82373406303626
206.0,189.56175767028878
207.0,190.0083686840154
209.0,192.19520637074484
210.0,201.10132712844072
210.0,209.33453408358926
205.0,211.2391884523337
197.0,214.9494478045106
187.0,212.42189348225475
179.0,212.78000185711556
169.0,213.86880072421727
157.0,213.82478210172755
144.0,201.14411534641258
130.0,183.6248547778025
117.0,178.33720153845832
106.0,163.7849170076507
95.0,146.7136986388054
87.0,136.06376752851185
80.0,117.61646295264144
75.0,103.01322830154024
71.0,92.15155776265054
71.0,88.14253982446462
75.0,86.29711248594298
81.0,75.94073538818171
85.0,71.80395700913179
89.0,70.72121407301921
87.0,71.56285738041694
82.0,73.83918638511422
76.0,80.09645394521482
72.0,93.73986086928721
68.0,99.23833098588273
65.0,107.09773634448197
64.0,91.9069911252469
62.0,82.58338823783662
62.0,79.86339622676921
64.0,77.12126138619575
66.0,75.24965967611995
68.0,74.08621848820206
65.0,75.38599677405477
66.0,73.53602257339512
72.0,72.32736612580105
72.0,75.62278681684627
74.0,76.18123076120452
78.0,82.2801371179455
91.0,78.82461596785205
106.0,79.79844626418134
116.0,91.11301025108556
125.0,89.8166171358273
127.0,89.27598056224171
126.0,96.70801023599894
122.0,119.52965578177873
118.0,134.96047947456887
113.0,146.81753228672582
110.0,153.05675594917304
111.0,149.84679928325716
113.0,137.06104445456415
114.0,128.03945077885786
115.0,123.7084598150817
115.0,112.11865816696485
113.0,109.04980671666094
114.0,111.01735436933113
113.0,115.8061103508662
100.0,117.84421566195154
100.0,117.1854436269375
101.0,123.1349477658678
104.0,126.71834541807948
107.0,129.60554908567173
111.0,121.51303045081403
114.0,100.087195581806
107.0,100.73647502446961
102.0,102.00141530092588
108.0,105.57383965073336
111.0,113.53438078658282
118.0,116.09525505706286
123.0,124.73674900966438
127.0,111.14043672939923
130.0,102.22904242468539
132.0,114.17713914397193
134.0,117.56188450788915
139.0,125.94118574235212
144.0,132.79486738639835
143.0,138.15022596121437
142.0,139.41238246395807
143.0,136.42715576907267
144.0,137.6181653183192
146.0,142.76430250234134
148.0,149.85049685399864
151.0,144.41302521835684
155.0,142.23618426252008
154.0,144.6554804347185
153.0,147.25503732391076
152.0,151.14552667727534
154.0,154.1517236499033
156.0,153.3516991089992
166.0,159.99857205643352
175.0,153.2815802626039
182.0,149.91015906079576
185.0,147.20212894768088
184.0,151.3222012404482
185.0,156.65325443790036
186.0,176.87318867103855
185.0,186.60277323092427
188.0,193.69248974296468
189.0,195.94511521239957
191.0,190.84436870751153
196.0,191.8841282345992
196.0,193.38090254494176
192.0,191.0332971977208
194.0,195.25211105870227
199.0,194.9426677934455
202.0,197.80349329755427
206.0,206.27471565165527
206.0,203.53480522177438
207.0,195.99749138803134
211.0,200.86847888541766
213.0,209.933679182042
210.0,212.1587447719609
211.0,215.61639941609616
212.0,208.84306072572792
209.0,205.98197513485593
206.0,212.29649688979208
204.0,213.04252184394215
202.0,206.89594967166573
201.0,209.12626898224434
200.0,210.60414647307013
198.0,204.68152217032227
197.0,192.58371009227375
195.0,185.29384908013097
193.0,185.83704922061497
191.0,188.6046126375764
190.0,187.94583077568777
189.0,187.106709580043
188.0,184.6131915704826
185.0,182.8860901456898
181.0,182.11764379987383
182.0,180.3107481504176
181.0,181.7569007935503
179.0,181.36946608991371
177.0,182.31351781221287
176.0,176.96584446660466
176.0,172.93092345585222
175.0,174.6158714141193
175.0,176.11878102851148
177.0,173.84787518479294
178.0,169.53130366540208
176.0,169.72222095291767
174.0,170.02401260214262
174.0,170.02671989406517
174.0,173.59062582745364
172.0,176.38304970618057
172.0,179.97507514375542
171.0,174.1781612024584
171.0,170.62502640623362
169.0,172.8041981696162
169.0,174.3282578088753
168.0,168.01362575012158
167.0,168.10396630192676
166.0,168.01917756247482
163.0,169.53716162873664
157.0,165.64064495259365
149.0,166.25589282091516
140.0,165.26740866368797
123.0,165.46259393543681
139.0,181.50040888531754
148.0,180.48445107805074
143.0,177.66083746202645
140.0,169.1599302178576
134.0,167.0709233360054
143.0,129.91177635645897
154.0,162.23308231975676
150.0,176.14764685936862
156.0,166.10910431551108
146.0,154.0188549181764
149.0,134.1497475460548
147.0,158.91379346372116
129.0,180.31835829767022
124.0,165.68752176754862
129.0,154.6425742490031
142.0,140.21500903269617
151.0,144.71132870061015
156.0,149.2710727078863
160.0,125.88517753330834
160.0,123.67986262724604
161.0,135.16809035879453
145.0,154.8178190960915
125.0,177.93044968646203
111.0,171.5230160208148
118.0,168.05834085388352
132.0,163.53592034123048
134.0,156.68228135484236
125.0,137.4559950585825
120.0,117.12646292477551
115.0,109.23407426141608
113.0,113.25825164984228
111.0,138.35088264606716
124.0,134.02578364844967
135.0,114.82729781541026
137.0,110.48175139789113
133.0,115.38935690955718
142.0,104.72417638559041
148.0,106.98315168762484
149.0,127.34013799675664
143.0,146.54352803377105
137.0,141.05082649474215
135.0,132.97220430139652
133.0,149.157716220258
125.0,153.81025615486456
117.0,150.6161927437066
115.0,140.18528652925235
112.0,131.91412565396226
108.0,133.79083338195508
103.0,128.0070245779107
97.08249355349226,115.66285955071628
90.9247455583149,107.21747600725512
85.30462478398009,103.78465014980262
81.0,102.41697054841055
77.0,101.91403858099589
70.0,96.08187557280307
69.0,90.69025237100867
70.0,85.74249088826396
75.0,82.08126238294653
79.0,81.37750763583824
80.0,80.55840105119725
85.0,78.5734193478541
91.0,79.66102619490549
93.0,78.29056924187203
102.0,86.2478165622775
109.0,95.59651303550321
115.0,91.76757883286517
120.0,97.27816671206963
127.0,111.28078518373367
127.0,122.2072007438149
129.0,135.75898515606693
136.0,136.85503669070744
144.0,139.0257080223677
150.0,142.26665209050503
152.0,151.00088865304565
154.0,137.27662997312578
157.0,138.47792941473253
159.0,148.34981929578657
159.0,159.14547798220457
158.0,165.61510672273002
153.0,157.14845361630663
150.0,150.73140638339262
145.0,157.6620889145549
139.0,160.4020011261612
136.0,157.85800815104574
133.0,155.500645233703
131.0,145.41542846092486
130.0,139.9717482300411
126.0,135.87185675002013
122.0,130.74619320328046
116.0,130.50397645993107
114.0,129.1131563353431
114.0,125.08563894509963
108.0,122.872836310272
109.0,117.94740652253763
112.0,114.03584132649378
117.0,105.87586965321105
123.0,106.26808580488948
128.0,108.00091895500996
129.0,100.66106310559778
126.0,104.22512946046791
125.0,109.53479122684833
123.0,120.08998006990947
120.0,130.14539816269672
114.0,139.23882182750674
108.0,135.31493710202545
116.0,126.12163457881589
121.0,124.39162983524871
121.0,122.2122728546116
119.0,115.49796316436736
120.0,110.23703001487361
122.0,104.43919313574841
123.0,117.69328683252014
122.0,123.26712760152245
117.0,120.40454403201657
114.0,119.48301060471141
119.0,122.5921447280601
122.0,124.36253684770207
122.0,125.40394467085795
121.0,123.09756731156651
119.0,115.87472279821102
120.0,114.62122877301108
119.0,123.60290583909338
119.0,126.25669450967472
118.0,123.51238233505362
115.0,121.66934835129274
112.0,121.61705694306652
112.0,122.56094288477082
114.0,119.49816484120106
114.0,117.67190437075844
114.0,116.70384776000115
114.0,114.76129547035949
117.0,110.8184575428935
122.0,111.12560255717649
124.0,115.72402325593333
122.0,115.66068897761197
125.0,115.03518775700034
132.0,117.27778884684282
138.0,122.03276128325045
147.0,128.90726450980642
144.0,128.3404661329877
146.0,124.93984026147646
148.0,127.62207468034596
152.0,139.10819592078985
156.0,147.00042901488828
159.0,159.32057318628299
159.0,149.67566693844228
160.0,149.88544214970443
163.0,152.13320269081103
168.0,156.4209913936885
166.0,164.37250661014994
167.0,168.01587223802596
174.0,165.1466310867428
172.0,167.00435312124608
173.0,170.72050262994708
179.0,178.21825429851316
187.0,172.59977363198993
195.0,173.39144126036027
198.0,184.60313815335246
193.0,176.88926072170884
189.0,178.6561853413263
187.0,187.23714412810975
185.0,199.47462655773566
187.0,211.2162264042548
189.0,213.4997225159822
188.0,202.0341463360376
189.0,193.83447732439035
188.0,190.8707649976534
188.0,186.57568525774934
188.0,187.90485629581505
184.0,190.10130538025155
182.0,188.391796246567
177.0,189.4584425919193
195.0,187.82722827181104
225.0,190.02302483707817
244.0,187.9010534010838
253.0,183.37438909710514
244.0,180.6876014164025
235.0,175.2564779079105
242.0,205.3724813515424
258.0,235.1956994777974
254.0,244.68823331653607
245.0,245.8137343499765
253.0,239.0756723835746
259.0,208.29827641579726
265.0,226.3585015176457
273.0,258.8569697321877
282.0,250.97381069379801
278.0,220.56178754476505
267.0,250.2753742571872
271.0,264.0457505471284
271.0,280.0518791409908
269.0,294.3317089317212
253.0,302.5389160526824
239.0,298.52290119779695
247.0,276.7706583873352
243.0,277.9275010115607
235.0,277.4740373409045
246.0,269.1957383202882
248.0,256.5325605272425
248.0,223.96185131583832
247.0,250.98313641729519
246.0,227.8539291930828
245.0,219.98600971070715
243.0,239.69378801479303
241.0,250.27637450523025
236.0,256.1673499762976
232.0,230.0596324257825
227.0,229.2198488703435
216.0,229.42707986859875
212.0,228.67374232744646
208.0,226.15402870710787
204.0,217.76906624060427
199.0,213.7571840197242
193.0,204.57952726948412
187.0,189.71773549990067
184.0,189.58529070226686
181.0,188.26413223494072
177.0,182.90705486552247
176.0,177.38128326722725
176.0,168.37256476514176
177.0,163.8011135823333
176.0,161.8668306903269
175.0,156.90865984656915
175.0,153.5753349440714
174.0,155.23707894160276
174.0,158.44405320377425
174.0,159.53199838787177
174.0,159.02563954762368
174.0,159.64847106744128
176.0,163.33176605373131
180.0,167.31029209811103
184.0,169.63811129627882
177.0,170.6058400495304
174.0,170.2465310906
173.0,171.2317532187389
177.0,173.08803599763414
181.0,183.29090251453547
184.0,193.82448517681104
183.0,171.86509891303785
184.0,169.48139625733108
183.0,169.71370017125307
175.0,175.9213453442861
169.0,184.35445549302855
156.0,190.7539429546783
150.0,188.68846696401906
163.0,190.31223030349963
174.0,187.40940840157256
179.0,175.34507276520512
179.0,166.5190963442886
179.0,151.62776760404105
179.0,144.953627715651
179.0,164.1621329853222
179.0,184.22826680730807
179.0,192.06482681269162
180.0,187.44038590404205
180.0,183.87136031529667
184.0,182.28013178304505
185.1020227106469,183.2566414272137
183.0,183.25006635446294
181.0,182.66533065214261
183.0,183.41974521660038
183.0,182.08712840562066
179.0,191.79149600375095
184.0,191.7686334066996
190.0,187.1480207024057
191.0,181.57379755754366
190.0,187.32696978160467
188.0,188.04486813829698
191.0,179.0431558145936
193.0,187.74000860005566
195.0,199.3699488830441
196.0,197.4419217392768
196.0,202.26314406916094
194.0,196.4978035472541
193.0,201.41312655093975
191.0,201.86767438449624
188.0,199.03104454948914
187.0,196.59752978303734
185.0,193.29182404903642
183.0,189.12217714266455
182.0,188.8830018950184
182.0,183.52049331667763
181.0,181.93988660330393
180.0,180.56717818682284
177.0,175.95630651514676
171.0,175.2176856763354
169.0,172.78703418196145
165.0,172.81953807345457
162.0,172.02464444864347
156.0,171.27230026701758
155.0,164.93189707484848
155.0,158.3833440852929
152.0,158.4061516631426
150.0,151.3655311799569
148.0,147.85301696819604
144.0,138.4037147283974
143.0,141.99264426553796
140.0,143.63566836428302
139.0,140.95904338668427
136.0,141.20629748845695
135.0,139.29215825351372
133.0,136.9620661375938
130.0,137.8531726191177
127.0,135.2306761997391
125.0,133.20637165721857
123.0,130.60521588991847
121.0,130.73202754376308
120.0,127.55359553570922
117.0,121.61597145386229
116.0,119.8877028419726
113.0,116.62210037860147
110.0,115.1339086270256
108.0,113.41815188799045
108.0,112.70044156552204
108.0,109.83917117146287
108.0,109.42902862775374
106.0,106.37789446150943
106.0,103.82616090479456
105.0,102.73271702258742
104.0,104.28351634091669
104.0,105.23268275600688
105.0,106.0076507894846
107.0,104.84222454900885
102.0,106.17231366297149
97.0,102.40322639520782
93.0,101.05688997161099
99.0,102.6839388923214
105.0,104.22497700857646
110.0,110.91651752333698
116.0,100.96951035867745
122.0,96.65719175295168
125.0,93.14697864962969
127.0,104.31339835471826
126.0,115.49423448203854
122.0,122.16980380977834
126.0,131.44746780109253
128.0,136.3080419697775
129.0,132.98037661835522
124.0,141.77345101634333
124.0,138.44931025167074
122.0,132.6949566834859
119.0,138.15243343130604
115.0,140.05109001117003
111.0,137.71253021817384
101.0,125.23444697924384
95.0,125.70840211995503
99.0,129.57766476695446
104.0,123.65701159118142
107.0,119.08167360741076
110.0,116.07375326296845
113.0,96.63742126537787
118.0,91.87958428004123
123.0,98.33575569600903
128.0,108.55689507918308
133.0,115.1859476986376
131.0,117.87751945416414
122.0,120.29757633761633
128.0,126.18908399143268
136.0,132.85707409696866
144.0,143.93874152557882
141.0,144.37621029588158
115.0,136.42542639348957
106.0,122.34105957676846
117.0,133.72289769444484
129.0,147.3414162549111
109.0,153.58944414765702
112.0,158.21013358926194
133.0,128.2135901185273
144.0,121.14936967796315
146.0,134.0159993143545
155.0,151.2389203502596
163.0,119.51179813650103
163.0,119.03740185106227
162.0,162.23040959390266
146.0,165.92249154233068
140.0,153.24172630606472
140.0,162.13303465439085
139.0,171.29681608810293
144.0,162.36949377239637
147.0,155.01069622150803
156.0,136.4154134870187
163.0,128.54125416778882
156.0,131.3196055440862
151.0,130.36726161006098
133.0,144.64632116985666
124.0,147.31978198296397
129.0,167.29498243594543
150.0,179.08962211839048
161.0,150.05091777082137
194.0,139.6368385270398
224.0,121.50821416831197
220.0,111.39667949583533
157.0,123.6972069634509
109.0,160.15817976344746
161.0,181.8793969049362
155.0,197.35696478910958
127.0,221.8547754482108
159.0,214.78303879905218
145.0,140.11099214343483
109.0,114.81398909867221
100.0,153.94847905428156
182.0,141.85751848862813
215.0,119.7189725763537
186.0,145.75694239800592
155.0,112.68603814903452
154.0,102.0793945523444
196.0,96.46087436847976
241.0,161.48415996597356
273.0,186.9030071280378
286.0,154.96179546530772
277.0,123.9439753943484
274.0,128.48676616009382
276.0,172.41493299626183
279.0,230.44995821519834
281.0,264.26325653988056
281.0,279.7590617815159
279.0,270.8848455428707
277.0,256.4697408824759
275.0,256.15115818842054
273.0,258.81316654773894
263.0,267.3697289518868
260.0,250.81932736756215
255.0,273.8154302793544
250.0,273.12346104007315
245.0,259.11256013800573
240.0,258.458189415342
234.0,241.22564541675476
230.0,236.94457445380527
225.0,232.48950377627693
222.0,221.20662937255645
219.0,215.22105085061267
213.0,204.56413197515843
211.0,196.88721883699915
208.0,194.13951658329879
203.0,188.96780201053733
196.0,191.44612700612805
190.0,191.07205081342164
185.0,192.44392980557024
178.0,194.6537382556424
171.0,188.81535504277016
165.0,182.05953698145603
159.0,179.81386951747416
152.0,171.4446518578328
141.0,169.58319725566628
125.0,159.87446577056852
106.0,145.67317353462002
92.0,139.32267606836976
85.0,134.90262442564736
83.0,125.20297605714784
81.0,113.64811504518872
78.0,100.97869953884286
73.0,88.92453969959247
70.0,83.3037487709286
70.0,77.18370776094467
72.0,73.86162094515012
74.0,73.9194451447093
77.0,75.45326485025404
79.0,76.15543083441902
78.0,80.68054568807305
76.0,83.19146829661791
78.0,86.50705491094627
79.0,87.28608794219528
81.0,93.29967446508527
83.0,97.73846222144788
83.0,90.01430891272629
82.0,85.24293680587566
80.0,86.56160162034902
79.0,88.78952386288387
79.0,89.01555288773221
81.0,91.98138004317316
85.0,89.11474735919536
87.0,85.69494640777765
91.0,82.1795563577285
93.0,83.83203418079363
89.0,84.26987154596455
86.0,85.04430042962892
87.0,91.766683275974
88.0,91.87010763799555
90.0,97.69802340615955
90.0,100.27142858305285
90.0,91.87569046220109
90.0,86.07479581845418
90.0,86.32671515008633
93.0,90.06563101979206
96.0,92.50743425577005
98.0,91.52894293220521
98.0,90.95856310327697
98.0,91.42064074008324
96.0,91.45675075798079
97.0,97.19078051959377
100.0,98.30278065675536
104.0,100.39736823000719
106.0,100.28431115552344
108.0,100.3110535338198
111.0,96.28577413487356
115.0,98.74298573672277
120.0,102.58934730710344
124.0,111.197810692557
129.0,111.16343803409067
133.0,114.25888692993435
135.0,117.30711879996821
136.0,124.5247213821496
138.0,129.59015429758816
140.0,132.5032625163625
144.0,141.22945864181725
150.0,142.09693303932193
153.0,143.70817104001952
155.0,143.15477244122164
160.0,145.39157460543976
147.0,147.6939507985583
152.0,154.3038122932576
157.0,165.53370298857317
161.0,167.00187108457138
168.0,165.97889550354938
174.0,169.640014115552
175.0,150.60104063687356
175.0,165.1556775313771
174.0,167.88443082300864
173.0,169.17209420217608
172.0,176.46514486022116
173.0,184.36890577783603
172.0,180.89118899423133
167.0,177.1304717661775
164.0,171.83272529354326
163.0,167.7531409443279
164.0,167.84404925007547
173.0,168.40549065794295
187.0,166.65891011108408
183.0,157.94658203731032
187.0,158.80578054725933
189.0,161.05338709179367
191.0,162.1716917602123
192.0,180.90167695316285
192.0,199.3252134738296
195.0,193.78624963704746
198.0,192.53832576992812
200.0,192.9162418321939
193.0,196.24237885252816
199.0,196.50837459703922
206.0,197.08643463144978
205.0,204.28375440053196
204.0,208.49005306755402
203.0,207.4239634996432
203.0,196.19360933428248
203.0,205.07763142213227
203.0,215.2088943041719
204.0,211.16549999031983
202.0,206.68338189156663
187.0,205.45413028612813
177.0,205.1452533335953
184.0,204.60714583066655
187.0,200.56326518826117
196.0,204.76536531018127
209.0,200.89337511053125
215.0,179.11783573148028
217.0,169.36320875976725
218.0,183.48533722779771
215.0,184.85233614571538
212.0,199.0695814163425
209.0,217.00821238242358
207.0,228.0370431184815
212.0,228.21125078292016
217.0,229.50606963625302
218.0,218.00298244566721
217.0,207.8924951672376
213.0,200.9485667276897
209.0,194.78535182755843
204.0,203.86076032875854
200.0,217.04189951936888
193.0,221.11287397067866
184.0,217.63784019648224
182.0,208.87337558900552
182.0,197.94003563082472
181.0,183.42046447694523
178.0,183.98592757094545
170.0,176.0911266968922
166.0,166.1676737016773
162.0,164.00678879216343
156.0,163.01682231901077
149.0,161.0701530500783
144.0,158.651271519775
145.0,147.5414950695721
145.0,144.55499551613332
145.0,142.09813671274668
143.0,136.33031757219803
141.0,127.23584952871694
140.0,124.28978885587468
151.0,128.120627217697
154.0,130.05526084807434
152.0,130.84216407270145
151.0,132.81406687224452
149.0,130.72998861093976
149.0,130.76841333574913
145.0,149.29544302799195
251.0,288.53871692837373
237.0,286.9869923049834
226.0,287.2921621532069
216.0,283.47669222341443
208.0,264.6977637446319
201.0,249.4237029324675
195.0,239.78604462026794
189.0,216.05081964799666
185.0,200.21008839427034
179.0,180.1548282530901
154.0,175.0143425910499
138.0,170.991614447403
151.0,163.52862369455576
146.0,156.08844846801333
141.0,155.99352049951372
135.0,153.7979206724415
130.0,128.5347103607321
126.0,112.32016599993995
123.0,135.1936716586655
121.0,131.89055430791134
121.0,125.7943854362265
119.0,120.17648465174109
115.0,113.204791192869
95.0,115.03766154137789
89.0,110.57427761964514
98.0,109.94527483821406
98.0,111.57394688040328
98.0,108.0459901810903
96.0,101.18686776904939
94.0,83.54267526932027
94.0,81.86585735756076
94.0,96.95972424643604
94.0,93.85488589792547
94.0,90.3324679420697
93.0,88.5681335792834
91.0,91.83217752969067
90.0,96.13521078467168
91.0,90.39780296859237
91.0,90.30329204915103
91.0,90.7495732164597
90.0,92.07909356938788
90.0,90.25935203987726
88.0,89.7056604533746
82.0,90.01524486950662
79.0,90.77366210331701
78.0,91.76962815362212
76.0,91.37147026473211
74.0,90.30477773341009
71.0,87.89019853766827
69.0,79.59185283496545
68.0,78.32728716265588
56.0,76.45466096962778
43.0,74.3253187954247
47.0,73.29483930540263
55.0,73.45697391832636
51.0,72.83888869720535
50.0,71.87761639244705
54.0,67.57622904111076
64.0,57.55009707784633
59.0,58.03753123892844
59.0,67.54082694856099
59.0,65.94797484672307
60.0,61.380452294267464
74.0,70.59462998198445
89.0,84.55201861481822
97.0,76.46337743003441
100.0,74.69836292575495
91.0,76.49209244639154
83.0,75.33917790532786
82.0,101.7488097571468
85.0,125.27610691020506
83.0,132.10795681497345
81.0,130.38551428083
90.0,109.91807436527698
106.0,93.76909584879306
124.0,92.82147873101101
141.0,106.08006493309091
156.0,104.43584711670789
172.0,100.43937399427986
185.0,115.4954425388061
192.0,133.84644701305444
194.0,155.53843429137342
206.0,159.53557320577227
216.0,173.54839380115087
223.0,189.64922836042416
223.0,192.33174534006235
226.0,200.94298644566592
218.0,200.31310925282799
186.0,202.0029807892155
155.0,227.00533137053026
132.0,229.35950945971766
119.0,222.34967672959513
109.0,224.97569899318057
102.0,200.8585376278056
102.0,174.1071008443047
104.0,154.15736238033818
99.0,130.31152057859723
89.0,125.14443394333873
83.0,121.83658603693081
79.0,110.44481784550922
76.0,101.79168783782359
73.0,101.30616083827967
71.0,93.45302905010568
73.0,96.20827782652296
79.0,84.15031601557129
80.0,83.43713325167752
86.0,83.25244026027062
113.0,86.83014667040179
141.0,90.66587093531739
156.0,93.14523747660333
162.0,108.37324292496649
161.0,108.2328913057418
156.0,113.69128237271042
145.0,145.23949061911162
131.0,158.10455935209043
123.0,150.01535851622018
115.0,176.44020290181828
109.0,153.6716218217687
103.0,146.1727035084282
99.0,127.14749607597277
103.0,114.25768644566577
109.0,109.19941877284515
110.0,105.9328844313559
110.0,100.58851104608857
114.0,95.95617263725889
112.0,92.55033259322583
114.0,99.70525550490026
116.0,120.06942433226384
113.0,115.754393605488
109.0,108.9951850333981
106.0,120.38353527830108
104.0,113.93446477112509
102.0,116.43842920005261
100.0,119.56055037295923
98.0,115.4639784923279
96.0,107.48957069724085
95.0,104.14949666370559
93.0,101.05737455039842
91.0,98.72905964167981
89.0,96.03224191640851
88.0,94.79934699866173
86.0,92.32611839881602
86.0,93.58006627550974
85.0,94.26801154159314
85.0,94.26653474888994
85.0,88.5046784820366
85.0,88.40896599634182
81.0,86.93118836836551
84.0,86.97220310271551
86.0,87.19460226278157
85.0,87.53507976461349
87.0,87.68584457208816
87.0,88.64128005332691
85.0,86.1954506558292
83.0,89.71149189461886
82.0,93.02117989891852
83.0,88.87750618149629
72.0,91.04658089461323
65.0,90.86447103020139
64.0,89.09050801892168
70.0,86.85650249963231
72.0,85.41776260756518
69.0,86.5155400369078
70.0,89.11805037555557
68.0,96.08082458566051
69.0,97.30506634022237
70.0,107.8959235307311
69.0,114.26867363616448
70.0,105.87622147898949
72.0,103.30511617695915
73.0,100.03194437670723
71.0,102.04519666331382
72.0,99.60084167299381
66.0,100.63803372832807
56.0,102.35788590360382
58.0,99.73387447057043
68.0,100.89983089450338
77.0,96.24398263448293
87.0,99.57812825378211
91.0,84.4262559731191
96.0,77.89522574216225
99.0,80.06111926846104
104.0,93.07626183005272
111.0,117.48173833404412
118.0,126.24163454380512
126.0,122.53896998243316
133.0,123.96835628311285
145.0,127.08945642939109
157.0,126.60743820479908
162.0,133.0988145321709
165.0,136.22146240974024
170.0,143.91874023023985
176.0,150.08852854777922
178.0,168.44112206695021
155.0,180.62882238225134
133.0,185.367033456781
119.0,180.03856702311995
109.0,177.93453322589997
101.0,192.91166168124462
99.0,195.5853249232229
126.0,137.29636544114845
155.0,122.38596310376698
170.0,111.15844993707108
211.0,110.92717464192334
207.0,111.98260531028252
210.0,114.67998160500495
200.0,152.96883705881572
159.0,186.87392128944035
120.0,189.40511887052853
123.0,190.41116804906358
141.0,179.97422554088757
158.0,183.0058489207141
172.0,163.49190455087216
177.0,132.61768259028648
180.0,121.5826553178517
177.0,125.29333888174324
174.0,153.26443801357175
175.0,157.6333667591644
174.0,169.13895250702714
169.0,168.5579808588008
162.0,165.63743680196262
152.0,159.82616651130803
140.0,157.3307671376934
115.0,162.79398623431103
102.0,162.0335240404008
97.0,148.1548008958175
93.0,137.28936267813424
87.0,129.7727095970208
83.0,118.33370294345414
78.0,103.13091920664681
72.0,100.30182801612712
70.0,95.86363852538351
67.0,92.99775801405036
59.0,84.5737849696754
44.0,86.10689724167958
46.0,83.84519099721071
58.0,81.30111210131419
66.0,81.26906816009792
57.0,81.58744523426888
47.0,76.29518583194762
58.0,68.15917535422145
68.0,58.89116964949183
81.0,71.47036449687087
87.0,84.86496558713463
92.0,72.3139893997019
94.0,58.75741701936866
96.0,74.05667140231823
97.0,87.35402602134914
91.0,108.88519785219567
85.0,116.57876648413625
93.0,123.26887045335782
100.0,116.92685916583535
105.0,112.32116058218506
115.0,114.3997568999919
120.0,103.7169906036789
124.0,94.61964214038447
117.0,106.75266760187702
110.0,116.96837590235688
102.0,114.54958451923362
108.0,133.36238513139483
125.0,135.69735013591412
142.0,137.30276277747805
157.0,122.83812781540274
165.0,111.33636410151922
167.0,95.72638171091165
177.0,105.6320350560152
193.0,146.08159796005015
200.0,168.3574357150302
180.0,183.6699663513514
177.0,194.3013252243667
159.0,189.77469073578857
138.0,210.3574741400415
152.0,229.78830878763932
176.0,228.08001696175475
184.0,177.04839574013639
184.0,170.31942029363904
183.0,145.18434340957674
179.0,126.34208816554533
176.0,145.20204374703715
175.0,175.8439136496843
177.0,180.8270790187217
180.0,177.42958832893729
184.0,163.04125205677514
189.0,159.76314915315862
196.0,157.53843548352407
198.0,159.59869722600934
201.0,161.17011009341223
205.0,165.89850095129972
209.0,181.70217880539587
211.0,186.268702845071
207.0,199.0806326454665
215.0,202.42247340698788
221.0,203.1809116411147
217.0,208.60135106711726
208.0,211.97222741473445
193.0,216.14905239249242
209.0,208.0428452255032
214.0,221.99652565775546
213.0,228.39317085903724
214.0,223.1595446415591
217.0,208.07781192019712
209.0,184.29456163473353
208.0,212.3784381967525
207.0,218.56525100057334
201.0,210.62221494905123
199.0,212.28334023693208
195.0,220.69923642551666
189.0,208.60931005918675
193.0,207.72692316207622
200.0,205.52691083510015
207.0,199.32237144009113
213.0,197.45196681712676
222.0,192.58217185064026
223.0,180.1214756489274
225.0,191.85450686485058
225.0,201.19150716933535
223.0,214.9798124525403
221.0,218.6847738894722
216.0,224.78387620164412
219.0,224.45253968821376
221.0,226.61103057344675
222.0,226.5556854199301
216.0,221.661142863004
185.0,219.1374262507485
200.0,214.06595623706474
203.0,217.97650643590947
208.0,219.31945264663187
211.0,219.40878503206673
212.0,214.33976212698317
213.0,190.3154901460205
215.0,202.4523614371512
217.0,202.19287639651716
220.0,208.50567160946494
224.0,213.8070974319019
224.0,212.64039192466936
223.0,214.58775633757634
225.0,215.92298976585298
227.0,219.2366021382
226.0,223.35779002093858
235.0,224.58146793337872
236.0,223.7808704358529
236.0,222.50027777501975
218.0,224.63953424545767
211.0,225.87042680762545
218.0,225.260306482796
216.0,232.34229456089204
209.0,231.6266374553172
210.0,231.16722476369478
210.0,214.1585480684188
198.0,209.60707981314155
174.0,215.8999198383076
162.0,214.14414776277286
173.0,206.62355179918708
185.0,211.8760525045045
186.0,210.80089425735494
179.0,200.74830200045463
174.0,161.15874437312328
169.0,154.05997861199143
164.0,176.83891923311202
163.0,179.07999052252592
162.0,174.33015610983125
161.0,161.76492338864873
159.0,154.85862368846534
152.0,158.23777920932667
151.0,150.56301740385607
154.0,157.28367427610448
149.0,158.51890105871513
145.0,157.36858205420813
139.0,148.61569423365077
110.0,135.708168714641
111.0,136.7600619165771
119.0,143.04365624376922
106.0,136.62802849391292
92.0,133.80338076817193
90.0,129.19829872098748
97.0,100.3046174150337
101.0,98.59845561829184
104.0,114.29094857708493
108.0,96.60037554718294
92.0,87.9291351355093
68.0,98.71041254882611
57.0,110.6319071525195
78.0,155.63800863701118
76.0,159.06191977402455
72.0,161.33882677627176
72.0,161.33882677627176
71.0,155.75033217292747
73.0,155.75033217292747
78.0,84.9654086942024
78.0,86.58027520057432
79.0,86.26824696933255
80.0,85.04050192580976
77.0,83.45216440712223
74.0,83.97309076626912
71.0,91.3897098822661
68.0,88.02085927656245
67.0,87.53864683408744
68.0,84.3448435142625
64.0,108.9963817284014
67.0,108.50213537988154
78.0,104.92832162354311
85.0,107.64206736092548
91.0,100.62315577611301
99.0,102.43232642496972
106.0,97.15930007497722
109.0,99.59090337140142
111.0,121.33718368911092
116.0,127.31640188285384
122.0,125.83014121532861
126.0,132.19399482699194
129.0,143.76298663838534
131.0,142.4031481500737
132.0,139.46343258494824
135.0,128.70080095659114
140.0,133.61598643792172
145.0,137.62257750372027
147.0,138.26759799977373
146.0,133.82756767359382
148.0,128.50411130070876
143.0,132.6094551751083
140.0,139.96779687820856
142.0,145.2232546532897
146.0,145.76599369198627
154.0,139.59572189963365
162.0,138.9491985712688
170.0,140.1872100941865
178.0,133.1241343670793
181.0,138.20094921438135
186.0,149.38023080695746
190.0,167.96303193209604
187.0,179.93840941115903
192.0,180.78036144571993
194.0,190.09573581927228
191.0,191.26317330691126
187.0,194.8979422986079
185.0,200.11906029739575
188.0,188.23521241203582
188.0,198.54548594692628
195.0,203.83146273087476
200.0,195.85417797930802
198.0,183.66139404786873
205.0,182.6851212487563
213.0,188.024838822438
258.0,187.60854080955622
252.0,201.0902275696763
250.0,210.96448131493267
249.0,205.33545945277334
249.0,204.97329022282085
250.0,214.42042764326814
251.0,253.46470816476796
255.0,243.9311358550309
262.0,232.5969138157152
277.0,226.48941635169356
284.0,225.64982833374845
291.0,227.78447834857764
291.0,227.00511986091914
281.0,230.2030835214402
277.0,235.28617348198983
277.0,262.6366816057622
275.0,269.2466429666471
278.0,268.28547114146653
271.0,266.4615024947357
262.0,257.3921996404722
257.0,252.28735780371971
252.0,254.1631313249332
256.0,243.70269202164047
259.0,251.75178470191796
260.0,238.38954892983102
263.0,228.25640428058708
259.0,223.4254845539564
253.0,221.6505288774121
249.0,230.86984886060702
244.0,240.03452613402993
239.0,242.43900108725848
233.0,251.40633412166193
229.0,246.5894377458549
223.0,240.86144807142563
216.0,237.5137923626768
210.0,230.43802744535083
206.0,223.92933951837693
199.0,213.9130550373715
195.0,209.91736645171338
190.0,201.77792693102543
182.0,197.48267611479332
173.0,195.2349368430711
168.0,189.8007219542581
160.0,181.22619483615532
152.0,178.22860227964142
147.0,172.69612372139838
144.0,162.62922579326
139.0,156.83736595592904
130.0,148.125950280203
131.0,135.44683128538475
130.0,128.9628747777423
129.0,121.83504911155075
126.0,131.31822872454617
119.0,130.48675966605572
114.0,120.04293334166742
121.0,123.79747110790473
113.0,123.17468847114453
111.0,123.05784104343039
109.0,122.03889031699845
106.0,108.26773029961277
104.0,108.71852303658993
104.0,118.56192320586035
108.0,103.61585830009483
113.0,100.10370506861221
115.0,97.77885398588612
113.0,98.87516875624227
109.0,95.04584351077943
111.0,96.38472469759043
99.0,106.5874976346721
93.0,118.54278705090722
94.0,116.81008654784222
94.0,113.54929690309575
95.0,112.22057904972529
98.0,115.84306825645508
99.0,98.06134862180393
101.0,92.58683766094641
102.0,95.22418901199816
102.0,93.72520890752108
104.0,93.3630577755653
107.0,98.37376853409259
109.0,99.31315203180597
108.0,105.07830109524826
108.0,105.71128838171832
110.0,107.80499618838526
112.0,110.36149294514334
112.0,112.96810134528823
112.0,116.52121590619726
115.0,115.7108797310534
116.0,115.17002039554129
112.0,118.24088912374016
105.0,119.44098571071588
101.0,118.33858759124088
98.0,118.3034124444793
96.0,124.24984390107508
95.0,124.84784082240569
93.0,117.2112728386994
91.0,104.41476840771867
92.0,99.99326666462069
93.0,97.58968459807052
92.0,92.9712178129553
91.0,92.37430831036073
90.0,91.56252606080827
91.0,88.4955060646491
93.0,90.90705819422554
95.0,94.33998253000817
102.0,92.55265819581383
102.0,91.21700951690477
101.0,90.39165324921416
103.0,92.4100363464469
105.0,97.76660953033581
108.0,99.64855755060978
112.0,108.16887656196305
115.0,106.50394999372789
118.0,105.7585869331971
118.0,109.92778562022346
119.0,111.47238386191889
119.0,114.41537703886527
119.0,117.66733986210812
118.0,122.35581345234026
116.0,124.1752831877393
115.0,122.80078080088609
113.0,124.0557487748162
111.0,123.52443002124183
110.0,124.32536209127424
108.0,123.18657316904043
107.0,117.38599213071991
107.0,117.11691132232745
106.0,114.77083239299363
105.0,111.16295671691432
103.0,111.40644831018919
102.0,107.91571867845533
102.0,107.00231236906183
101.0,107.14268083935221
101.0,107.61390758052326
100.0,103.94200962471245
100.0,100.36901502834921
99.0,99.10998276450447
99.0,99.4825252286281
99.0,98.83454477403768
99.0,99.69686581139479
99.0,98.12003054512924
100.0,98.30181135577257
102.0,97.46819026710517
103.0,97.49700382563093
103.0,98.05296093496413
102.0,98.39574795842744
99.0,99.7770889590528
98.0,101.69578556609501
100.0,106.43001355615175
99.0,110.11583888532083
96.0,110.06885698337045
95.0,106.41093027110905
93.0,100.76485407850218
95.0,98.59939943327154
94.0,100.09444279435712
89.0,99.2558935923239
87.0,95.60905600360364
86.0,95.07508612445172
87.0,94.42717552828324
104.0,97.03166129927261
111.0,95.54734103919985
106.0,91.49245644637936
109.0,88.17929103878222
108.0,87.35633139974196
106.0,88.34128360224175
104.0,122.51904519640682
101.0,125.21690547252483
99.0,113.25006122213077
99.0,116.42579173885865
103.0,112.74071761690394
104.0,109.50511509608219
114.0,104.4833453266941
116.0,99.35037192470905
112.0,97.4840773429941
125.0,97.9419038962719
140.0,104.37912578666001
153.0,106.32539011428624
169.0,153.51563509714418
178.0,153.58359604879337
181.0,140.69544683388014
183.0,155.81091156202348
189.0,167.37231318281636
191.0,181.47947014810953
192.0,193.41506312298662
193.0,198.68578166953907
193.0,193.84907309017868
190.0,189.52017694671483
189.0,185.49275961369491
189.0,185.88678140110295
185.0,178.55434031300607
179.0,184.3197401793266
176.0,183.28815688447574
167.0,176.3305726705492
163.0,170.42231824353388
156.0,169.52526892404745
145.0,169.08628770630727
142.0,161.74607698872097
147.0,155.43240776209444
150.0,146.59907749254475
159.0,142.81660150854782
170.0,136.74483723395872
180.0,121.70712518634227
189.0,121.2853360462457
197.0,136.2071770943735
203.0,144.7482711836204
207.0,155.4445915010235
208.0,174.39743540321498
206.0,186.7381207929742
206.0,195.9426710751596
202.0,210.824372053761
197.0,217.84413862896656
196.0,221.97208081077014
194.0,216.91194983186463
189.0,208.28294082339232
186.0,207.73671712407975
183.0,203.44779673206992
180.0,189.79923396604005
175.0,191.38386416380067
172.0,189.8463994811877
169.0,178.36713681698774
163.0,174.426160455097
156.0,168.8170962163366
156.0,166.73706996327573
146.0,160.6273781739338
141.0,155.04585505947236
146.0,160.45458287569164
151.0,151.2238250209426
149.0,143.87321755296344
145.0,146.6295921859973
140.0,138.15211442423018
140.0,135.15851968729586
135.0,146.6897643585865
125.0,151.63667708807884
123.0,145.7519292052356
128.0,140.22402098607853
123.0,134.73909561856036
118.0,138.61638869818233
115.0,130.65462280091546
114.0,127.92255770156534
111.0,124.40099678207574
107.0,138.9996893364759
102.0,128.08265311902485
106.0,115.21274682594748
106.0,109.15417812959666
110.0,110.89520663624049
117.0,103.78673432184513
118.0,101.30316884194148
117.0,98.9854914645479
115.0,110.94268075934205
114.0,116.51283436619691
116.0,115.56965280828979
114.0,131.50692516034601
110.0,128.35998223596442
104.0,124.3576540435701
100.0,121.45856024792197
99.0,121.09151503131288
100.0,122.82511346285216
104.0,115.98916089282055
107.0,112.15047162017673
110.0,104.85389875800497
111.0,100.40101618427936
112.0,102.07371293338433
113.0,104.19156810903863
114.0,111.60964584446023
116.0,116.3812598903407
117.0,122.69096034226217
117.0,120.3301277942207
119.0,118.73797204217819
119.0,121.29181045085357
122.0,123.4251505633163
126.0,124.59214331794246
120.0,125.15108495350604
121.0,125.24253341440325
126.0,127.53032863010067
124.0,126.69457997474798
121.0,129.60571745753728
110.0,135.82741027196715
108.0,125.52292779471635
108.0,125.55156140012862
108.0,132.67664035255902
109.0,127.62055995236038
111.0,121.66887187643229
113.0,108.75526916390795
114.0,106.78822077018164
115.0,107.3380992636704
114.0,107.10533024266354
112.0,108.97829839022307
115.0,109.80616466977025
120.0,117.32038230553651
131.0,120.13709694199284
134.0,120.76881755730827
135.0,119.83347668363139
139.0,115.46342990424453
144.0,120.64941120491847
144.0,126.50923529075604
139.0,145.29390681711962
139.0,143.61336589944062
143.0,140.56659800981413
147.0,145.40812186485235
155.0,166.72147200768202
162.0,160.68545903674766
167.0,151.17644720405823
170.0,151.05040381105667
175.0,163.39222679960378
179.0,170.73456845580336
180.0,183.62307845305156
181.0,187.43614055990219
186.0,186.32690555079176
186.0,181.67262450464483
189.0,190.32718931896486
192.0,190.79902827674033
197.0,177.75602867609197
208.0,173.38504308702514
215.0,180.53190309283914
219.0,179.28670346457773
222.0,180.36050212861852
216.0,185.9169141824325
212.0,195.87155163861812
213.0,212.1730977919116
208.0,218.23309641180498
202.0,221.45336639276331
199.0,221.2447592399252
202.0,208.38598785863076
208.0,205.94911853657345
213.0,211.29009436210376
213.0,191.81088777497575
212.0,183.35406655933193
213.0,180.49125123077445
213.0,185.01255901880407
255.0,195.51991598968442
247.0,211.8046550208306
244.0,210.58342157593435
241.0,208.03989440433944
239.0,210.28609008092567
236.0,211.24392610038652
230.0,258.24694799008665
225.0,248.23709180468117
217.0,236.67448163449
210.0,230.00569439487256
197.0,225.52152668279612
192.0,222.92274807016443
195.0,211.66851997783218
201.0,205.78223356605935
200.0,190.56033050382572
198.0,187.16517570800312
192.0,166.86544817663975
190.0,162.07705962873172
185.0,171.80679775635318
178.0,181.07015349474176
177.0,182.02437959318635
182.0,179.9034684752284
187.0,167.6134649448869
185.0,167.10581600150573
177.0,164.9073985648666
168.0,160.17953401548783
162.0,160.89210822637042
159.0,171.62457834946062
158.0,176.83301803092283
158.0,170.89076118953577
159.0,161.93085284499767
160.0,149.3291083949751
168.0,143.26837898261823
184.0,144.18534899620312
196.0,145.33786361859097
203.0,148.00102974113835
205.0,149.7409078012898
205.0,151.02121019589183
204.0,171.70092121111543
204.0,191.12157344773848
204.0,202.84196816100106
205.0,209.2140841387061
205.0,208.05771790266292
205.0,204.07860684025047
205.0,202.04285562220392
204.0,199.69457806893286
204.0,205.84386673076614
204.0,207.57857304574785
204.0,208.6582635985476
203.0,206.77954731609665
199.0,202.9379261954338
197.0,199.7018174053156
196.0,198.77114211916995
195.0,197.51562794104626
194.0,197.50059741191038
193.0,193.19036705739734
192.0,190.19297828708304
193.0,188.49530851707055
195.0,187.4820719745621
194.0,188.184205420228
194.0,186.8517139898411
193.0,188.76197947571876
193.0,188.2011374949038
192.0,191.42780623581854
192.0,196.25083627653132
192.0,193.87823012909976
190.0,193.6913703438426
189.0,192.9540025976069
188.0,193.25751989273988
187.0,191.52230172794793
187.0,191.5596177180712
186.0,191.768590570719
185.0,190.95570194938995
185.0,188.1512921872487
184.0,187.68960134014472
184.0,185.3010035489842
184.0,186.07681010461008
188.0,185.56945612058678
191.0,185.2536270041181
194.0,186.262742382963
200.0,186.373589672937
202.0,186.8112759981494
201.0,186.15025850451974
202.0,191.36037785489438
203.0,194.83160747570108
203.0,198.34929510432147
203.0,208.85656996776356
205.0,207.53388617972558
205.0,204.39000024315163
205.0,204.67751554960256
202.0,204.66071065642635
202.0,204.52570293513926
199.0,204.13332989396216
193.0,206.6231385143406
189.0,206.32500278672472
187.0,205.72838001909597
187.0,201.7205696223876
187.0,202.03906119317472
188.0,196.3414283172139
192.0,189.04898492042946
195.0,181.87416952563788
197.0,177.61958905604797
198.0,178.60332631569378
201.0,178.86823540908551
205.0,180.6622450827161
202.0,188.66389144003927
200.0,199.23414209423467
200.0,200.69274931480695
200.0,201.67086433519125
200.0,204.0883698270946
200.0,209.08432288084532
200.0,204.320586528646
199.0,203.72664997321257
195.0,203.6032810107343
192.0,203.67014087772958
192.0,202.12518460456835
204.0,199.47194906824745
210.0,199.35571977561463
208.0,199.7032978723034
200.0,193.65843089818586
201.0,191.01936145922852
194.0,191.42724044770972
191.0,211.92143451631387
189.0,219.4022780205352
185.0,212.01182876862762
183.0,203.11167648943132
192.0,202.27183561144662
190.0,193.81747884234693
185.0,190.52125616094486
183.0,190.05538615300597
187.0,179.92401169318404
192.0,175.36790827640334
192.0,184.37965518745892
200.0,182.3186402760449
213.0,176.67397491197335
226.0,187.31622808077134
237.0,204.12192346282433
246.0,210.2401229360501
256.0,202.81554364253995
263.0,222.9718697279959
268.0,234.40739088553062
274.0,240.31032694597272
273.0,245.33499539471345
268.0,245.27557881763732
263.0,250.5249749378034
259.0,251.39855536796756
253.0,253.2465548284933
246.0,253.93780100045632
237.0,250.3987721962628
230.0,246.60579431418915
223.0,237.623886263319
215.0,233.85193537015223
204.0,231.4700777797763
192.0,216.99425591588272
180.0,212.20609306802024
169.0,196.5381018691453
160.0,188.1834880584885
156.0,175.00574660261384
151.0,162.94165308215645
146.0,143.86059442618335
141.0,132.3530550752106
138.0,116.37322494761926
134.0,114.97789179972347
126.0,123.66127287670453
126.0,118.07823975568719
123.0,111.1513323616995
122.0,104.5510932291726
123.0,106.5726477493786
120.0,106.24850508684655
116.0,102.89175337331586
114.0,107.49893187189477
110.0,105.53778754723125
109.0,107.1803167852563
109.0,109.47452500827922
108.0,106.859808549628
107.0,100.31383593374163
106.0,99.76735666342661
109.0,98.45823030396528
112.0,98.43116693217435
113.0,102.6344113450951
114.0,101.16935495506166
117.0,100.96873848297017
117.0,101.38859517350123
118.0,110.55271891741519
118.0,116.63328969441702
117.0,119.62067842786828
115.0,121.2016461456585
113.0,124.06491976776543
107.0,122.47685553158253
94.0,123.01962787297029
87.0,122.75600209055766
85.0,120.76314826078621
83.0,116.74174954769539
80.0,112.35288458547285
80.0,106.40504663053414
76.0,92.50951772990877
74.0,86.2621277132208
69.0,86.0156736644405
67.0,86.9123460031135
66.0,87.42819519389967
68.0,88.58272708854624
72.0,87.2281562896144
74.0,86.28421085936775
74.0,84.86070136301079
71.0,81.2178866604729
71.0,89.01552917360856
71.0,92.88123328786129
74.0,102.9911369918237
74.0,102.43606363754901
74.0,97.96144826041456
75.0,92.58875152422358
74.0,93.06520261110036
74.0,93.00413002151093
77.0,95.6731732721445
82.0,94.40602479787763
91.0,93.33734278985428
97.0,96.06622531544625
98.0,93.18554783078929
104.0,93.7408434952351
110.0,99.5553520352034
111.0,113.82207526720508
119.0,126.76127457141182
118.0,131.8396293347979
112.0,128.06963666765566
111.0,132.3438190993638
112.0,135.66389928381324
115.0,126.10815899678332
119.0,137.06782396229042
123.0,128.6910551275079
125.0,116.90572399452593
128.0,116.91774723796863
131.0,117.71675999995493
133.0,122.4710618207274
134.0,124.20261890452637
136.0,130.69541584676833
140.0,129.8959981981404
154.0,135.4383723433113
176.0,136.08180596244304
166.0,138.89348950053537
168.0,137.88348893163337
168.0,140.4149654921657
169.0,146.32420577670558
171.0,169.04340834678715
175.0,198.06228826763157
178.0,174.30537503123415
173.0,167.91140858098385
174.0,166.68948392920166
180.0,169.7351020328442
182.0,174.59561912430746
191.0,180.30906459342546
204.0,186.03619909824116
214.0,171.5033475058008
225.0,174.5339921774059
238.0,184.64954547923955
248.0,189.19957725781094
256.0,206.13580748239667
263.0,219.77717479999012
267.0,227.8701979650721
267.0,237.32312934254296
269.0,252.01228930119626
273.0,258.41419610000105
277.0,258.03437839708164
277.0,252.12103153650622
276.0,261.53837416966724
273.0,255.16086151265225
266.0,251.35330987103987
265.0,256.51549940522585
259.0,264.2639036801393
255.0,272.15886936115044
254.0,266.776795045942
262.0,264.35310843189944
257.0,242.13577722916372
251.0,240.4283545162583
246.0,235.37837133269326
242.0,234.66706656407288
242.0,234.97068030153454
241.0,241.93362863819854
237.0,243.69401594468243
234.0,235.00883963230265
232.0,224.10837092575713
222.0,227.85059622823965
211.0,229.1156156904931
204.0,228.90623712471864
201.0,225.70471236931868
198.0,217.17102277478622
201.0,214.8255128143602
196.0,195.61272421465398
184.0,180.2191436567636
180.0,172.82863906158974
181.0,175.33028188838702
175.0,176.40196207225537
174.0,179.28562199485793
169.0,176.3568228142174
167.0,163.81884706186273
160.0,162.90557503148756
158.0,167.2352491422038
157.0,160.9777635871247
150.0,165.0711722335655
145.0,161.7011971407908
138.0,156.09564647841256
137.0,145.8061696422441
139.0,139.78705843434213
137.0,142.68852033765947
144.0,133.62726132584498
146.0,125.39027154894225
138.0,119.19684912579957
131.0,123.1205321368058
136.0,131.69808938519884
138.0,130.18127685666173
141.0,144.39436408588193
140.0,150.96388177938425
137.0,133.11691037995763
135.0,122.40040678018651
136.0,133.2076707047364
141.0,139.455167559202
146.0,141.387355513905
149.0,144.38553484188859
151.0,142.39671344202333
150.0,142.41951937401973
155.0,142.98399926601914
156.0,153.31053460196406
152.0,159.73427273464844
149.0,164.3757879160271
146.0,166.30694522224016
145.0,162.64975338202132
144.0,164.42991781283027
144.0,164.8654239718952
145.0,156.25120589692827
145.0,149.79379621960496
145.0,148.14925802100922
151.0,146.90951143234378
151.0,146.70028703678253
150.0,147.56441543423745
147.0,149.02276788229995
148.0,150.9639654477006
150.0,153.21080680847024
144.0,167.78679696221582
136.0,164.55278798400204
131.0,163.20070101611935
132.0,153.68855389296462
131.0,150.22157185588836
131.0,162.3564485251007
133.0,144.08833876885646
129.0,132.37926020050062
125.0,125.38152459921945
122.0,126.55059147533943
120.0,126.50980303748089
118.0,127.84332487868217
119.0,132.17290141487535
121.0,126.21164837531366
130.0,119.80935049018804
133.0,115.31920337639774
130.0,113.92183364427869
133.0,112.95385270469993
137.0,115.94782372045069
135.0,118.24274581971612
133.0,139.4625042529217
129.0,138.7656284691004
126.0,132.13418448872943
124.0,135.79412783455433
123.0,140.70206552382353
122.0,138.08187609461717
121.0,135.6554433059514
121.0,126.36900623787902
121.0,123.3209423529757
120.0,121.12424379922571
119.0,120.04271965615548
117.0,120.50889924050713
115.0,118.61679733223087
114.0,117.77374378789777
114.0,118.72168741155595
118.0,117.76645771189719
128.0,117.43467070138468
128.0,116.36335005891134
121.0,114.2134190253183
115.0,114.7010887768961
115.0,116.23103037199367
114.0,119.56977947037453
109.0,144.5347285406704
108.0,139.0871378610673
107.0,124.79890758476094
103.0,116.80966179262289
100.0,115.77838778199397
97.0,114.42513911835015
95.0,108.24381934788947
92.0,106.71103770869239
90.0,105.50272393271818
90.0,98.26761889613678
90.0,95.50890383563366
87.0,93.32193142388194
83.0,90.85534001186713
80.0,89.21553275950095
79.0,88.29109363030481
84.0,89.08686235869656
85.0,90.50891718011806
75.0,87.2906401694004
74.0,84.23238446581331
74.0,81.48175295996951
78.0,81.7939687216885
86.0,90.19560516527719
93.0,88.78727378768927
97.0,76.94166684334648
101.0,84.6333312753554
105.0,86.78651113787141
107.0,93.87472707884936
107.0,109.80162952757695
106.0,121.18885942372182
106.0,122.88547073228384
106.0,120.4318440738617
102.0,121.97370323921585
97.0,118.89210946905585
93.0,113.98616523963165
90.0,111.22048915046312
88.0,111.39205392262495
86.0,111.73811035640732
83.0,100.33699138928296
83.0,98.0145810602196
83.0,94.80125092677825
83.0,93.84984158372743
83.0,92.72990724282506
82.0,92.494071704902
81.0,92.7937578552125
80.0,93.42458980688878
80.0,93.38381452481015
82.0,94.05481143655874
82.0,95.20661907346424
81.0,85.87952735000101
80.0,84.46844429808255
80.0,84.80762199669388
79.0,84.52097825914407
77.0,87.79238531891674
77.0,87.03447988338148
77.0,86.10922712163666
78.0,86.89568760971467
80.0,87.38851864079815
79.0,87.54932949265473
79.0,85.24043307466295
78.0,85.59978882035128
77.0,85.5974626023753
76.0,86.71968413047763
74.0,88.65484883539757
73.0,88.01640305433025
74.0,85.0716923050968
75.0,83.72891993604237
75.0,82.40015862091974
76.0,81.84117317068291
81.0,81.48078218015573
88.0,82.15498768154882
99.0,93.05733486983682
113.0,115.24408178021311
127.0,110.33804854294478
136.0,113.66135475275621
143.0,119.5299169543876
151.0,128.52306386013024
144.0,139.82303988377572
145.0,147.66988478743966
146.0,165.71486455281982
149.0,167.13220906596024
152.0,159.31078238286784
154.0,166.10861806581127
149.0,125.26451196111937
144.0,122.24583376177334
141.0,129.78420463082344
135.0,135.43290002311056
126.0,137.80410164340103
121.0,139.17755166918522
114.0,131.20975374877946
108.0,127.07959933980699
103.0,123.54359227394133
100.0,119.68148499307534
99.0,110.2660931145624
93.0,109.83192549215424
88.0,107.09764093680093
84.0,98.0505198224919
81.0,94.88753441323206
73.0,95.19473470141014
69.0,93.44655713139142
66.0,89.5557682036094
62.0,86.58751424197547
61.0,83.42678471431738
61.0,83.14755317921427
62.0,81.41688467390682
64.0,81.11855987845261
66.0,90.06760906379849
66.0,84.03663917303099
67.0,81.36638470325417
69.0,81.31441369755744
71.0,83.0558257119757
72.0,89.83480707637666
78.0,91.6285865690962
85.0,91.51478781199327
97.0,90.15374113360846
107.0,88.38990799315086
114.0,93.75262470369334
123.0,93.74146800447471
128.0,106.28554334175422
129.0,116.12209977704357
129.0,128.87041411506723
129.0,137.50524344678647
123.0,140.54732444293964
117.0,148.86513865680897
109.0,150.5028302327498
97.0,143.5077822772789
85.0,137.12899202466843
76.0,135.58539657360018
70.0,125.45781369777966
64.0,114.11921478623887
60.0,101.66041146589238
58.0,91.01069974848939
58.0,81.97264874348949
61.0,81.05701438986235
63.0,80.98948979427804
65.0,79.34290803902628
64.0,76.79843078645155
64.0,74.50593566239722
71.0,74.6528796794422
79.0,82.10016145398133
87.0,91.24653883305696
94.0,91.88623668782483
98.0,85.00252075351693
100.0,82.06964163150339
99.0,91.40145606945143
97.0,107.98730848903016
99.0,115.19925891875117
98.0,127.26768656194277
108.0,129.13603287110806
123.0,127.73992545634214
119.0,118.29445004646801
117.0,110.00313799071135
117.0,109.93834792015237
118.0,108.09163890140852
122.0,120.85976875931624
132.0,146.95656021550843
141.0,130.8418081064085
158.0,124.34533545516776
164.0,123.6854716547379
171.0,124.76072567484727
178.0,136.94551417278902
185.0,163.35984440997447
197.0,167.6442860329703
202.0,186.16610854362403
204.0,187.04926725904096
204.0,188.81487783768134
205.0,198.2433601278648
200.0,203.37163130761522
186.0,204.9114001215373
182.0,209.15308121920748
180.0,201.64523068085308
173.0,194.7904948813462
165.0,189.03723669126973
166.0,186.85369213276087
172.0,160.61805261832765
165.0,162.65393424455306
164.0,166.6876322505255
164.0,146.7989810793499
161.0,141.88368596120756
162.0,146.63893722151047
163.0,163.00498376485393
168.0,146.52585525038884
176.0,146.4177536473811
178.0,150.1004717821471
177.0,151.78802404583686
186.0,150.06395116004109
193.0,157.3613329223907
196.0,166.090856709673
196.0,185.4260906720068
195.0,185.0978409013274
193.0,178.8194144798553
191.0,196.16431339151993
187.0,204.0307544122291
181.0,203.93610662284055
180.0,200.9232771640307
177.0,196.02167371335608
169.0,191.43751465381504
160.0,181.88688737639714
152.0,174.96924915069638
146.0,168.62851417129738
141.0,169.08106925415336
137.0,159.5900470083028
135.0,144.71810014492692
135.0,135.81495321587715
135.0,129.86296860796364
131.0,124.41641848284387
125.0,121.70484839243677
116.0,119.35297527690584
122.0,123.75086588621734
132.0,124.5907348379741
130.0,126.04386766108142
128.0,119.83307987969025
129.0,111.95152384974219
132.0,101.2936176132032
135.0,114.91355351631665
137.0,133.7870692556119
138.0,127.67128661043405
138.0,123.24866180070453
137.0,131.61536398837967
137.0,135.0707264639194
131.0,139.03196793872814
126.0,139.17069610442218
129.0,140.70837751990226
127.0,140.5500146965057
123.0,139.27030107270156
116.0,140.04006560167602
111.0,127.24205579730123
104.0,122.2523849364744
95.0,127.53871371696192
88.0,126.65604464791511
84.0,120.09737512549536
78.0,110.5949704365775
77.0,105.10000609860278
74.0,97.94777637990923
80.0,90.42664080920407
85.0,87.80787476181102
91.0,85.677252909206
96.0,78.9993573731767
102.0,77.11078005151805
110.0,75.52017780063704
120.0,83.48286215436768
130.0,94.93114958043154
137.0,104.02592003849014
145.0,107.95785003062238
151.0,114.91109427863455
156.0,122.17262068797697
160.0,136.50036693142053
163.0,144.56994290903896
166.0,144.0130001896026
172.0,153.79225100979718
174.0,161.4557320571827
175.0,165.0608109162565
173.0,165.94575471825914
167.0,164.49985968535265
159.0,164.9395370781319
161.0,172.22892390077573
163.0,176.52390277954382
163.0,171.50435185740548
162.0,162.2012850575787
169.0,155.7530721767749
170.0,150.83339365620185
171.0,159.4824292181257
173.0,162.0240046832729
173.0,162.6725217764192
173.0,160.67018027524313
175.0,172.8146638443832
166.0,172.12572109749547
159.0,175.28981716317801
156.0,178.88797225122954
153.0,177.8266678415225
154.0,176.87524808287822
156.0,179.17923463620298
157.0,163.0022196565442
157.0,158.1648617006395
157.0,154.52469553240326
160.0,149.70916810541448
161.0,150.73883677033626
160.0,153.3871210583748
159.0,153.9822386080329
156.0,154.04907186982504
154.0,158.47275585297118
154.0,166.11916174742538
154.0,165.64413859109152
153.0,163.85212779919365
154.0,162.83032655997235
153.0,160.05259075745613
149.0,151.1297579940422
146.0,151.2472668363022
148.0,150.75496166838911
148.0,149.2928789832208
146.0,150.7790860680043
147.0,148.68179457537644
145.0,144.82250519846522
142.0,143.3053241805985
141.0,145.25922044040902
139.0,145.79970212257126
137.0,144.7326249881783
136.0,146.4936592686658
132.0,143.5677960782727
127.0,140.97194046461573
122.0,139.70312403592354
125.0,135.42778441220167
126.0,133.72887716253857
125.0,133.901722954901
125.0,124.87997871260418
121.0,121.92620682217795
111.0,115.6010683178306
104.0,120.50746445822666
111.0,124.41133792419645
114.0,121.74451654840392
113.0,121.50746562505819
112.0,117.12010141262313
112.0,104.70726523757365
107.0,96.21279805581274
95.0,110.10047711866856
93.0,118.17537391708757
91.0,110.94005614682617
95.0,110.3105812746859
106.0,112.58662513799803
108.0,109.33305062681946
112.0,89.16679841943487
118.0,97.16815777149695
127.0,108.64557721686755
137.0,112.23098962351439
149.0,132.75316264105086
155.0,133.07679068639467
156.0,133.76848870460367
154.0,141.67275965892176
147.0,158.10602742985708
142.0,162.75112086938594
136.0,171.8649018555462
135.0,164.52017539586095
131.0,153.6242482116879
124.0,137.51570216846676
123.0,127.098624053977
124.0,124.07607827783441
127.0,118.21369474430546
123.0,120.35266455696909
118.0,115.57748476486609
114.0,107.77604602374245
108.0,108.07316544234084
106.0,112.99289016381617
102.0,124.43795091450568
104.0,119.39112920322412
104.0,122.80038859247814
97.0,117.60046937390759
89.0,105.67167498082637
84.0,107.0773817570066
84.0,102.33135239369633
83.0,106.51790415080909
84.0,107.64256670063858
86.0,100.50757008358039
87.0,97.8197743299019
88.0,95.09413089880776
88.0,94.86090136842931
91.0,94.80803293607096
91.0,93.2102282579527
89.0,96.75698918246022
94.0,93.91801347584186
96.0,100.60855652741506
106.0,100.04393005909597
124.0,102.71014615777234
111.0,100.94564309633768
103.0,100.26322869895607
96.0,104.82091921753008
95.0,103.89738102727674
95.0,118.54627776458443
93.0,148.45485140241396
93.0,114.09731957030793
94.0,106.09194012395756
97.0,96.73639566970158
98.0,93.86357533876911
97.0,93.76575894802272
96.0,94.27754353748186
94.0,94.58734322622314
91.0,95.77177706443636
85.0,97.73333994719843
80.0,101.79217131868411
77.0,101.0196971279338
76.0,98.45884170758599
77.0,95.72049940474754
74.0,91.74388697077767
75.0,109.00049138321069
75.0,116.44191372220799
73.0,115.27764917474278
76.0,111.62564626632486
87.0,112.8190189422578
85.0,111.94261977168205
84.0,111.86555570675138
89.0,113.54941136042272
91.0,106.60299585660209
98.0,111.30182369543002
103.0,125.80789103009063
112.0,118.05490772168723
118.0,111.84539405529702
111.0,108.03346979289276
109.0,106.3637058848436
117.0,121.93879405554415
121.0,125.33174969218538
123.0,134.8778483483626
127.0,140.3878491042146
124.0,124.31521863577119
120.0,122.85604741764149
119.0,133.83505898443258
124.0,139.37853768518306
124.0,141.12490862014064
123.0,136.9939724096134
113.0,127.50594243599892
119.0,123.89972869187781
120.0,123.2204153506181
116.0,129.3575820391747
115.0,126.35123404258822
119.0,121.90953338402672
124.0,112.00644074755105
129.0,124.86597744054541
132.0,126.06049979773992
131.0,118.00494202667797
130.0,118.4727433740386
135.0,119.9565491332176
140.0,135.19594901503592
148.0,145.70629746558643
155.0,146.31165322285452
154.0,145.62746324355504
158.0,142.47997752775547
164.0,147.7625640968341
168.0,149.89813847471933
164.0,159.29282385240228
161.0,166.93429473012534
168.0,157.90998811069161
172.0,161.62760700299268
181.0,169.79543289386086
193.0,171.76953148831302
194.0,158.46444201797365
196.0,153.68789895470726
192.0,167.0308092778594
182.0,171.88838015688768
174.0,185.37541098342678
165.0,199.76962044993311
158.0,193.38953877279513
153.0,193.26057860177386
145.0,178.37676422479535
134.0,159.69335104787893
125.0,152.93946279121758
115.0,139.181331899347
103.0,133.87056691097294
101.0,130.08259204668013
107.0,120.49575364835472
112.0,112.71649859784569
113.0,103.507128154663
115.0,97.37673467709996
117.0,90.4229073716144
117.0,87.01767417433535
126.0,107.11674425841788
122.0,115.19815748368582
129.0,108.32087874062326
131.0,106.20136475699395
134.0,133.65318785129435
133.0,130.29636254482173
134.0,152.0283597870549
153.0,137.92317837223098
148.0,148.92925408561356
144.0,149.0762447392215
135.0,145.20689301351732
129.0,136.70079879176066
119.0,135.62196179260638
116.0,182.9064104223187
115.0,152.34412196500372
114.0,145.22024386165697
112.0,128.78636736401964
110.0,117.2510206807335
108.0,107.56702188758207
106.0,106.35272063100007
102.0,105.79328972381425
96.0,107.6963557501749
96.0,103.23722897812901
101.0,105.8631002215015
95.0,106.25396597635178
89.0,104.34269843870977
87.0,99.24540627790377
87.0,95.43785973968967
78.0,89.79901796541682
73.0,98.00021466972042
66.0,91.88169379185092
60.0,85.57046489269382
54.0,82.89512733729511
50.0,84.82795999449475
47.0,76.89970570208277
47.0,75.95959419019121
49.0,74.47296471982078
56.0,71.50899819401727
64.0,70.23864744905956
68.0,62.927349743387126
73.0,56.561297172318184
77.0,55.99671718594528
83.0,57.97453481502621
90.0,69.41282147519699
92.0,83.73889349379337
107.0,89.82365917800584
128.0,105.72575103475296
130.0,102.06246672801022
136.0,108.38490694170108
143.0,117.88340966389038
153.0,113.03125119178355
153.0,131.3262166716416
148.0,158.43900918303103
148.0,148.87147718315114
158.0,140.05390001083262
168.0,153.82426216314605
172.0,168.01723096606744
163.0,148.99475534128388
148.0,127.68200731721663
140.0,128.67623817204378
136.0,149.9619547922758
137.0,175.41566123151364
137.0,181.83630862805
135.0,150.55332203760614
132.0,133.3162319967354
129.0,124.86718826556547
126.0,126.3428866002498
126.0,132.00904066396316
128.0,136.1029230901992
128.0,135.69169191892735
128.0,121.4478977111298
129.0,119.09258399660621
127.0,117.19079261533125
128.0,121.0227002110432
128.0,128.21313805175825
127.0,129.58959189318043
127.0,130.03716831552035
128.0,134.6377846424686
131.0,129.9167811897369
132.0,134.4048634086995
134.0,130.89007010679816
138.0,128.59661139872262
139.0,128.23265808121621
140.0,129.2081364260273
141.0,135.60386118856238
143.0,134.39830388112102
146.0,137.82999375413954
146.0,142.76344057267465
147.0,143.11698994850906
147.0,143.82908152952822
149.0,146.05184853100428
145.0,147.2867457244931
145.0,153.52246845863039
143.0,150.75061298139863
142.0,150.4747368977167
143.0,150.19801172537
142.0,151.35167461609007
140.0,145.1902927252046
140.0,144.86500459661013
139.0,142.88335999162769
138.0,142.47730399007898
137.0,143.80041600121314
136.0,142.62086233541285
133.0,138.07879861260633
131.0,139.59989181300207
132.0,136.57002879497975
131.0,135.51504703382324
122.0,136.09681183740386
117.0,135.54899291946347
116.0,131.00864918953403
115.0,127.87786180921371
114.0,129.12382561878024
114.0,128.58689625669842
114.0,117.05081952462994
112.0,111.49583140061625
116.0,110.1982027019419
130.0,109.89571519544954
144.0,111.63638877513891
158.0,112.84764516164836
171.0,112.89443685611116
178.0,107.79165595329408
184.0,117.69947612202675
186.0,145.27384879444668
184.0,154.31303080862793
179.0,171.92039116086463
165.0,189.09119331221652
157.0,201.3398832548603
148.0,207.89452896784647
155.0,205.7595599378241
161.0,194.99996563109497
160.0,178.19656016413595
154.0,156.23515878708966
145.0,152.30663011252045
136.0,142.93948512848544
130.0,154.19606183124912
126.0,161.06872380299066
125.0,157.5398282099867
128.0,144.30111929612238
130.0,135.96235087414132
130.0,126.05454065786611
130.0,119.98225368030462
128.0,119.64187194651392
133.8161022210071,117.51682430855328
145.73008395232688,125.05788542556786
158.0,125.73279013649969
166.0,126.04427584915682
169.0,127.35344226503375
166.0,128.38644072534325
161.0,138.27638692894737
162.0,157.12126074789512
162.0,174.2256912684312
160.0,183.62287846118747
158.0,179.42021731961643
158.0,166.53454915031554
153.0,152.89697092186285
146.0,157.45866180613518
142.0,161.17896021408419
137.0,158.12754498082586
134.0,152.35572672645753
136.0,152.27489851681082
127.0,145.79398404551637
118.0,139.76131773977295
115.0,135.14968900544397
111.0,132.0696336094288
106.0,136.9031551127406
111.0,145.5491943258087
112.0,129.9147987391567
107.0,116.60732344370417
103.0,112.08937962753849
100.0,109.69688178341454
116.0,106.10884551395363
118.0,115.32655219474056
112.0,116.63913026951568
113.0,105.54801251217336
113.0,96.98759337804573
116.0,96.48381397875666
120.0,131.899895179793
119.0,130.786906370623
110.0,112.58916870896576
107.0,117.45177827496163
104.0,117.89596071445708
104.0,121.83931208475529
105.0,125.3305406747584
107.0,120.63091388946377
108.0,110.02683099400683
104.0,106.37082715474425
103.0,102.09088544982754
104.0,104.96676110164188
108.0,104.69911230091867
112.0,110.69196967741696
111.0,110.79164579536224
113.0,102.50328953381684
113.0,105.65262821671072
104.0,109.12085943693874
111.0,118.81682542146416
125.0,122.34815039996188
134.0,118.76782291991583
136.0,121.99820849923115
139.0,122.35879370139693
146.0,111.56207123270795
152.0,117.49417295059938
164.0,142.09996113552924
176.0,148.30526730455443
176.0,142.50506832965664
185.0,142.8744440585645
194.0,155.11139722413438
197.0,163.3159884003849
190.0,184.38217535077177
186.0,204.86611024755246
199.0,202.9030521639082
205.0,209.55110418318773
206.0,217.56154173042864
204.0,216.94377734105478
204.0,200.19646246350925
204.0,186.6978984881162
203.0,216.12285920926328
203.0,219.11739560320606
201.0,217.84878795272212
200.0,209.25571578888466
212.0,205.97096152603027
213.0,203.31881956413346
210.0,201.76560597140767
200.0,195.8382405962228
203.0,196.1163885600081
207.0,193.96494775135776
197.0,215.18253813038817
199.0,214.88504420141578
198.0,206.96678297033117
190.0,190.5734357914139
180.0,198.76961756129407
160.0,206.32069134510655
159.0,193.08964338090507
154.0,195.48696803255643
165.0,195.1348044000218
168.0,184.9751308141043
168.0,173.9685472807924
171.0,141.88488524655423
173.0,151.2702346604149
173.0,140.12370346019483
168.0,157.68356437968333
167.0,162.19990053043995
174.0,165.76594040918033
180.0,178.34997815237358
187.0,182.42830279854132
188.0,186.21116318904546
180.0,177.50761371965783
170.0,172.6453899350277
165.0,189.81247092918406
164.0,201.0408915969751
165.0,203.81535122305195
166.0,199.32695747497644
163.0,178.73453678168468
164.0,165.1521890614428
166.0,144.53843749228795
168.0,148.5486246418699
171.0,152.99874821869102
162.0,152.29583536516103
158.0,148.33230252138475
170.0,147.3605642108779
171.0,158.58995202138004
161.0,167.46028846508415
160.0,170.96255370120767
158.0,148.13545060184487
155.0,145.57897103238344
153.0,172.4827827446609
151.0,174.08098316113848
150.0,147.14642118178864
159.0,150.03892404758645
170.0,148.0496424320793
181.0,143.64890061907587
192.0,141.62616607833937
182.0,141.02268258162516
177.0,142.30234059237998
189.0,159.92725710606467
201.0,173.0968411502035
213.0,187.2320120404758
221.0,204.6457897464322
224.0,181.8843442001579
214.0,165.21383894531604
203.0,194.1380972284777
195.0,214.6258373383402
191.0,227.61427610871866
188.0,231.72228916764615
187.0,229.4478430983232
189.0,210.49661605863315
190.0,196.10077277223112
202.782256194413,183.84560878421394
225.18393154112897,182.35341273563276
249.7436411172804,179.93986917376373
269.0,175.2245355275513
277.0,169.70150809958926
276.0,169.65306536924797
275.0,199.01061544061656
275.0,232.99169860184602
279.0,253.80411807800905
269.0,262.62424213655885
255.0,275.33598143715847
232.0,261.58975785811026
243.0,256.87100902827257
235.0,253.90841048391545
217.0,259.62953103343733
200.0,240.57261886209267
192.0,222.75428545764632
185.0,183.98060156228195
179.0,212.68184994062406
173.0,217.87354094352554
171.0,173.7834562269494
173.0,147.62552634849544
171.0,136.0599544407443
159.0,139.02453859695078
142.0,134.31303046769224
129.0,125.67718092509747
118.0,142.46729402668234
110.0,150.45093329192852
106.0,152.33336065300495
107.0,134.02846595776472
111.0,104.55861874307088
60.0,160.69869316204725
56.0,160.69869316204725
53.0,160.95796272394753
52.0,174.10968886290925
58.0,172.08334588095101
61.0,172.68962006960442
64.0,77.4195758027299
71.0,74.58039909590873
79.0,74.92489997881654
86.0,70.67522108524214
89.0,75.187313614112
91.0,78.43295406124766
92.0,87.97489813022263
93.0,98.81107380029452
93.0,109.7116991692511
93.0,114.72996117985443
93.0,117.65703344678344
95.0,113.99657898815524
96.0,114.65435763478841
96.0,112.67185463175296
97.0,109.8993376440764
97.0,107.3351261923211
98.0,102.5155542399252
99.0,102.11508408025847
101.0,102.07680021643746
103.0,102.0168420881983
103.0,103.80399120327994
103.0,103.71660492553588
103.0,100.52256935921807
103.0,102.26066339154059
102.0,107.4641013420543
102.0,111.71240015455331
102.0,111.28144044279847
101.0,111.75538809305947
100.0,111.19484833805548
99.0,110.20404116374718
97.0,104.33850980569127
95.0,104.07202720583426
95.0,104.38136844005093
97.0,101.03186351573216
99.0,99.79893879382436
97.0,99.05923529468885
92.0,97.20245117977326
89.0,94.74556974031795
85.0,94.63251399742745
82.0,98.63716202128039
78.0,100.72410472078931
75.0,97.88953682402946
71.0,93.33188351780113
69.0,90.74053198121588
67.0,86.09778556408193
65.0,82.46650922982953
64.0,79.671929012838
63.0,77.43947182784366
66.0,76.96510984748012
66.0,75.80687253010213
65.0,75.00564160351088
63.0,73.68701100000267
61.0,72.40934863898288
60.0,70.87311600239987
58.0,72.20293380122918
56.0,72.00430818405835
54.0,71.29779731367026
53.0,71.16307771892015
58.0,69.41801326416757
63.0,69.25030132448931
67.0,67.9393676768427
66.0,66.37554259093176
64.0,66.821384308968
60.0,66.77631838544305
58.0,69.59126065732319
58.0,78.97073818984848
59.0,82.73507901992292
59.0,79.30774916530777
60.0,75.50999318751283
70.0,71.66617753837788
84.0,68.74270738071412
93.0,67.81129814360324
106.0,70.16991878097369
104.0,70.84078231904144
103.0,71.65220381256295
108.0,86.03332093671348
113.0,112.14837367455748
117.0,124.73355608793229
120.0,135.48945125676104
121.0,131.30015540502046
125.0,126.55954941205583
129.0,129.5589994947244
130.0,130.661643891759
130.0,130.11507908603278
126.0,128.26999858176467
124.0,126.82198791364631
121.0,129.93055392203544
119.0,140.06400737010446
118.0,135.7980579909524
117.0,133.1768317409073
123.0,125.67126274758755
130.0,123.64533540147815
129.0,114.8724894909366
132.0,112.83494323414456
133.0,112.91485424200341
133.0,112.043187826232
135.0,123.86236468956668
143.0,145.31081717019327
151.0,139.18726819514578
159.0,138.36051936138136
161.0,139.80056293832425
174.0,139.18041598925666
173.0,143.07568407349896
172.0,161.28019247547573
174.0,191.5662303044053
185.0,190.80184440743506
197.0,177.3902936679837
202.0,203.69462452583687
216.0,187.33980082878492
228.0,170.85099883249697
236.0,173.20354551550196
245.0,196.5133155107464
246.0,212.40707263667082
245.0,213.8824405623154
246.0,225.51870858357853
250.0,225.71309515668946
249.0,222.19822339232886
245.0,235.16125449906005
234.0,230.97362508713525
232.0,219.29209208899502
229.0,216.97356669254816
219.0,233.51873370431602
214.0,230.41011955049777
199.0,222.22568500060882
183.0,202.0876128431153
168.0,204.62910177374448
154.0,202.2684485100779
127.0,185.18185039615022
114.0,180.26215814799417
101.0,161.67427030203902
91.0,145.40822453643284
82.0,121.76776026905661
74.0,119.74600602669238
72.0,94.14965459845436
69.0,93.33128591778478
65.0,99.30668189442198
64.0,99.02964224113062
64.0,85.78562136756544
62.0,80.83693461464743
64.0,96.33193147021439
72.0,92.86622571728651
82.0,88.2560346025252
93.0,88.39408811850144
104.0,84.53074037700053
113.0,81.46144842630413
119.0,86.84600801970005
126.0,105.45416178479
133.0,118.12269385118867
136.0,132.76063132298813
140.0,140.44048901577992
143.0,141.06321751128343
146.0,136.27205194122863
152.0,144.68963871628094
158.0,146.31801725660316
163.0,143.78633001993907
170.0,146.68418265730955
175.0,153.98100259142595
185.0,160.01138043353336
192.0,178.04582119825372
204.0,172.22665475646718
210.0,168.98705610257778
213.0,171.13915056547913
216.0,179.93561363997136
213.0,184.21989112562153
213.0,191.5541838264224
212.0,207.17119542941663
214.0,211.41027178818942
217.0,204.81731406733982
220.0,204.77417769318672
220.0,187.73226933745306
220.0,187.0226347165854
224.0,186.0816676640809
224.0,200.8228158978559
225.0,215.41840188990946
231.0,222.70668788983846
237.0,219.39112390619408
237.0,220.16411798777807
241.0,228.11902231095317
237.0,228.64098612264374
258.0,235.9769260600394
263.0,246.6827406181702
262.0,250.71308393725886
258.0,243.45356643524426
261.0,242.32276534036208
256.0,235.0412245479526
257.0,262.8445353971556
254.0,262.3957568678743
249.0,256.06411312194575
244.0,248.82944366195338
237.0,249.74026410510788
231.0,244.30059443842293
219.0,243.97608885529584
213.0,239.6564353148636
210.0,235.31007933216432
205.0,227.0317175385828
204.0,219.67744791397007
198.0,212.50274343028795
190.0,201.13113440052598
187.0,196.78999890862235
186.0,196.63272955934383
184.0,186.05616975072044
182.0,182.15215961099122
182.0,176.66156412539405
182.0,164.59159192766322
184.0,164.45445347018335
185.0,165.4832442890231
187.0,164.36301870569477
188.0,161.59717537061576
193.0,161.682310547365
196.0,164.53554802917213
192.0,172.3937890862142
188.0,176.65161645889847
184.0,186.84248860743799
184.0,196.42785182069255
187.0,201.25319705529333
189.0,204.44819744621148
192.0,195.4139945470148
194.0,190.6888873835974
196.0,183.55272051261016
202.0,186.0737302095198
209.0,190.8864324403786
211.0,191.8700328723333
210.0,193.31902208243207
203.0,197.82728557076712
196.0,197.46622489805907
194.0,203.61066727330154
192.0,214.00145290676915
186.0,216.70282298757283
180.0,212.3146618489389
175.0,197.95937647120647
168.0,188.63151749216374
163.0,191.33366805190815
158.0,192.47048509457477
153.0,184.10029305897152
147.0,178.03939766188665
140.0,167.86808433172206
134.0,163.87772144224445
130.0,144.640933568583
126.0,139.21698394913292
120.0,134.87597406524043
114.0,126.5712025394917
112.0,118.12610999232163
108.0,113.02461854978503
101.0,111.55429418567711
83.0,109.71002612215241
80.0,104.59448320294477
79.0,100.4216898860055
78.0,99.81990992878674
78.0,99.22782196590798
79.0,89.63813193832672
82.0,79.9615279926266
86.0,78.94361968603583
92.0,81.14311539626264
98.0,82.279381763483
105.0,82.9726539507537
110.0,84.68517805937036
116.0,87.77619021003824
123.0,95.03894152546256
127.0,108.36554477406759
131.0,115.20047479619626
136.0,121.83254671004666
143.0,119.30818831553405
153.0,126.67812530461681
164.0,136.18915663551562
175.0,139.51498367824578
179.0,140.32486498557014
186.0,147.80205074046074
187.0,159.6517928143347
189.0,174.93097151264894
191.0,185.42441261635028
195.0,195.52522440912838
199.0,192.16214077389293
204.0,198.82493025281548
210.0,185.46033845374927
213.0,176.40741882722645
210.0,173.69278788170382
200.0,183.8037626658286
193.0,188.90131413754656
189.0,190.1213627778869
188.0,200.50692004820127
187.0,203.18446713386984
185.0,198.3042331245444
182.0,185.52151371851326
180.0,175.3445050163964
178.0,177.1232086023935
176.0,176.41760417520177
175.0,173.98966300234505
173.0,163.64010948297937
172.0,153.827932796932
174.0,153.0530148656721
175.0,151.41955407866658
175.0,156.50908090866906
175.0,165.43579347697684
176.0,165.875960774791
177.0,163.64459617052145
179.0,171.98181534932417
180.0,176.33447954909005
181.0,176.61953464091238
181.0,175.58820734298178
180.0,177.18313058643014
180.0,176.89379419929256
181.0,181.12004524331334
181.0,181.65484433920554
182.0,181.96194980101058
181.0,181.14810399040408
180.0,179.44864871600424
180.0,179.2158539696428
179.0,181.98950947233175
179.0,180.5728180486755
180.0,182.8036994606974
180.0,180.13201752192924
181.0,179.7458522602111
181.0,179.85258942333957
182.0,178.41074838511022
183.0,179.01783706277942
183.0,180.73854425160937
183.0,181.01363880493685
182.0,181.4594418759938
182.0,181.13090201122
183.0,185.07383185991392
183.0,187.41700563391996
184.0,187.33635163574857
184.0,187.40686336985175
183.0,182.66578614304714
184.0,182.65127293444309
184.0,185.52876516514834
183.0,185.43882764940918
183.0,187.19956730259872
182.0,187.1856936782715
182.0,185.343784324937
183.0,189.27558636332353
183.0,187.19827780713237
183.0,185.1671180117386
184.0,185.2415371754591
185.0,182.65420166851786
185.0,182.9694646287334
186.0,185.96826075008752
184.0,185.96711785350323
182.0,186.0005458403116
182.0,187.87424747398273
178.0,189.8669663606605
182.0,189.20105242834188
188.0,189.64209228911594
195.0,186.77875472287943
194.0,182.23107474154068
192.0,182.4585180475306
191.0,178.5186399668011
192.0,183.1090420008922
193.0,194.37856200020008
193.0,204.48319633831832
192.0,199.92758350260672
190.0,196.13030838097706
188.0,195.0857759611126
185.0,196.00284443082748
178.0,198.1745530363444
175.0,196.049142972351
172.0,193.25645507960692
169.0,191.80446250782572
165.0,188.50268990684125
165.0,184.2635127256108
170.0,177.7507207387271
178.0,175.74696745224054
177.0,167.88359493862532
175.0,164.61477688794017
173.0,158.28770294245263
172.0,160.59997809130422
172.0,170.17850134931246
172.0,190.3193947744487
172.0,184.5497113922767
171.0,180.0780319447658
169.0,174.84950706966052
166.0,174.18602893644746
164.0,174.3869067972471
164.0,171.13122235066265
162.0,171.45209896682977
162.0,171.1276701261524
161.0,168.08589700698192
161.0,164.2724237086475
162.0,163.11075796559686
165.0,165.06964221552153
167.0,162.4740761527398
166.0,162.65788662970385
166.0,161.9102974489925
173.0,162.4389410604506
176.0,163.22785323361498
177.0,171.0143000384631
176.0,172.05166220647553
172.0,170.96398519382427
172.0,170.40628513124744
170.0,181.20148567454234
168.0,183.73731178833418
167.0,181.87938999939288
168.0,177.27076000345394
167.0,170.75328678352201
165.0,172.00410039810913
162.0,166.71758965552797
158.0,166.23414130624582
154.0,164.20812032673413
149.0,167.15938139936833
145.0,164.38521981100925
141.0,161.90540559713133
139.0,159.37531409897971
137.0,153.93168621714153
137.0,149.97769989455568
138.0,144.11542979641692
148.0,153.19859931322011
156.0,157.3490473676411
163.0,153.07389246916637
171.0,154.51230334774965
179.0,157.41573768434688
191.0,162.29158123480232
197.0,180.33190896971246
200.0,184.69441483917365
203.0,188.26153585062468
195.0,195.03295620538188
186.0,202.576298337863
180.0,211.30831585032453
176.0,207.45238480840524
172.0,211.14072553573408
166.0,203.5395341929232
165.0,184.04793563196233
162.0,169.06289650030837
161.0,161.75365109884814
164.0,157.95228513007004
165.0,153.39050676657578
164.0,143.68515360244058
163.0,144.0071458812391
158.0,142.79589709421748
153.0,146.8996709313313
143.0,148.02974383700575
132.0,151.41618147180114
125.0,147.75038381519005
118.0,149.1500900958775
110.0,141.38466757963658
104.0,134.39349625886067
99.0,126.84455394744174
94.0,115.74853585401864
89.0,105.45506155586976
87.0,98.03413582152876
86.0,96.62589010398882
83.0,92.8620416719985
81.0,86.95209956435338
79.0,84.3422637324141
77.0,82.44255652953115
76.0,80.87893175147653
74.0,82.10795118952807
73.0,80.79563927627157
73.0,78.38909824427083
72.0,78.5709785434714
72.0,77.6329694732537
77.0,77.09053667454627
80.0,76.50229215062795
83.0,77.51969680427939
85.0,79.19896330245929
88.0,79.29435559079127
90.0,80.27841628451057
92.0,86.49148813566478
94.0,91.20311127684475
100.0,93.18419627093613
101.0,90.53019264706556
100.0,98.76392744200044
100.0,100.57550425058469
100.0,102.33859004496763
103.0,104.56346726578096
106.0,111.9804791703899
107.0,109.60749549609949
110.0,127.28966747360047
114.0,127.02649296151094
114.0,122.88857892111339
113.0,131.48816661583436
111.0,134.49573309499695
110.0,137.09877620739826
110.0,140.4578777054897
113.0,142.49362766033397
114.0,138.27444595854564
111.0,133.05693315967682
107.0,130.87549813230154
102.0,126.88374436705173
100.0,113.86830149463077
102.0,115.837849532416
104.0,118.02272450564223
105.0,110.78133076919397
109.0,107.6156868320252
112.0,100.70294542526435
113.0,98.35664678242722
114.0,103.8666497452894
118.0,108.62400704218076
121.0,111.11911183890254
123.0,125.18266624529458
125.0,124.64900882086329
123.0,121.91347958328905
119.0,123.2128885508435
115.0,125.54490711776266
114.0,128.81818737274986
113.0,129.30161763504705
109.0,130.52171898390878
111.0,126.67930310628466
114.0,123.78432254659728
119.0,114.81861455230123
123.0,116.0572720743698
126.0,114.70784886073872
128.0,111.10335045045838
127.0,109.84602576183228
124.0,115.52377528924438
120.0,124.16788030131816
117.0,129.0015923508777
113.0,133.04679870104792
110.0,136.73270661256714
109.0,131.47162662826688
107.0,126.89876481404337
105.0,120.63664604117324
106.0,114.90213565192039
106.0,111.28447075833307
106.0,107.91126091673078
108.0,108.69970347187137
107.0,105.21455279758577
106.0,101.71975485722393
103.0,108.12265769273543
102.0,109.56385777249992
101.0,108.160608817388
100.0,111.79849999324782
100.0,109.5624812187407
99.0,109.09159514721364
98.0,102.87496513832973
97.0,101.71561379702354
93.0,101.76139309853028
92.0,99.69332188746091
91.0,99.62499854272363
87.0,100.63029043411184
87.0,103.29547136553516
86.0,102.89072722671916
88.0,99.20588346274634
92.0,96.0513520760988
96.0,93.78551357813822
98.0,92.11212174777857
101.0,92.10086418042695
104.0,90.90440725178179
104.0,97.94194140216209
105.0,104.82371535658088
105.0,108.66931946095976
102.0,105.21046052522918
98.0,105.30378526940342
96.0,108.92976309923911
91.0,107.6281598356293
87.0,108.44022534644526
85.0,108.481757087655
84.0,104.31122651353698
83.0,96.03496786626145
81.0,94.3119598026651
78.0,92.08974754271118
75.0,89.4128758669634
71.0,90.27840183506059
68.0,92.32609482812884
66.0,85.24243500425344
65.0,83.08264454687836
66.0,82.71665882059867
67.0,81.70952752836246
65.0,81.04476423462182
67.0,79.33744309728984
70.0,76.3407134503756
73.0,75.65008605199395
79.0,72.6592099473299
84.0,74.30413714600735
88.0,72.24605409310891
93.0,75.36148549810696
99.0,77.55517443737416
105.0,100.72073863129418
111.0,111.46223436278375
117.0,117.13968071941733
124.0,123.88485273983427
131.0,135.63311250980092
138.0,143.56685278269427
144.0,149.32527550490727
149.0,145.21094755656813
150.0,143.2422894599829
149.0,144.04018284584419
148.0,148.05198944943717
147.0,140.14489534525165
145.0,140.8395541912113
146.0,146.3234712838782
150.0,146.3690661887439
153.0,134.31950782806373
158.0,132.39373824912576
162.0,134.62383704327252
165.0,134.4154738111425
169.0,134.99991144652128
172.0,147.3425357232437
175.0,152.01164457357135
177.0,158.12889322213724
178.0,161.82578481611256
179.0,165.84974890752395
179.0,166.58946612030073
180.0,170.39117674639309
180.0,177.45766791089295
180.0,178.92317675847303
182.0,179.44339846466715
186.0,181.4757582215683
190.0,179.66212252467025
192.0,182.70682118417062
194.0,183.4625859667542
198.0,181.65943792766092
202.0,186.73173684254482
205.0,192.14220768854102
209.0,198.05343372713403
213.0,197.52973089426982
216.0,200.50027002299612
218.0,208.73569219831205
220.0,212.36461589878812
221.0,214.3479787396289
222.0,217.31745292058534
223.0,222.10059637969653
223.0,225.6749000211128
224.0,227.53378881919645
224.0,228.39335951622598
223.0,226.69952409232292
222.0,227.42956097275163
223.0,227.06631419895703
224.0,226.4818708267905
224.0,227.20614774109134
224.0,226.95991516899466
225.0,225.22106659212957
224.0,223.95348500202806
224.0,224.46303935256512
224.0,224.93530038969146
224.0,224.18325660275698
224.0,223.98459613421218
225.0,228.05042354446226
225.0,224.3508417053316
229.0,223.3915454276797
232.0,222.92430780849344
234.0,223.00799915871016
235.0,222.87097279753246
235.0,225.7483574304996
236.0,225.597378018743
236.0,229.77471508556846
237.0,232.2126912763808
237.0,230.62361373020977
237.0,231.6905679591516
238.0,232.4118822697867
237.0,232.01730272943055
235.0,232.13074726854637
236.0,235.53817279709384
237.0,236.15858597414146
238.0,236.52958151587964
237.0,236.67954705143745
237.0,238.48713292790927
240.0,235.19140410314765
242.0,234.7212183683814
237.0,238.1388306347917
256.0,238.56634093275417
253.0,238.2373933784551
250.0,238.4950090763065
245.0,238.14334339441436
241.0,241.63279280435447
238.0,235.57732344436775
236.0,256.81062869876274
226.0,250.85560325428565
216.0,244.83430515533337
209.0,236.11441175401484
207.0,230.35806261701114
194.0,225.45435091244374
181.0,221.73635427453178
173.0,207.84186831465902
169.0,192.19314743421066
165.0,186.94927713471463
161.0,191.1713075114337
156.0,163.95530128961596
153.0,144.7850088433296
151.0,138.83667053081933
154.0,133.84283615048653
155.0,128.95713426828428
152.0,135.60547780448633
150.0,133.79158441779992
147.0,128.86898181339814
142.0,129.753641302607
145.0,138.50557656333956
146.0,144.02914317112192
151.0,150.78866566305575
162.0,150.352068667353
171.0,145.17540557347698
182.0,145.1315771996297
195.0,147.10445986863087
201.0,148.6828211663326
206.0,163.69764191173536
209.0,176.011692955237
208.0,179.86467339669358
205.0,193.6938310012587
206.0,211.2634648871436
212.0,215.2544151414455
211.0,209.89381646539826
203.0,205.0641726001082
194.0,193.25003889050285
190.0,187.82096258027542
179.0,194.8471990625964
167.0,210.65418951635385
156.0,211.13663334035752
148.0,179.1334265978424
134.0,170.04509770389623
129.0,163.95809910689093
124.0,151.18147947182635
119.0,145.59568734125403
115.0,137.56665162823862
110.0,124.66392908690369
108.0,112.31161514201901
105.0,112.44265168102196
102.0,103.98750449921309
99.0,100.13405743618354
99.0,98.02819761223348
97.0,95.9043653466365
93.0,97.55452296666259
91.0,96.9462920068947
89.0,93.81893005861451
87.0,90.91129997073755
86.0,93.39765427761746
85.0,90.1850830327912
84.0,87.4970371650012
82.0,86.26033180656162
80.0,85.30051956916151
77.0,84.37246299177163
77.0,83.88442592573477
75.0,83.37053556303195
72.0,82.4039864379077
71.0,79.85329325485422
72.0,79.13614236366014
72.0,77.4490568380904
70.0,77.16963870462637
67.0,77.77669624653375
66.0,78.50182562429646
64.0,80.3588332803033
61.0,83.05823087127754
59.0,84.25536664051062
56.0,80.03148602179192
54.0,77.61544045462301
53.0,75.78926567433516
52.0,75.52547333132603
54.0,72.55487361173215
56.0,82.52512599032197
59.0,83.18117231772312
66.0,85.43705421574732
80.0,89.82952430340748
95.0,89.5895388284643
109.0,92.09079321238838
122.0,90.79115142594429
131.0,94.37257345004042
134.0,104.2922088123361
134.0,128.27727405410752
132.0,138.07967791226503
133.0,146.21215884450518
133.0,151.8000656406736
133.0,154.51603001910323
133.0,146.14824394779453
135.0,133.01697581674014
137.0,123.49945840047442
137.0,127.15124804398631
137.0,127.24289585656075
139.0,127.50806404303913
140.0,124.5957623647088
142.0,130.35298998913157
145.0,140.46763231239706
147.0,141.9025274645358
150.0,144.29993084090387
152.0,143.499265149472
154.0,143.48414354390147
157.0,146.2370328246744
160.0,149.87942179810008
161.0,154.87637151316184
162.0,156.18990196328946
163.0,150.80155074494502
164.0,152.6175319917495
165.0,158.22347425202096
167.0,166.00841003732612
169.0,164.22033028036034
171.0,165.3335028744343
173.0,168.89646679864302
175.0,170.08354102410573
177.0,171.12854471858068
179.0,172.92582791709174
181.0,176.63936372952932
183.0,179.02736828681446
186.0,182.33996141121455
187.0,184.25528287515567
189.0,184.28082114372503
191.0,185.69016645983243
193.0,186.55039629237893
193.0,191.15301049597207
192.0,193.8166116509717
191.0,193.5158451694442
192.0,194.51334674372987
192.0,198.1464772746625
191.0,201.54172445509246
194.0,200.23971203990658
198.0,196.43576591393486
213.0,195.51269506430071
219.0,196.3072082888882
222.0,193.06732984540878
225.0,191.7797856405798
228.0,196.61802445076142
230.0,204.21563607355878
228.0,220.3686325706486
226.0,225.99558070510193
230.0,225.64736372074455
231.0,228.1166359289842
225.0,228.7288615239259
222.0,231.25189021180216
217.0,226.37214816197456
213.0,223.0995454648745
211.0,229.61591620508344
208.0,231.69441938488404
200.0,208.8890743502837
197.0,205.88267157587651
194.0,194.63235776375205
190.0,194.87848757147037
189.0,194.40351678918202
186.0,189.71559880672893
184.0,182.66575052153667
184.0,180.56362377104224
182.0,177.36602497113935
178.0,175.0612627855477
176.0,175.40143709801072
171.0,171.18361495016248
166.0,170.1238724657649
164.0,171.51702541350195
163.0,166.57934998781604
160.0,164.0049388937006
159.0,164.2685180069211
159.0,155.29859385672384
156.0,149.82857904343615
154.0,149.4150941885988
152.0,150.6836708544778
209.0,214.12310599938252
209.0,214.95225769800945
208.0,215.23616187463756
207.0,206.74125620338185
201.0,204.14723631258244
190.0,207.624801337017
183.0,203.4459566958268
179.0,203.34322698938468
180.0,202.53688296811507
177.0,201.61777536624248
174.0,191.82991289191398
173.0,173.73530677949338
173.0,164.67593156103987
171.0,165.28326267166184
169.0,166.09365390217437
167.0,162.4747689763037
162.0,159.05922407564643
160.0,163.4756327621164
158.0,165.2499559349401
156.0,162.02550243829538
155.0,161.2058058642182
154.0,158.77960411585804
153.0,153.70023523250026
153.0,152.34117343112598
153.0,150.515072371432
153.0,148.8444038237589
152.0,148.4371888567458
151.0,147.460548528481
150.0,146.02516171903312
148.0,146.27500156440868
148.0,146.2765802439274
148.0,148.69001102965953
147.0,146.99207654911336
146.0,148.14725134823527
145.0,148.34454704962116
145.0,143.337892259356
146.0,143.02440923787626
148.0,143.13539638603578
147.0,143.84704260334763
146.0,144.03418844113304
146.0,142.8594933390523
146.0,142.02263979987865
146.0,144.17712504672005
145.0,146.50749726571237
145.0,146.0313934289787
143.0,145.23348500509363
142.0,145.69633284998423
142.0,150.24006346489608
142.0,150.6348585369767
142.0,146.07658387276314
141.0,145.90978224013944
141.0,144.26633142791798
141.0,143.54690460149519
140.0,144.47794669101
141.0,144.81444382769305
141.0,144.86388753233473
141.0,143.0361463019831
144.0,142.98543185878563
146.0,145.23001312646988
146.0,140.24885695625287
146.0,145.59746876472408
147.0,145.23893183467166
147.0,145.11192655562897
147.0,152.24048802478308
148.0,155.04161525548352
149.0,153.69006174415549
150.0,151.87059071413472
150.0,151.8847444575014
150.0,151.17475013003684
150.0,149.2572983746411
150.0,150.0103966019986
150.0,151.02907670726964
150.0,152.94267699663231
150.0,152.45092669340247
148.0,152.3187919415875
148.0,152.3493319892211
148.0,153.0507597136089
148.0,150.62404474298282
149.0,154.8743223479178
150.0,154.4985286854536
152.0,149.44896061358986
154.0,149.72810204296223
155.0,149.85693374299643
156.0,149.64795487228022
156.0,151.47217302141863
156.0,151.8586556197605
157.0,154.963117457732
157.0,157.718077660418
156.0,161.38817854146018
155.0,161.34634886292207
155.0,161.4373543248007
156.0,161.85370492752904
157.0,163.17833791537822
158.0,162.89193961686445
159.0,161.6216955412775
160.0,161.49706861259224
163.0,161.38232889316765
163.0,162.0911492388939
162.0,163.30954205956792
164.0,164.6429063413998
166.0,166.12212220463613
171.0,167.28552035355366
173.0,170.4572780054596
175.0,169.47508722082299
179.0,167.53411546487985
183.0,170.59634649504412
185.0,172.59842304240843
191.0,179.9500126985981
199.0,180.14998162186026
202.0,182.42443155104044
208.0,187.1651113862861
171.0,193.3090070287647
179.0,192.34444180956405
188.0,197.9654138408173
197.0,222.85293135541392
204.0,224.077078718603
212.0,226.3662841696024
219.0,170.05732684947063
224.0,183.29536550702386
230.0,198.93237557934285
235.0,203.66117617532262
241.0,217.87874381363724
248.0,224.79213481373614
252.0,228.21227434161628
255.0,224.20542846639367
257.0,224.80958393325946
258.0,227.51036216165602
257.0,230.17376090319777
261.0,235.2255886976675
261.0,241.2883795778579
260.0,242.72461648899966
257.0,242.36312275582497
252.0,251.21043597196206
246.0,248.48814704057125
240.0,253.1845862915809
236.0,254.611686915521
233.0,255.1849603772326
230.0,249.84578606048876
226.0,241.2970260651352
224.0,226.10591962655846
221.0,218.64354930496552
217.0,209.00906212365805
212.0,204.19528975863759
204.0,202.67331283106935
198.0,201.55955969511683
196.0,201.9315289241441
197.0,199.73472330030106
203.0,191.72442618283947
205.0,215.57639506941663
204.0,198.04471494504276
211.0,196.40508576924012
215.0,195.69411888695657
218.0,195.02168559895674
220.0,203.90065699870868
222.0,206.85557745726788
235.0,205.76847893897346
242.0,228.3982987629489
251.0,233.15985998247078
257.0,236.71073409212173
265.0,236.50784302530846
267.0,229.7165278814726
268.0,244.7903776926365
267.0,252.9369791328011
266.0,256.5409900024137
265.0,255.51388233086928
262.0,268.59996860062085
259.0,264.576357909834
257.0,269.00391188501516
255.0,268.84851854776485
256.0,268.926845536116
253.0,267.28714934722285
246.0,254.8675807558835
229.0,244.687771393128
218.0,242.9438695222396
213.0,241.55814923141438
210.0,242.00992064879523
207.0,239.42283333018383
209.0,224.34863242445164
216.0,198.95017253039063
216.0,187.98922839386267
216.0,178.0491518506726
217.0,184.46381512235536
221.0,187.74168339287607
225.0,192.913480614348
228.0,199.47320911232123
229.0,196.84684620478882
227.0,205.59945252795333
229.0,210.96621829663582
231.0,215.8778885649839
230.0,223.7683519768808
229.0,225.1267544973967
229.0,226.5167142884643
227.0,221.29795969064466
222.0,224.31075975550655
221.0,226.13860847452648
221.0,225.29657341179404
224.0,219.88868756963555
232.0,219.4862135955755
235.0,216.10770366156495
230.0,201.442108541857
224.0,203.65921219662138
221.0,205.742005076843
218.0,208.47599947456882
219.0,222.2107877210397
219.0,229.19625640551573
222.0,220.38946205315636
226.0,220.1893900179489
234.0,217.81426888875464
239.0,218.67398181268572
240.0,222.23121156416119
245.0,224.49360711527996
250.0,227.42971304628873
254.0,235.83035873960512
253.0,239.5067535279113
248.0,243.34187048642588
241.0,241.69558575759015
233.0,244.66575809575014
225.0,249.63211606240336
218.0,246.72319736498306
208.0,240.2524012896694
199.0,235.5193902888496
192.0,228.92243630345712
183.0,217.6718055119397
175.0,207.8429517054697
166.0,205.15716255889848
158.0,187.0479253980077
152.0,171.3246301073747
146.0,164.38991423206505
137.0,157.34640782187878
132.0,148.12889262444494
126.0,125.3413213739985
122.0,128.12222668984563
120.0,126.97968535153053
120.0,123.25849746184662
114.0,114.02401669619566
107.0,108.9411997466393
102.0,104.84246520780725
100.0,101.96604614973107
97.0,100.45644339996856
99.0,102.29552887479879
98.0,97.16841324435043
96.0,96.67492855106622
95.0,91.3700018707908
96.0,91.51399238164136
98.0,89.1298221594233
101.0,89.42310495261853
104.0,89.69619751852828
108.0,87.31746711407811
110.0,87.09443458268933
109.0,88.05269519732815
78.0,96.90321384191715
81.0,104.48743693619492
80.0,110.25011676756905
81.0,114.35718815160523
81.0,116.8395082837289
80.0,114.88561065155905
78.0,77.67995516622598
78.0,80.25059209208426
78.0,83.71461492098958
77.0,82.82378194949992
76.0,84.2975823730365
78.0,84.49167436589377
80.0,84.37049693534473
81.0,85.2922199680963
80.0,82.57613485805433
82.0,78.457863514645
84.0,76.49942427242804
90.0,79.48806386813953
93.0,82.0850708839676
95.0,83.05191351123497
96.0,81.2029379670097
99.0,83.47545931607743
103.0,85.65993095642631
105.0,107.68383077114031
108.0,115.44980466550294
108.0,113.17568743143215
111.0,107.91340519175746
113.0,110.33538134322583
114.0,114.3655925233992
112.0,113.33554270614015
109.0,114.60271273262246
107.0,112.69512424166504
105.0,113.39528229932131
104.0,116.01192909679808
102.0,118.60368501098296
101.0,113.22271083610359
101.0,108.85101805721555
100.0,107.97104605076137
100.0,102.39178801251127
99.0,102.07585417819233
100.0,100.08921632996076
100.0,98.70105037957643
101.0,98.88975584981449
101.0,97.47212747515022
102.0,97.39135258713742
102.0,96.74502403297211
103.0,98.05386864265499
102.0,99.86411267677896
100.0,102.00485887581665
98.0,102.61123068816393
96.0,105.57496925863163
94.0,105.53667825017736
93.0,108.74044678250448
91.0,105.87962802106476
91.0,100.50368634964687
90.0,96.84563345841052
90.0,94.22882518921466
91.0,93.48001093826961
90.0,92.90440132463195
90.0,90.74068188604436
88.0,90.85744545334772
86.0,91.2647156768649
85.0,92.21387366751283
85.0,93.20697812014102
84.0,93.2053394617681
83.0,94.19118852475461
82.0,91.6046343360408
80.0,89.00909673301499
80.0,87.55938277442124
79.0,87.74175701793622
78.0,86.55052364600654
78.0,86.35380087870566
77.0,83.92720261385581
75.0,81.85574149584997
74.0,82.13009704963305
74.0,82.36807285031934
73.0,80.68412071918927
73.0,80.56315645667873
72.0,78.23308535362317
72.0,76.81824796144113
72.0,76.22887536766545
71.0,76.08724581960863
71.0,76.34319239830346
70.0,76.29267363170071
70.0,77.41476259000645
69.0,78.19360557877351
68.0,76.7268362284208
67.0,75.78282510442726
66.0,76.0482583111855
65.0,75.14610856716423
65.0,75.0837711481412
65.0,74.9105160488673
64.0,74.32303349787178
62.0,74.16057977771148
60.0,73.5793622323671
59.0,73.41107590915566
59.0,74.63721441304946
59.0,74.92442597232822
58.0,74.42462376380665
58.0,73.07414241357309
57.0,74.67495620825522
55.0,75.8043378298328
54.0,78.98069810952805
54.0,82.38020811282809
53.0,78.29807928854963
53.0,81.73142565820481
54.0,81.31446913426834
53.0,80.62088335811288
54.0,81.07906745989888
56.0,82.97590341629703
55.0,82.8542185387779
55.0,82.75078906851833
56.0,82.72523832945987
56.0,81.90129860164345
56.0,83.00620070196086
58.0,84.34865528365063
59.0,79.04427884317863
59.0,79.63563489251645
59.0,79.84144311729752
60.0,83.0481504113759
71.0,82.96601609691103
73.0,84.99949283942834
76.0,90.54098392587562
81.0,90.56970267982827
87.0,100.07179616485175
93.0,108.26356805900778
100.0,131.91825171217462
104.0,134.47185148922654
106.0,134.48818334111508
110.0,134.1221510304336
113.0,133.29020202054102
117.0,136.80089294532803
121.0,138.03610033773492
124.0,142.04378115759178
128.0,139.2854611826526
132.0,137.32018785102204
130.0,133.60985053121712
130.0,134.05347947833826
133.0,132.8700276303882
132.0,137.69175226977734
133.0,139.98174542437556
135.0,134.6796514461923
133.0,128.18542903141358
130.0,122.54115476822382
126.0,128.45246900060593
126.0,125.28156681506613
122.0,130.3939556551671
118.0,136.56084062519477
116.0,136.14433724527106
115.0,124.62935115088203
112.0,119.08082301130996
109.0,121.91671264327502
108.0,116.0142969848009
105.0,108.6114961678154
103.0,107.49032337150058
101.0,107.91533375383167
100.0,102.11587379405152
99.0,100.47147221327681
98.0,101.3014723185124
98.0,98.30895309710733
98.0,98.90054959360873
98.0,95.96864172477521
99.0,95.71322287396283
100.0,95.55907656690582
97.0,94.955910759562
95.0,95.69521657515533
95.0,96.26844329015292
93.0,96.72675063667728
92.0,99.16630646081433
91.0,101.78153361723635
91.0,98.77069571355081
91.0,95.52798077978085
90.0,95.65696771435279
90.0,94.96943718437228
91.0,93.77573777614583
92.0,92.70961349778275
93.0,92.96875977532291
93.0,93.03987930704275
94.0,92.75735037813266
95.0,92.92902720346743
96.0,94.61908323599316
98.0,96.85291600787534
98.0,99.71335748527038
99.0,99.25739471100329
101.0,100.22118413543109
101.0,99.87367197259732
101.0,99.53449844048443
102.0,102.9490101936368
103.0,102.89583256283736
103.0,103.70533648021501
104.0,106.745176670292
105.0,106.89999897744295
106.0,106.88527511365712
106.0,107.29062209356539
107.0,110.950832417855
107.0,110.95601392724159
108.0,111.72416801578245
108.0,112.80927068453956
109.0,113.51405426376023
109.0,113.51124267564634
107.0,113.746988004674
108.0,113.25125877901738
110.0,114.0340858264898
111.0,113.75589805616741
116.0,115.50678989333153
123.0,115.20888038580563
132.0,129.8461468572379
142.0,134.10725087008984
152.0,142.05094923133376
161.0,142.6058931466791
167.0,148.41784473628192
172.0,159.93488045710276
176.0,171.00119956192702
181.0,176.25837670101228
185.0,186.14589574350896
189.0,189.75319107536532
193.0,194.4226168395444
195.0,198.88152803811386
195.0,206.6126758054257
194.0,210.51599494978686
195.0,213.0259630257106
196.0,208.9871803795143
194.0,209.66538853527342
187.0,212.31419358876255
185.0,199.47477826303194
184.0,192.60985308983703
181.0,197.72293883599727
177.0,198.60647965392585
170.0,189.29037927237508
166.0,177.81097139667474
162.0,168.42678141276727
158.0,166.07324347260567
154.0,157.29130827328115
152.0,149.74540392797303
148.0,140.1537249812955
144.0,137.59969217624214
140.0,136.88904953976217
138.0,132.92764500049353
136.0,131.88936365523043
131.0,131.002530629424
126.0,125.91713004738291
124.0,122.82519320072831
122.0,121.25967001820882
117.0,126.12892421680449
115.0,127.99998029809966
114.0,119.45760214225479
113.0,114.85764613740237
109.0,113.35003960196099
106.0,111.24267982837833
106.0,103.72690486122806
102.0,102.12224852512087
100.0,103.26907191162333
99.0,102.99712713066779
102.0,98.57481333593103
101.0,96.90986622996603
98.0,100.06806843688548
95.0,93.62100712674103
95.0,92.60771680466503
96.0,92.78852440148815
96.0,96.82318914881441
96.0,96.4489770536467
95.0,94.32033984735936
96.0,91.41491753052287
119.0,91.82573485219191
127.0,98.89701082086282
134.0,99.56679009641722
141.0,99.53807067882664
144.0,100.67741335680553
145.0,102.4328312148761
152.0,146.55423294240276
161.0,151.68346524627592
168.0,156.0683556958397
172.0,155.69470688525382
173.0,146.59286312325153
178.0,141.11320933021565
182.0,156.41665683084315
182.0,169.7646140882505
183.0,173.11121677741193
185.0,169.91800089101957
188.0,169.4214170266259
192.0,172.57843436244156
194.0,177.2799587534082
199.0,171.56208629034057
202.0,171.0310215185599
204.0,173.7575921896726
205.0,176.67578952945985
205.0,183.09766656962137
207.0,195.64533018142933
202.0,206.13336966659767
192.0,204.19594488188636
192.0,201.171854360155
188.0,200.66189463288893
184.0,195.84877696362037
180.0,199.2769015346861
177.0,190.53147583311627
173.0,162.50971935621504
170.0,177.58969794403978
165.0,174.00806368042458
158.0,167.30868080655972
152.0,162.470089764279
148.0,156.93211925695527
147.0,153.12286478299563
146.0,149.7513383270998
144.0,145.2000725501026
143.0,136.84629638740157
142.0,132.847465799635
139.0,128.6520525307783
135.0,135.32577446126734
135.0,140.14022138522637
131.0,136.0810679437966
128.0,138.6079415096046
126.0,134.14026636980805
125.0,130.26516559625566
122.0,127.7358522687763
117.0,129.85274202605478
116.0,121.04488978432474
115.0,118.53675779334127
116.0,118.74439334466547
114.0,116.42440766609344
112.0,111.8908783058995
112.0,106.60413863009293
112.0,105.30189315734741
112.0,106.95652978989119
112.0,109.35908597404305
111.0,108.52093655368672
111.0,104.60169354542995
110.0,104.40051621022583
109.0,105.88108255495416
108.0,106.71316326078548
105.0,107.88423284669835
103.0,106.67045809852512
102.0,109.42070315926885
101.0,108.10876896084933
101.0,107.59407147658641
100.0,105.30743444653992
100.0,100.76819000846041
100.0,98.7223581473975
100.0,97.89921806726386
100.0,98.58148674889324
99.0,99.1008470876224
98.0,97.68754546823435
97.0,97.91116484204287
97.0,98.09351944827591
95.0,98.54903972034776
94.0,100.9129845052539
93.0,98.07834140025139
93.0,97.55706845444533
92.0,96.78397911978529
92.0,96.71422596680569
91.0,94.35097538198929
90.0,94.18531193717897
90.0,93.7622976053733
88.0,93.95623529262548
87.0,92.72291915914529
86.0,92.95535289707436
85.0,91.49117321303542
85.0,91.23069885243548
85.0,91.2617204382463
85.0,90.15704713010783
85.0,87.84887055149353
85.0,86.95257746094327
85.0,85.55944760321675
85.0,85.76910628220922
84.0,85.82534173743926
84.0,85.75070781569184
84.0,85.4701459571106
85.0,86.19164493530735
85.0,86.19164493530735
86.0,86.17956438116605
87.0,85.03848808188346
89.0,85.09855785981742
91.0,85.11922179722514
91.0,86.79756230832618
92.0,86.69019491427065
92.0,88.19470140859417
93.0,89.9023194148192
94.0,95.33824748067298
94.0,95.81902979909752
94.0,95.46609751221038
94.0,97.48818941096266
95.0,97.14430665881811
94.0,98.12929960098592
94.0,99.14476208295477
94.0,98.37409609444732
94.0,98.18215113505579
95.0,98.12737012911042
95.0,98.57110319191861
95.0,95.8858061540606
96.0,95.62715858601783
97.0,95.64231655255753
98.0,95.56053621173602
98.0,96.17291727112581
99.0,94.8272021738523
99.0,94.89207684301067
100.0,97.01853394531922
100.0,99.79157386227435
100.0,100.61403810703638
101.0,100.64840834068701
101.0,101.40843292348565
101.0,101.24151648827768
102.0,102.53122654694678
102.0,102.661554551112
103.0,102.70763632078814
106.0,104.45758872873448
107.0,105.25721896645119
109.17003020559704,105.31753789693758
113.23863156521534,105.93887026077812
118.68086665165984,105.8790623032325
124.97179803773548,109.47466308038516
131.58648829624724,111.80978602263613
138.0,112.2772956769248
143.0,116.92556693851209
145.0,121.34096563884526
149.0,127.9997898734597
155.0,148.11557861748784
164.0,152.44636827628713
169.0,161.65137439606906
170.0,168.24605905164165
173.0,160.3647298892828
178.0,165.69320111415672
182.0,170.7262701336945
184.0,177.14941790604746
187.0,179.44387958960903
190.0,169.9931554372333
195.0,180.74416132896093
197.0,184.71899689748045
200.0,180.93666292415753
201.0,180.50824470397586
202.0,180.82675939195457
202.0,185.72707861935288
202.0,200.17737146953633
203.0,200.13188738928415
203.0,204.64516903507882
206.0,200.8889125552927
208.0,195.15233355885385
206.0,192.44915573667367
205.0,191.16841631853367
205.0,192.81441003383267
203.0,194.77532473080834
201.0,200.6567515006496
198.0,202.94603468952707
194.0,198.01547825975373
193.0,195.26947371143308
190.0,196.05121757351554
189.0,191.45741367564418
187.0,184.78810406700177
185.0,185.76870512107854
184.0,183.81882951922842
182.0,183.45032840904267
181.0,178.3265811613992
180.0,180.3385398278008
179.0,177.93875247458138
176.0,176.5207478856148
176.0,177.27037033355296
177.0,174.0577516327467
177.0,173.83858101951364
177.0,175.3961122844184
177.0,173.98654241928077
178.0,169.48871252986174
180.0,170.2491412932295
181.0,171.91049075321246
183.0,172.03922290807452
185.0,174.57860158617206
188.0,174.5812984063689
189.0,178.0744708172153
191.0,181.07850877254776
194.0,182.49427925522923
198.0,187.54074414298051
200.0,189.84464004095284
203.0,192.2864904621561
205.0,191.86651385546193
208.0,195.66428029125342
210.0,200.54274739499803
211.0,207.4174202257455
211.0,208.19456283027617
212.0,208.68798258412207
211.0,209.99947978948651
212.0,211.43106809047885
214.0,215.95207937644645
214.0,216.01271785152016
215.0,213.6323949450091
217.0,213.70815088010065
223.0,211.98503939985102
223.0,212.52741679509506
223.0,214.26749036129428
227.0,213.03412461919186
232.0,214.10672940487387
237.0,217.93461386007243
242.0,225.2418268443777
246.0,223.90907719791738
252.0,221.14908549489317
263.0,226.7557374005387
267.0,232.68647055317155
268.0,240.18052131545338
267.0,242.86938963760076
272.0,243.9501951134807
276.0,253.8803013461099
282.0,265.99810572209645
287.0,271.0065940474571
290.0,269.30157197898086
296.0,268.05850821431994
301.0,269.82816784488614
308.0,274.77332923641774
315.0,283.7632667378111
317.0,287.98910845460085
324.0,294.34744921851336
331.0,294.8434298440606
334.0,294.8086974508787
337.0,294.6582952553326
339.0,298.58666879232544
338.0,297.2279697388152
338.0,295.11339061822207
339.0,294.6110368043746
342.0,292.754501882612
340.0,305.9491618532495
340.0,306.55696338113063
338.0,307.1801490679365
333.0,308.68823460231766
332.0,305.69312108489044
331.0,312.81595528987765
329.0,308.497079694215
325.0,306.2590787272718
319.0,307.42594159961504
318.0,289.9384754999264
315.0,288.4313844911913
308.0,288.18697676850286
305.0,289.1047839141752
302.0,291.54819201611156
300.0,281.68807224209723
296.0,280.4041263263874
293.0,279.113862341478
290.0,275.39231613264354
286.0,274.5513822016124
282.0,266.96220608965695
279.0,267.4631487098205
277.0,263.56817586486784
271.0,265.04934558833435
267.0,260.8470363210714
263.0,258.95506700590647
261.0,255.98589862471596
259.0,253.87081894371582
259.0,253.65324858909568
259.0,242.49121616946834
260.0,238.26298118323666
260.0,235.43604234408124
259.0,232.02533428665944
260.0,232.63088306738683
260.0,237.93167794561705
258.0,243.66693309955107
258.0,246.7399442015206
259.0,246.8317521137658
262.0,246.08466950168818
262.0,249.71723905862152
265.0,247.62523951416173
270.0,231.26482054450236
271.0,236.5689684313723
272.0,228.75699180087005
273.0,228.50864428901687
267.0,270.3563078676564
258.0,270.4743781175198
253.0,271.5504900687856
248.0,277.5535780631879
239.0,277.2974084937125
225.0,279.51907244023124
211.0,274.5688962985911
197.0,247.52807108463747
182.0,242.77898095893295
171.0,233.2104789860028
161.0,221.87923733965235
154.0,195.15802027656494
146.0,171.1791646340738
140.0,154.24151555802135
137.0,142.23119914495405
131.0,122.57662657803954
125.0,113.3219334045294
122.0,111.5260278871734
115.0,107.0490937033711
106.0,96.28199184481583
98.0,99.74049096920804
92.0,97.24975305542218
88.0,94.39074131801118
86.0,103.5123651950077
84.0,98.75187442482117
81.0,94.87607003501029
77.0,89.91233384629464
75.0,87.0927957702157
74.0,83.72607834066015
72.0,81.96706861831414
69.0,81.20179193453988
63.0,78.7162134973695
57.0,79.33681194680801
52.0,82.05535795377068
50.0,79.06587635430394
51.0,78.27947719343672
55.0,77.88817344399705
59.0,79.19048075108374
62.0,72.20322155207087
68.0,70.9309468506697
73.0,63.77764416560927
77.0,66.08622652343875
76.0,73.83036519310696
76.0,78.91703032007842
77.0,86.11492812696338
76.0,98.4588631250782
77.0,105.24644409884003
78.0,105.63850289575056
77.0,98.44735030670131
75.0,96.16750975149097
75.0,98.92328497630109
76.0,95.74802175673886
77.0,95.99263125757638
80.0,96.92818424794291
82.0,92.00802335064036
85.0,90.36515237666184
88.0,88.99209658210513
91.0,91.62810497424485
93.0,93.50379213974074
94.0,100.70847940323884
95.0,104.52705884854998
97.0,104.95362276264113
99.0,113.15905238801665
100.0,117.19158396756464
99.0,120.27111144329788
98.0,117.90993987546207
96.0,114.04572760834067
95.0,117.33704712762963
94.0,112.51927890067898
93.0,113.50188263032592
92.0,109.51335154549548
91.0,108.07972050643585
91.0,100.27773375747975
90.0,95.28852384902596
89.0,95.06327032769936
88.0,94.38637014102443
88.0,93.58139895334426
88.0,92.58781805720008
87.0,93.31908185704683
87.0,92.74886803051557
87.0,91.82965681091888
87.0,91.7034588292762
87.0,92.39445128423263
87.0,92.58026521919008
87.0,89.2046834573315
86.0,88.14371550079225
86.0,88.12686580151956
85.0,88.98171659259204
84.0,88.76253082103253
82.0,88.74257126393067
81.0,88.66041610212429
81.0,87.67844567899266
80.0,87.72633529242378
79.0,85.5782426887807
78.0,84.50180908585705
77.0,81.92919157698776
76.0,80.75440500183622
75.0,80.69898265693547
75.0,80.66733729995666
74.0,80.5249985485725
74.0,79.04774390715765
74.0,77.79002379586512
73.0,76.7986494690222
73.0,76.62247141777654
73.0,77.08871714177623
73.0,76.30307072885086
73.0,76.44463025240474
73.0,76.61955352781702
73.0,76.62041880328006
72.0,76.55386979068716
72.0,76.8178122828818
71.0,77.95240543007134
71.0,78.02567885806617
71.0,78.01290414212768
71.0,77.98490215305648
71.0,77.80385366120322
72.0,77.95071137170605
73.0,76.28838635798296
74.0,76.52475731783763
74.0,77.7577839031881
75.0,78.26344501611754
77.0,79.00650318219276
78.0,80.34430430148218
80.0,81.5515535516061
83.0,80.98263395948064
86.0,86.64061985774359
89.0,87.5339777530738
79.0,88.36446379403398
81.0,89.77305559059582
84.0,91.12140765119742
89.0,95.3889689114837
98.0,98.54071151231784
114.0,101.78718980820584
130.0,85.50897033059269
142.0,114.01487504733124
152.0,121.24915476818694
163.0,129.95325502173375
174.0,144.54576324455348
184.0,169.37545892037082
194.0,178.97989937802268
201.0,175.72790984185193
205.0,187.67067204063738
208.0,184.95666528522688
208.0,196.11236592183315
209.0,190.20507476544347
208.0,187.0892797833858
205.0,189.4575287643431
201.0,182.02623362143498
196.0,176.6999137306098
193.0,179.92292135650524
191.0,178.90291391209323
187.0,174.10232281381113
183.0,174.40658957732984
179.0,165.55025881470215
175.0,163.04869422248927
171.0,167.74942790180555
164.0,160.8266961429124
159.0,158.66894434788003
153.0,149.03116485622502
147.0,146.62084459000695
142.0,146.537025458127
137.0,147.34355440154943
133.0,139.89795461640313
128.0,135.83992330484676
124.0,128.32524875055745
119.0,121.01243085810353
116.0,119.80758484237343
112.0,115.4652108454539
109.0,113.78895012797315
106.0,109.6745982401822
102.0,106.8278177973585
98.0,100.05279140296135
95.0,97.75109825498619
93.0,93.79035697296577
90.0,94.3243957603848
88.0,93.05441413756765
85.0,89.35568279273
83.0,87.14643980470186
80.0,85.21596222198148
78.0,85.29580516081003
76.0,83.57689466034104
74.0,83.57627358472253
72.0,82.77293124813207
70.0,81.82485668454324
68.0,79.63580029821745
66.0,78.68055391651049
63.0,78.16635994018147
62.0,77.6342602283114
61.0,77.86876683815247
59.0,76.38724186528403
58.0,75.34257842768208
58.0,73.9850041437987
59.0,72.3604484317494
62.0,70.88382309043797
71.0,71.33413499107232
79.0,71.15288911152832
92.0,69.88272487373025
104.0,69.88037605718108
118.0,74.57121924915295
134.0,78.3494033396955
146.0,96.37810255272872
156.0,111.28176612956786
172.0,126.99426717453373
188.0,136.23263534648885
204.0,143.74630130102392
217.0,156.83504822882028
228.0,171.608504032079
238.0,176.10476097081153
245.0,200.29565116895844
251.0,216.93010102937853
254.0,224.73446300824276
254.0,242.8126765657556
251.0,250.83475838425866
247.0,250.38591269750196
243.0,245.10907902504985
234.0,242.08473583781452
225.0,239.97034055362252
217.0,237.56370951799377
208.0,230.2205760270998
199.0,220.51748073913365
190.0,216.26212377311705
180.0,200.38103213390704
170.0,192.71881420647412
162.0,185.27531411517057
152.0,185.1167846472226
143.0,175.64521205092353
135.0,162.33927947123232
127.0,147.6785215866419
119.0,120.2922887259964
110.0,122.28179920585359
101.0,115.65118631026117
93.0,107.1084812696675
86.0,97.6148656503757
79.0,100.46180012523942
72.0,95.99420433368205
66.0,92.15972698390539
61.0,86.29183381104136
56.0,85.95169161560847
52.0,79.66157866239011
49.0,75.6307811943388
46.0,74.19393554708833
46.0,75.0103207840114
48.0,72.59408637859444
53.0,75.14454048352324
57.0,73.65714754439283
59.0,67.22303836647696
64.0,64.87613432453314
68.0,61.708811847436756
72.0,63.7226023338071
75.0,77.14375703633564
78.0,83.31330633106441
81.0,86.3694839229926
86.0,93.047032454265
91.0,98.49271027795633
96.0,105.17371093237716
101.0,107.02355236101404
105.0,108.29095589167663
107.0,107.21863723669517
109.0,114.58012931499204
112.0,122.60072835923502
114.0,132.09831247793258
114.0,136.83407448537622
115.0,131.82878631020466
116.0,122.91340980247669
117.0,123.45764156800189
117.0,122.37815099690219
117.0,128.38038735550825
117.0,123.91959105923004
118.0,123.91989824164895
118.90002860002916,125.90291736910498
120.16131715501427,127.48366325005424
122.84194713249224,125.97009767567944
128.0,125.53803657802422
136.0,125.99664411994388
145.0,126.45687802411513
154.0,142.1168601340897
161.0,144.8425804577139
168.0,149.35666479213023
175.0,161.12067957518252
181.0,167.0979261708532
188.0,178.67667260930352
195.0,193.62873492969908
200.0,188.14292347791732
204.0,187.0244624952057
206.0,200.65303222561636
206.0,195.08658262293085
207.0,192.93110675845978
205.0,204.9595542006797
203.0,206.10046749593147
201.0,200.309745536685
199.0,200.1142973436521
195.0,190.5641102302179
193.0,189.78753540805744
196.0,186.56721885346016
199.0,188.510005789135
201.0,176.94939197984615
202.0,178.1910399783704
200.0,176.66037776278642
196.0,175.77916732544756
193.0,180.68526587060188
191.0,184.85081291344795
188.0,191.96821965971046
188.0,191.87846114245104
191.0,190.71566761098057
192.0,186.56124255043954
193.0,185.3738215357139
192.0,184.41598912464258
188.0,181.28750899859224
184.0,181.17661372278198
177.0,189.95785855941054
168.0,189.55002442682456
161.0,191.2796385485067
158.0,188.86474853388148
158.0,183.27266450707083
163.0,179.4028407565801
172.0,169.74791479334831
178.0,156.86688916385006
185.0,146.26628470952346
190.0,143.0408002235984
194.0,144.82838664878912
198.0,157.22659226267933
204.0,171.6751246915874
209.0,188.8395553803956
213.0,198.29146043313708
216.0,204.60160618197412
219.0,205.59291086296696
220.0,212.76211988729318
220.0,214.25340206215083
219.0,219.50945308990737
218.0,216.2559434434341
216.0,218.73730771575435
214.0,220.3180189542693
211.0,223.44590108196542
210.0,222.7236124199454
209.0,222.09376917624115
208.0,222.61204010278078
208.0,218.6364250810939
206.0,211.63108978596924
205.0,210.29238011346777
204.0,210.90079122998807
202.0,206.7568401229707
199.0,206.00293957937816
198.0,206.43803512760542
197.0,204.83439763658419
196.0,202.8955393551944
195.0,199.9616105501664
194.0,200.7935977771775
192.0,198.5838874126401
191.0,197.82304383762738
189.0,196.01861346653794
186.0,195.2320935753503
184.0,195.0211529227388
182.0,193.46406948349693
181.0,190.4421422277317
180.0,189.9594804685292
179.0,187.97312438378276
179.0,184.4376748779535
178.0,184.34045823598356
178.0,180.46193651666397
178.0,180.39227093120707
179.0,180.6264592731368
180.0,179.63012390157917
181.0,180.82851239138438
183.0,179.01226617815155
184.0,179.01251695275485
184.0,179.03149175201497
184.0,181.03383292392937
184.0,181.84738528873336
183.0,184.05216507146045
182.0,188.48678055217593
182.0,190.5487746768442
182.0,189.76837723915307
182.0,189.85548425846343
181.0,190.01521951377146
181.0,187.62768701494446
181.0,182.7523971897539
181.0,182.27212111270117
181.0,182.19931012532442
181.0,182.19133969674476
182.0,180.40445617084978
182.0,180.48134111126285
183.0,180.98035937290868
184.0,181.0766086085011
185.0,181.08715557390508
186.0,181.1913871087585
187.0,183.24273833289976
187.0,183.1066900516056
187.0,187.37528266813263
188.0,189.47094919020276
188.0,189.66474938940473
188.0,189.96641042719054
187.0,190.84303465342532
187.0,190.37636106508393
186.0,189.51759997407655
186.0,191.0607386003784
184.0,190.6541241934312
184.0,190.30994421461466
185.0,186.07092020814503
188.0,186.6872921704204
189.0,186.08275820793392
190.0,185.97214669743082
190.0,186.51990436174324
191.0,187.47524899190051
193.0,187.7038751761392
194.0,190.81267603050145
195.0,192.73233097148037
197.0,195.50839553044239
199.0,195.56977909794787
200.0,195.80661070333673
202.0,199.0072524883239
202.0,199.03942426434068
203.0,200.47896533629236
204.0,200.22683943137872
220.32959397901493,204.5771161796753
229.05654945076225,204.41106479970617
238.41355003595245,204.33714972391166
247.79349555902837,204.7010294945037
270.0,226.56823543279395
272.0,236.0817780496328
267.0,245.513781794168
265.0,257.8564233338351
267.0,208.3208460322422
268.0,217.2187037367302
268.0,272.61028200154664
267.0,261.5761266277
266.0,249.80618086078172
274.0,243.90461063432468
273.0,246.35720975162127
269.0,250.94792878556405
261.0,247.21229090361487
256.0,246.51927852542406
249.0,250.44568621179513
244.0,257.3798576164684
242.0,259.76871264439643
239.0,254.84067596558907
235.0,236.0330448925135
230.0,231.00257995793444
223.0,226.04670117836028
216.0,218.15824044526187
209.0,218.76466749551668
203.0,218.6224785315694
193.0,217.35970038893595
182.0,210.22185874431722
171.0,204.51002899449063
162.0,187.1188180140998
155.0,179.1723652131795
150.0,170.08304570936417
146.0,164.25750462511013
143.0,148.30913231300426
139.0,133.55783152873968
135.0,127.47968398301644
130.0,120.7771649563064
125.0,119.20209030406325
121.0,114.15361354283199
116.0,114.95340377530245
109.0,110.26724768848615
105.0,109.24547863356464
100.0,106.11676273449629
95.0,103.1618471041286
90.0,101.01480377630276
86.0,95.79932604922273
81.0,92.74620795517914
77.0,88.91550091661563
72.0,86.10460035674647
67.0,83.50661184039079
61.0,80.78820851828532
58.0,79.55584305216298
54.0,77.86153069963831
51.0,78.07063610908676
49.0,77.33426846981062
48.0,76.61501151868568
48.0,71.81653415419642
48.0,70.44839385493418
50.0,69.75439144641987
57.0,65.10576237342963
65.0,60.18901541260782
69.0,57.97979221112177
75.0,57.19176110931679
80.0,65.16238452733344
91.0,66.3162956772025
106.0,83.74846995815393
117.0,97.19877488694596
127.0,110.58074207023996
134.0,119.00843538730635
139.0,125.31410801890443
146.0,131.67398323372885
153.0,147.93288896245363
153.0,149.97528518155895
150.0,162.8885445907087
145.0,161.75547352789172
139.0,155.1339675791779
132.0,169.1468738075012
126.0,172.11519502475747
121.0,153.80904980041547
118.0,148.9884636003793
116.0,134.37814745584774
117.0,129.0055313830983
116.0,119.41783568563457
115.0,115.83828268111384
116.0,111.18601186683833
118.0,107.80667219362651
121.0,109.33747928298423
125.0,109.62001527416001
129.0,106.72176422346406
134.0,107.82721827207907
138.0,110.68253322111279
138.0,117.36424891524085
138.0,127.99445264160782
136.0,133.87024935098793
136.0,144.08501702908617
136.0,146.22620946892587
135.0,148.5835109130602
135.0,143.6649759264097
134.0,141.73702471286379
133.0,138.99808859648437
133.0,139.4543016587795
132.0,138.6968890348174
132.0,134.51513562951413
132.0,133.99836995135635
133.0,132.60162255745803
133.0,131.87355468806848
131.0,132.13890001311395
132.0,128.92659489939956
133.0,128.95249717473882
134.0,128.98136343147343
134.0,134.18225253484087
134.0,134.5158466235294
135.0,128.9696138863446
134.0,131.82689255043826
135.0,134.9477528201534
137.0,138.2229950809541
137.0,136.5972280651723
138.0,136.61886158873295
139.0,139.70658566701206
140.0,138.02261951318337
140.0,139.64382997609349
140.0,142.6735918088138
139.0,142.64952608822242
139.0,143.53722161467022
140.0,144.5031026432708
140.0,145.8528667617279
140.0,145.02691906070768
140.0,144.46738447379238
140.0,142.27561709785226
140.0,141.22682687889727
140.0,144.2717215375158
141.0,143.71890726898513
142.0,142.98841559706403
143.0,142.63679476942744
144.0,142.77003919588952
145.0,142.77003919588952
144.0,142.60502470001632
144.0,146.13603664418247
146.0,149.3872687522321
146.0,150.63553098960972
146.0,151.85379993265494
146.0,151.98776675032408
145.0,151.1629331716929
143.0,151.14146870480542
142.0,154.28564139524028
133.0,154.07080713343746
134.0,154.05774863900731
132.0,153.66717330330567
131.0,150.8843528746097
132.0,147.73617078811935
131.0,145.34902835875732
130.0,129.83680414978764
128.0,132.34516246185095
127.0,127.89866167530076
124.0,127.9995449914649
124.0,129.14872873097315
123.0,128.71922271900718
125.0,127.69161085348196
127.0,126.16789472427583
129.0,126.4830085014697
130.0,141.30108497476616
133.0,142.39875540982862
139.0,136.88992086927425
141.0,135.70817772846613
142.0,139.9549423335472
142.0,137.79524620577794
143.0,133.51956986359284
142.0,134.66110542503773
142.0,141.9308765041266
144.0,143.77293230947933
145.0,140.95514477419556
147.0,138.53547667824273
151.0,140.25849017138617
153.0,138.94774597381516
154.0,138.76962799995044
160.0,144.35005553118967
165.0,144.24204055833547
171.0,148.43171239959185
180.0,156.61282588172875
187.0,154.89710538664713
192.0,154.3131504945884
196.0,169.75100859619147
199.0,181.35598128993902
201.0,187.88118603346774
197.0,207.16847927436882
188.0,214.53389784517853
178.0,216.5238885326158
167.0,220.8370908528126
154.0,224.30875229821893
143.0,221.97246069272592
134.0,211.8618376791433
123.0,187.85781217780206
112.0,176.62686391786102
106.0,163.18815753072735
101.0,148.26220546187244
99.0,137.64349725947497
101.0,121.38222700618526
103.0,112.70727923584673
102.0,110.42961991715123
105.0,108.63119692147816
112.0,106.6741759746866
119.0,106.06685727892695
125.0,108.93257366880195
130.0,108.99956080499292
136.0,103.7003562552342
142.0,111.44884823123301
148.0,125.84504889203788
154.0,134.11115170473002
159.0,141.6613842375211
164.0,146.20291769638885
167.0,150.1149721480984
169.0,161.0713379456677
170.0,164.5216387932139
170.0,169.91454086653272
168.0,171.32296051811795
166.0,174.49420004026567
162.0,175.2350136118552
156.0,175.19697622894822
151.0,175.9700012223228
148.0,174.03563997804474
145.0,171.83816517912342
143.0,169.1977947679554
139.0,159.695154012096
135.0,156.83690815736665
132.0,153.56501486953053
130.0,147.76849849714662
128.0,144.2002923166475
125.0,144.65037977236028
123.0,139.1605357767784
119.0,132.55328471969267
116.0,125.90874601545289
115.0,125.12029299291962
115.0,124.51234138368793
115.0,119.11196051344028
117.0,116.61922518387804
118.0,111.77330849889117
118.0,108.79460727601293
118.0,108.1378098388068
118.0,109.6740909808959
119.0,110.63904178076065
120.0,114.45877924641599
121.0,117.1666344735116
121.0,119.99673245029834
122.0,120.35837642110795
122.0,120.49583264274413
123.0,121.92404742935962
124.0,122.29927904379828
123.0,123.2126289734208
123.0,123.13998962148716
123.0,124.24532086029494
124.0,124.29160606834277
123.0,125.31189419384353
122.0,126.33806120161051
120.0,125.39311030457513
119.0,125.52180037739872
118.0,123.9062046799959
117.0,126.38238127098366
117.0,123.59727065210902
116.0,120.79970137312891
115.0,118.51276158781432
114.0,117.55102029602675
113.0,115.87433056315889
112.0,116.2745918303597
112.0,116.94140231529772
111.0,115.41349056913434
112.0,114.16041019732361
112.0,114.41094373769887
113.0,112.38659720316183
114.0,111.82426095595073
115.0,111.82049467158669
116.0,110.59770662938975
119.0,112.6359236882907
121.0,112.50450384925645
123.0,115.19615452487642
126.0,120.12552702527977
129.0,120.36531839712848
131.0,121.07141334468199
133.0,123.73727087336694
136.0,125.02119924815595
136.0,126.39099540435625
134.0,131.66180521021917
139.0,143.74432542256693
147.0,143.01081837025657
154.0,144.08617700614366
160.0,153.30964100755943
168.0,152.19558710110644
173.0,149.50264278554658
178.0,155.58486946714555
182.0,169.41826993173913
181.0,178.18651425269908
180.0,182.46930803033078
182.0,187.54921588183785
186.0,188.64092807567854
188.0,186.05493625678298
190.0,184.37639677091454
192.0,169.28013623202327
192.0,161.63362217791078
191.0,169.53334651653387
190.0,177.7536095159719
188.0,184.04586267337646
183.0,189.99657312155273
178.0,190.47467920820284
173.0,189.35760028996296
167.0,188.42946442114874
160.0,187.66471564552077
154.0,186.83430592659215
148.0,175.65358165575492
144.0,170.08815067512828
139.0,154.94044002672177
136.0,147.32644949710013
131.0,139.65155555485254
127.0,135.73945112410826
122.0,129.10635901473904
116.0,128.44680053880626
111.0,122.32166978728175
107.0,122.50695176322921
103.0,117.10862708454897
100.0,114.25240536590137
100.0,111.20851232187991
100.0,105.7062899163213
98.0,97.4051301882684
95.0,96.31572409726697
90.0,91.70795605672626
88.0,90.39900481370205
86.0,90.66755802727243
83.0,92.23630745286198
80.0,91.04508934637211
77.0,88.31049179644556
75.0,86.10268047128245
71.0,85.82625794841995
70.0,83.52792247990295
66.0,81.99042126854602
64.0,79.29403663572539
63.0,77.63869176156796
61.0,76.88209090562454
95.0,151.48747271056143
96.0,148.97591190403705
99.0,149.03435555619308
106.0,149.48019086788167
115.0,193.91637919473683
124.0,192.00506634160465
130.0,118.53855850631172
135.0,117.33625799438708
140.0,119.92846039888161
144.0,134.4959711038706
148.0,147.16828410525144
155.0,148.02616345164594
165.0,162.09274466264307
175.0,156.66111576857818
183.0,163.69298304619443
191.0,160.98700877570965
200.0,144.65204576640986
208.0,153.241781032734
215.0,170.14271976788783
221.0,185.01909054501493
229.0,193.4219601519269
238.0,195.86540828796876
245.0,206.95839931804397
252.0,214.53862100290397
256.0,210.06550275282484
256.0,214.5921129750555
255.0,234.488672368425
251.0,254.07374236259622
247.0,264.8416750644671
247.0,270.88391026255914
245.0,267.66351099560154
243.0,264.5972535534324
243.0,260.4531448297724
243.0,251.81784870053826
242.0,241.35930765196676
240.0,243.60666857697552
238.0,239.57210762086973
237.0,239.1625947416942
237.0,239.8247228592095
236.0,238.5216253524693
233.0,237.94918402562823
231.0,233.80523313106752
229.0,231.9301419638244
228.0,234.37854207105224
226.0,235.15996119863064
225.0,228.40842417547003
224.0,223.6438296286741
222.0,222.3379291242059
221.0,220.54836432440817
221.0,217.2363557619702
220.0,215.90277346244144
219.0,214.62841639805836
218.0,214.17223897461858
218.0,213.04211609123905
216.0,213.66906671705993
214.0,213.96693133131436
214.0,214.36252419658032
213.0,213.86966641285315
212.0,214.19564690110755
212.0,214.93026232522627
211.0,211.91222575691145
212.0,210.45510080442455
211.0,210.341180270011
211.0,209.57418269565233
211.0,208.01027327382292
210.0,208.3395252810251
209.0,207.62713044948453
208.0,208.30307189977682
206.0,208.25782249015595
205.0,208.7778488010793
202.95674676714864,209.3721119382028
199.59605891807232,206.85349499177147
195.46898838479524,202.08551931194134
191.1265870993414,201.49247238676548
187.119906993735,201.0229757200967
184.0,198.38399349724023
182.0,196.19837548939432
180.0,196.76112902001915
177.0,189.60488546925072
174.0,184.24462140440434
170.0,179.20523483653108
167.0,175.85745963910958
165.0,171.89880709573035
161.0,170.7574028209487
157.0,166.5716030259862
154.0,164.29462564000005
151.0,158.34622176781542
149.0,156.88379101630827
146.0,154.36941005807532
144.0,150.513182362257
145.0,143.5358700020977
152.0,140.50370557706682
162.0,137.999967450952
171.0,153.10892499416707
182.0,158.78240290419677
197.0,160.6016474060725
210.0,162.6925107982414
223.0,172.61498024267905
233.0,189.85088913703632
237.0,198.51176618140056
233.0,212.96600142235343
229.0,219.05614122274534
219.0,225.4398745417631
206.0,231.47670468209395
193.0,234.69335861888055
180.0,234.6511493702354
166.0,214.57831351638282
151.0,204.65338660104376
138.0,186.92699083040006
127.0,164.5796555622676
115.0,156.74454171302412
105.0,138.54225554355477
93.0,112.65830916904456
88.0,113.71009308592402
80.0,103.637386868717
74.0,99.2838476508115
67.0,98.33047073190086
62.0,96.2423448910232
60.0,96.95665520177461
59.0,88.80888335525262
58.0,80.06522597361717
59.0,80.04428607306406
58.0,78.8809893944983
58.0,77.53542541763169
61.0,75.97790279011272
65.0,77.84637688532044
61.0,77.74281647239962
55.0,82.09030908905082
53.0,85.48200242970547
52.0,83.91983212935163
52.0,87.5014580876912
56.0,96.5885376834107
61.0,88.97197212007092
66.0,81.23590153828337
70.0,80.14162938000355
73.0,80.29441893106521
77.0,78.07885622102442
81.0,75.82228499382246
85.0,82.70657766154496
89.0,95.47127371060789
94.0,100.3618322584945
99.0,99.95057435977004
104.0,103.20389484347429
108.0,105.5435653460877
113.0,111.20044473265756
118.0,116.04827501981528
123.0,126.68024673729909
129.0,136.20575188688383
133.0,144.85657746658129
131.0,145.5555921281134
124.0,150.52547737791636
121.0,137.57414250343595
121.0,140.71470389443272
126.0,152.15123451167614
131.0,148.27284919944006
133.0,136.48937382299167
135.0,125.33022628750813
140.0,124.32110201901058
146.0,119.85634771585151
150.0,131.87045462717867
155.0,136.19550569822832
158.0,138.61992354171326
159.0,141.10772130045902
162.0,151.66060020739422
164.0,160.60327851047268
166.0,167.66818439322842
168.0,169.69077074856972
170.0,169.169061633549
172.0,165.11686663101008
174.0,170.32547436435286
176.0,173.31593464771046
177.0,174.50316293760736
178.0,176.9544604508318
179.0,177.89291154020123
179.0,179.6970450088641
178.0,182.02143957129448
177.0,182.74207197384644
175.0,181.0879563735142
173.0,181.19113937368894
171.0,181.6855609073945
172.0,181.2360383170236
171.0,178.85398105658348
172.0,176.58248017595167
175.0,174.9067331055842
177.0,172.3839859907363
177.0,170.03337607158002
176.0,171.23405535306517
178.0,171.57531500632928
179.0,172.6629312173812
182.0,179.8567270176804
185.0,182.21470253625847
188.0,179.35096711406732
190.0,177.45963389268124
194.0,179.98748827221513
197.0,182.26867883515632
200.0,187.808480622927
204.0,192.0506795909802
207.0,194.37404068994064
213.0,196.97968462330127
219.0,202.2993003338034
226.0,204.79677402019436
230.0,210.31457652582372
231.0,209.82528336695592
233.0,213.61480422044193
233.0,220.06274047812195
233.0,226.63293511235642
233.0,233.20897683562418
232.0,235.31005643308964
232.0,235.9838903473148
231.0,234.53832098257263
231.0,232.6267812080095
230.0,231.41178710570142
229.0,232.03115450752574
228.0,232.00235689331157
227.0,233.11948276985933
227.0,229.53064436294224
226.0,230.48171469575132
246.2941788814518,222.4579815145978
254.84451366165652,222.06489321892872
263.24728734892886,221.312503721744
280.0,246.59925712443385
277.0,258.56489237156285
273.0,268.4372342689843
267.0,230.0962761733584
262.0,240.64609127731265
256.0,243.7599868521459
250.0,283.01242492512506
244.0,277.66372368910396
238.0,271.4981952465836
232.0,256.89479747091355
227.0,243.99683121872798
221.0,234.04640325759075
216.0,228.43640769755015
211.0,221.71291317770425
186.0,162.4741705033109
183.0,162.4741705033109
180.0,162.4741705033109
174.0,162.4741705033109
168.0,162.4741705033109
161.0,162.41125292432235
155.0,197.373886145753
152.0,187.2851051244973
150.0,181.48180455998207
148.0,172.6295352495278
143.0,169.5401921689402
139.0,161.88678630219775
134.0,150.74557176637148
132.0,149.90326566623145
132.0,148.91384886908054
131.0,143.73610779833692
130.0,141.1194152977783
129.0,136.71783624967298
128.0,127.6634331295333
124.0,124.61483696501801
117.0,125.60853143321754
112.0,124.34660393040515
111.0,123.58800279952405
115.0,123.8310062094089
111.0,123.85827645053335
108.0,117.65900382960788
106.0,107.8894655215857
105.0,102.64301726934835
102.0,102.1996473553974
101.0,111.29554716710491
100.0,103.63216511106576
99.0,100.80059687709345
96.0,100.1990674424905
93.0,98.85724633846235
92.0,95.46697874535842
93.0,96.55754147026992
102.0,100.55595952638168
114.0,100.31145436236919
121.0,97.98707727824626
127.0,98.17286502776872
130.0,98.41851602389038
132.0,100.1597637239781
145.0,114.68138567428464
149.0,136.98467811754819
144.0,139.4827386584414
144.0,142.56869616434065
144.0,141.70825851884058
140.0,137.5305614507416
137.0,161.69050274139673
144.0,160.95130958769323
144.0,146.60854383994112
142.0,144.19353070961503
139.0,146.78590234705777
127.0,142.8785823120351
134.0,136.05256041538254
136.0,151.0259703842245
139.0,151.05071624154078
141.0,143.8558654987911
141.0,138.41665484033112
132.0,123.21117808817758
129.0,134.54545885577107
125.0,140.86896270598402
113.0,141.0395400411291
107.0,147.9087894426102
103.0,146.02258377987658
105.0,132.0617537173225
113.0,124.90625341157634
122.0,140.2967220873631
135.0,130.08775883819717
150.0,122.62218624480204
155.0,113.2642717967316
168.0,118.21094236151009
172.0,140.39052017737765
180.0,151.31101224797408
195.0,186.96400348002695
204.0,201.30526131158797
205.0,180.19711715767264
217.0,186.78509021450418
225.0,184.3256572400096
235.0,189.01789221307715
235.0,201.86769015002952
232.0,197.41104160870532
225.0,193.94822083894945
216.0,209.69514198499002
208.0,218.05093275914658
201.0,235.09763037988958
199.0,234.50345663943253
201.0,220.2096699825575
196.0,199.0373812344239
193.0,177.42307776237658
192.0,168.68336527076622
193.0,164.6598910173449
204.0,164.74065007335915
209.0,169.19702945156664
210.0,164.94355665557796
210.0,162.06781114859015
210.0,162.46706594029973
199.0,170.38204300827388
185.0,200.43243409904247
178.0,211.19232744205982
175.0,209.48017478089932
186.0,207.9415621018467
192.0,207.38704497197335
193.0,187.1140535057876
188.0,173.10684236220388
183.0,165.92677561067507
179.0,161.13666438210493
174.0,176.6837788723287
169.0,178.66597254161658
165.0,182.86871409855667
163.0,175.06896373412263
156.0,164.34001695132156
151.0,169.79887480578293
144.0,164.912097094631
139.0,161.297102946383
137.0,149.90615871616453
138.0,151.14878774403144
138.0,136.87735928163022
135.0,131.69082147191807
133.0,123.69981185508831
134.0,114.27927541640648
136.0,113.34530276899099
139.0,118.93537440993788
141.0,123.67843919175097
140.0,121.02392990500418
135.0,123.8295019002057
128.0,130.0801169864203
128.0,137.82446645705812
126.0,142.60837023965135
123.0,147.07359459385776
119.0,141.54830637738704
114.0,134.94504990606544
110.0,119.29138318263917
107.0,124.00462782302036
104.0,127.48231041507803
101.0,123.67580497180631
103.0,111.05784184912193
104.0,105.68088915722883
107.0,100.81641599779941
110.0,97.9971566171676
109.0,94.3618607150926
108.0,94.31549140269642
106.0,99.43449582059118
105.0,103.43508293340088
105.0,112.4780437069504
104.0,118.49665687764882
105.0,117.99507107109625
109.0,115.50623009135666
111.0,110.8921218250978
113.0,107.7220097035771
114.0,104.87428882706443
116.0,104.26303838792616
116.0,105.28104758428911
115.0,116.68526847624067
112.0,117.45343406167667
110.0,119.89576202730835
109.0,121.0899367418441
108.0,122.12375482596501
105.0,120.8306265256689
103.0,120.23056833531292
101.0,113.6216257103165
100.0,110.39412023156245
99.0,110.18384078850592
96.0,108.4035300940967
96.0,104.8134640919946
99.0,102.59311728570943
100.0,100.16657476580338
100.0,98.86527745894907
99.0,97.9286004748347
103.0,93.80236630018585
106.0,94.04115213453743
106.0,98.11047166520498
106.0,101.28529800898713
102.0,102.089780459459
95.0,100.7092040466725
92.0,110.89486046453564
95.0,112.89777692359596
103.0,112.6409909622505
105.0,112.21931115209831
106.0,106.15731638499966
107.0,94.87634017123283
107.0,92.73168650593705
105.0,97.97277394000261
104.0,111.13325586451809
104.0,112.60133317767628
105.0,112.43833752416114
105.0,112.96914613640917
105.0,112.2620156698187
105.0,111.15952535542996
104.0,107.86038932048933
103.0,108.35262985908835
111.0,109.49837590412803
113.0,106.63399597134601
111.0,106.48990459419298
100.0,109.22984077103843
97.0,108.15608023617588
97.0,107.48304057731701
96.0,120.26835160867036
103.0,122.61641021944332
110.0,116.53712174812885
112.0,100.07156464227711
102.34175587075272,95.1185153085943
96.53037280593183,106.61488127405286
90.4958316813977,123.79554853650086
84.88182816784389,119.23122458809935
77.0,108.7227270634161
79.0,96.25611845637214
81.0,91.44465824292101
80.0,86.57278056066932
80.0,113.72902482695463
80.0,99.49949151099801
80.0,86.73440290929166
79.0,92.85749154424514
79.0,95.88809043746247
77.0,91.78375269364277
77.0,88.35397788403472
77.0,84.00271166943877
76.0,84.60357626895362
74.0,84.81995243727468
76.0,84.01578693601213
76.0,81.22134584533653
75.0,80.90717683007007
74.0,80.95214061291188
75.0,80.62882605438888
71.0,80.26790191874505
72.0,82.75507886390592
76.0,82.68020979586883
79.0,81.12940358444821
83.0,80.80885446399841
86.0,83.52580363928239
90.0,80.50848834327739
91.0,81.4393195178754
93.0,85.43582496836514
98.0,94.18898241297889
102.0,99.37830212942677
109.0,100.8410180958431
109.0,103.29760931974825
118.0,101.0754343851257
122.0,103.32629598158255
122.0,109.61436886055249
123.0,110.33563234519497
123.0,121.96955978923559
123.0,117.9691337402334
122.0,132.2366035415328
120.0,134.4049085455526
119.0,127.67534741277035
116.0,127.44600804049767
114.0,126.83136486280681
115.0,127.139836101002
118.0,126.41078893564436
120.0,118.97068650144315
121.0,118.49621662915013
119.0,115.34422481045159
118.0,114.43417176292328
120.0,114.56645198887395
124.0,118.38914637468763
124.0,123.329993026707
129.0,125.54531397935212
136.0,123.11651049525412
140.0,122.3039699303276
139.0,124.85385825220371
143.0,129.69519954053771
147.0,128.1650716810254
151.0,166.05117295678482
143.0,179.21510960416524
148.0,181.44277706663
153.0,173.77325986424262
151.0,183.82509907390389
145.0,190.45950439938827
131.0,199.65244691941393
112.0,171.06514131710688
100.0,174.01011266068426
96.0,176.75787562149816
122.0,167.81222804834528
162.0,151.38391472410513
185.0,132.78163895626477
193.0,113.25755363704373
191.0,101.9093810966834
184.0,100.61413147469534
174.0,142.1858593416765
165.0,199.4403279484704
158.0,193.87188267483822
149.0,192.2250672586753
141.0,184.54760384632718
131.0,167.1073289932133
124.0,150.3524998214562
109.0,140.5835782024199
109.0,128.30545155607766
112.0,124.51202292844785
110.0,122.76763703825547
108.0,111.30468336054037
105.0,104.60719966643163
101.0,98.7617948335627
97.0,100.46526790306405
94.0,108.85801175201689
91.0,107.94187708508571
88.0,101.39064501851718
85.0,95.60131942476728
84.0,92.73687848598823
84.0,89.28611581548755
83.0,87.38714240006702
85.0,88.31311467613091
89.0,87.55486040893568
94.0,92.1514807155909
100.0,93.41776068014428
107.0,92.72917662289338
115.0,94.85072816106882
120.0,96.38018543810661
126.0,103.30280981712181
132.0,112.19986395000453
137.0,115.54393663284368
140.0,117.30199368518564
140.0,129.44719194069512
139.0,131.0481268002042
137.0,141.93359994178363
135.0,145.3934120389595
135.0,147.8152282190556
136.0,147.6242736927481
139.0,143.62709222638313
143.0,139.9010006699369
147.0,162.0678988866711
151.0,161.2436141524561
156.0,158.92344498227817
160.0,161.04347328306878
159.0,171.74711615171654
157.0,183.33606553935712
158.0,188.83779858133778
160.0,192.3291749565456
162.0,187.61324764204633
162.0,172.28204578311502
160.0,161.64588619614267
157.0,160.09144414004663
154.0,162.55903854460263
149.0,164.40576684731036
145.0,165.48273562930063
149.0,166.38025231810738
151.0,165.49440238916486
142.0,163.19768789717963
129.0,153.18962750151277
119.0,137.3734072817654
106.0,136.1065299859177
96.0,143.64056867720086
91.0,146.94867815776712
97.0,136.47876033593164
102.0,114.58916411215597
105.0,104.54836364995381
107.0,96.83395400801373
109.0,86.69936855044402
110.0,83.18236735035967
134.0,95.38236717771781
134.0,97.05546407255335
133.0,103.0988620738496
137.0,113.51080384647011
136.0,113.9538503935863
134.0,112.56953257153411
131.0,155.03891304409905
125.0,142.2575095130531
132.0,134.1634052570117
135.0,140.05390898189538
150.0,136.5006493581076
152.0,133.88257365900293
144.0,124.48413403342555
148.0,117.06897597691955
151.0,131.4201161363743
153.0,135.6024631417544
154.0,163.92268492686995
148.0,158.55834700696082
142.0,141.42731184220477
148.0,148.36408951018348
145.0,149.8753630738748
134.0,156.03429327674166
129.0,158.3097497911897
123.0,154.977422586265
118.0,145.72203965163808
111.0,158.22809452368287
104.0,150.87425255429062
97.0,132.8950135691721
90.0,123.92785020967267
82.0,115.70843637168127
69.0,104.8120928579579
63.0,98.56015566674454
56.0,94.70291517922318
56.0,87.79544976718492
51.0,82.30028359349481
40.0,72.99314490456345
40.0,66.42835527495028
40.0,64.3766039865867
40.0,62.335358186487305
40.0,63.07180221434116
54.0,60.09495944283932
61.0,58.81833414519822
62.0,57.828716240792765
61.0,57.47578776142063
60.0,52.752270543464206
54.0,59.20136135527988
40.0,79.80079125335344
40.0,79.04505885343762
40.0,80.08745056193722
40.0,78.68178624282667
41.0,76.873272775664
46.0,72.93195629324111
48.0,57.38543391904266
53.0,56.88671590552892
57.0,57.28494816927703
56.0,60.43082956150363
56.0,64.68783350036777
62.0,66.93845123360632
74.0,67.97071352736758
88.0,76.96343830978924
96.0,78.02045987338381
99.0,78.8645664621383
85.0,78.46187440810091
69.0,88.78073717846281
63.0,116.64095140178198
59.0,136.67699226393964
72.0,140.37923904542896
109.0,147.17474748601134
135.0,112.23700173470569
152.0,95.16272789447699
162.0,86.3818781921827
170.0,82.41475373631854
175.0,96.58631889106117
179.0,151.60001414400097
177.0,178.06657328501444
161.0,158.4324653208813
147.0,174.14742290492325
141.0,199.76693561938447
141.0,210.00645050442023
145.0,214.33775902222473
150.0,203.93996073859984
170.0,160.37232705014372
190.0,150.97559589606468
203.0,148.19049421204483
210.0,150.27967661070463
215.0,157.85338073432408
221.0,165.72394174159965
227.0,191.97321300307374
232.0,204.2423318672191
235.0,218.06010557460056
234.0,226.52419117189612
230.0,237.7738343843478
227.0,244.49987076945985
233.0,245.69217558053327
232.0,245.39057326247627
232.0,246.86357466550524
230.0,241.5293805252179
227.0,228.04104321759175
227.0,226.1910090721255
221.0,239.6928260385109
205.0,239.83925759181497
191.0,230.92834132658442
183.0,228.29543593583512
180.0,221.97812499187867
180.0,231.30199628866774
181.0,214.22843095489978
180.0,199.69221647606346
177.0,181.6426693632057
173.0,177.28968901379255
173.0,177.72621833685736
197.0,177.88070398392838
225.0,176.87146021973325
232.0,175.34372272468255
222.0,171.8886615569542
214.0,162.49950552942062
218.0,168.63382755895927
237.0,212.70273072973848
250.0,229.5081785787854
255.0,233.9116714667072
257.0,217.9973669033058
257.0,208.76064708680127
257.0,215.01811961397866
257.0,233.95349961692008
257.0,245.36607869887425
257.0,249.31098481217916
257.0,247.56272233000553
257.0,245.8534066150777
257.0,246.9990147728662
257.0,249.98705772716744
259.0,252.93997950304384
261.0,257.2179436608132
262.0,256.87402286149455
254.0,257.6712872344688
255.0,258.2223825254593
251.0,261.9746726342623
251.0,264.15300224431036
259.0,266.37769019880153
263.0,268.1455900714365
264.0,258.0382353455614
256.0,260.66677125679155
258.0,254.0374936870702
238.0,252.18068543736203
231.8387062077109,258.3450114704818
235.90009881419428,265.73242706425106
230.0,270.1513711989646
206.0,256.07496864583646
197.0,257.7462912102401
211.0,226.70616836749926
216.0,223.55381624378325
212.0,236.2250837320549
259.0,225.56019798153594
290.0,182.22768924506633
260.0,168.33339585689512
240.0,203.40315813667968
221.0,210.17321573387227
209.0,204.96761580734295
204.0,240.11984708893274
211.0,278.92400105701637
230.0,231.61768828667212
256.0,192.69385412243108
239.0,174.57550660111806
202.0,154.2054794949063
177.0,158.3531300510276
189.0,181.22391825710585
239.0,206.41729986084766
290.0,234.53294588889324
329.0,204.2773180122439
333.0,160.33466509476034
329.0,137.47967364454112
328.0,162.05015296974918
318.0,225.8633785944213
281.0,287.8246444675871
247.0,309.852569463499
237.0,305.6198865040075
235.0,298.2597575790462
237.0,299.41754546887677
231.0,293.20418609039393
224.0,241.59626807384984
212.0,196.5465662789266
207.0,198.0781017031982
229.0,188.83042544702988
262.0,198.34327654916012
278.0,197.08035578047182
275.0,192.79694525605854
263.0,188.7926205886462
245.0,180.86352577765686
229.0,211.04211763445463
219.0,256.78412821974337
215.0,287.1438628088521
208.0,279.2983341057923
211.0,251.33726591426563
222.0,212.7017920744668
234.0,199.923312630834
244.0,187.98241966011096
269.0,185.76435225582415
286.0,178.82224566915872
282.0,197.99998528409893
270.0,204.11119133220794
261.0,212.79596550268732
256.0,220.5674635098647
260.0,266.80005130948797
268.0,297.68625557519897
285.0,290.80175144082295
298.0,262.6929813500727
304.0,243.4159643927164
306.0,234.5155583716533
304.0,237.12219821966175
299.0,248.24893558634142
286.0,289.32645108061314
240.0,300.9366329328012
226.0,300.1332250386404
241.0,302.4799876433618
226.0,305.9303822012344
212.0,295.07749725885293
205.0,271.41762125834896
188.0,186.53038539295338
183.0,177.5256638790183
164.0,199.52966171230221
184.0,185.535428354467
224.0,181.03597391346827
260.0,171.4378138031189
280.0,148.0626742453914
288.0,147.8115768304581
291.0,115.31012017801928
292.0,168.19937970813146
292.0,219.67433457501104
292.0,251.6458509075618
289.0,286.35210425867814
285.0,293.4636511990187
283.0,292.03960489032585
271.0,287.1588951229029
269.0,279.89630915180777
278.0,273.46077307059164
212.0,274.0916013205323
206.0,248.7510051458461
193.0,253.04201124322375
188.0,232.5494879007442
185.0,243.27248119715972
187.0,255.1543713339067
177.0,170.8947022640367
181.0,151.72917133447487
189.0,127.90852023064302
186.0,127.61337799073073
165.0,128.68669932563296
138.0,135.4778784173297
127.0,123.69412294577792
132.0,133.55834982122718
140.0,147.40533515465853
157.0,161.94398807890244
164.0,136.35275133972002
197.0,96.24908466423
214.0,108.11568367361238
212.0,113.4622494144918
193.0,129.043577101974
147.0,162.45647309832472
125.0,180.86360939092714
168.0,197.94808804941334
169.0,210.46490275510527
157.0,202.8943442778758
152.0,177.9745938430271
173.0,133.6171734006302
198.0,121.11487790213054
205.0,154.94717769269602
197.0,155.59918249370637
210.0,135.62015222140397
221.0,128.7388812088346
225.0,164.53768376440155
221.0,202.35231864817146
209.0,217.2248420795235
205.0,209.70997623686605
195.0,230.43906963172697
179.0,237.6531148495611
168.0,240.3017982813076
161.0,229.6288084395032
159.0,208.93202738227694
158.0,204.88854802755893
163.0,188.32297434903046
159.0,164.58394237148426
150.0,154.19745379404972
148.0,142.7259429138476
152.0,142.59890749231636
147.0,137.97740503258402
144.0,149.8372095228575
142.0,143.326985466018
138.0,134.49786464100174
136.0,139.35374578332863
131.0,146.35750378682914
128.0,140.9819896503043
126.0,139.90964466019398
126.0,141.7566397128987
126.0,136.8161133339404
123.0,136.09829386450576
126.0,125.34771299360291
139.0,122.84136535802047
129.0,121.28170675276837
127.0,123.59591033340932
135.0,123.37267707145263
147.0,117.3922886486614
148.0,124.55598365634678
135.0,151.60087352643177
124.0,132.84855347499428
118.0,126.42241601261156
117.0,144.20948643345412
118.0,161.57151803882928
117.0,154.61136960402058
115.0,133.20874135809154
126.0,120.46316059258719
137.0,113.25855742515472
141.0,111.53024506548816
141.0,115.64044026781043
133.0,115.04290409807288
134.0,110.73126582894072
139.0,138.9575057527203
139.0,148.9855703474402
144.0,168.23813510074694
145.0,159.24129501967954
140.0,144.57353926454138
148.0,140.01991495851846
158.0,142.8347887333281
163.0,136.70322943997206
158.0,145.20186397953296
148.0,142.73606603898403
155.0,128.54680914296407
170.0,147.57930187545978
181.0,165.98815842370792
176.0,170.6679253817894
174.0,154.72026649745197
175.0,138.5038988430108
165.0,150.4482884706739
153.0,173.6735444870555
148.0,184.782434600187
140.0,174.06277182015967
133.0,159.43686477749634
127.0,164.21904151014942
123.0,151.99253127970368
131.0,135.7442894069684
140.0,139.30070642062168
148.0,127.42449374694056
154.0,116.76427572994895
159.0,110.94470621114388
169.0,107.99950362475577
167.0,122.26236265109698
160.0,132.7842493362891
162.0,155.77167689313214
169.0,168.96357795528345
171.0,171.56232733130324
171.0,181.47020094020579
176.0,169.90186138866503
177.0,156.342008101542
172.0,163.555912541863
165.0,174.77598952063343
159.0,173.6298209184823
153.0,173.08507666967606
148.0,181.03043911673169
138.0,182.32159877965975
116.0,171.06884889866154
112.0,154.1473053031619
117.0,151.7887204008218
116.0,144.6432389376475
109.0,137.36265783948977
103.0,122.890888846568
95.0,104.42531055465854
99.0,102.63036434480756
99.0,111.46900948055054
93.0,107.67340134947177
87.0,102.58314307983471
80.0,93.45132618298742
73.0,87.21739561570091
72.0,90.7833210899746
80.0,92.48364610287842
86.0,86.88882684666558
93.0,81.0234423315912
96.0,76.11493750550088
97.0,74.66769253920691
97.0,75.45895442512058
97.0,86.06390348561989
97.0,98.80214593539704
98.0,113.72622547406871
98.0,108.60645514698709
98.0,106.2745159822124
97.0,100.95851030516322
96.0,98.5385715602394
95.0,97.46696312379355
94.0,99.02230686557702
94.0,101.11154272439539
96.0,98.9840850609355
96.0,97.96824326657739
96.0,95.59160460263767
96.0,94.96549870318658
96.0,94.25567183162735
95.0,94.90290915492498
94.0,95.03785865220867
90.0,95.86323780047167
87.0,95.96440979406663
87.0,95.68271240774841
88.0,98.23064507259812
90.0,96.05815727338297
91.0,94.56752076522928
91.0,90.88514870875957
90.0,87.43475659500855
91.0,87.49341653210125
91.0,92.1554573909756
91.0,94.92562730542294
91.0,94.41527548622572
92.0,94.28956348227327
92.0,94.59844753637856
92.0,94.66929992433197
92.0,94.38404702476159
91.0,93.14694160605252
91.0,92.72649506919332
90.0,94.62938544381792
88.0,96.01792881159254
87.0,94.82628839253066
87.0,94.77681007082802
87.0,92.70615632379149
87.0,92.88416657932086
87.0,91.6088725031072
88.0,89.98260813051321
88.0,87.94367835222836
89.0,88.11099588989255
90.0,88.16506498026939
92.0,88.14369442396409
94.0,88.14369442396409
96.0,93.19736141144557
96.0,92.83310626015518
97.0,94.8529414612419
98.0,95.32978168069496
98.0,98.4322698310024
99.0,101.10753692576503
99.0,99.27077680599693
99.0,98.36126275596523
98.0,101.02478172785341
98.0,102.31026315533585
95.0,102.38416240705746
89.0,103.21215354367123
89.0,103.3379277580712
91.0,103.44514574645167
85.0,100.16583747458796
88.0,99.72877439285197
100.0,95.4906453921098
89.0,90.72161870200232
96.0,90.95811056726835
102.0,93.46165245229454
107.0,86.88087978956413
111.0,92.61722088442006
110.0,113.25986093877185
114.0,94.32528625614064
121.0,101.7757432687993
130.0,108.54513303531904
115.0,115.26546767763169
107.0,118.1827408405325
101.0,115.27281931302083
110.0,122.0897992351737
123.0,131.1322179132358
132.0,145.15631745598756
128.0,118.44134349061049
124.0,106.3408147696638
126.0,100.99850436954519
128.0,116.31346068318098
130.0,140.6998271217694
124.0,146.24677665868873
120.0,137.54688774341938
117.0,126.50138132017499
