y_true,y_pred
204.0,180.97490603110873
209.0,177.5506296475296
211.0,178.9286971985824
211.0,196.41974449054945
211.0,205.74119891850415
215.0,207.0173646925769
225.0,211.42674586369424
233.0,220.54213145107659
237.0,219.84379317188848
241.0,216.34852683653344
246.0,214.2835697880818
248.0,219.6900463903904
250.0,231.23323063610508
252.0,236.00146877015945
256.0,243.77833906196133
259.0,244.036370704956
262.0,243.1160663521052
266.0,243.0808501214452
269.0,252.14399053016123
272.0,252.2573062161592
275.0,255.2019927806327
279.0,256.3708919314739
281.0,261.29936372602276
283.0,264.726004028305
286.0,265.22544671119806
289.0,265.56366106201205
292.0,271.7231646241186
294.0,279.3478650218076
299.0,280.59923609438533
301.0,281.16755546575064
304.0,285.1703288041172
307.0,286.86802649749114
309.0,287.485734686603
311.0,293.5360278040535
313.0,294.05266276865433
313.0,293.5756445974939
314.0,297.1025908553089
314.0,297.00751126450973
315.0,297.40297019737625
317.0,301.95594529343924
318.0,302.84736713254046
319.0,302.25898830167694
321.0,303.76414098865047
321.0,301.6259988959275
321.0,308.19071084637386
322.0,309.8279778991594
326.0,310.69585180801965
326.0,317.31435115215845
326.0,320.26055747346123
325.0,320.0574862515194
324.0,319.908478616747
322.0,319.845875357711
320.0,321.3091290079672
318.0,321.1858760958122
316.0,320.71541991052135
314.0,319.33005394945053
308.0,317.10849106847365
304.0,315.8291648222393
301.0,315.7425456349132
298.0,312.26063237288196
296.0,310.7277730141571
294.0,304.0049680221793
293.0,295.13824392292446
291.0,294.3013427795558
273.0,288.1030693252408
270.0,288.4863415206541
276.0,287.77060134792316
265.0,288.2171184339689
251.0,277.4353050542895
251.0,274.99188224554393
251.0,262.40767912356966
249.0,259.8702571250482
255.0,265.6523929319572
294.0,259.12658269681145
306.0,220.24111089110835
316.0,227.32932793900574
322.0,236.71502371974262
311.0,236.02398038704206
298.0,241.0552869589112
293.0,287.39150240049986
288.0,292.72316207991867
291.0,306.7981666315199
289.0,311.7631943770386
285.0,295.4810231976269
289.0,281.3196930475111
300.0,269.7805841840513
307.0,265.755207227939
296.0,268.29316784770987
291.0,268.29222808873374
275.0,270.8567809817621
270.0,271.895968073845
272.0,282.6108186671414
269.0,286.05069873209175
251.0,281.6790862317169
241.0,269.86203852229465
244.0,260.7855367468364
239.0,232.77153271519794
237.0,242.00593666437655
233.0,242.7753648998988
228.0,221.8578734774017
222.0,205.322370612345
218.0,210.10110145094185
214.0,214.99391874494876
210.0,209.1240863538067
209.0,205.48051964032572
205.0,204.8789303479071
204.0,200.6691326479272
204.0,199.64950264202855
198.0,192.86598514826275
197.0,192.10234067711957
195.0,192.49211843849892
194.0,184.98293950563408
190.0,181.11492044789156
189.0,181.3688470349498
180.0,178.73725849941178
177.0,176.6285013581667
176.0,178.54650555901205
172.0,179.45572118417357
168.0,181.43302806550716
165.0,175.81978742531177
162.0,166.4338264858824
159.0,160.1503886223839
156.0,159.91656737496135
151.0,157.3809557586396
150.0,151.69713011971996
146.0,146.36367375224123
140.0,147.38295654166146
140.0,147.15199352877457
138.0,143.03399123231353
140.0,135.06315435624478
139.0,136.9763210254458
141.0,139.86065905517526
139.0,141.31190939483048
144.0,143.49335888745756
152.0,143.5153260302958
160.0,142.04318757786612
167.0,141.8969278111033
176.0,149.43312993588978
179.0,137.48609027346137
177.0,152.1919868582966
172.0,170.52780539815055
158.0,180.46140168489444
145.0,178.04535402450023
138.0,194.12007268304606
136.0,191.18958766635456
134.0,180.4200694893639
128.0,163.14828556141683
123.0,143.68674176378534
121.0,132.08153512540846
123.0,121.7626564072892
121.0,125.62707990237278
117.0,126.14404827774669
112.0,115.52746816810034
109.0,112.66940392655434
110.0,110.70613437122385
114.0,118.24777140709504
126.0,114.43177133721464
142.0,111.80588934259137
155.0,103.56037361397502
163.0,103.0511853591026
159.0,104.7719567503946
153.0,115.50428991833711
152.0,136.04942572020232
151.0,156.97841942625033
145.0,170.286990413254
141.0,186.48600646780852
141.0,162.44934303330353
143.0,148.59075573544726
145.0,143.17954465794494
146.0,142.76972221762975
149.0,137.22553519839428
151.0,135.3569541751871
152.0,136.19414517318037
153.0,141.65071101457303
154.0,148.98240272267424
154.0,151.3786994682282
154.0,153.32689969786364
156.0,156.3985230331898
155.0,153.31316815953238
153.0,153.55731224037885
147.0,154.8204028707837
142.0,154.3366247444063
142.0,153.85747239066885
143.0,158.9220804457155
138.0,157.63091191901566
137.0,155.64756478687406
135.0,149.82167957581746
130.0,143.4511712038838
131.0,143.6593038733269
132.0,145.49608610592767
133.0,135.4102320873748
135.0,135.16497527100626
135.0,133.7825881772051
137.0,123.6388845619826
140.0,124.76185376401503
145.0,126.75453303695012
149.0,135.39475244339545
150.0,139.19411703078197
149.0,138.97731621306568
146.0,140.7797597328508
146.0,147.6950689557738
149.0,151.8822226694657
155.0,144.59826223670225
157.0,144.52023873620547
156.0,144.72153945042606
158.0,149.5957926600114
163.0,142.64100194854274
164.0,153.7154237766724
173.0,157.4700736318702
179.0,161.04877292441805
182.0,159.9836954373161
183.0,164.93155894483056
183.0,173.33272102489434
184.0,175.48507448353496
184.0,193.95388054822556
183.0,199.13056464625458
189.0,197.73000808609248
195.0,193.6169084061901
199.0,189.88877578947745
198.0,191.42789609885372
199.0,191.04140506698414
198.0,187.56207958974784
198.0,194.4608633777517
197.0,212.03200673595157
198.0,214.82591498386583
195.0,208.90013764939684
192.0,208.67223917607967
187.0,205.92679606987045
181.0,205.3952057383616
184.0,200.28704406111152
183.0,205.616709195856
180.0,194.60056879853317
179.0,187.25914016467453
177.0,177.92142411915873
172.0,163.69463417183402
167.0,179.23092663133156
166.0,180.2472710764568
163.0,171.11586057993065
159.0,168.42842969153452
157.0,163.53076890293943
154.0,158.27726035373053
151.0,150.48806040708632
149.0,150.83198582277964
148.0,149.39257024560192
147.0,147.90266588871012
146.0,146.03568810113484
144.0,142.17903395502861
139.0,137.89409972588473
133.0,136.39109385397256
129.0,136.97870145267763
126.0,140.1680647306495
124.0,141.7987712985006
124.0,139.13837312549066
123.0,131.35943562865424
124.0,123.49045409815022
125.0,120.50083682738392
127.0,118.80891368198324
129.0,114.16494657824633
131.0,116.69520890697503
133.0,116.67875221926049
134.0,119.89115213069604
134.0,122.68946340999712
134.0,127.59025284112934
134.0,132.13696991515275
135.0,133.53120437299765
136.0,137.86560402431851
137.0,140.7306584106385
137.0,139.346572268479
138.0,138.62216321022467
138.0,138.3892261286951
139.0,139.23683294956345
139.0,139.7894975959138
140.0,140.27958414201854
140.0,139.75341061728344
139.0,140.44287757754174
139.0,140.05168499336733
140.0,140.88298248296195
139.0,140.3515818424915
138.0,142.20112116289417
137.0,141.95140755080365
137.0,139.33799235682784
136.0,138.50321090244768
136.0,141.01761997761466
136.0,139.23712605463038
136.0,137.75852947705962
136.0,136.54070410899035
135.0,138.12666582205998
135.0,137.64860904406171
132.0,137.60472853713776
129.0,138.1032281642409
130.0,138.34370182706294
128.0,138.3287935562413
127.0,137.4381118989599
126.0,137.47791215160584
124.0,128.79735774902895
122.0,127.51246177263313
121.0,128.80173055935612
119.0,128.8049198744669
118.0,127.36057896187074
117.0,126.59267891041179
117.0,121.80104974967713
116.0,119.05411686859566
115.0,117.27821005924028
113.0,116.30340337544892
112.0,115.10538744795848
111.0,115.31205947925811
110.0,116.0194963644736
109.0,113.3361493023678
108.0,111.85533420582911
107.0,110.18216714364618
107.0,108.89640168377909
105.0,107.99492260125615
104.0,109.25501871780973
104.0,109.32489177865
103.0,107.46663712284142
103.0,106.61425733170253
102.0,107.3007067152643
101.0,103.69981041558519
101.0,103.56823448154053
100.0,103.88363942357226
99.0,104.88101648899425
98.0,105.41700103520866
98.0,104.38264461099168
97.0,102.68084361998582
97.0,102.78109547734115
96.0,101.30287338791042
96.0,100.6353225877559
97.0,98.66102892751279
95.0,98.83529676040008
93.0,97.66868563238575
94.0,102.52389366165413
97.0,100.4789605299173
103.0,99.87438726009553
110.0,101.88552197953909
118.0,99.36491064181898
131.0,99.65400341391846
146.0,99.41322108999184
156.0,104.20436065291229
161.0,118.26518980627678
169.0,132.1933067349218
163.0,139.72749385991773
199.0,168.58997013852598
200.0,171.73707288198534
201.0,177.523311011785
200.0,180.90579505948796
197.0,184.52809706949128
193.0,162.1343448176392
189.0,219.67820724504145
185.0,209.13589419849822
180.0,208.159556588786
177.0,203.88917179929456
181.0,194.62876882769245
181.0,182.87975996341672
174.0,172.59318666501906
167.0,170.68656217082048
163.0,174.18053565946164
158.0,171.21839318211138
155.0,168.37593342294514
156.0,176.4483227723497
158.0,163.55689009577034
200.0,151.85779825674825
213.0,147.2534407662168
246.0,137.47076570762886
265.0,138.86220075636413
267.0,144.06998051756395
258.0,148.74652113234043
248.0,210.22188329630424
240.0,225.35609230740232
230.0,249.51165763212094
225.0,271.7833092530391
224.0,269.3139162040374
220.0,253.75013766568753
214.0,225.165755815217
212.0,220.21779723383008
206.0,205.05000999220832
198.0,206.37591767995707
194.0,207.06465799485693
195.0,206.4484519344851
197.0,197.50923167852972
196.0,197.32867209372318
194.0,190.98147980378857
193.0,181.26741184040236
193.0,174.68963770393475
190.0,177.6708831059846
186.0,180.74388240882632
185.0,180.26550065020433
186.0,173.84086050157546
182.0,175.51669363767022
178.0,183.5222560285035
177.0,181.574049903036
176.0,178.7786436407089
173.0,180.37218434111617
171.0,182.45531078188435
168.0,175.06814450005362
166.0,171.96938754918753
164.0,169.94807465403915
159.0,169.5110595535387
156.0,167.9046551626595
153.0,166.44396567833664
151.0,161.60477339707222
149.0,160.15070909894544
145.0,156.3686820602838
140.0,151.58303139113013
136.0,144.45354397356618
136.0,140.30163630029955
133.0,138.34291999517768
129.0,138.14984603300638
124.0,138.1467397721567
124.0,136.52942504282808
130.0,136.63991985372834
134.0,140.90381218051942
142.0,133.2258314028255
146.0,126.2366498490853
143.0,120.32420938393186
147.0,122.02098598839434
156.0,138.14946298566053
162.0,147.107051705528
164.0,170.50866548429318
168.0,167.54259449947236
175.0,158.9932921957727
179.0,161.6927438700031
183.0,173.83891224579187
190.0,181.30485525290342
194.0,178.0233498114394
197.0,179.32372397183155
201.0,198.88450748942915
206.0,196.65201862260838
208.0,203.36883945882207
208.0,212.7134997984741
208.0,212.44231205323143
212.0,214.41895872205137
209.0,214.97901997507046
205.0,215.3513084374
208.0,213.22029025810818
204.0,209.70467501720196
201.0,209.0605765182408
201.0,220.58817276249573
203.0,203.89725695186675
203.0,195.07422430062422
199.0,201.37781809934393
200.0,190.8732974683416
202.0,190.87923337192316
202.0,192.49024099489
197.0,198.699283740737
197.0,199.40662439382686
199.0,198.78292629592357
198.0,201.51968536670657
204.0,202.64092547812214
205.0,202.80173125606598
204.0,195.4667438440723
210.0,195.93223561511041
212.0,199.79225881114903
212.0,198.6703824695939
212.0,204.08268694452778
210.0,206.78944401855796
208.0,202.82951991347693
206.0,214.2525132726428
208.0,213.4574522945124
205.0,212.46395340210626
204.0,211.5329037117824
199.0,207.45074341612207
197.0,201.31553737307922
191.0,198.74654862945735
182.0,201.68335938623704
180.0,197.81642284503255
176.0,197.07049664530706
174.0,195.51605361762523
179.0,192.4320593221989
178.0,190.20526822027946
172.0,178.8549336133059
169.0,179.42128764772255
165.0,167.88690490914297
162.0,168.20697993414566
162.0,178.14359128720596
166.0,177.18596242010517
167.0,163.35963033319752
166.0,154.76479761977095
160.0,151.88267881537828
156.0,150.8878413443157
153.0,152.99278181940815
152.0,163.265922851286
156.0,163.9062831164398
166.0,162.51265592603414
164.0,181.21892341473182
163.0,180.48515448913383
164.0,179.25562552883142
164.0,172.8220146332153
161.0,173.80875213827707
157.0,172.84063289693532
152.0,172.34405919055277
144.0,167.2430191449851
136.0,164.3612287043996
127.0,161.53088618292668
121.0,155.15326174422438
121.0,146.51829927207825
120.0,140.95531231762723
119.0,136.45225146550982
119.0,123.77550337802376
118.0,113.4470367509027
116.0,110.73154915951623
112.0,112.58018143148104
109.0,110.28920896522283
104.0,115.11569163355985
98.0,118.06899265783578
96.0,116.29988009258318
93.0,111.40307149671648
91.0,108.35514468409357
91.0,106.96674563668037
91.0,96.56862481256348
94.0,92.7379967822084
98.0,87.86983499543416
101.0,86.84481071189997
103.0,85.16783675737366
104.0,85.75195960476059
105.0,86.77816121007154
106.0,93.43050480609749
108.0,102.17106270192623
109.0,102.22288979510874
110.0,109.12190240142266
112.0,109.40732184088833
113.0,110.43558265269608
114.0,111.02095575227217
116.0,112.29294505628641
117.0,114.66915048647661
118.0,115.60042619795381
119.0,116.56975805079321
121.0,118.80400470213168
122.0,121.93498241046112
123.0,122.73822035792475
123.0,122.54012657551392
124.0,122.49992718635733
125.0,122.59465592449953
127.0,125.55898773137268
129.0,126.02651229231061
131.0,126.53113115708956
130.0,125.61457059226043
133.0,126.65667347972273
136.0,128.1620596867624
139.0,133.66648548374178
144.0,136.77072832734692
151.0,137.11471290853248
157.0,134.8421306153059
162.0,136.9183027358302
167.0,140.55796728892267
172.0,143.97694008713495
176.0,154.8121545490812
180.0,166.3595837245729
183.0,169.50492388871453
186.0,174.59323611804876
188.0,179.81567059074385
191.0,188.54930461066783
193.0,185.16512355942749
195.0,186.49210097555576
196.0,192.5061480348049
197.0,190.20204745784818
199.0,190.21082428044514
200.0,201.86310429133442
202.0,201.65137859364168
204.0,205.84430943218584
204.0,203.69843210831087
207.0,202.56376751893382
210.0,206.95956813813257
213.0,208.25274828778376
216.0,208.30608335656933
218.0,208.3195500803997
219.0,207.0721191509929
220.0,210.8148552481954
223.0,216.62927512772958
224.0,218.8584690487633
227.0,223.21663201447953
228.0,227.48858608744166
231.0,227.24094971037144
234.0,226.5467721033956
236.0,227.44792873592078
238.0,228.0228799157265
240.0,234.80190501235214
244.0,234.90894017886095
246.0,237.31654207531727
245.0,236.74960861205614
247.0,238.24302098281564
249.0,242.22667478904782
250.0,241.77709438699642
253.0,245.5179973241758
255.0,249.7558584743586
256.0,251.3543960963419
257.0,251.85158118931136
257.0,255.41602396859963
261.0,256.47817572452726
263.0,256.9141970126837
264.0,258.99280679279246
265.0,258.8612715304348
262.0,258.4616605990765
261.0,257.90181252986036
265.0,263.6605664887159
270.0,268.2884367422752
272.0,269.3946026486559
273.0,270.3399215055381
267.0,266.5701840759728
265.0,262.8519759047453
270.0,270.48114516098224
256.0,271.78836285288065
292.0,272.83464918387364
293.0,276.3969276538599
284.0,268.37969405384746
277.0,261.86293613204657
284.0,263.657433319328
289.0,249.90009140421597
276.0,281.9661395669987
277.0,285.79579573396455
277.0,282.7742302090531
273.0,274.4610665731233
263.0,277.0400154341898
248.0,278.43893485587085
245.0,267.5246350932464
253.0,269.6950704049074
251.0,270.1472211719896
245.0,264.6020961176269
238.0,258.71995663380613
233.0,223.01284243694397
230.0,209.36501425145468
227.0,238.2404045580382
223.0,238.59096036249312
216.0,214.7108483257742
208.0,224.75558284475233
210.0,208.0971270114787
214.0,208.34279990976668
201.0,205.27202705072068
193.0,202.2782440597697
187.0,192.47177060105608
176.0,191.38060689226785
176.0,198.10292524155167
179.0,205.08480214889093
189.0,181.50601046171923
198.0,171.05452603425658
197.0,168.14963677931277
200.0,158.35432441162075
191.0,159.6714117765844
180.0,164.06219486586465
172.0,172.63215061569616
173.0,199.8776465025543
182.0,199.8875079602055
180.0,203.05993304957266
170.0,192.07165611955736
169.0,172.26144087700263
174.0,161.9548923425167
182.0,168.46992796219814
195.0,190.77843772993685
197.0,185.83897905775598
199.0,154.7888587685948
199.0,152.23173222428233
206.0,172.31777893515246
209.0,181.83607005647391
198.0,209.23986530047245
200.0,205.347682568813
205.0,206.588894212676
207.0,202.26619472494542
199.0,211.93625457356276
188.0,214.14363977702445
185.0,194.94845857299222
185.0,196.22727274287624
182.0,204.99972270683756
183.0,206.82553262630066
177.0,194.04152467986071
172.0,183.78078774656723
172.0,179.3048087645715
172.0,179.74660758119936
169.0,172.00023279322372
167.0,172.31753710857038
166.0,167.35181742210628
166.0,158.13550562018696
165.0,164.29014706950244
164.0,166.94854702780745
163.0,156.6134007883716
160.0,157.9327617492468
155.0,161.27026923949742
147.0,162.0503343188142
139.0,161.0472017341844
132.0,158.76063099526817
123.0,158.5737713998808
116.0,156.20899614645057
113.0,142.80808906074967
111.0,138.14196231624422
110.0,130.35863327915987
118.0,119.87679442903577
129.0,113.02993001907323
142.0,107.83772382973564
157.0,102.55234119694802
167.0,100.92308386097648
170.0,104.7203407181866
180.0,126.42209742902308
187.0,148.29793203004243
193.0,172.73079268445872
205.0,187.47373245686134
207.0,194.5968643006861
208.0,184.89007635202964
212.0,211.39684423965
219.0,209.73600295284123
221.0,209.325896367484
225.0,225.0558901200244
227.0,219.41302554017972
226.0,209.76195980853277
224.0,221.8038817695358
219.0,233.35669769708386
228.0,230.72728837871827
227.0,233.90348844148204
233.0,235.80382345882018
235.0,232.7906226706034
234.0,222.6740266090159
228.0,213.4461835008104
222.0,236.06141028174827
223.0,233.33005130309093
230.0,237.28386233898718
230.0,241.47722185802328
232.0,232.84999026047802
233.0,225.12131794459
233.0,213.7585693231565
235.0,214.82819720885422
231.0,232.80425832000125
225.0,233.2077541677791
221.0,234.03864514828996
216.0,231.58190274572144
205.0,225.59511392582604
152.0,197.73680524045196
154.0,197.73680524045196
154.0,197.73680524045196
155.0,197.73680524045196
154.0,201.6020898213108
153.0,198.5405940082227
152.0,168.0181292065503
151.0,152.23622591730776
149.0,149.98089743512614
147.0,150.01419974484682
146.0,147.83917323839557
143.0,147.08092576331438
141.0,145.6721642948912
158.0,145.3193353068525
169.0,142.9689616949215
179.0,142.87705329744225
175.0,143.17591295440852
166.0,140.98735415037487
156.0,139.4647444442972
148.0,170.72477780737617
140.0,179.89595781254945
132.0,182.8250257876311
124.0,179.85567536779863
116.0,160.43002940378557
107.0,143.0292626685739
87.0,140.2859074262166
77.0,129.38467702265638
66.0,120.73868606457097
58.0,113.2807242629655
53.0,104.6516273557576
51.0,103.13241231802543
49.0,81.1323919313931
48.0,76.76904741389235
48.0,72.44980885646525
47.0,78.78920794500638
46.0,79.28945983899213
46.0,78.51449665197623
45.0,72.62704056852189
45.0,72.78466424395506
45.0,73.04645585725771
46.0,73.1848531094105
47.0,69.12805436759267
47.0,60.950150718288505
47.0,60.973760211230406
46.0,61.34065402295786
46.0,62.311775204470194
46.0,62.88770713847173
46.0,61.329094937187975
46.0,60.57989577030234
47.0,60.97576749837088
48.0,58.62216165014292
49.0,57.365687729365106
50.0,56.53969890965707
51.0,56.02841519442646
52.0,55.49908252739269
53.0,56.68916910518758
63.0,57.735035078199076
66.0,58.17752445956407
65.0,60.10513840027266
86.0,66.0027449363961
82.0,69.6911773740657
76.0,77.05893544147715
78.0,90.91305125938621
83.0,92.1651468113099
86.0,90.52665509559833
87.0,122.06018645141361
89.0,107.00470026251561
88.0,89.19751098574937
87.0,89.89789749565075
91.0,95.15332609167953
92.0,104.02440017637721
95.0,101.37890124016265
97.0,103.6931192889339
91.0,98.60374527875769
84.0,91.98904705868884
81.0,99.48465560725276
86.0,100.7605604122487
92.0,102.5173333368468
92.0,104.8289659711232
99.0,93.39596270389481
116.0,86.19210950790199
129.0,78.82232388979554
139.0,90.13120475584917
148.0,105.07067882282942
154.0,101.45900014429719
163.0,127.23391441910051
173.0,153.78615303102134
189.0,169.65008813730853
195.0,170.38729179945034
194.0,167.99421580653407
196.0,167.16703570572497
212.0,176.5859414556437
218.0,201.72808058922593
219.0,207.17665566733217
223.0,207.37100931058032
230.0,199.25308384653482
226.0,202.795701605069
229.0,223.168389838996
235.0,238.00000638732052
233.0,233.78812702820915
234.0,225.43779187926833
245.0,242.29145463666782
265.0,230.63952907837043
255.0,231.55513630972698
250.0,242.53469741877953
241.0,226.73552708537937
231.0,224.79216107958501
224.0,248.71154349774832
224.0,275.3393922750232
223.0,261.66653918584853
225.0,254.99199220263753
228.0,233.61297552599487
223.0,210.67775180249973
218.0,201.05720152488203
217.0,202.71356818520186
216.0,204.74701479644466
210.0,209.43247205176155
210.0,210.74975169863473
217.0,205.54893278848846
221.0,204.56101192867231
226.0,204.48581941784528
229.0,209.59041594830111
226.0,206.53459814133674
225.0,207.10723221831756
230.0,217.7357299249842
231.0,220.9914885584125
226.0,223.2585112866637
218.0,225.03434700208538
209.0,223.0522457329435
200.0,220.79897767676707
194.0,225.87293867728548
191.0,226.90365240628512
193.0,221.17246634511653
199.0,216.09835943511803
203.0,209.4862306623779
205.0,201.91908306672053
207.0,188.3612530774002
208.0,184.16038966866975
200.0,184.3672778765713
193.0,195.25983619439063
191.0,200.46079658842856
192.0,204.76176991128807
188.0,205.19854070216672
201.0,203.91755125064248
200.0,198.56899108238787
202.0,192.42487058310004
201.0,192.2777914350356
201.0,191.84231836436507
201.0,184.97212211992033
196.0,206.31033121923193
190.0,203.46121088247025
189.0,202.6018310019269
182.0,201.5563123814694
178.0,201.45449125718466
179.0,201.11067464958103
178.0,194.59715668402728
170.0,193.32108010131262
169.0,189.76812726090708
168.0,181.7959710870443
167.0,178.622516263622
167.0,178.85972978116195
166.0,183.72856281354137
165.0,155.8492701471045
174.0,156.566765802819
194.0,159.25141435895176
216.0,157.84608078175347
232.0,159.44864390452815
242.0,160.5754399340987
253.0,161.07242504402183
274.0,187.01835272740814
288.0,214.75287448775345
297.0,232.71498549856247
308.0,248.62312675119873
311.0,253.8131610189749
310.0,265.7692614390325
308.0,289.4964018185988
307.0,300.28986553674804
295.0,312.1865173534091
281.0,316.48907492733474
267.0,321.6020718614682
256.0,319.6270734355838
239.0,315.5816548419494
219.0,313.9996229289885
198.0,301.5348358674131
186.0,258.23708893744026
174.0,232.2345675299265
160.0,216.02260984198784
148.0,198.50882726318417
141.0,177.41349006242447
135.0,151.7227692839646
134.0,132.15278936151398
141.0,130.3835691667378
147.0,114.83032341953131
147.0,107.04667933400462
144.0,99.84563003242381
137.0,97.49273864226308
130.0,96.61159193820802
121.0,109.40166595005238
114.0,138.97756660771407
105.0,138.63620274019775
95.0,132.63936885488334
88.0,130.73610656096474
80.0,127.02743377246605
75.0,112.09405443564563
73.0,106.82986747996961
85.0,98.19504914156245
90.0,85.44980671596917
85.0,82.85017675925904
91.0,80.47722404444647
105.0,85.51706973881359
123.0,86.52912564321329
139.0,97.15914701721297
148.0,114.56079436727495
147.0,103.17524070538101
144.0,107.64079847193881
139.0,133.96940165363995
132.0,149.17418421534342
122.0,161.34361418593963
113.0,167.48140411785474
107.0,159.20205516584144
100.0,150.08893929519593
95.0,131.90069672307487
90.0,122.24120587693031
90.0,111.5763099656488
90.0,103.6532401503182
70.0,97.45474297221257
69.0,94.78491395026572
72.0,89.47831363159419
80.0,85.79388863146717
88.0,85.68724988874227
92.0,86.89039367930596
97.0,80.25120165762354
100.0,78.83778653861587
103.0,86.5631432490279
106.0,100.12959824040166
112.0,113.94557438538558
120.0,116.67542106624971
130.0,113.56465961697808
139.0,113.19878771731514
150.0,117.72594600956714
160.0,114.88067422163242
169.0,130.44684423947285
180.0,138.8875785039456
188.0,166.2750951768188
198.0,162.09609592118682
209.0,181.19279523238637
217.0,189.45883750146692
225.0,186.9875331401052
236.0,208.10829470571576
242.0,207.4911541132308
244.0,217.46249370692436
247.0,224.9005998584115
247.0,229.43091870678964
245.0,237.07361334697956
243.0,246.39916258794275
245.0,250.1352727258636
247.0,247.20644617991616
246.0,229.84742598556008
246.0,222.1502727054683
246.0,222.061053308537
245.0,225.47031889833406
243.0,230.70100710789876
239.0,233.81371287137898
235.0,234.5047258153778
229.0,236.30768187190878
223.0,237.34709445397976
216.0,237.1670972455877
210.0,233.73554329434265
203.0,224.1936988815274
198.0,212.61579518992806
193.0,203.35143435041738
189.0,197.23784298593085
185.0,185.62577628986557
181.0,186.83589804494795
177.0,179.56914609888963
174.0,179.86218082870718
170.0,175.51358100250204
166.0,172.7757374345375
166.0,167.8445565616369
166.0,158.6208020650008
161.0,159.20597264549156
157.0,159.5786340782068
154.0,148.37970382195417
154.0,147.96431684114594
153.0,148.670624349788
154.0,149.6994135304589
153.0,147.97571357457963
152.0,144.04913973057182
151.0,140.11612723386753
150.0,141.4752619929633
148.0,137.77322113546919
145.0,142.24427322704918
142.0,140.53375209298332
143.0,138.89877257171506
144.0,138.76273924608577
144.0,138.03594523235762
142.0,136.1136853750573
140.0,135.83252828772754
139.0,137.79601330970493
137.0,140.18322781165188
136.0,143.67467857418129
136.0,145.24790865914943
137.0,143.48366699138904
137.0,138.48041152474661
137.0,136.5164839797974
136.0,134.19884083256767
135.0,133.9993551119955
134.0,136.4163870813045
133.0,139.38223241403745
132.0,139.71747935901047
132.0,140.1993134347853
131.0,139.46271813393128
130.0,137.7148539582336
129.0,136.76861650824654
127.0,134.6269888782622
125.0,128.4765929509536
124.0,128.6439209604714
123.0,128.50017639077674
122.0,128.1558249050668
121.0,128.1099138131142
121.0,127.06110394967024
119.0,122.99099670559352
118.0,121.71377636904744
116.0,120.59871892026928
114.0,119.48059087013786
113.0,117.73825018336528
113.0,117.93867356295974
112.0,116.92423941443997
112.0,115.77249523858372
112.0,112.78545421187859
112.0,111.54822154629251
114.0,110.09541523944468
115.0,110.56081026074688
114.0,109.69342488824753
114.0,110.51004678102302
113.0,112.31947635767636
112.0,112.8487704159139
112.0,118.15590418420797
111.0,119.3378373726897
111.0,118.62399250865325
111.0,118.39960654149615
112.0,115.68162169806716
112.0,114.37708161289632
112.0,114.46422965415276
115.0,113.94966259642067
118.0,114.02675976839133
116.0,114.05368001260175
117.0,114.81479575636536
118.0,114.83229783967265
115.0,114.87394549774022
112.0,121.14305011970816
110.0,123.04326741255011
109.0,120.23769987568062
107.0,120.16433227632803
105.0,120.62480678757457
103.0,118.67232878561252
102.0,113.1020685572279
100.0,113.4446739905537
99.0,111.16940866077056
98.0,107.56951897186276
101.0,106.21270876726355
103.0,105.66147719710742
100.0,104.10274536775749
99.0,100.81079000114852
98.0,99.75998079440681
98.0,97.8659497469765
97.0,102.6256348525034
112.0,135.39651325851617
117.0,135.35389145313653
120.0,135.60889406933788
122.0,135.74872490514733
124.0,135.7653887065648
127.0,135.7653887065648
130.0,130.29120774349732
133.0,133.0494249315741
137.0,125.48731639243154
140.0,128.42289124296752
144.0,131.21325885416914
149.0,137.72193101276193
151.0,138.6203706673813
152.0,141.78582862994804
153.0,146.96756056593765
155.0,148.46143572682303
157.0,152.70435209097352
159.0,159.06300995231643
166.0,163.70348008137933
170.0,161.02945349513323
176.0,159.03912815429436
196.0,160.14128313873738
208.0,162.3570006758323
209.0,164.71937961474512
208.0,179.47756456487582
209.0,179.73279478564123
210.0,187.3459089449495
212.0,213.63586846984575
216.0,228.61910874394567
222.0,218.12889391354352
231.0,203.82317890872605
234.0,203.1799637976689
230.0,212.26528465638864
227.0,214.9432327918158
239.0,224.4162119262754
245.0,229.1599364853588
242.0,240.82598681922835
243.0,238.11056185248376
246.0,226.70228493040347
248.0,226.13922549350985
249.0,245.40713263581776
248.0,250.77582192726857
247.0,247.08134121313753
249.0,241.2561261900303
259.0,242.94851778103643
264.0,245.75835238104366
267.0,253.0026392031065
271.0,245.21695288394
274.0,244.9818602991235
279.0,253.21973156761064
285.0,263.96115363760606
287.0,271.84941667167635
290.0,273.081072208445
291.0,274.296496556221
287.0,279.4366644262424
286.0,286.6963038272357
288.0,289.56575655485307
281.0,289.8484782663713
274.0,282.43187126575305
272.0,279.7642067513845
262.0,275.7897682048006
258.0,269.5261750999291
242.0,264.78339898438134
223.0,259.5528313693307
207.0,248.26434577982195
195.0,239.56856744402407
185.0,230.8406897307463
175.0,224.65454161296012
164.0,205.0524161216613
156.0,184.19441366454797
150.0,155.23852769266742
138.0,139.089528145011
124.0,132.8768785757717
112.0,133.9684419473936
105.0,113.59893922956978
100.0,114.62351422173896
96.0,115.84219711318755
90.0,94.9554189781435
85.0,87.94066546236944
80.0,81.54516476364934
76.0,78.19995013636746
73.0,81.07731091677273
72.0,86.82672651668884
72.0,90.841684975984
73.0,86.8655513676591
74.0,86.66076567419788
73.0,86.83926187857065
72.0,88.0044769606209
73.0,88.37714653595081
75.0,90.04448807628383
78.0,91.98687640098073
80.0,93.08299401655242
87.0,92.35604045129016
95.0,91.4790125739017
98.0,95.77843201662859
99.0,98.02787559620751
99.0,103.69579125433815
100.0,106.72425260406571
102.0,113.53037515850446
108.0,123.49526268695507
113.0,123.02847051742626
116.0,122.29190085395649
121.0,120.47328125697143
126.0,119.99105396097073
130.0,125.03275623903387
135.0,128.2784101176535
141.0,135.9045758383695
148.0,136.27872587595505
156.0,136.35355895892104
159.0,150.3797663504674
161.0,144.16882796011814
163.0,148.82760027398987
164.0,156.90194698877823
168.0,159.85222380697093
172.0,169.48741566888162
175.0,170.87146572194837
180.0,165.8768488776132
184.0,165.68133646339666
184.0,165.57816257195023
184.0,171.2064657686804
184.0,179.50892078055713
183.0,183.23887215903562
183.0,186.78888296730383
185.0,193.99929948656512
187.0,189.12436800888997
187.0,187.62213995209532
187.0,188.0125883850694
184.0,185.8906929837787
182.0,186.2238089324287
180.0,189.7294317814913
174.0,190.7528506905767
171.0,190.49222233547937
168.0,189.75145929312643
164.0,187.24670343854112
162.0,180.65656386252104
159.0,177.1169637190744
156.0,170.7799325076473
151.0,169.08841193479907
148.0,161.31543248835627
147.0,155.1336198689237
148.0,150.37748691740626
146.0,150.1700355633774
142.0,144.69893006002977
138.0,138.26234340484052
134.0,138.67725642523982
130.0,140.52892894798015
128.0,147.47793887735307
129.0,146.0609126883715
134.0,141.0722639668951
140.0,135.81839271211962
143.0,128.69444509041327
144.0,122.97203972470798
144.0,124.34293697372316
145.0,126.99717506787881
149.0,143.08904856198936
151.0,155.11862236080904
155.0,158.12973782543577
157.0,155.39033170587714
161.0,155.17307480771814
162.0,157.66969859447758
163.0,161.56923145034688
162.0,164.1539480554594
89.0,154.63266534362043
91.0,155.70914559034156
92.0,155.70914559034156
95.0,146.77702390330958
100.0,186.90540528829
104.0,187.74839112054886
108.0,122.63019173463604
112.0,111.16717879997012
115.0,106.09739566591684
116.0,101.71014078986008
117.0,112.47583104006833
117.0,115.16219111835193
118.0,114.545189655532
118.0,120.49384351753693
117.0,127.1258908240216
116.0,125.0419237537176
115.0,122.70096375494154
116.0,121.07119394075303
116.0,121.8246967660964
116.0,121.73211354901967
117.0,121.13016625116404
117.0,120.66352596776873
118.0,119.39603686830648
118.0,119.99895672421884
118.0,119.70475870929864
117.0,119.63620622502795
116.0,120.18464230335555
116.0,120.1511654637508
116.0,121.0361750054901
115.0,120.87713208717643
114.0,120.83597304161749
113.0,120.38518455796114
112.0,119.95639812623185
112.0,119.90200932447142
110.0,119.96223130772994
110.0,119.06068370036375
109.0,118.15528521003314
109.0,115.41428510923502
108.0,113.81524046353891
108.0,113.83635476296112
109.0,113.07105829077707
113.0,113.14083188079162
111.0,111.0512069276011
106.0,111.28820836397308
103.0,109.34275385713946
100.0,109.49665703167287
97.0,111.84952069942142
95.0,117.80652444539274
93.0,114.19829446657971
92.0,107.70566663596627
91.0,107.0526006216277
90.0,101.47103435275288
89.0,96.38927404155952
88.0,94.11085275783556
87.0,93.88037320003366
87.0,93.64287767526815
86.0,92.11904825060239
86.0,91.52053557198145
85.0,91.2546348404482
84.0,89.7309890096481
84.0,87.26826925405913
85.0,87.5719176578581
86.0,87.42297043401781
86.0,87.48452113770267
86.0,86.0448178359772
86.0,85.31420365790754
86.0,85.33284747893178
87.0,86.263557442625
87.0,87.62487526545678
87.0,87.55119374127548
86.0,87.54648151642509
86.0,87.53921265173199
86.0,87.57954868641383
85.0,87.78339307564346
85.0,87.74454929531072
85.0,87.7617238303299
85.0,87.5209453242971
84.0,87.60097271560522
83.0,87.58688026367288
82.0,86.1716665436511
82.0,86.19161489282311
83.0,86.19161489282311
83.0,86.19888375751624
83.0,85.40924320046071
83.0,85.13546580667102
82.0,82.67405452459312
82.0,82.7022882694221
80.0,85.19410892758386
78.0,85.13546580667102
79.0,85.13546580667102
79.0,85.13546580667102
78.0,82.69439183042063
77.0,82.7022882694221
75.0,81.25351818718057
74.0,77.48944276140124
73.0,82.184517621005
72.0,81.78291327470883
72.0,77.84971126136116
71.0,76.23506647005976
71.0,74.12688751664342
72.0,73.78780873093564
73.0,73.7699373464533
73.0,73.74272697735591
75.0,74.73557800305552
77.0,74.3948009800064
76.0,74.68394188564793
76.0,78.43238381520962
77.0,79.51289451563908
76.0,78.68236719859321
77.0,78.81892144086346
80.0,80.33901677291733
81.0,78.63443857915512
83.0,82.27257438770492
85.0,83.84089482271612
87.0,82.07145879449304
88.0,82.45706580338766
90.0,85.21791222915431
87.0,86.14225267088234
83.0,93.25350621556976
81.0,103.32217630376928
79.0,102.98237900783317
77.0,107.05180263256607
77.0,108.45707577171066
73.0,99.3891241896369
86.0,96.88226216379388
83.0,96.3858541359421
85.0,96.84439732063277
87.0,96.32144671792894
88.0,97.96026688465044
88.0,96.33248170099601
88.0,109.73454025978363
92.0,101.57149809663166
99.0,103.94892608920672
106.0,102.48601545592557
112.0,106.52637216575627
114.0,106.01330995012322
115.0,105.84583049377032
112.0,111.56969307350624
109.0,124.02016228917635
110.0,133.79902673749524
110.0,139.61112674736464
111.0,136.69537099056967
104.0,131.43977133997618
95.0,117.72058144624091
90.0,114.66610436979646
89.0,117.11413491301592
92.0,117.1988772500043
98.0,117.53736105998917
104.0,107.47874469229399
112.0,92.50570864230164
119.0,90.23301980994394
122.0,89.45554126686713
128.0,92.78510369708393
131.0,108.94112300722918
137.0,108.38636923585086
144.0,129.04851054719984
151.0,132.19533355517402
159.0,132.14263412652616
164.0,142.753131369501
169.0,140.33746740972515
171.0,145.1066333804942
169.0,156.97455105033163
170.0,164.35783958905927
173.0,178.32343968483494
176.0,178.81627148081623
179.0,178.17877975667488
179.0,184.44625836349687
181.0,167.10547031774982
187.0,167.7742166400959
189.0,177.8706787902061
191.0,181.9085489653863
188.0,184.20625159136415
187.0,180.18804398238893
187.0,178.8182772814903
187.0,190.31141903383204
187.0,191.4980799790783
193.0,199.94862187029295
206.0,187.50567676386194
220.0,187.11994971549797
221.0,188.80818650047692
217.0,188.66862443350962
217.0,188.83265845586067
215.0,197.84019486372162
211.0,221.63862374513803
209.0,232.87850269580605
207.0,229.0037377860611
205.0,220.55821155205427
204.0,219.14299307587848
205.0,218.21781305372494
207.0,211.92311302788625
209.0,199.47196509569557
212.0,197.45245894830944
221.0,192.81237648096575
227.0,191.52301897968516
233.0,196.38517060558397
238.0,201.1111026112793
243.0,203.8115866545198
247.0,213.32843498816015
247.0,231.63213967165956
249.0,234.71972815143428
250.0,236.74478879138874
248.0,244.94212462197086
245.0,241.87684491389368
243.0,241.45932571128205
243.0,236.5846009802691
242.0,241.33616673260133
237.0,246.72127891133545
224.0,233.27286946987746
216.0,229.79755157341322
211.0,225.75891010174985
207.0,226.66929616357464
203.0,226.06643588530517
201.0,220.90897854999585
200.0,201.3353089856274
199.0,188.39775328135934
197.0,188.18271924533897
201.0,187.71914183339572
203.0,179.34257423303055
203.0,181.18141879148834
195.0,182.1617289454478
193.0,182.34075522740577
190.0,178.68209720133473
184.0,190.82623175977145
185.0,194.90965210986693
184.0,201.00736981019782
184.0,186.99199580235
187.0,187.63307713814905
189.0,184.5945754057735
190.0,176.66791668528074
193.0,177.52063965404324
196.0,181.79526730162522
198.0,182.42832305044394
195.0,183.0774604305491
194.0,185.44484402928168
191.0,191.16778518421066
190.0,195.46545971567807
185.0,199.13128380491588
180.0,202.44739782843115
179.0,195.46115911231553
180.0,195.01939872166062
178.0,194.33131265788052
177.0,193.2376440844252
175.0,183.86432515751403
173.0,176.4410813137988
170.0,178.0866836869291
165.0,178.98933162392834
157.0,178.45189430742116
150.0,175.33340137039028
145.0,175.21980871914903
142.0,174.05877495084465
141.0,163.31482704196577
142.0,156.58102992706588
143.0,147.52131035631822
145.0,139.05580101189224
146.0,138.13187414990264
149.0,137.20363249124406
148.0,137.85792492997322
144.0,140.22100586030703
141.0,141.63801952347168
142.0,149.0148014940326
147.0,152.230413727884
147.0,151.74281711436123
145.0,147.1863375055346
149.0,142.67767800684672
155.0,139.85514888840297
155.0,142.17159489874993
155.0,151.83397650603598
155.0,152.11549851541503
197.0,147.12955537888953
200.0,147.51532774697003
201.0,162.58944654738426
199.0,160.90801467007535
196.0,156.60094045028154
193.0,155.64587632836458
190.0,213.48211199409204
186.0,206.92771569009895
181.0,205.56183082058263
176.0,202.1978491755133
172.0,199.84923018785432
170.0,188.55689739187656
168.0,186.72901131872172
165.0,185.2314075569841
168.0,176.23783280924286
164.0,169.37881060729805
156.0,161.33488793910115
150.0,152.781559436215
145.0,155.50357041538297
142.0,150.51880236851719
141.0,158.48677292155224
143.0,152.30326082098694
148.0,141.76415145839667
151.0,135.6537329391113
153.0,135.78698454610483
153.0,136.63903165105458
153.0,138.061761587926
153.0,139.92820148059485
152.0,151.89960264008522
150.0,153.3120950750911
147.0,151.88211591059675
144.0,146.13295053129983
139.0,144.28322409937653
135.0,145.35642766651745
133.0,141.46984585163338
131.0,140.7978150608201
129.0,139.55219290769162
126.0,138.24522794866994
122.0,129.98396830408143
117.0,128.081368859463
112.0,125.47943271658505
106.0,123.23574811247958
100.0,122.09934397622615
95.0,120.39093507687508
89.0,114.4035695593405
84.0,109.1977907702776
80.0,101.2520897929701
76.0,97.48370185435506
73.0,91.96183344447928
69.0,86.9664073569558
66.0,85.21027625404821
65.0,81.6059201514134
64.0,79.61865889247325
63.0,73.73229861315114
62.0,72.756158637202
61.0,71.18083847553173
60.0,69.82492461192702
59.0,69.73564671843344
59.0,69.13841280229823
58.0,68.63590523033507
58.0,68.05204500839919
57.0,67.61272987414954
56.0,67.93746221694586
56.0,68.37756735867634
56.0,71.50585494395105
56.0,71.17930384369826
58.0,71.69038744759297
61.0,71.49069816227771
63.0,69.31252763745368
67.0,69.88988437687573
71.0,70.22692736956392
73.0,70.5286626509365
74.0,75.89448885160995
76.0,79.99491017795295
79.0,88.70081682361749
82.0,92.06202714786522
86.0,94.30388674347918
92.0,91.96013441690323
97.0,86.32088136625042
101.0,87.7802196055516
106.0,101.34756930931509
110.0,102.60602742762337
113.0,107.83677755869105
117.0,114.96515464601714
122.0,113.71455953551065
128.0,122.64902692856107
133.0,126.58650650159132
138.0,128.0707550583282
143.0,127.87989875394175
148.0,132.43181460981134
152.0,136.7545593309982
157.0,149.73751498602624
161.0,150.12374927188876
165.0,152.5256911630924
170.0,160.27252979832699
172.0,162.49331453589818
176.0,165.54589677363464
183.0,167.90643084915882
192.0,167.04153997386683
205.0,172.32313326252046
210.0,173.73816824515004
208.0,184.25974075693605
224.0,187.43796402055614
244.0,199.87761641891868
263.0,217.47844209500258
279.0,227.678005473416
298.0,226.0316050286144
314.0,210.9019900238862
334.0,239.08760791046046
351.0,257.5498142542181
359.0,278.6225777939722
362.0,283.07886173392706
364.0,308.21019963214957
370.0,314.1698287678573
378.0,315.5727248428238
386.0,332.2347285193546
393.0,336.2239844490803
400.0,342.05179994599246
400.0,343.28965933760867
400.0,342.89195144285105
400.0,348.34488003604474
400.0,351.2864555710577
400.0,366.9609710797476
400.0,389.79490696756034
400.0,389.9697298461421
400.0,389.9697298461421
400.0,389.9697298461421
400.0,389.9697298461421
400.0,389.9697298461421
400.0,389.9697298461421
400.0,389.9697298461421
400.0,389.9697298461421
400.0,390.0819655341354
400.0,390.0819655341354
400.0,390.0819655341354
400.0,390.0819655341354
400.0,390.0819655341354
400.0,390.0819655341354
400.0,390.0819655341354
400.0,390.0819655341354
400.0,390.0819655341354
400.0,390.0819655341354
400.0,390.0819655341354
400.0,390.0819655341354
400.0,390.0819655341354
400.0,390.0088236788361
400.0,390.0088236788361
400.0,390.0088236788361
400.0,390.0088236788361
398.0,389.917466107341
392.0,389.917466107341
386.0,389.917466107341
383.0,389.917466107341
380.0,389.917466107341
374.0,389.917466107341
371.0,389.917466107341
368.0,343.29435604135955
361.0,322.60769408465023
351.0,321.3516907133364
352.0,320.50541158730795
350.0,318.77431213611294
339.0,318.4262733266703
332.0,317.88329294799985
328.0,317.19198949061763
330.0,315.75198837525835
334.0,315.8475560582974
336.0,315.82679260926517
332.0,307.5765742353233
324.0,301.1389626474237
316.0,301.9370057747307
311.0,302.7474927473559
307.0,304.77564562511105
305.0,308.35673700846587
304.0,302.5785443302212
301.0,303.43302488497164
294.0,298.2892479296987
289.0,289.66417807397227
290.0,282.78614147156605
292.0,287.8064814362353
297.0,289.3834201962034
300.0,281.4488078660244
303.0,278.88104711584464
304.0,261.2421125361968
305.0,261.8481473195249
301.0,261.882615057319
295.0,282.4874022220102
293.0,283.06904928913974
287.0,290.9146755500619
280.0,291.1733564751803
271.0,291.95919953768845
260.0,284.4423975587026
252.0,281.8116257845428
243.0,267.9394718916242
235.0,263.5276103677064
226.0,252.60284065502503
221.0,230.29325430088917
214.0,218.79522280701556
210.0,218.69135690745983
206.0,204.34286279384008
203.0,198.9948813610148
200.0,197.03600061881986
194.0,197.6521214696701
187.0,188.812837552765
182.0,192.53497727822372
179.0,189.40351140186897
173.0,178.45641713519402
165.0,179.72331086523164
159.0,173.8603172926109
155.0,169.98525542414583
151.0,161.2702661849345
150.0,160.88137253781272
153.0,158.763906968369
153.0,146.27454278793076
154.0,143.75406547655135
156.0,138.47364387231156
156.0,129.3838820006433
157.0,131.21538668163996
159.0,135.74659413314888
161.0,138.71667263077444
160.0,146.0673588888138
162.0,150.2287990078413
164.0,148.8294120087401
165.0,152.4862061433757
166.0,156.22357863643228
166.0,156.91113579100312
168.0,156.89598962116418
170.0,159.06466133858052
172.0,162.87868611682626
168.0,164.31536726842683
168.0,165.96777394937322
171.0,166.76505155502926
172.0,173.03379963953176
172.0,174.03445169616683
174.0,177.0838106808773
177.0,172.09198296747243
183.0,172.34492854101717
192.0,177.36175944955306
202.0,177.58010022718221
213.0,176.79781590723175
219.0,179.58540442819225
220.0,182.61958485782208
222.0,195.903611690063
164.0,169.98625043226687
164.0,169.1323252071615
160.0,165.9036939122035
159.0,159.3896236873203
158.0,159.3896236873203
164.0,162.01023919564645
173.0,164.64440438929276
172.0,161.50409829666663
168.0,153.30713778326245
169.0,152.4037474651431
167.0,148.4267042652356
166.0,159.9956302444305
169.0,186.0572660824305
172.0,173.3470215161043
175.0,159.62901289269826
178.0,163.22088210025498
179.0,157.79177925699142
179.0,156.9822123105288
173.0,164.20210454979173
165.0,174.57081830004
161.0,185.8300393033759
155.0,192.16793536836212
150.0,186.9321805961488
145.0,184.32337564634454
137.0,165.0896394204473
132.0,149.5614923126481
127.0,146.8539064598341
122.0,137.52911369866771
117.0,134.86856691715346
108.0,132.67596687359543
106.0,123.12502752972406
108.0,115.41207934613547
109.0,114.42549051491122
112.0,108.84207506293565
114.0,104.11137258438546
114.0,96.27619989973469
113.0,93.83538897331273
116.0,107.75859485016619
117.0,113.95141892293131
115.0,116.97930133727886
113.0,119.37279121738115
112.0,116.2982617702237
109.0,113.46154958021724
105.0,118.39083619536585
103.0,122.36785003251322
104.0,119.29879604757937
105.0,115.54250897497705
105.0,114.33639196043741
103.0,108.5052438907714
101.0,104.48267299109091
102.0,98.69360535879268
102.0,100.98946517532386
100.0,102.78564650685323
99.0,102.71937161112737
99.0,101.99543008821645
103.0,99.94308726823144
107.0,101.48120288800597
115.0,101.99053172777465
122.0,100.3979624279549
128.0,100.02655327023727
135.0,100.71568266977393
141.0,108.03245457312575
144.0,110.22063762921363
146.0,128.1829724488172
147.0,133.49939360862896
148.0,143.061374977817
148.0,149.18233340512305
147.0,153.91411959789497
147.0,152.48194139798758
147.0,154.9891243970915
148.0,151.61720309961854
148.0,152.31979994212796
149.0,152.50579515861872
148.0,152.08148020205437
145.0,151.3432092893557
144.0,151.95045171988224
144.0,152.8838981803036
145.0,152.59552408945365
146.0,153.65494743377704
147.0,152.37257171382598
148.0,148.5710211293658
148.0,147.53718118852066
149.0,147.0969986797043
150.0,149.33951700526688
151.0,151.93544140226265
152.0,152.6055457436666
153.0,152.82218185199005
153.0,151.82042447207525
154.0,152.71183509231204
155.0,154.2346342018428
154.0,153.9612681961292
154.0,154.3127699547592
154.0,157.12319740365967
156.0,156.571937379833
157.0,157.3222007468663
157.0,159.10340935972317
157.0,156.7201412392844
158.0,156.92704779040474
158.0,156.84733471205266
158.0,159.2385042310712
159.0,161.5548690704653
159.0,161.30196379426044
159.0,161.1436395540233
160.0,163.91948309564708
161.0,163.75028574643488
161.0,163.6207829044461
161.0,166.560264038746
162.0,166.4915952222841
162.0,166.41148319594416
162.0,167.41669279786097
163.0,167.1580741183099
163.0,166.82934019230302
161.0,166.34927081466125
162.0,166.77592287212403
163.0,166.38041931957702
164.0,166.05360640348493
167.0,168.31451235340026
169.0,168.16754450571958
171.0,165.0249052943421
174.0,165.90144274926467
175.0,168.20600099645236
176.0,169.42551903110203
177.0,172.82066079389577
179.0,176.3098591681746
180.0,179.60482410653427
181.0,181.84018685516193
181.0,182.8060930928573
182.0,181.56697974369172
183.0,179.45174409562742
184.0,185.201318568752
185.0,184.1665812107964
186.0,180.84029032816426
188.0,179.5997873498131
188.0,183.75896976162392
190.0,187.6941555096831
191.0,190.3809211921883
193.0,190.51918496385017
195.0,190.7696295426106
195.0,192.1355958923866
197.0,191.1284587741918
205.0,196.80943989087342
216.0,196.9882660150022
202.0,197.0666692934211
210.0,200.79582836134335
217.0,198.10130063293607
223.0,199.30128447985172
227.0,220.00674625906086
231.0,228.53486730787552
233.0,207.46510506199203
235.0,218.26370519806042
239.0,225.1464691968857
245.0,229.78582781219478
248.0,233.9012508634428
251.0,235.3776430323347
255.0,230.749764161955
257.0,229.47097907986858
256.0,237.89406815222458
253.0,241.9455218265862
249.0,243.08763763885165
249.0,252.32925481932048
251.0,257.5370630365451
251.0,257.2011373589013
249.0,256.4658153320108
249.0,253.25660533824848
246.0,243.534034065812
243.0,244.7133978653941
241.0,252.8041563540753
239.0,252.8036693715351
239.0,246.02103996144996
236.0,246.97225566277882
233.0,236.12975138422024
234.0,232.04520791751943
231.0,230.00899283125702
228.0,227.17892821981147
226.0,228.1716277804202
223.0,222.65685544654465
218.0,219.58587042820363
212.0,220.71293284443618
208.0,219.60017657104507
209.0,217.332925372664
209.0,216.67950259588915
208.0,212.0509249951803
208.0,212.2844177673008
209.0,209.10814461069663
209.0,203.5204332136857
211.0,201.40662882663256
214.0,198.99334754739036
213.0,196.4891552446886
213.0,196.923394093262
211.0,199.21448551783803
210.0,198.93964950994575
210.0,208.24131426247163
209.0,211.93943711319596
203.0,209.7960473495008
200.0,209.85852344561428
198.0,207.8626488710253
199.0,204.4722669156778
201.0,205.10391502412597
200.0,198.7784972202881
200.0,195.5501535035558
197.0,195.489243541974
196.0,194.059308603473
196.0,195.97599951773253
196.0,197.9615863279423
195.0,199.4073099741251
194.0,200.23444189510067
192.0,193.5241179314589
190.0,193.0379825676071
187.0,194.0589130457559
184.0,194.32866216518678
180.0,194.26142942110354
176.0,194.2727280003342
174.0,192.07549278199517
173.0,190.5884572696527
172.0,182.94454723639774
171.0,181.6252963904171
167.0,177.35123698803588
164.0,170.4584339034188
162.0,170.53902712308323
162.0,170.4227423396083
163.0,169.46749266672737
158.0,169.3659255637996
156.0,157.1005605453968
156.0,154.44895917319596
156.0,153.88508096843623
156.0,154.7317330266819
157.0,158.80058636920577
154.0,153.14970775317326
152.0,148.10767813045845
152.0,148.30065134283652
153.0,149.79622015956588
158.0,150.3825743778787
163.0,155.5240373730453
166.0,149.35134656253084
167.0,144.67463641999288
172.0,144.95035796910176
174.0,149.4501798202124
174.0,163.16491517472681
175.0,168.34679619423142
177.0,172.04140581726273
176.0,170.69399972736755
174.0,178.2079496862831
170.0,180.22166285924615
168.0,178.00500072366452
168.0,177.18209499827293
168.0,178.4506719342767
168.0,175.686204666972
166.0,173.64916252717452
164.0,167.715449765237
164.0,166.67731434673502
165.0,167.47277242631645
165.0,168.58122282271867
164.0,169.81046686517712
165.0,167.9634588310233
162.0,163.11136265415257
160.0,163.26598477292404
159.0,166.36543533721326
157.0,166.39256736291318
157.0,163.73262294345716
154.0,166.1367575256903
152.0,161.1473468190678
152.0,160.5543547344088
149.0,160.34202950476325
145.0,156.42905493359368
143.0,157.03395957173151
141.0,151.53143108748057
138.0,146.80231109759785
137.0,146.6889182363489
139.0,144.7946194745571
138.0,143.19379864886744
137.0,142.7354101059661
133.0,141.4835891833391
129.0,134.85675829627593
127.0,135.23901498123604
124.0,139.87097135169256
121.0,138.4560959152924
121.0,137.92243509857641
121.0,130.44126688283916
119.0,124.59234440357021
118.0,123.5761485214951
117.0,118.26883327659405
115.0,113.42678557437772
113.0,114.45090358850324
122.0,115.01301559935047
129.0,115.30073164153086
133.0,114.95131812134387
135.0,114.95131812134387
138.0,120.9363192630785
141.0,148.15710229710118
142.0,140.70102211495785
143.0,139.7519929391636
144.0,141.50940494616168
144.0,144.4957230628672
145.0,143.4423724246604
146.0,147.64852592668032
148.0,144.29077842934714
151.0,143.7611794497042
152.0,144.01824114605446
154.0,143.70652269571463
155.0,147.15828066856352
154.0,149.3102885408286
153.0,150.91234462006437
153.0,157.14997313256032
156.0,152.9157709488606
161.0,152.93450444492424
169.0,152.45834960122298
180.0,150.12019733468617
192.0,149.80457085793537
204.0,150.22285597177108
214.0,154.66340936971702
224.0,165.811145982204
233.0,179.06345445700586
243.0,191.55943167176932
251.0,213.33536020772942
259.0,219.15319585261508
265.0,227.75769349850788
269.0,231.24127801087198
276.0,238.34031165190737
282.0,248.79812163133641
288.0,253.15319121488918
294.0,250.1749846923201
299.0,270.03665098820994
303.0,266.43850979212687
304.0,269.70075330238734
302.0,266.99087401611445
300.0,273.1752029912276
296.0,299.6589346736532
291.0,302.11277482196675
283.0,305.5061684087732
273.0,303.9574671846624
264.0,298.2490873874897
257.0,296.9326175024426
251.0,291.150178156014
244.0,262.54665415296205
238.0,256.0134008829415
233.0,233.82055986883904
227.0,233.96842686147073
220.0,217.55034072991265
212.0,222.2108542066283
210.0,206.931857411164
205.0,206.2452699071936
200.0,203.29126275313413
194.0,201.14954198783445
184.0,199.29572420594837
173.0,190.78266882084063
165.0,191.70048234969548
159.0,185.58485548313755
157.0,178.98677893168423
155.0,174.08763039577798
155.0,163.68558486815036
159.0,153.40383752993546
164.0,137.7761879385796
166.0,139.46665480245267
166.0,137.80161281347736
162.0,140.11329239283816
158.0,142.25897025774333
153.0,156.60103460158612
147.0,164.78389662328652
141.0,166.48236194167055
136.0,158.75557469853183
131.0,150.7359147806858
126.0,145.5775849438012
121.0,136.33555251023404
117.0,132.2389893179918
112.0,130.54353844353855
108.0,131.8439174194195
104.0,122.76850342009728
100.0,120.83484281797982
97.0,112.25594960629097
94.0,108.79556646361763
91.0,104.09297902179998
88.0,102.218034466928
85.0,94.33041495406502
82.0,92.58206449601957
80.0,90.05411648274819
77.0,88.81099523699876
75.0,87.18347288015327
73.0,86.10179425315829
71.0,83.49910080555046
69.0,79.98916743842646
68.0,78.85314639475659
66.0,74.41301872602321
64.0,72.97074372378049
63.0,72.53427835389884
61.0,71.74821331214464
60.0,70.9459852649109
58.0,70.73991707653474
57.0,68.94873678565786
56.0,68.34512375889064
54.0,67.85259577905993
53.0,66.13356948643116
51.0,66.22661457078182
50.0,65.38446829126639
51.0,66.14425148805749
55.0,65.6780404632584
62.0,66.15825663511414
68.0,66.94418855389802
74.0,63.07588003350342
81.0,56.33663486589559
86.0,64.04683945558433
91.0,70.40512707847773
96.0,78.98694092051063
99.0,90.34360763496443
104.0,96.25509775103379
107.0,106.28620631946826
107.0,111.00355986186239
107.0,115.53279303104875
108.0,115.25071696194527
109.0,121.02138571256182
110.0,130.24137826029659
109.0,129.5116366356767
109.0,126.13705486309183
110.0,123.80567028678558
110.0,123.22021533136439
111.0,119.89537165903185
111.0,118.24491570314976
109.0,115.59523334097618
110.0,113.32748908530435
112.0,110.98081707031535
114.0,117.37545298713422
120.0,118.38959456214467
133.0,118.64800261325394
150.0,114.50293228356333
162.0,118.74572922979651
183.0,120.31917845035902
181.0,144.01096378761258
181.0,145.38320593775003
175.0,145.38320593775003
171.0,145.38320593775003
170.0,154.5359285221227
169.0,199.30143078405985
167.0,178.3616661796764
165.0,173.15163006031648
162.0,172.2467070575545
158.0,169.12795099043768
154.0,165.6464770853268
149.0,165.0291729373073
140.0,161.03905380201985
136.0,159.84803649303277
133.0,156.7299846255661
131.0,154.36257527878968
130.0,144.23561649171089
127.0,140.4014481851187
125.0,135.64278030622233
119.0,135.7069548121024
109.0,125.41476250427414
109.0,123.22421693435216
105.0,123.19489138926879
106.0,121.37696672647472
107.0,117.94623605660648
105.0,109.8111476270354
101.0,100.90821620843093
94.0,104.50435662413119
88.0,95.84239536772654
86.0,103.44297242743069
85.0,106.04228558503307
84.0,100.45804468100175
83.0,99.38425671711666
78.0,92.58097050618699
80.0,94.77272516400545
83.0,96.12205133022286
77.0,96.56846931792448
73.0,97.47629643474208
78.0,97.4379221055896
82.0,93.54779693117736
83.0,97.80927152351381
83.0,100.06865796333133
84.0,94.52387570784484
87.0,92.86716924749227
84.0,99.44697936714978
85.0,101.36123105550587
88.0,101.73561117404554
93.0,100.51596903515888
92.0,99.54241200720236
92.0,101.86905852199115
92.0,99.13655687140601
90.0,100.76277393036966
88.0,103.67232213330068
84.0,112.14735100678823
75.0,107.7368817231506
73.0,105.1859926137413
71.0,98.62166268272878
72.0,93.78824991479075
78.0,91.78989739569793
78.0,85.56868260346963
77.0,85.7818032331488
70.0,85.80000573051785
71.0,86.24254097469482
75.0,87.84232065547812
77.0,93.13625506550054
78.0,91.0380312755298
82.0,88.60185774519421
86.0,85.72021408343348
92.0,86.80447893788804
98.0,90.25550113298304
105.0,91.5897957147057
107.0,89.65706667863147
108.0,95.04981170431815
108.0,103.32008345870672
112.0,114.06941185616655
122.0,113.71051318312549
126.0,124.11709359822714
124.0,124.07428244372933
127.0,123.57873656306508
122.0,121.76901690487148
126.0,118.8451585307377
134.0,135.26654719453487
137.0,141.28983252085573
141.0,129.45718595433107
149.0,134.18389581417318
158.0,122.91149269552764
168.0,134.41392587596042
178.0,147.64880369746984
187.0,146.6910926099411
194.0,158.76604714615272
202.0,166.70063057438367
211.0,179.86818797503537
219.0,187.13407936905557
228.0,210.85637246379454
236.0,210.4789900346697
237.0,211.67798262077787
71.0,169.33006092431205
71.0,167.4538483025353
72.0,167.4538483025353
74.0,167.4538483025353
78.0,167.4538483025353
81.0,167.4538483025353
86.0,99.32974407154282
89.0,98.95446026476628
91.0,98.4451937718395
94.0,94.20543808712745
97.0,98.74461796975858
101.0,101.66710754332559
106.0,108.65023862660303
112.0,113.66724674781463
117.0,114.52295691027004
124.0,115.92434445819067
127.0,117.74020932762471
180.0,134.38641163881508
182.0,137.56742875228454
184.0,144.03305080103243
184.0,140.77789051784444
182.0,149.02476024877052
180.0,153.96457288382794
178.0,204.91400131802706
175.0,206.22895426226248
173.0,204.69047844452047
170.0,188.90585033505155
169.0,180.8537898519286
169.0,179.7052722624366
169.0,170.84419024608977
168.0,167.75096116440918
167.0,166.1643412556252
165.0,153.25188500821383
164.0,154.3659012134812
163.0,158.4574975179914
163.0,161.87172192577393
163.0,162.2892700926103
162.0,161.53641351168324
163.0,160.11767151519612
164.0,159.92786899795956
164.0,159.5959691529109
164.0,161.0416329619067
162.0,161.9913291130999
161.0,160.59103923126065
161.0,165.64716711317317
162.0,166.99404218871243
162.0,166.70065208015424
162.0,166.88231955098595
162.0,163.86249176818106
162.0,161.3881497294415
162.0,161.3898493500343
163.0,162.2906423479807
162.0,162.62183250045902
162.0,162.71221648261002
161.0,162.91573862388591
161.0,163.19719416114418
161.0,163.4089897531909
160.0,165.6568261535309
162.0,163.4359564332459
161.0,163.3311811071802
160.0,162.92886968267103
159.0,162.24640244592192
159.0,162.67674582620361
157.0,162.42992740412177
154.0,164.0212882784195
151.0,163.4129731709486
150.0,163.2574566742533
155.0,162.44048225070688
170.0,162.7371015383031
185.0,157.43345157915823
194.0,153.35099863538903
200.0,148.3531200297815
204.0,148.23121955502117
205.0,157.65026013033238
205.0,177.43026176749134
206.0,191.6420370884956
207.0,206.43453189949315
207.0,211.70031732926753
208.0,211.50328480909297
208.0,212.17280005187789
209.0,207.60902141316427
208.0,208.81569905729773
208.0,207.8428940137408
208.0,206.02371264988346
207.0,206.55343742752274
206.0,205.36678503809884
204.0,205.2652503413919
202.0,200.94953598442626
202.0,199.73621268598131
201.0,199.69689447833417
200.0,198.16678932724813
227.0,196.53976806355305
223.0,193.64315935841807
222.0,193.87380611826183
220.0,194.27987204523362
219.0,193.44170564063162
219.0,195.72793090669
219.0,235.64907515979252
217.0,223.59634019815743
216.0,214.13237043767384
217.0,207.926409600089
217.0,207.96086155816263
216.0,209.4351368269291
214.0,209.0013916049806
212.0,203.03164888191023
210.0,204.10037454141394
207.0,207.5707268196962
203.0,209.10368576688091
198.0,207.73110564394284
193.0,203.02505717760943
187.0,201.5223106736709
182.0,199.5043179447334
177.0,193.16082178347887
171.0,184.38565433162742
166.0,183.13493248063799
162.0,177.22741953679025
158.0,182.08414861035916
153.0,162.23772361814432
148.0,158.58000225443536
143.0,153.6306766781564
139.0,143.5681643263888
136.0,145.49128653418688
134.0,139.56532220631655
131.0,130.07364908420212
129.0,128.67299312667558
125.0,126.21151781731265
123.0,125.07435832764494
121.0,124.9568289485167
120.0,121.06581993333926
118.0,118.39585311265584
116.0,117.83418681264922
115.0,114.03814143070487
112.0,112.65562229182048
109.0,110.67134992724567
105.0,110.57240001630394
102.0,109.72430733579583
100.0,106.39050098837298
101.0,106.58487009316147
104.0,104.970347091153
106.0,103.37274812933263
108.0,96.06625086972257
110.0,94.86666092555363
112.0,94.8180597564703
113.0,96.85507609576312
113.0,101.40275631900958
113.0,106.5076995394751
111.0,111.76607277757921
112.0,114.98778140889827
115.0,115.54109236164975
118.0,118.08712939922013
119.0,117.88662345362654
120.0,117.5661696196298
123.0,114.47374871539753
124.0,115.47719015549367
125.0,121.12208278084152
125.0,122.84381917188384
128.0,121.72933321992033
131.0,122.28527847230275
135.0,141.9400968777389
140.0,139.664587902436
144.0,138.86877014213744
146.0,135.42915963843436
151.0,141.340438231712
157.0,144.47373284946912
162.0,145.42196098919857
168.0,152.37897115757866
172.0,160.76609533966814
177.0,162.20507765898012
181.0,170.0304021792447
185.0,171.62949673582204
188.0,175.95058858174744
192.0,183.89844642783748
195.0,193.209669386475
199.0,194.21047645939487
202.0,192.1494964104669
205.0,195.6284121518898
208.0,191.88951080019459
210.0,200.50882785174252
212.0,208.52327064114985
213.0,214.44915390849448
214.0,208.7573809380255
214.0,210.34672177149085
214.0,209.2563806961317
213.0,211.21921688816295
212.0,207.74397795582357
210.0,203.81982947966614
209.0,202.3774565275087
207.0,199.73526134668654
206.0,199.28965496506436
204.0,196.2710208670295
203.0,194.5774259848618
201.0,191.0727879720817
199.0,187.84400740933492
198.0,185.44676804584762
196.0,185.24979120072916
195.0,176.93384670728435
193.0,181.01803704664582
192.0,185.32665766058057
191.0,188.48974024395932
190.0,190.8407426657809
190.0,188.80806455719227
189.0,188.97945051653963
189.0,187.48405352114574
188.0,186.78231082939826
188.0,187.34096361890855
187.0,186.7023373310578
187.0,187.01925408469808
185.0,182.8718336656533
181.0,183.4710835281978
180.0,182.46028916717006
178.0,182.72773204118863
178.0,181.3550106643266
179.0,182.2398348221332
181.0,181.3803455059479
182.0,174.81153477862736
184.0,175.52450502880225
187.0,174.06026720862104
188.0,177.60350715549706
188.0,193.25823496689986
187.0,191.3806219580778
186.0,185.93108520862415
186.0,190.72720296392023
186.0,191.52998671499998
187.0,190.37512091167804
188.0,186.99493558380433
187.0,184.6951277493752
103.0,147.60803400851069
98.0,127.8443083889607
95.0,115.59038623329452
93.0,110.11527452117487
93.0,104.74673234931167
89.0,104.51578068844005
87.0,103.53081363319085
85.0,94.61477552027071
82.0,88.24159173073376
80.0,88.60875639913128
78.0,89.72899043670459
76.0,86.85265819328474
74.0,85.2838745617559
83.0,85.42082306796156
86.0,81.49525511042579
91.0,79.43672059660028
99.0,75.85994710124459
107.0,73.10795208515994
117.0,71.09926004996898
125.0,94.6002715295821
130.0,100.69693973545314
132.0,109.56247530094149
134.0,111.08504682028389
138.0,117.96230358182048
150.0,131.81790453167895
157.0,142.02847686245946
155.0,143.11374589667392
154.0,136.8596344895675
154.0,137.0303564106457
154.0,143.07276569324137
153.0,166.52895088976965
151.0,164.59734262278883
150.0,153.94147247958517
156.0,149.26440628832228
156.0,149.28915824011938
151.0,148.31507463845966
147.0,147.21297707926442
144.0,143.76609793660367
143.0,143.88321988926273
141.0,155.68467940137757
140.0,154.2320833655845
140.0,144.3816622670603
139.0,141.26751595162605
139.0,140.41840544689154
140.0,140.2042411650252
140.0,138.3207505645935
140.0,135.64357471608963
141.0,139.85633206228783
144.0,137.72462122097195
147.0,137.83372894924813
149.0,140.53257203558533
151.0,141.7945120923438
153.0,141.23133995708974
155.0,144.19128109578483
159.0,149.36887351177347
160.0,154.29560876655236
162.0,154.3605401865192
166.0,156.65916762820063
165.0,159.25209051513372
163.0,162.03142293118842
162.0,168.3974800713185
161.0,168.52766860225336
161.0,168.87607345066996
160.0,176.02550014487488
160.0,172.781109641098
159.0,167.82380149973378
159.0,165.8419497932671
161.0,165.5203736835524
161.0,165.69812135152407
155.0,165.36443096173318
155.0,165.33301641363443
163.0,164.45328015887364
162.0,164.68316995250706
162.0,166.51979331780353
161.0,166.33191623062604
160.0,154.47201905792429
161.0,155.2783882304569
164.0,170.61182145323102
167.0,166.86118401488014
169.0,166.6445551343894
167.0,165.86693431712723
164.0,165.60086642479268
162.0,165.84588518732068
159.0,170.7612352294066
157.0,173.62505629338037
156.0,176.52835483753717
155.0,172.4805456383025
152.0,167.86864602687407
150.0,164.68624248787813
148.0,163.2636001563648
146.0,158.1158112294791
140.0,154.92408426426007
139.0,154.37099083623713
141.0,151.37834242723608
140.0,150.57696045655857
140.0,146.67067626825582
140.0,146.40798543003532
137.0,140.11598356538076
142.0,140.14510241932464
145.0,147.70563469249075
148.0,144.61223234642787
151.0,145.25402599708062
149.0,143.61072006200973
145.0,137.84462741697823
141.0,154.0753462187628
143.0,155.50877644822341
140.0,155.6491307404826
138.0,162.43711729247266
142.0,150.353960101248
152.0,144.88943226255853
161.0,143.82021223630417
166.0,146.80362841553764
166.0,141.79136903563696
173.0,138.3755274525991
180.0,151.71628178032157
181.0,171.25415561648518
176.0,179.22106045626794
167.0,180.2241829795791
167.0,174.68107485552045
164.0,184.79295983243446
159.0,192.41371421432677
156.0,187.6392558794378
161.0,172.2034347025697
167.0,163.60938954823257
164.0,164.8033744123272
158.0,160.43594163843292
153.0,155.08007448313774
144.0,152.38838605612963
140.0,160.54354330896706
132.0,172.73299420246337
130.0,166.61876621350302
131.0,155.0494368814106
130.0,148.76967372660224
125.0,140.58910112178202
123.0,136.89796344360852
125.0,121.56156455459022
135.0,122.21578727513888
140.0,124.23797704494633
154.0,124.49286310518357
172.0,126.00751688316466
188.0,122.79009958610686
199.0,133.7790776749463
209.0,153.5150950532829
218.0,157.7529883185938
227.0,183.73359560597942
230.0,193.2603826881866
230.0,201.9295959612096
234.0,212.79623983841645
233.0,218.8117589860183
230.0,227.91142516325854
232.0,226.7727822720483
235.0,224.95333571038302
233.0,217.74791201334835
229.0,218.22020148200843
224.0,211.60641799387716
219.0,207.77963630910338
213.0,214.10943273880216
208.0,227.21971463470305
199.0,216.07051289565447
197.0,211.5876887691613
192.0,192.13507545255158
186.0,192.86028105661873
172.0,181.11805110518463
168.0,180.82904582818765
168.0,168.27662772695086
164.0,167.5032956694775
162.0,163.11051428777787
156.0,155.97090042316228
156.0,143.2417254639651
151.0,140.83657346736445
148.0,145.84283842379787
145.0,142.47108479190945
140.0,143.73937251427503
139.0,137.04453510297512
135.0,142.95911347471218
133.0,132.33666970225065
127.0,131.32717723443557
118.0,132.93218328859763
114.0,128.58279210886255
111.0,128.99001731896138
103.0,127.42523503942942
103.0,123.9356192081353
98.0,117.49877581415691
91.0,102.8943297861589
88.0,100.48898094827886
97.0,99.03271765602666
101.0,92.5197524179045
112.0,94.45941232800773
122.0,90.5237162227637
126.0,87.8148893344788
126.0,86.18246824455949
125.0,101.45567263910878
125.0,101.95401139176728
125.0,123.54956298784207
123.0,139.7916633947652
120.0,147.868012304199
113.0,137.5032595051387
109.0,123.34028571810903
106.0,121.48139451989692
103.0,122.5127942507566
100.0,120.72790040524585
98.0,115.05831652666453
96.0,108.28864742017751
92.0,105.87350113980133
90.0,101.38035909998392
88.0,95.66784177879374
86.0,95.12664686092289
87.0,93.0407829907265
101.0,90.09908208434116
121.0,89.28561614896451
136.0,87.36696333426687
140.0,87.11079554054473
139.0,85.53852987114321
142.0,86.51639584691
136.0,127.94664758376354
130.0,144.6342076473957
136.0,154.03999327414655
142.0,152.27249042567155
155.0,142.06802410212376
164.0,155.1543027837273
178.0,134.68876855120564
199.0,133.40592084351044
217.0,135.80980597068296
231.0,158.6617164034149
233.0,179.5629558855049
233.0,189.3206627228008
239.0,196.63235990371075
245.0,211.42153511665754
248.0,227.04417069100006
239.0,238.89814428801782
236.0,232.30531371777204
238.0,218.1478646378316
242.0,241.59126906472883
247.0,239.27642264748584
240.0,237.88958005233525
238.0,215.502536700509
241.0,207.6737752584481
240.0,231.30122801046298
239.0,245.42696427066605
237.0,249.0037827700194
235.0,229.19860555737174
234.0,223.6444767490002
233.0,234.25831864997852
233.0,234.16628453618353
234.0,231.83591752940995
233.0,230.02418242834966
231.0,223.28054425534205
229.0,217.46803012993698
227.0,216.21019725199992
225.0,217.3777785201532
222.0,222.29762496219936
216.0,222.14174778394937
200.0,221.63925998999608
192.0,220.62779397195848
184.0,218.10247062450767
181.0,216.01615117954609
180.0,213.24374615471905
176.0,209.476779411184
174.0,184.34694216257887
174.0,172.45074341957988
173.0,163.52232022134748
171.0,154.49195876468934
165.0,157.02282053317708
164.0,157.74436613255284
157.0,159.18533319134235
146.0,165.47127459703512
141.0,168.43211048023446
143.0,166.44799903533976
146.0,153.15278600327184
148.0,153.04044847671074
148.0,141.31602508873365
145.0,127.29685885029927
141.0,122.47654155396133
137.0,132.1133290484212
132.0,147.226129027715
128.0,148.6853532972209
125.0,148.70754089370064
121.0,143.89688799680675
118.0,136.4459144290141
114.0,131.96357768481764
111.0,121.84994205980884
108.0,120.09928700012935
102.0,115.65822070623979
95.0,109.02433234772676
91.0,106.16141178354182
88.0,102.67846763249212
85.0,101.69266345086909
80.0,101.08561412423938
80.0,93.84425384519693
83.0,85.8785854510953
78.0,84.87096220016782
73.0,84.36463752835868
70.0,82.26344227178558
67.0,78.59328235025322
66.0,79.13130708795828
68.0,84.46952711811394
72.0,75.95865236559871
73.0,72.54915608713507
76.0,71.36762698208229
82.0,70.3607509979757
88.0,69.45961549303762
95.0,72.71449935043702
102.0,79.945442746422
109.0,79.44867274562002
116.0,77.95006215144817
121.0,95.42256368489586
126.0,108.49409543621546
132.0,114.84790507137791
137.0,125.47766547467167
144.0,126.69836163692928
151.0,130.97376762590176
154.0,133.0215070506304
155.0,148.3407929882172
157.0,147.31759806032522
160.0,149.33562382404511
162.0,155.48397206611304
163.0,164.7916549205238
164.0,163.62278350451155
164.0,161.73783005307934
165.0,161.8154243303467
166.0,163.6303928665901
169.0,162.0751300969813
172.0,163.438929380848
175.0,164.96663465396117
177.0,164.54215222638578
180.0,165.72919538575556
182.0,167.3960155355424
186.0,170.57115965039046
191.0,176.16388154563066
198.0,182.10531970643518
210.0,181.89859958894576
218.0,182.4115321548478
223.0,185.85518460385455
223.0,191.71940622130487
224.0,202.89029792060816
226.0,211.72689725807814
228.0,226.73465652669546
231.0,232.86889159961763
233.0,229.49170265000643
234.0,224.632471874331
235.0,221.31082784974623
235.0,229.56950700524663
235.0,232.51803092454563
236.0,234.83728806294937
237.0,233.60317317836459
239.0,232.0844321740458
241.0,235.23378645545
240.0,235.36250280639555
242.0,235.49222679057317
241.0,235.94940438246542
242.0,240.60231370011573
241.0,240.73004229503272
238.0,241.83268687218654
236.0,240.11223217185264
234.0,241.62137422388852
232.0,240.68250265059288
231.0,242.03618605343866
230.0,240.49150464357737
229.0,236.80994065489122
227.0,231.94027465784868
239.0,228.4602372628995
244.0,227.18263086908604
243.0,226.46003052925292
240.0,224.67034095285874
237.0,223.029953306013
237.0,220.2841064083822
236.0,235.4676808052545
232.0,238.6149668635576
229.0,236.62769522277028
227.0,232.79634175646547
224.0,231.98584017346883
220.0,232.6300148521441
214.0,229.118599325376
207.0,226.4006037314052
203.0,222.6314243934657
202.0,220.7098433138203
200.0,216.32269723539846
196.0,215.2531332574536
192.0,211.52898308984567
190.0,210.2345078572482
188.0,203.20281719056496
182.0,201.80271248935736
185.0,200.21505349211347
193.0,194.7167745379587
192.0,190.0988171414012
189.0,185.6704703919013
184.0,184.64180649010584
180.0,176.3565629010656
176.0,182.61570074122875
175.0,189.8271675100916
175.0,193.23280125819923
176.0,185.63150172514648
178.0,181.38838170828402
175.0,176.73246730599138
171.0,170.67317476934613
183.0,173.07496302071004
195.0,173.07496302071004
204.0,173.3984831474251
215.0,173.3984831474251
228.0,173.3984831474251
239.0,173.3984831474251
242.0,174.44055687774568
246.0,192.40852632564358
249.0,200.25857407281484
246.0,213.67804602817787
245.0,235.5879201913008
245.0,245.04132119650254
241.0,243.88372984418115
236.0,244.70715864709445
232.0,243.43323732194105
227.0,228.86768989941555
225.0,222.24076748775596
225.0,227.04462822803686
231.0,221.01066115758886
230.0,213.87552043526443
227.0,211.21876290583944
225.0,205.88408437563623
217.0,205.57828671053528
212.0,204.69233175839688
205.0,216.0397563361269
194.0,220.94894915777894
180.0,215.88068916406903
173.0,213.00118345016256
164.0,196.71306332955552
168.0,190.06095718919403
171.0,182.66375231744422
165.0,171.35790205976454
158.0,147.6193556681601
156.0,148.1168381896606
154.0,134.69184773127
151.0,150.4746579112324
149.0,165.69034194155526
140.0,149.2314299776838
136.0,138.16224778972665
136.0,140.190698578502
139.0,137.71144355897587
134.0,133.64333940094312
130.0,133.80881162167677
127.0,126.3526415437575
125.0,124.99268399280304
131.0,128.72292096418496
133.0,138.95052287304853
129.0,130.31961131366535
127.0,121.85880275319417
127.0,120.31759511785522
123.0,117.95148651569083
123.0,130.07899803559036
123.0,137.11140988821458
121.0,127.25479182597341
118.0,125.47687455916882
113.0,126.9991340466704
119.0,118.63263249134151
122.0,119.27903598324461
117.0,120.15144487901895
115.0,117.13795951295546
115.0,114.68787293458833
108.0,106.41897105526307
107.0,120.1988184048433
106.0,123.26364926001916
108.0,117.04263964949507
105.0,112.55060271565212
111.0,122.37965092086478
126.0,111.57324320152273
143.0,109.66220353913104
157.0,113.05253346352433
172.0,122.0413912967529
191.0,117.5642077469871
207.0,129.17325969769908
215.0,153.928202511638
214.0,168.49697329074903
225.0,183.28733814261332
228.0,192.28247982072372
228.0,203.23772725829534
224.0,205.935852348718
224.0,211.65478077897927
225.0,197.42840447121145
221.0,213.77153140917912
218.0,216.72981032974585
214.0,212.49342060613577
222.0,193.0626225497636
232.0,193.7953792621426
242.0,204.6684189312786
246.0,189.7084898293056
239.0,189.4262947051522
229.0,181.8147983048228
218.0,204.86196634867335
208.0,234.59556418525906
202.0,254.4032738325097
195.0,252.56911876055395
192.0,234.91677405463057
195.0,217.96276178626545
197.0,201.37386895125366
196.0,185.07852232900726
196.0,174.36442987525012
191.0,168.68457545868455
187.0,172.37898923756669
190.0,181.67786785455553
188.0,185.81266620224312
188.0,183.2725551247276
188.0,186.3345370366423
181.0,179.63770221464048
177.0,175.96864180130152
176.0,187.18684493802343
173.0,183.46510935948479
170.0,184.09169556821846
165.0,183.34460745280313
162.0,171.17004946487486
160.0,164.62488267091823
153.0,164.08471250434863
152.0,163.1945285094467
152.0,157.34832366049113
152.0,155.961527289638
155.0,149.87343956737385
157.0,150.13489278405984
160.0,135.16587757183626
165.0,136.6897308044419
179.0,138.28141430138416
185.0,138.58284078119118
185.0,149.75111670029892
188.0,154.19507059193205
187.0,161.94675960664205
185.0,168.47204444492806
186.0,196.58908327057665
177.0,203.4162531699498
171.0,195.94446433867978
171.0,194.92207181537583
177.0,189.22963382717055
183.0,183.30603726332487
190.0,185.5294492613411
192.0,163.72099843802897
194.0,158.44699464631574
197.0,162.78823468915553
199.0,177.83989139534253
200.0,198.83769634713863
200.0,206.28760536141417
201.0,201.4995031542415
198.0,201.80762255218406
195.0,206.63884332331557
194.0,210.68566405459987
191.0,211.45782388738735
190.0,210.20579861574595
187.0,210.05729629684276
183.0,206.63955479279883
178.0,193.850630631146
174.0,191.69141378856693
176.0,189.38656332510598
196.0,188.2604606429513
191.0,179.89453042670027
186.0,178.46286504228033
179.0,169.86661304956675
172.0,162.25553119752433
165.0,166.9473903803772
160.0,196.32142944400937
157.0,197.1754703840479
154.0,185.29790414484034
151.0,176.211773316149
146.0,165.47939754068753
144.0,153.6581414876583
139.0,145.52177521076456
151.0,141.2031706893745
156.0,139.59997912818991
149.0,137.49050804991492
143.0,131.5459872758863
141.0,131.18230677948068
145.0,128.47070717367697
143.0,153.8083662940557
139.0,160.39175337269577
136.0,145.41447442101756
136.0,140.2874491304743
133.0,138.4759025539301
129.0,141.4461291207895
125.0,142.09217649468334
122.0,135.99750717543995
121.0,133.83796997654815
119.0,134.30052615120394
119.0,127.82698428076682
119.0,121.48526530246913
120.0,117.6419942285714
122.0,115.02299605046609
129.0,113.72170540491959
138.0,113.61705821345019
135.0,115.41960466022995
138.0,116.28747326309039
141.0,117.16656508696613
139.0,119.68766697068249
138.0,135.55113806039955
141.0,145.4258942871833
147.0,139.6481504875744
148.0,142.2470053130419
148.0,149.32003865742763
148.0,141.41434753295184
147.0,138.8444789228355
146.0,146.3092043114097
148.0,156.79981053583614
148.0,155.16400490670225
148.0,152.54010021914644
156.0,151.73584295599818
157.0,151.0955842164259
153.0,150.3799864082016
149.0,152.32058058062066
147.0,152.47004191106998
146.0,152.04814449842382
146.0,165.57671933625147
146.0,164.55021373373927
147.0,156.64672065697948
147.0,152.60211059419683
150.0,150.510396973137
157.0,149.63458998898213
150.0,149.71799895923527
144.0,149.73715292242153
145.0,151.0492822766515
145.0,150.71843559500502
145.0,156.42160411787944
148.0,167.73606031264137
153.0,154.28051572466666
161.0,145.24243203939778
169.0,147.38499717430076
185.0,147.48027430552432
185.0,148.08957672742403
185.0,151.71577402813912
183.0,162.22877581223435
183.0,170.63529131050183
183.0,180.5867261208425
183.0,193.81852041490416
182.0,196.69616128927876
177.0,191.4813769920338
170.0,186.19609760853018
166.0,186.32807003433797
163.0,186.63445235823104
160.0,186.40595720602505
158.0,182.83320596733878
159.0,173.69137522035297
160.0,162.99608390941074
164.0,160.2711238208598
178.0,154.8738166097434
188.0,151.42826551111256
191.0,147.82159727374423
175.0,156.40047001456242
180.0,159.6940906075986
185.0,166.1243483461454
185.0,190.69763664793146
194.0,199.5892291251196
196.0,201.37536802127562
198.0,173.12962597017705
202.0,180.29725023891012
202.0,193.34327722326708
195.0,191.89542845523232
193.0,204.43731226731737
196.0,205.05255324701974
201.0,207.39291535197904
203.0,207.93914878197847
198.0,206.26450955489992
199.0,198.50195167092278
196.0,197.18245334209055
194.0,197.33675836275634
192.0,208.04595514498757
193.0,207.2596907491507
205.0,201.00636547728027
210.0,202.16227316820016
216.0,197.25738865631362
226.0,196.4329774743027
243.0,189.73335497707808
249.0,192.1079990883114
256.0,214.74972293344914
251.0,219.9382732279517
249.0,221.29241746038934
251.0,231.6275624596312
261.0,249.40696812940183
264.0,252.5727248993463
265.0,253.9249122604875
270.0,248.62879907001448
282.0,239.82396175523021
291.0,249.36421376274316
295.0,257.43451142070876
291.0,264.66959106717934
293.0,265.40488643606767
299.0,268.17608051961736
310.0,279.32154399267813
322.0,279.6497053442501
332.0,295.03695667387206
336.0,276.1292154769074
338.0,279.13226270475604
344.0,293.601165267805
348.0,299.406388162301
352.0,306.80726671630265
354.0,309.59606024960016
352.0,327.52333348831183
351.0,329.45320118028405
352.0,340.7930633104438
352.0,351.12694093722706
349.0,350.8653655258381
337.0,350.79493283448824
334.0,349.6122412789574
328.0,348.7275497145431
324.0,347.06886854773995
312.0,344.4224303809901
304.0,342.42632649995625
305.0,319.0348437605246
304.0,295.21235580934916
292.0,295.04166491411365
287.0,292.8204051944194
276.0,274.6193447598236
263.0,266.3670087063557
247.0,273.32929725398367
225.0,277.37343099449066
207.0,255.0825103740434
198.0,255.970243432424
183.0,238.85186240204897
170.0,219.39444542986152
156.0,200.47373949272713
145.0,168.83811006598344
134.0,151.09064710924653
123.0,142.27418004130962
110.0,130.17021155231998
100.0,113.38579168314548
92.0,110.12540935531091
82.0,100.96507296063747
85.0,92.25505785319059
94.0,85.44508889897935
105.0,80.4298080979287
119.0,75.79995446578988
132.0,80.6756110667572
141.0,77.92265552079249
145.0,78.23481919333965
143.0,100.23974214221111
138.0,113.35757292449621
131.0,122.28008311372864
124.0,151.12270886749224
118.0,159.86370600404774
116.0,167.2361548324281
113.0,157.457254132811
108.0,127.2648077019357
105.0,129.26967967543746
100.0,114.64244077180878
94.0,103.46044890266917
89.0,104.27475154615324
81.0,103.33300718326687
76.0,108.12331410858029
79.0,97.63088520546977
89.0,92.69574888519232
100.0,86.25255076377768
111.0,84.43169597224781
119.0,81.99865330027087
124.0,81.17897778971263
127.0,84.10332012960991
132.0,102.73862012252997
126.0,128.65504689797916
131.0,131.01278046027156
144.0,136.02624403291338
160.0,138.8359311904621
173.0,143.3014087890547
177.0,137.44313699672654
179.0,124.38986759174053
187.0,126.59437565950208
194.0,162.71620504678415
203.0,190.02551858705098
205.0,201.22650146581944
205.0,201.04303763461823
205.0,197.0964271016128
208.0,194.59248027689327
216.0,202.5216824981668
221.0,208.52695894233605
224.0,209.86221604395112
223.0,202.96329658279387
219.0,200.42926968993257
214.0,204.6091348459914
208.0,225.68501298834255
201.0,231.14569882143954
194.0,224.58811869768914
180.0,212.57205557863387
173.0,202.80840040756976
166.0,190.00817377645092
160.0,183.06109564328622
150.0,171.42109098988428
140.0,167.66155896499515
142.0,161.4047874900871
140.0,146.2320788460082
138.0,138.81019692317818
134.0,137.01452443111728
133.0,123.74303804735561
131.0,115.19527803345214
130.0,126.2867736568515
130.0,125.30016417812762
128.0,126.54985125675049
125.0,118.77381027899942
123.0,116.39322716587039
111.0,118.2402041506427
105.0,118.8972786404688
99.0,121.62157709786375
98.0,125.04868472165832
93.0,119.72863269406903
94.0,116.27508004531552
99.0,101.16624226355849
103.0,95.1786110901093
109.0,92.49562965931422
116.0,92.83380314309545
126.0,91.08225823666177
138.0,92.73773044410639
145.0,102.40598483808185
152.0,103.9376752984453
152.0,120.58780647645487
152.0,126.46293144036201
153.0,151.11838390886223
157.0,158.10526080474162
160.0,167.6276631589259
163.0,173.3677458488511
166.0,159.68740319855658
169.0,154.1501160825291
172.0,154.77603594517487
174.0,163.70358079247404
176.0,167.83458908873146
179.0,170.877613912475
181.0,173.22468285388194
182.0,175.2993725011478
184.0,179.61893629866861
186.0,179.87953057654178
187.0,181.50693106912703
197.0,184.421109835608
203.0,182.66947450249558
199.0,184.2092732281957
196.0,188.4404532931955
194.0,189.16213256858495
191.0,189.29462827211046
188.0,211.95594693198828
187.0,216.23895369540185
186.0,210.38034639496271
184.0,201.9625934869121
182.0,196.02002759994895
181.0,194.9895001947792
180.0,191.06067699263076
181.0,184.96814818629235
183.0,182.75101878353308
187.0,179.94531757148155
194.0,173.59417271835812
190.0,173.81350777815143
188.0,174.26762614321507
186.0,175.0741100354639
184.0,182.60053450230964
184.0,187.25443964001084
185.0,203.361248531927
184.0,196.2206706604636
182.0,187.6113879891628
181.0,184.19256421414315
182.0,183.83496004191022
184.0,184.13696337987653
184.0,185.6463267936896
184.0,185.13602846232578
187.0,180.25686158525778
187.0,177.95222231901505
186.0,180.49391185770853
186.0,184.0580615523682
186.0,183.6082499895681
184.0,183.86683826156963
188.0,187.11301860641174
198.0,187.79507867107597
199.0,185.24036207397248
198.0,185.38832704992484
197.0,185.86560339393677
193.0,184.38642701325907
188.0,190.57650175168126
186.0,211.76007645060673
186.0,209.62444236319828
186.0,204.8726717425588
186.0,199.41415621749158
185.0,196.46116963397287
185.0,192.85126507249765
183.0,186.43150892196178
182.0,185.03213141072138
181.0,184.65453049563132
181.0,183.51133373675705
180.0,182.84806619314503
179.0,180.38910382687024
179.0,178.3013565550368
179.0,176.02754629580173
179.0,175.69987693542356
178.0,175.49054322450544
178.0,175.60603248758034
177.0,175.31082666702866
176.0,175.97522936260887
180.0,177.29472971193573
190.0,177.69843470560815
188.0,177.5405001044111
182.0,178.4543769956458
179.0,176.34855736622546
176.0,175.17549987224166
173.0,186.3671832341089
172.0,203.40210560084915
170.0,192.15192389591658
174.0,179.61295967009937
176.0,176.19737987131845
167.0,172.6560228725405
173.0,173.08243634227884
181.0,172.70398888251097
184.0,165.27030222429832
187.0,177.6876055501092
185.0,180.34199532674216
181.0,162.3832523081761
180.0,175.24849790956796
181.0,198.31110091750628
184.0,195.74690499691957
187.0,193.112281621848
189.0,187.66227992820404
190.0,178.2756070675536
192.0,178.1804567685119
194.0,179.00481429571803
197.0,187.52612978988464
196.0,190.00668614836428
195.0,192.08635506423147
197.0,194.88793726181737
193.0,194.75811183490703
191.0,195.78836906860894
184.0,200.83396215422664
184.0,195.10321717171436
186.0,193.59844815652679
181.0,195.71119454135837
181.0,188.69539422740294
178.0,187.53315674449834
179.0,180.79768991679222
184.0,180.73549189707518
183.0,185.49368572875716
184.0,175.66642603103614
187.0,175.93069978662732
183.0,171.8532173829278
180.0,175.13154287860826
180.0,190.44077026601562
184.0,188.80685669005584
182.0,188.44249497067548
183.0,189.7221700161216
179.0,182.89315018217988
177.0,174.48679529068627
176.0,175.4099236714004
178.0,188.47053927578213
180.0,181.99232606766336
182.0,184.84286173668298
178.0,174.00066411259206
179.0,169.64596018630223
179.0,171.68079458249434
177.0,193.6611433196931
176.0,192.03089733802997
176.0,193.39372052492067
172.0,178.81077093522603
168.0,177.85052921973713
166.0,185.87874121112836
159.0,172.73245384987808
155.0,171.9140395839079
159.0,174.89542674915432
156.0,169.71108442582909
156.0,159.9229381414337
154.0,158.1659259281303
160.0,151.0919326668863
158.0,141.93994706293984
158.0,156.67047032304
157.0,147.69775534902124
160.0,148.948842497119
159.0,147.1062167141797
160.0,163.57169600392243
164.0,162.04580083662628
162.0,162.16138859029857
155.0,160.13214119098976
149.0,165.97507735964393
141.0,164.82696619771912
138.0,165.7352405915804
134.0,169.17059661405779
134.0,164.01015587102918
136.0,145.02985684303204
136.0,139.39155306037918
140.0,134.14106591930178
149.0,128.8755455903263
153.0,124.4971295560779
153.0,130.18637032712996
153.0,139.86003535912116
153.0,140.6451458998582
155.0,146.77875789836295
153.0,164.92048168506938
151.0,171.02557119986056
154.0,162.52035247701656
154.0,155.0529970596146
158.0,152.58985406442713
163.0,154.80241320072858
161.0,152.12187247940653
154.0,146.66713146515022
152.0,151.96017658684653
153.0,152.35029378005333
153.0,163.2081083798648
155.0,172.64592840132983
153.0,164.43823258930684
151.0,149.86908077635394
149.0,146.53787125783086
149.0,149.57195663661048
148.0,150.11950026412939
146.0,153.05015417275698
142.0,150.8573467152901
142.0,148.41117299668446
141.0,145.67986728041183
137.0,145.5141057633464
137.0,145.14123571160485
133.0,145.24521968803612
132.0,142.00199182106925
129.0,142.97417070243625
126.0,141.68359218878106
126.0,133.36584082524936
118.0,134.23521546977034
111.0,126.1164523643864
107.0,124.25326656133204
103.0,123.98289988282117
101.0,122.17665857533665
98.0,123.96016259789437
97.0,113.20174303509926
97.0,103.60480494319268
96.0,100.67061742632332
96.0,94.67593747552876
101.0,93.89985346345689
113.0,91.97436161915194
124.0,91.67179017870825
130.0,92.41731499489467
133.0,89.28859370240919
134.0,89.72121224767363
131.0,100.77915234075222
128.0,126.66184428901285
127.0,140.6840357322966
126.0,144.36257989308805
125.0,142.05429768394933
123.0,139.5130250178352
120.0,129.18553145937193
116.0,129.57177396436614
113.0,129.64481446074487
108.0,129.2691508490143
105.0,125.57179140154153
102.0,121.63020144154876
100.0,117.41246701735516
98.0,114.70139232483588
92.0,108.36773646036234
85.0,102.53626144701418
82.0,96.65985355937065
88.0,94.70196280725564
95.0,95.03645971930212
95.0,93.79308473746238
98.0,97.3201005391691
109.0,103.68479198404643
112.0,108.37816256371121
126.0,111.8729488865592
141.0,117.06744838074937
159.0,115.55724150433963
175.0,115.19214431538579
190.0,133.5770586885427
200.0,134.5519317162311
210.0,168.95716756845226
222.0,173.1821083533703
233.0,191.48963074835717
241.0,210.6016188218241
244.0,215.80462025148807
245.0,221.7347812682213
243.0,227.180284696325
238.0,239.5762980967266
232.0,244.91306867487344
226.0,256.21288741122214
220.0,254.49457434713122
206.0,232.4581494426373
212.0,220.62690706066823
218.0,220.59680789004994
227.0,211.9397353179666
236.0,207.32639557384948
244.0,204.6641325315044
251.0,189.8429339679891
252.0,191.20424581864432
249.0,208.59203966019288
244.0,227.60051568199756
240.0,240.9705119160585
239.0,253.9442709162672
236.0,261.32915371030003
232.0,254.11104082429318
229.0,244.89553888494683
226.0,236.25435634074316
223.0,227.38495338708742
219.0,226.7639345290159
219.0,216.27889729192952
212.0,211.17123038393373
207.0,211.99583066350993
207.0,207.59464455204522
205.0,201.55144463424884
204.0,202.0435529694855
199.0,204.1929173268906
196.0,191.45992181884006
197.0,189.21489971099732
202.0,190.93926620783944
207.0,186.5779842436925
204.0,185.99773629716896
202.0,182.60081428297764
201.0,176.81065761002318
201.0,179.37279975840227
201.0,194.02527632512587
201.0,206.63267025782184
201.0,200.19557260542635
200.0,199.80872958302766
200.0,199.0004594904022
200.0,198.40714040505955
200.0,196.60436501109825
202.0,198.57310569483667
202.0,199.9855261745247
198.0,199.76729750043185
197.0,200.88776418294376
196.0,200.6235501176084
195.0,200.39199303007027
192.0,201.100677036587
190.0,200.94150275817492
194.0,197.67542491205884
199.0,195.24441061701899
193.0,194.8661755796457
186.0,194.64887777932933
184.0,192.52679728506948
183.0,191.03866440411585
181.0,193.84362877967195
181.0,202.92621223571675
184.0,193.23549510150113
186.0,182.89905107026428
184.0,181.82945601363238
186.0,179.42895186433276
185.0,178.55114229719663
184.0,176.8330147460538
182.0,183.05747734013255
181.0,183.73682398113493
181.0,180.63497295060486
182.0,184.9014087171481
182.0,183.48813256059742
182.0,183.3067644170649
186.0,179.4742566977406
187.0,177.38392100773768
186.0,177.51127663382007
186.0,180.95621681239783
185.0,181.61048126893843
184.0,181.67613178333784
183.0,188.95673217224322
185.0,189.6649083638823
185.0,187.16597324441364
185.0,186.48914069460608
183.0,186.68669465391272
182.0,186.70779509888425
180.0,185.10287708773578
175.0,187.9876865666592
173.0,187.72085967810983
175.0,187.32966698187136
182.0,184.30412681738238
184.0,181.85315600994682
185.0,178.80114918484355
189.0,174.89558619855228
193.0,174.27062117301986
194.0,177.3930964857796
194.0,195.4681876002984
193.0,194.6233046324646
193.0,191.20459169252047
195.0,194.31763715808978
193.0,202.36467724766138
191.0,202.67239467204897
194.0,201.44246784833734
194.0,199.34092814320158
194.0,199.1887247208174
194.0,202.23159206075954
195.0,196.83605042200523
196.0,197.20203395451182
197.0,192.5650707570074
198.0,192.21585943613013
199.0,192.138910691401
200.0,191.3460934487335
200.0,193.0593162690375
203.0,193.63640420576823
203.0,194.36355216244527
204.0,198.65104680728805
211.0,199.23376946023222
209.0,201.8899990442853
207.0,201.73687583828922
204.0,202.5833985324479
202.0,201.68829458225147
200.0,202.45070988815485
198.0,219.3456187074617
196.0,210.02024952574592
195.0,207.90299666899153
194.0,200.63781265439192
194.0,199.489500109239
195.0,198.96987708246462
195.0,195.31843805453005
192.0,191.30950399598115
192.0,191.6177541389669
192.0,188.9340291358913
191.0,188.0095873741331
189.0,191.33993440370375
187.0,193.53787712378607
185.0,190.6004084381468
183.0,190.7503166065213
186.0,191.082605609591
192.0,190.83296215120424
192.0,184.9392862102754
194.0,181.8689340460721
194.0,181.0122000098378
194.0,179.6649541911876
194.0,184.0289408245337
192.0,195.38484449251942
193.0,194.18849569961174
192.0,194.43312033911766
185.0,192.79574605513588
185.0,191.78259086012213
179.0,191.1265413279737
176.0,189.53883018273305
182.0,191.00199326276132
189.0,189.85883526743
191.0,182.64917521796244
198.0,182.93842582132285
200.0,176.40748805165958
201.0,167.63757772129233
204.0,184.0924828668487
202.0,194.75094320227737
199.0,196.229771527934
195.0,208.09626157851864
188.0,208.4486722825616
185.0,204.28338776155564
183.0,202.32011936731422
182.0,200.20636754852765
176.0,196.99297560698602
171.0,189.60544861603194
167.0,181.19592711770048
166.0,180.3671410983982
163.0,178.8308830929683
159.0,178.13949363685353
153.0,164.25333731615976
153.0,156.93416839655845
148.0,146.5624123796739
145.0,148.79320662725823
143.0,149.72143353391485
145.0,149.06883201608562
139.0,134.31140396201482
134.0,137.71804230396236
137.0,134.64255572594922
135.0,132.04888775774225
134.0,133.2740383447639
131.0,142.01808771379532
131.0,130.3092295927305
133.0,124.59299302380111
133.0,132.31660538147807
131.0,132.2241027432858
126.0,132.72311095722992
122.0,123.38544312267635
127.0,125.67065032566151
135.0,137.98232989031868
142.0,137.04166899429856
143.0,127.91793121692605
143.0,128.75182561390798
147.0,119.29305565787975
149.0,137.53653696007783
152.0,152.28160415359565
152.0,165.43052505333492
155.0,150.42848262497063
166.0,142.67881468560668
166.0,153.39367748831353
169.0,154.74838393211078
174.0,158.85218306679272
174.0,151.86319582402365
174.0,154.95169069037715
175.0,180.3590617600944
175.0,176.27214785462462
178.0,171.97163541469533
184.0,184.5108053238515
190.0,179.67893293412288
198.0,177.12297012653568
199.0,174.24431496498002
203.0,173.48118231014567
206.0,186.60738885475314
204.0,199.82410510289168
199.0,209.0112718840382
198.0,215.01010490312666
191.0,213.6394890974465
192.0,212.94841019716173
189.0,215.17580575431455
185.0,208.72192840254573
184.0,204.00487098060472
183.0,202.24621175716098
177.0,187.6218328807463
173.0,188.73104895034325
172.0,182.95786650966923
166.0,177.14478745724202
164.0,176.26293336109464
166.0,175.44199942396367
165.0,162.9233516155154
157.0,160.09433336103618
154.0,162.12701918669245
155.0,148.23707676802812
150.0,149.71059971060967
146.0,153.60241951224066
145.0,156.77032905651964
144.0,145.1117441734338
143.0,139.75188684016697
138.0,146.14571294556683
135.0,139.2350970847998
132.0,137.96246275106137
130.0,140.57886561553252
127.0,140.5954464596418
127.0,141.21117049621998
126.0,135.7978780150501
125.0,133.79172716677255
129.0,123.55788503209523
136.0,122.9226778747504
143.0,120.28997048500594
146.0,121.90654486006943
144.0,123.25659357478733
143.0,120.46711969005331
143.0,130.31003595986192
141.0,145.1383267723594
138.0,155.03655634165952
136.0,156.81047965534293
137.0,149.13839398881234
136.0,145.77705269747727
133.0,144.5948377026307
130.0,142.94531682805643
128.0,136.61767283696793
124.0,134.79999562642354
122.0,136.84188418644862
122.0,137.4017956636555
123.0,130.6820255409248
124.0,125.7885446904896
128.0,126.07510640189292
131.0,119.66173269190514
137.0,117.38175943578368
138.0,118.18008244458541
137.0,120.74119878347723
138.0,122.81598256526524
139.0,150.02814036176596
145.0,144.72323145694423
153.0,147.3708978726352
167.0,144.1190020423247
179.0,142.57299577831745
190.0,145.27128919226718
197.0,144.22307009946763
199.0,162.25200106064176
203.0,173.03348338733252
209.0,190.5370357639403
209.0,198.15813359149644
204.0,207.91696539361084
202.0,209.56742112335846
198.0,208.02368480981522
197.0,205.278632512086
195.0,211.51096525146392
193.0,202.3827074625416
192.0,194.42445109519528
188.0,191.4108044269448
187.0,184.35480012637967
191.0,180.30666156832672
184.0,183.37195309929862
179.0,183.7380888011358
174.0,181.77500041111412
174.0,165.07319487708966
177.0,165.212229143452
179.0,177.5897521219711
177.0,174.05419603464992
176.0,158.52400633813133
179.0,154.84253827109092
183.0,159.42457027249682
189.0,170.27208761773898
195.0,183.3703350034951
196.0,172.3826879235451
197.0,166.53574362524722
200.0,187.07526704024778
205.0,196.413858333482
207.0,195.86654438853927
208.0,204.75100635238883
210.0,201.96705344405558
211.0,200.32270992944433
207.0,207.43167264176063
204.0,213.41416018775865
204.0,214.33909803311553
201.0,211.41789178786615
199.0,215.76485639257797
197.0,215.12492181660645
195.0,198.23883542424454
196.0,189.41068420865813
194.0,189.97194513639377
191.0,189.6264144238979
187.0,190.07581195649783
182.0,189.02765325265565
176.0,189.65108789754157
170.0,191.61635600666133
164.0,187.357732214913
156.0,184.5086001775984
150.0,177.05009356129946
145.0,171.8610541548741
142.0,161.53013971825123
139.0,148.25523986971214
135.0,145.2251707183919
131.0,139.35890921605258
128.0,131.39735246039746
126.0,128.58379690275092
122.0,128.50631464133107
118.0,127.27990354854366
115.0,122.0611762261197
113.0,115.13281899817852
110.0,115.78125019197329
108.0,118.00765927237227
106.0,111.49995713946907
104.0,105.5293612621586
101.0,104.38663810162429
98.0,104.00762613759655
96.0,102.42791101413512
94.0,101.7194766833269
91.0,99.40242936582723
85.0,96.63813792235464
81.0,95.8015254027505
79.0,93.29587671578467
81.0,89.76445951985795
87.0,89.08556635322046
91.0,87.15680743171725
94.0,83.46442402756925
96.0,78.89837605150855
97.0,79.0231051656617
97.0,79.86190722821185
97.0,91.10968474410122
98.0,100.21649351377904
101.0,103.29246540344943
101.0,101.5333528066777
102.0,102.2519994330021
104.0,99.38746375951828
104.0,98.49744112894281
104.0,100.64225986872755
103.0,107.64377910716296
105.0,107.31295465378332
106.0,108.91210345774532
105.0,110.5086320653839
104.0,109.89275022854679
104.0,109.46415625240537
104.0,108.94694809677438
106.0,109.89882197572521
107.0,110.78031075368557
107.0,109.76225620484409
108.0,108.90409502825
110.0,108.92607807192594
113.0,108.75365332766764
115.0,109.90687879167707
119.0,110.05869616804159
120.0,109.4451758312304
125.0,110.67281085823495
133.0,115.709095986108
136.0,118.4079269839987
139.0,122.65924739857212
140.0,125.03938447762813
142.0,124.91855964034573
144.0,133.19474087095298
146.0,143.79688426136664
149.0,144.29581815985327
151.0,144.51431368561464
154.0,144.3374822035205
158.0,148.73491475019145
161.0,150.53437067984777
163.0,155.1932156808314
165.0,156.46886720148686
166.0,159.111376225015
166.0,161.3403918647729
163.0,167.99813821123908
161.0,168.56677432716472
160.0,170.9137742394775
159.0,173.57203594016144
160.0,173.76165186089665
161.0,173.27376926315455
162.0,166.21108193265695
162.0,163.8213126202553
166.0,164.48580861964433
168.0,163.7099945786027
170.0,165.00838531967563
179.0,165.2551885595461
182.0,166.2119070745118
183.0,165.95018164540517
183.0,173.4508471207859
182.0,176.57817047010792
179.0,177.4315875164924
181.0,190.56786457339584
180.0,192.05841555754031
181.0,191.3080181294364
181.0,188.35456299857015
181.0,183.724933379193
183.0,179.89451470305036
181.0,181.37751949807748
185.0,182.9339183449546
185.0,181.42640160996936
186.0,182.03135553858127
190.0,180.99900871195192
206.0,187.90403653319115
215.0,182.11321797775133
220.0,191.80157740146748
221.0,190.86091801535375
223.0,191.08930647121656
223.0,198.4726816219828
222.0,223.15125510135664
225.0,223.46564200429887
228.0,226.90395176476764
231.0,222.12044709604078
231.0,214.40186675677984
227.0,211.17075495382554
229.0,207.84312770133653
225.0,221.2129956016162
223.0,229.8076095021057
222.0,234.10144928311897
223.0,234.39080403718867
219.0,225.53858948554347
217.0,231.7331240389113
215.0,220.81893825414792
214.0,208.9993551098335
210.0,208.92036288303612
208.0,210.33802857456064
212.0,209.44165052804587
214.0,205.90012035335147
215.0,203.21968678319863
212.0,205.41678131231626
208.0,200.27837275239165
208.0,193.97640463254066
207.0,208.01159983857184
204.0,210.08536993495235
203.0,211.68209950776347
202.0,205.69892005654685
200.0,197.6572070225311
193.0,198.7709318576661
189.0,197.62810523667346
189.0,191.9674058151116
187.0,192.43073136414657
187.0,194.64662714383564
190.0,195.4111957249063
189.0,189.9022051443432
190.0,184.85456340413623
197.0,184.76447261491546
207.0,181.2868780657407
208.0,181.6870468403573
205.0,188.52892960088624
204.0,185.91571049187013
203.0,191.03802504036577
199.0,200.29630425908476
198.0,217.4172004545245
198.0,212.44605528955884
197.0,204.32911045864105
194.0,202.54022853756442
188.0,202.21212313585735
185.0,197.85634069201038
181.0,197.31487145826793
178.0,198.42080089151648
176.0,195.1632016993508
178.0,193.3742315093926
180.0,188.4278586486272
179.0,184.11177500634614
174.0,180.04791847338416
179.0,179.3630575904576
188.0,178.79873561622216
190.0,184.9074459994627
191.0,191.15028346302333
193.0,182.83181772667038
196.0,165.57590163226234
203.0,177.8992569391016
211.0,199.42158364398375
218.0,201.21949101881506
227.0,199.36181144146934
235.0,196.86701150049666
250.0,200.81287920064787
262.0,211.32380490137197
265.0,222.4056865777251
267.0,230.58104299589897
272.0,230.59887098854838
280.0,238.3619649311856
291.0,257.8727463683821
288.0,266.63853443918896
292.0,268.159440245711
298.0,265.2202084030422
304.0,264.6740404240145
309.0,273.2508060618815
310.0,278.98273480175135
307.0,278.05260289828624
303.0,278.4781645293979
298.0,296.9620439471072
294.0,301.8516126828383
290.0,303.4392073985273
286.0,303.6945996905948
283.0,299.7293721790123
282.0,294.4900522690689
280.0,283.72792712763516
278.0,275.9852301567334
276.0,261.35089065755733
275.0,258.2494921636606
266.0,258.01756637455816
259.0,258.1918048035915
253.0,257.18212126361607
248.0,255.22952614249027
247.0,249.2674961828554
243.0,249.31497103086622
243.0,238.91116923817168
244.0,230.2389668974996
240.0,228.54795993101175
237.0,225.3583205561478
234.0,217.32851942002893
228.0,210.139683608004
221.0,224.58600931589936
221.0,228.61209640652095
219.0,223.1844551943643
221.0,223.63693311522695
217.0,215.13852742500737
213.0,210.97135329687106
210.0,205.56953173373742
208.0,205.68347793677955
207.0,207.20382321849888
204.0,209.15176881388038
199.0,203.94336489304646
197.0,201.26090168754882
197.0,198.98370947750396
198.0,192.7988587331458
195.0,192.36143509560412
191.0,188.0194815771594
190.0,187.8441306984543
189.0,188.27967255436778
187.0,188.8182957295128
184.0,191.14439436425167
179.0,188.67390647704897
171.0,186.52733759652713
174.0,185.93519232696798
183.0,183.32374981411357
191.0,181.5894552505288
193.0,180.36138041215725
200.0,166.28841476360847
211.0,154.51487503571272
223.0,166.2674244241089
235.0,185.9751703050574
242.0,206.34189688016076
238.0,203.3645529782762
240.0,212.1813644315868
240.0,219.77950606884855
239.0,227.93448544808135
236.0,235.4005262170916
236.0,242.37123682242418
236.0,235.47063985644076
233.0,221.56565721508935
229.0,223.04012183525506
225.0,222.51837258502832
223.0,211.34945959392635
220.0,214.10346303621452
217.0,220.0514135100598
214.0,213.6077975603084
211.0,212.6957567050469
208.0,206.99294773360614
205.0,202.41302614527459
203.0,204.5826965351327
200.0,198.95892462011412
197.0,193.64919770079152
194.0,194.28789562702698
191.0,189.39805694075932
186.0,185.09130240197706
185.0,181.75448652795174
184.0,183.08001534504524
184.0,179.3847083860986
185.0,177.84842881765323
185.0,175.74856079240763
185.0,172.63879976040778
187.0,169.6842855328023
188.0,170.70093094674715
188.0,175.09520879971504
186.0,181.02336002870015
187.0,180.78758778441718
185.0,181.72284616690567
183.0,186.7375366330816
182.0,188.40112102365856
179.0,185.7591518448685
176.0,182.75199669083887
174.0,183.61861940155842
171.0,183.8986009239154
169.0,180.37281103400426
167.0,177.95681497940024
165.0,174.96953977991043
162.0,169.3574031355512
161.0,169.73373617365738
160.0,167.0014504416727
158.0,161.3422272497415
156.0,159.33742489752186
154.0,157.2308362365041
152.0,154.15491356368076
149.0,155.76676136224742
147.0,157.24906490218422
144.0,152.89809784710195
141.0,148.68439814383558
138.0,146.30969126910722
135.0,142.81488108890642
132.0,141.66775549518348
130.0,141.18166071310645
127.0,140.2952228365164
123.0,139.47651383823037
120.0,135.49107268814822
117.0,133.43535766337018
116.0,123.96034911207497
113.0,123.24988562166675
110.0,120.79857860732075
108.0,114.62669627166034
106.0,111.10724493870691
105.0,111.38347226097011
103.0,108.67550371988492
101.0,106.17857723536098
100.0,103.49148997485861
99.0,102.30605427537287
97.0,99.79080440850858
95.0,98.29322810878305
94.0,97.86312469176208
93.0,96.98336709135471
91.0,96.92024333933311
90.0,96.68602389404928
89.0,93.77771550221414
88.0,91.00859085587314
88.0,91.36348609827158
88.0,91.13076348900748
88.0,90.79509118884489
88.0,91.18475312922864
87.0,91.27130280704436
86.0,91.07182235964372
86.0,92.18762886240482
86.0,92.79440700802786
85.0,92.90117613291747
85.0,92.97253401461447
85.0,87.58555501330595
85.0,87.4162341749743
85.0,87.4598162127704
85.0,87.508693102604
85.0,86.09533588395985
86.0,86.09942976509306
87.0,86.0890010245526
88.0,86.14349511971746
89.0,86.14349511971746
90.0,86.14349511971746
91.0,86.14349511971746
93.0,87.59003124270156
94.0,87.78164126356843
95.0,93.06553061766401
96.0,93.85510203552593
97.0,94.97743076960367
98.0,95.55119850979483
99.0,99.13039703231742
100.0,98.730593609281
102.0,96.76588038283882
103.0,96.65870340264628
104.0,98.88263570425059
105.0,101.01627181800707
106.0,104.36160129844644
107.0,105.67993093393541
109.0,109.94947718134405
110.0,112.30366246171471
111.0,112.50523749746469
112.0,112.28058794074832
114.0,110.41695503295163
117.0,109.87092488460985
118.0,115.00238332712674
120.0,116.65265881612619
122.0,115.81750721404282
123.0,116.04689676026845
124.0,121.37058570270842
124.0,123.12627041957963
125.0,122.95660738295155
127.0,124.20149960690706
127.0,126.91851289283213
128.0,126.97170270885921
130.0,126.93592088254982
133.0,126.32824215262848
134.0,127.77538798046236
138.0,133.64077309147729
143.0,133.32546530813872
144.0,135.34597489300126
145.0,136.7455596591529
147.0,139.12097749501942
146.0,139.0795250937749
147.0,142.5482042957308
146.0,152.21077783280796
147.0,150.05676996910537
147.0,151.4159992856259
147.0,154.00942027507878
148.0,152.98507174429548
148.0,153.024923351425
149.0,151.65764849531266
149.0,152.04178394953732
149.0,151.6578899459081
148.0,151.53934517962531
148.0,152.1136159678681
143.0,152.0764982768103
148.0,155.36106693016123
153.0,155.00406410134062
160.0,155.0248702810459
167.0,153.3862785691918
174.0,152.9004669427138
180.0,146.2361649962877
183.0,153.17858176406992
188.0,162.57921020142766
189.0,170.0771825572722
188.0,179.1907438288982
187.0,186.87104503904453
185.0,193.1827130461788
184.0,199.68859817790587
183.0,198.78155768195285
183.0,193.32103512771894
181.0,185.35308237299952
178.0,184.6852431976648
175.0,183.99543985765092
176.0,186.04232820889035
174.0,185.8744004159776
173.0,185.93043319634006
172.0,176.5716245854259
174.0,174.37425796398392
176.0,168.67208539737263
175.0,170.35185930549062
176.0,170.27094237192358
174.0,169.31798752261454
172.0,168.44661536999095
168.0,171.63289642406508
165.0,174.55790777178052
162.0,175.42543500558168
162.0,173.9468513711649
161.0,172.5374342945199
163.0,169.96901919327433
164.0,163.37298270542416
163.0,159.3426253806926
164.0,157.2607484006083
162.0,157.30405531634992
161.0,158.89762459225344
159.0,161.7370448556203
158.0,163.78259895546563
156.0,162.2387580563088
156.0,163.47121841934865
156.0,160.95847178410727
156.0,160.61200645011562
156.0,159.65238219593704
155.0,157.57207336483344
151.0,152.16340791864636
152.0,152.42820083386982
153.0,153.41531945024005
154.0,154.13179091758647
155.0,154.67231987056138
159.0,153.70047805982486
163.0,145.31734493085142
170.0,149.21123037342738
176.0,154.178289961865
183.0,156.63471985562074
187.0,157.9799936078963
187.0,169.36823029133228
192.0,172.84344090490816
195.0,178.13728977616088
199.0,192.5320826720673
205.0,202.0787837224709
211.0,201.98142354815198
213.0,193.91060164333174
212.0,200.65923048321295
207.0,203.57061330717232
206.0,208.76128922427026
210.0,214.62290868835558
213.0,220.79242577820906
216.0,217.03110643882835
212.0,211.58424390767274
207.0,195.14593182642687
204.0,194.343129511989
197.0,210.8587666431185
194.0,213.43238375370458
192.0,221.91474745254044
188.0,211.2260100971144
186.0,192.98538986850338
180.0,183.62381528145193
175.0,173.34720725440064
170.0,171.60278864065228
169.0,178.8879121419179
167.0,169.3899482691298
166.0,169.86529094546898
166.0,158.83266329504482
162.0,158.77159583440488
163.0,146.13830573912512
164.0,151.2287853259758
161.0,150.62762005490723
161.0,150.70878701155823
161.0,153.48487478676972
164.0,151.4399102004749
165.0,153.4691261735272
161.0,158.7719278811458
160.0,155.37857574725007
157.0,155.98074124610008
155.0,156.8242384430921
156.0,161.47701388850817
155.0,163.02380544749388
153.0,156.24329071481264
153.0,158.40667733835755
150.0,152.55763207238462
153.0,148.39697942158972
153.0,150.82460168898362
149.0,150.01430376458552
145.0,147.81756710862567
144.0,148.43315600235906
141.0,143.44647302858039
139.0,149.90223936895097
138.0,150.85770936588642
136.0,144.2506858918537
134.0,142.27166978226182
132.0,142.29174183009243
130.0,140.22817657440126
128.0,135.8101882408634
127.0,135.2285182058821
127.0,134.2984726494143
124.0,131.57896350030438
123.0,124.65976942761654
124.0,124.1268472462806
127.0,123.4872905211182
128.0,124.85780353976145
129.0,126.96954195792902
129.0,120.70964353311247
127.0,119.96864461974334
125.0,121.75469973197497
125.0,129.50280266527585
122.0,130.51156710235307
117.0,132.76029315956166
117.0,133.000423344955
121.0,128.5043680124035
133.0,124.0522667373672
142.0,124.28299385098349
151.0,120.0767682759067
166.0,115.37797918794563
177.0,124.10000930471918
181.0,136.68153386202908
188.0,167.4753807751249
194.0,173.77778553054208
193.0,181.73302032367346
193.0,195.6328383875839
192.0,203.57041085505674
185.0,199.65976130732832
175.0,200.82475410978458
162.0,202.75754332240763
156.0,189.47950734089417
151.0,182.47524617725935
147.0,179.0096836303993
146.0,166.37091320259987
147.0,148.32159632041106
146.0,132.47379271457848
145.0,134.14719933734483
144.0,129.52935314366565
144.0,127.8101480151995
146.0,131.44580844345813
146.0,143.55823564115875
143.0,145.44689833427952
141.0,139.64237773301946
141.0,135.8809075379204
137.0,137.75736422715107
137.0,145.91774397197472
139.0,147.12084768776225
140.0,140.20508499338817
147.0,137.31670011513714
147.0,138.13680975432223
147.0,130.22157317329876
148.0,131.06245071204572
149.0,136.6166502010175
150.0,143.29743336610548
150.0,161.61598261480154
152.0,157.47128024683133
152.0,151.1623152180838
150.0,147.2645856368364
148.0,146.73708299009897
146.0,148.4591553302995
148.0,148.78612589918748
144.0,150.38161688796552
133.0,150.05411693591324
125.0,148.54741655089225
120.0,145.61935065039205
125.0,145.31795852227626
127.0,146.67413597404004
131.0,143.6057582610752
135.0,122.86892557588878
138.0,115.02179623820538
144.0,109.19989643927481
148.0,120.11220393943859
152.0,130.540193145939
156.0,133.490509802396
159.0,143.1020210035637
161.0,143.83821678672936
163.0,156.23206894204932
164.0,157.42945965941792
165.0,162.85843548320344
165.0,165.88547319833037
166.0,169.36835250960058
167.0,167.97625481519694
166.0,171.1045096542636
167.0,171.8707375710424
168.0,172.08282179113613
169.0,171.42677285408524
171.0,173.2967420586852
173.0,173.38684480882037
174.0,172.5843069718652
175.0,172.9976190989064
175.0,175.25391182604525
175.0,175.93672313419563
177.0,180.75149526724027
178.0,181.96855289034227
179.0,181.16903076301676
180.0,181.34006192515974
181.0,176.19557815194545
182.0,175.58916008103887
185.0,177.78163320749928
187.0,184.08566591093742
188.0,185.01990148342023
189.0,184.43648595404557
192.0,181.41752336252182
194.0,185.21579559381516
195.0,191.2974835005692
198.0,191.8837709552857
203.0,192.60156682493195
208.0,192.10181471058243
212.0,198.36916206867085
215.0,199.768529121879
219.0,201.238954941355
223.0,206.00577484916366
227.0,209.41941979472426
231.0,217.98950596524475
233.0,222.06711983697147
234.0,222.61451504178692
235.0,228.66974120730512
235.0,229.26554346241906
235.0,234.82922371649641
235.0,238.06691333700212
236.0,236.38016017731206
236.0,233.35323351885654
240.0,236.15924104487945
244.0,236.01521910846998
245.0,236.21907715929626
246.0,236.19889006849002
247.0,236.38898632977566
248.0,236.23793495025726
249.0,240.28304621229628
250.0,245.04128778131448
250.0,249.79778412988097
251.0,252.3970528176093
251.0,252.7629596368374
251.0,253.13377557108754
250.0,256.1402922642297
250.0,255.92598604695613
251.0,254.66113461068628
251.0,254.3342903299366
249.0,254.2084660499214
248.0,253.17844000357078
248.0,251.9386273233207
248.0,251.36049834932965
247.0,251.27254068058124
243.0,251.17115219204624
239.0,250.45769958897282
237.0,250.45141295166175
237.0,250.5111686055939
237.0,250.65415523904156
236.0,250.34180001241575
235.0,245.24403424342916
234.0,235.43654705510698
233.0,235.09478059947625
237.0,235.82409284367188
196.0,142.57020618440689
190.0,142.68413293002993
186.0,143.60732094768028
177.0,143.60732094768028
177.0,143.60732094768028
173.0,143.60732094768028
170.0,189.57762989333008
169.0,182.51022829303207
169.0,173.18499656306284
164.0,170.54479536792851
167.0,170.83804923556912
173.0,168.4688013776901
172.0,158.12505043637208
171.0,158.62107079982528
170.0,160.55909573742048
171.0,154.31688193396346
171.0,158.3793881601885
173.0,178.32659567971947
168.0,175.4620884257089
165.0,174.31533220433002
169.0,170.15654290002064
172.0,174.78656831987502
173.0,175.69584946509082
178.0,178.5909379869991
175.0,167.17340262828665
174.0,162.5505783174713
172.0,170.78654277390552
175.0,178.22556823335174
176.0,177.83114284640683
177.0,189.8040765844933
182.0,172.75902380177445
189.0,171.01809268435335
188.0,167.8203573409748
198.0,172.9133697826987
210.0,174.03561869506396
215.0,176.44846660883596
210.0,193.14311296556846
213.0,198.26555666102263
217.0,191.94212067437445
219.0,211.52297277482225
217.0,224.94437432927432
213.0,221.8819173844154
210.0,208.83873996840546
210.0,212.42705609250922
211.0,220.05802958377123
211.0,225.65027243019824
213.0,215.43832171449193
210.0,204.92055499220533
203.0,198.68864630485444
193.0,200.28084658874312
188.0,205.31264842615911
187.0,205.32382059954006
196.0,207.7850611634975
191.0,201.56337499727695
190.0,183.07105829855064
187.0,171.53626892466335
185.0,167.83843878596
186.0,170.20165051096595
186.0,185.635121739652
187.0,184.38546314754598
192.0,180.54174659887818
194.0,175.8904163249399
194.0,174.69829530941158
189.0,180.90240181516194
183.0,182.2807484140676
181.0,183.89310317906165
182.0,194.79706836445567
176.0,195.9414501603481
171.0,195.28166053849068
169.0,187.02284169955757
167.0,179.85876973111576
167.0,176.4732738302377
165.0,179.25849294589167
163.0,167.85962996348448
164.0,162.83308187330658
164.0,161.13527680466763
167.0,155.49960319360028
165.0,154.53973469863453
162.0,153.52944988076453
157.0,153.3811358789136
151.0,158.96988332592932
155.0,160.85121202985886
156.0,165.36282105105025
156.0,162.82580001493585
156.0,158.78106441597325
156.0,153.44004562393658
156.0,143.1897772058541
155.0,148.89719896885342
153.0,151.95023021771033
147.0,152.10385630587797
140.0,151.65548774951387
137.0,152.5056684069945
131.0,152.61971912020482
128.0,151.50410057485138
126.0,149.63694162547228
126.0,142.64314334030874
124.0,136.28825448110015
117.0,133.16769051129322
106.0,122.6298563613205
108.0,121.58429912464707
112.0,121.24388328694457
107.0,122.34852452886196
107.0,118.39790985902269
104.0,111.86452352491554
100.0,98.64790293152517
102.0,107.4931349173914
107.0,112.93883047041248
117.0,105.91189987611331
130.0,115.57105582367542
144.0,110.55390804060465
161.0,106.44638020806052
191.0,111.1801690164343
186.0,126.06871738784335
191.0,140.24081111231277
185.0,162.891705567335
177.0,170.3834854541619
174.0,191.22279705093163
177.0,198.5981939707613
181.0,206.42201925843497
185.0,202.57867374584336
191.0,186.3268485279899
200.0,178.5894264125625
210.0,169.50183584523555
220.0,173.55764296640956
228.0,182.0862980587035
233.0,187.7920302863209
240.0,206.05573390284852
241.0,217.6776125147641
242.0,223.59882545295486
244.0,238.38349266481347
244.0,241.69936333549768
244.0,243.79220521532932
245.0,253.14690557929904
248.0,252.2061097698566
252.0,239.4760227219029
261.0,236.04264034951518
253.0,235.3953876375859
251.0,240.1196565675638
250.0,241.53224357444012
246.0,241.20763168805593
244.0,245.7232882273068
246.0,256.5949808102824
246.0,242.46265957880135
243.0,240.94770834015384
240.0,239.73053863909917
235.0,231.33170297996767
237.0,229.4616093182896
235.0,232.48499156409537
229.0,232.54206993743202
237.0,224.8028702330324
244.0,219.60744652085384
239.0,213.51505681225981
237.0,223.8019498451149
233.0,216.3343098256632
226.0,209.47704457276217
223.0,230.88487062784827
219.0,236.45123521980184
215.0,229.51772389707477
211.0,223.9270773237902
206.0,211.5997938393864
202.0,206.63098157948218
196.0,201.55955078672858
190.0,201.9365795804328
185.0,191.738617219978
181.0,191.90921617733477
177.0,188.27139869490065
172.0,183.6153456072166
167.0,176.85034900284563
164.0,171.0095372356604
161.0,166.6915811625269
158.0,158.87726703597335
151.0,157.36295933456984
145.0,153.98456793992003
140.0,144.55580423515954
140.0,145.29304499078813
141.0,145.9253884061001
135.0,142.48729588067414
128.0,130.83471089834063
124.0,127.15344848542014
122.0,123.23163013390916
117.0,126.45286061265848
112.0,129.9463060262064
108.0,126.10344571890889
104.0,115.69188151280362
98.0,111.61939373543953
95.0,111.69797741771234
94.0,105.44478222232019
93.0,102.16903325322967
93.0,99.93720828316327
93.0,93.78872977229882
93.0,89.31482902190052
91.0,86.68443113731998
92.0,86.89898652563055
92.0,86.92164311742621
92.0,87.33487924425067
92.0,87.69326500602462
93.0,88.60392169354739
98.0,87.23093196597863
101.0,89.92095374897895
102.0,90.54072515196322
102.0,92.30470570484839
103.0,93.31711848735847
103.0,94.47202209140633
104.0,108.87741594181654
101.0,109.10028761680493
99.0,107.6023569819258
101.0,106.74093414089505
104.0,108.14496031563117
112.0,108.21151338093154
118.0,108.76673470894542
120.0,104.725266398262
123.0,101.568508797616
125.0,105.01715437056072
128.0,109.7028900360532
130.0,125.33353213961404
131.0,129.86170455400645
130.0,128.80545394184912
130.0,132.10195710938606
131.0,131.44947722566792
125.0,137.5932925222256
119.0,137.16896117166226
119.0,136.40432287337163
118.0,131.80335338235602
120.0,131.6310961268215
126.0,132.18272105324024
127.0,125.32006780713097
128.0,115.83244027289246
128.0,116.18806803559721
127.0,116.4307294356922
128.0,119.7667676610387
127.0,134.55419581025225
127.0,133.72085593956962
128.0,134.9078605042088
127.0,134.72060677968037
126.0,132.2882290831017
127.0,134.4554739052637
129.0,132.0606811824991
136.0,131.98754957448529
149.0,134.1184828099938
146.0,131.4805266300481
144.0,129.1269454668036
142.0,131.68845721574212
142.0,135.47817227589533
152.0,143.4769575917114
156.0,162.9884637606649
160.0,155.02149389041855
169.0,146.97794208915204
180.0,143.90882241846913
195.0,144.56098959322864
204.0,164.71422163904373
210.0,165.96510477717243
214.0,170.9144748649218
214.0,181.56583093145073
217.0,191.99293171273337
219.0,216.2865184313829
215.0,216.65145212544292
214.0,223.50645501729173
214.0,221.8739282183909
214.0,218.6539395993216
215.0,221.19851565488455
213.0,220.4893621536449
213.0,215.05861568146304
196.0,214.38653109138903
204.0,214.38386690168974
211.0,213.4561964713672
214.0,217.31779282746422
221.0,210.9299913061899
228.0,202.49414128341826
236.0,175.81875797305358
247.0,180.60694708906547
257.0,211.1513624499231
261.0,209.86360928584347
258.0,223.52790160969695
257.0,232.09784261415868
261.0,237.2699021794664
267.0,245.31391935294957
273.0,252.41496226791944
280.0,257.24629788347653
284.0,247.00854614976464
286.0,249.00797360528512
288.0,255.39153619312142
292.0,263.06779310867773
296.0,272.7811156678433
299.0,282.4869577780063
293.0,285.49416297208114
290.0,284.1321920679721
292.0,283.32072569420365
295.0,283.84423333053604
297.0,296.68591511636725
296.0,297.80312724538305
295.0,279.2700356705818
294.0,275.05046885910633
292.0,274.8385216667403
289.0,286.5179755408665
286.0,288.0541417824911
281.0,286.18085569384925
276.0,285.4579092261192
263.0,284.6856226418413
242.0,263.24335222070374
232.0,261.34742129861775
239.0,258.8841428823154
239.0,255.20854428908137
232.0,243.6118123971409
225.0,228.40481342201446
222.0,201.00063740083436
227.0,188.32829224324314
229.0,203.54585337458937
228.0,206.22718233026845
225.0,205.1323912941297
218.0,202.01060996097198
209.0,199.98118906234478
206.0,206.556249685728
209.0,210.52925463700177
211.0,211.65049299009854
215.0,213.18112361982693
220.0,207.5947784799829
223.0,191.47711265983102
221.0,190.8448553238515
218.0,193.61811107720482
212.0,205.16658865310174
206.0,210.73978477122952
200.0,217.4448868080733
190.0,217.9017496403337
186.0,216.26514568626308
181.0,214.81760092223317
179.0,202.6365789678411
176.0,193.67299334633594
164.0,193.92515773120053
143.0,188.5902050732526
180.0,180.70353465216365
184.0,175.7792717536566
189.0,174.2866296353114
190.0,174.40592686557076
191.0,145.17192764318906
191.0,128.3748344616128
192.0,186.5094051903039
199.0,195.93092816868966
211.0,201.02937814662948
224.0,196.13252508964112
238.0,195.07346115565275
268.0,191.17867506057058
279.0,189.951338076523
291.0,209.21718400173754
285.0,219.68453896743532
294.0,228.84637579165494
301.0,242.51326297366074
308.0,284.1599155958507
308.0,278.5624196239136
305.0,286.1541173390976
294.0,276.32198365378207
291.0,297.6441851233269
303.0,300.2061072683226
316.0,305.24815784232834
325.0,302.23071354504395
329.0,300.8752953047948
330.0,289.27325253649497
328.0,261.12306002672346
327.0,294.9198609366882
325.0,308.20009645645644
322.0,311.26003351911936
319.0,303.4160398862717
311.0,302.6937136564666
303.0,302.0715657332226
302.0,300.75847274931886
298.0,300.5782279316069
296.0,300.0697802636454
295.0,296.389278507869
292.0,286.8713474536129
288.0,279.19707718176846
281.0,275.20912790594554
271.0,278.12743322307614
261.0,277.22103501315456
256.0,278.5506611777101
246.0,262.1513340614461
243.0,260.7861901663582
240.0,255.67616137232525
230.0,229.60945659629715
230.0,218.0449449123006
225.0,216.12310865064572
221.0,202.14454117437543
210.0,202.99436972044955
207.0,203.9064717050709
209.0,201.71255810501697
212.0,202.8003259248004
214.0,202.08502609861196
211.0,201.9280583074305
207.0,190.12017963994882
204.0,189.55570567642562
202.0,193.53605218424732
200.0,206.7152568355643
199.0,208.50082528481937
195.0,206.84635087691032
193.0,193.40195711705928
193.0,187.29937579901213
197.0,186.66880814263652
195.0,186.48221156056474
189.0,187.99239277648135
187.0,190.46133291378726
189.0,190.14254159704208
187.0,190.32237493448733
186.0,193.94249117183836
185.0,194.60400648112395
187.0,186.49842152017345
189.0,182.77572294504284
186.0,185.3248624538272
179.0,183.15144953494482
172.0,182.28945181064952
173.0,182.01057551678392
175.0,184.79442737416272
176.0,188.9763073332392
177.0,181.73802878571425
174.0,177.0707791116697
173.0,168.0841105165674
184.0,172.11168240700417
183.0,175.71347949413175
180.0,176.2077178030062
175.0,178.93157635416426
167.0,173.5204556526457
161.0,173.23027064894802
162.0,200.78985367677942
169.0,192.54068590919945
166.0,180.5185868411213
161.0,174.23714504487313
155.0,161.407134736252
147.0,156.18308924334863
144.0,153.95568215668166
142.0,166.25407296857693
139.0,163.47891932169475
137.0,158.21210651746705
144.0,144.43068331277732
139.0,139.182012276075
142.0,138.5149235625046
150.0,143.58046766683447
158.0,148.23866562160742
162.0,139.71445832710825
166.0,155.41743522908143
172.0,144.01887477857386
178.0,148.810387939888
182.0,170.6277786715333
192.0,176.99816873728741
191.0,174.78104082902763
179.0,177.1042160933558
174.0,182.1375202576172
167.0,190.52112224107307
158.0,190.74271470666645
150.0,209.36146289600893
144.0,193.8607302970741
134.0,155.23432156317978
124.0,151.63702140944102
115.0,146.05564991025577
115.0,135.31519685098937
105.0,136.46264810791803
107.0,128.0280261594341
118.0,114.102079848008
124.0,107.46982821025617
128.0,99.0875945853636
133.0,99.380188456689
138.0,92.11355621312073
144.0,101.18607494702466
148.0,122.7886262864282
151.0,130.62466651535738
154.0,135.23159042502456
155.0,140.60678296203739
142.0,145.45210032658971
139.0,157.97282133638393
146.0,155.01124936601866
149.0,158.85760284572245
151.0,158.42720150161992
151.0,153.52982642587378
150.0,131.2042029663224
150.0,126.88981569703688
151.0,144.25425445650492
153.0,152.59782211609786
154.0,157.7750294621587
153.0,151.08635423121567
157.0,147.6231131293489
163.0,146.80694613707405
160.0,147.5480409740991
156.0,151.85541788213672
157.0,153.61376461977994
167.0,151.77183038301945
174.0,160.55170341287635
187.0,172.38455300125173
198.0,166.00310560383673
199.0,157.106191932972
201.0,161.0680739358359
202.0,176.37659143726358
203.0,186.25029140630673
204.0,199.75540770705734
206.0,212.9408962225358
207.0,212.54875116004433
210.0,210.6125821055844
212.0,208.9982960995022
215.0,209.5186655900898
217.0,209.27296387255768
210.0,211.26484568233812
206.0,211.63148281137669
211.0,217.86496137644943
208.0,219.44250891901905
207.0,222.0761808272647
207.0,224.09229398458314
208.0,211.96853395578486
211.0,203.98577765468218
216.0,215.50408696492602
216.0,206.0131896867257
216.0,206.01436848439266
213.0,206.59872363507435
214.0,207.39617950386028
218.0,214.35978731897856
219.0,220.33388340727615
219.0,220.1273221239972
219.0,220.04392153517267
220.0,213.97070057277543
222.0,214.96757468696973
223.0,223.10526254744804
221.0,223.04651530239565
219.0,221.13476549937764
218.0,220.44452804354466
219.0,220.22701854374023
219.0,221.44277563668643
219.0,222.1537828998274
218.0,221.10884694445807
218.0,220.06524286143144
218.0,219.34393286251222
218.0,219.09783660309893
222.0,219.26768255033792
242.0,219.29531508306565
252.0,218.83885426473665
243.0,218.71511770176426
238.0,218.80570121663507
234.0,219.02379618066743
232.0,220.60318845889873
230.0,242.2388227441056
227.0,259.84586642171496
224.0,239.8616016729443
226.0,231.32561876722326
228.0,225.33958082124101
228.0,225.82944530242145
229.0,224.12670594097193
233.0,220.13074836448266
234.0,217.9515352752131
229.0,221.3041511625997
226.0,221.55647394455994
224.0,221.2371761020448
223.0,222.15074815684233
221.0,225.15399735607846
219.0,226.68000668481687
218.0,221.95027850655512
218.0,220.9367767954653
215.0,217.53466111771112
207.0,216.54886888037393
204.0,216.31032162638235
202.0,216.32140327151777
202.0,216.54971332303217
196.0,217.22677955424382
191.0,213.7694687310031
188.0,202.6211635800566
187.0,198.53543326723454
185.0,199.05060414093654
201.0,198.07992943682993
203.0,193.0964940520561
200.0,191.0288664443741
200.0,188.04342262193393
200.0,187.65417759190228
199.0,185.89785502622695
197.0,201.64370290072642
195.0,202.0827200641828
198.0,200.12174805651392
198.0,200.11375656898352
196.0,200.62473744651865
191.0,197.71031325542472
181.0,194.30855239138975
183.0,193.8886892869907
179.0,198.67766486329754
186.0,199.73541083293355
191.0,194.98296975201416
188.0,192.78654731993365
196.0,181.37130722723558
205.0,182.57021798191283
205.0,177.752543530973
211.0,187.06724436698335
221.0,195.60774440093653
224.0,187.97192373860824
221.0,200.6344498589119
213.0,214.5921992751024
206.0,209.97813800497516
201.0,218.0654986322652
193.0,225.21766188056446
183.0,221.9306125209803
174.0,211.80630121487408
168.0,202.47621293337366
163.0,189.0566005356481
155.0,181.5843552448655
142.0,173.64769318541005
136.0,170.29008202060004
132.0,158.040103515649
132.0,144.19840719776502
130.0,141.71635557518442
130.0,134.76694128589602
139.0,115.29453046874828
146.0,110.30926525253555
152.0,109.80278008667433
156.0,114.635867268764
169.0,117.5331185036387
175.0,119.5719768034317
178.0,142.76590884618201
183.0,156.65931400592677
186.0,164.03504623734952
180.0,155.04059119237112
165.0,175.87191551351228
152.0,190.96400664583666
140.0,185.92292918369452
129.0,194.8700252119237
119.0,186.18731425877982
115.0,160.6702932411207
110.0,143.99312177341844
96.0,132.63650925304344
99.0,118.52156664431052
108.0,114.02353513114606
113.0,103.34564774241741
110.0,101.11962260974218
107.0,101.08519857662871
111.0,87.02965448004933
117.0,94.52330763523514
119.0,124.47071861649826
114.0,128.81559993075908
109.0,123.13249528796855
107.0,110.88402972970123
108.0,117.24807067844603
111.0,126.49993894841319
117.0,125.56602663899555
129.0,119.25637961637912
130.0,109.08618571479839
139.0,103.85442954049351
139.0,105.45588237960018
139.0,115.31107014334496
134.0,123.78143696144245
128.0,146.44907671997044
128.0,141.04537135234654
136.0,146.38764930670263
134.0,142.22832311310808
132.0,140.67039481421648
128.0,136.9665303504141
120.0,126.89678476700716
117.0,127.32627863058647
116.0,144.24537650441837
118.0,137.86472443815097
121.0,129.09854466152333
123.0,128.64301506734373
120.0,115.06741719623402
120.0,112.65721662838763
131.0,109.4224062276949
145.0,116.76937479443514
151.0,120.54973900865785
151.0,125.3171526085795
153.0,118.8029555690934
146.0,118.54041048776594
144.0,137.37607222453866
143.0,161.84907704202962
139.0,167.4840980033543
144.0,160.31635543165567
142.0,161.03886413158912
141.0,146.22723626975528
149.0,142.25375681035086
158.0,142.87106256442848
163.0,136.13853814714898
164.0,148.18257478353075
159.0,147.31297520932353
155.0,147.3382306536642
160.0,161.79490520360667
159.0,177.6876591982759
157.0,179.3734763492939
154.0,177.67032155867707
146.0,165.49223208245525
142.0,152.5296913482279
142.0,165.57145006848233
137.0,162.54687355343393
119.0,152.98956862167998
126.0,148.73916999887155
119.0,143.91954554254443
113.0,136.18808905450223
116.0,138.14887615129382
117.0,129.33797473810515
120.0,108.15515412912184
116.0,123.0917046553465
113.0,109.80317702422118
112.0,102.00221616308336
113.0,109.8796968541513
111.0,124.4955554908982
113.0,129.29890269496488
114.0,114.84019801727437
118.0,109.31212280029447
125.0,108.18553469045777
116.0,116.76890157970125
112.0,106.61560590293975
111.0,115.75652909060729
114.0,120.48915276655102
126.0,123.62961275757313
140.0,136.0262367763401
148.0,122.08898789576648
151.0,115.08248164379931
154.0,117.12382166805872
155.0,121.01690851478797
163.0,155.53207453900407
165.0,164.00889162653215
176.0,166.23736359158983
185.0,167.708156905499
185.0,161.42033321113752
179.0,155.02927573248508
173.0,177.51476994785074
166.0,177.93420186469504
168.0,197.99443761279787
169.0,201.440745060052
169.0,197.76615048164507
170.0,171.80665343521255
171.0,164.1065972094892
168.0,146.21702606120348
170.0,152.23605369669488
174.0,157.2988097360025
173.0,158.29301893288087
177.0,161.48126741772543
182.0,174.51509850222342
191.0,157.26598337335403
203.0,162.1690673627268
215.0,181.3374982647317
223.0,176.21979819751596
230.0,183.51250066298292
238.0,191.44850925764345
243.0,209.5226146187868
250.0,217.75036033758357
254.0,227.8935754230622
263.0,231.69338375815136
280.0,238.69897293152147
288.0,251.68025545571146
301.0,253.6049596794399
178.0,147.4035432905813
184.0,152.31226232834575
191.0,164.13448399413963
195.0,166.0286528774853
199.0,177.38078037427064
203.0,183.53680054974194
204.0,191.05569107116924
205.0,197.7628631819709
209.0,212.1577353478781
214.0,214.68094711062247
219.0,215.67738512904654
223.0,214.80693961396432
222.0,211.41939265236235
220.0,210.67459220474584
221.0,215.67781853769844
222.0,224.0130616976831
226.0,231.16043460275475
229.0,228.83050134881157
232.0,216.88198555174205
234.0,209.4347525668254
235.0,209.24858795025062
237.0,210.6704928431334
239.0,227.89267919627628
241.0,233.09925242628992
244.0,230.5609504423145
249.0,229.82320189944537
253.0,233.8149186564189
255.0,241.11143599305717
260.0,239.76785413986252
262.0,240.5506892265372
269.0,243.48895004496885
280.0,251.5225004778601
284.0,257.1143607596275
287.0,257.57504203123125
290.0,259.6961015415204
291.0,262.2972896915827
286.0,266.1004399845196
281.0,284.6859329924894
279.0,289.17701253726
283.0,289.65387405654576
282.0,288.87961102184084
281.0,288.51275647151647
283.0,283.72870768914726
287.0,273.62514791135044
291.0,270.8255211420639
288.0,274.05214724656616
284.0,273.37553430229354
283.0,273.2881967021302
286.0,270.57349858306793
292.0,277.20694690548015
290.0,278.4703018668693
286.0,280.9042868549104
286.0,277.3966454025745
289.0,275.4217922078859
295.0,277.92010379177646
306.0,281.14199687545414
312.0,280.09586415626455
314.0,277.33515561240654
313.0,277.3910974266195
309.0,277.8598878392295
305.0,287.5680319097655
305.0,295.70850555802116
306.0,303.4134002094236
309.0,307.23191652314483
310.0,305.4915641349231
310.0,298.40712903900953
309.0,295.49124108458363
308.0,295.21335990357176
305.0,295.61929594884344
304.0,297.6209319164241
299.0,301.00567624029145
288.0,301.19519722431727
294.0,297.8053606756746
296.0,296.5760340613224
296.0,295.29920878810765
296.0,295.2210186671022
296.0,289.380361436506
348.0,274.9477261609731
351.0,288.4066677372597
354.0,289.3513804719551
358.0,289.47618971717117
364.0,289.49581146250534
368.0,289.62422723731765
368.0,324.0850439338437
368.0,324.6728519434464
368.0,325.1201895558686
366.0,327.2036100723755
370.0,328.8082128459469
377.0,332.1443089870582
383.0,331.9154627703649
384.0,331.828259719464
386.0,334.42678395779
388.0,336.30545988196366
385.0,333.69466308325127
382.0,333.90185300835907
380.0,334.9460197745006
377.0,337.064029926821
374.0,337.5079999536312
369.0,340.236110592598
366.0,340.62361320823146
365.0,341.87730778516095
365.0,341.9068270790536
363.0,341.9203072899041
358.0,340.5420833378768
355.0,338.7102241790641
353.0,337.60701715141215
336.0,336.7780716906703
333.0,332.7938655059701
341.0,331.94233622795343
345.0,329.2981708771806
346.0,326.43438812202083
345.0,324.09590585274026
343.0,303.3983012260096
340.0,290.97185689371184
338.0,303.9648747397717
335.0,310.5160886867835
332.0,311.03645265913065
329.0,311.7833773555627
323.0,310.27515660028763
320.0,305.4943807857406
315.0,305.7705956398259
310.0,304.7213174111115
305.0,297.30229039431424
302.0,296.70566572257087
297.0,294.75796466027845
292.0,297.42836927831803
288.0,294.1461351326596
281.0,285.8207604430178
275.0,282.7510358184975
274.0,276.97994808172905
270.0,275.2191632222801
266.0,260.3714303237997
261.0,255.9104914208068
258.0,252.7336325094223
257.0,241.4171126907269
255.0,240.74734417484856
254.0,236.82013799599056
253.0,236.38407679176206
251.0,228.76748843867392
249.0,228.12873633760705
249.0,229.17048536621718
249.0,236.0359617073456
250.0,236.92568106588283
253.0,238.740114887657
252.0,242.61369550813026
256.0,238.79228412034996
261.0,239.18604734662998
267.0,239.05345988752072
269.0,243.50712063678085
275.0,246.16018098436203
282.0,244.76187687448993
283.0,248.55431883132715
285.0,255.68178751350575
288.0,277.3401140843713
289.0,277.93088613230157
294.0,285.1162597197549
305.0,291.18720577521856
308.0,290.04187897658295
308.0,290.50257070021166
308.0,290.0280761523309
308.0,287.415059997657
308.0,285.6741970920706
307.0,293.079120982787
306.0,293.86182604506314
307.0,293.5360761311485
305.0,293.0466623004391
300.0,291.6256013172232
295.0,289.3906424175007
293.0,280.671977486544
291.0,281.4093681552287
288.0,281.66831560337494
286.0,281.185250085913
284.0,273.8740651947235
282.0,270.41199384717345
280.0,258.45455942222105
272.0,255.88328859633899
262.0,255.77417626701
257.0,255.51068797372898
256.0,256.70906606660526
257.0,256.241176823915
252.0,256.3642248746981
248.0,241.3081616759744
247.0,234.41520089848197
247.0,222.3153421014041
241.0,227.34210586910604
235.0,234.91191906866172
231.0,235.5730716949869
231.0,229.51702001095185
232.0,229.85046170247358
230.0,232.29789924557835
226.0,224.32553293020925
222.0,216.150364279035
219.0,211.14429949218098
217.0,209.53898431608218
213.0,209.76410637567972
211.0,210.29235073390313
208.0,207.84906910032603
206.0,201.22700927587636
203.0,200.50328574360742
199.0,194.1386283744115
192.0,190.9322667119449
196.0,193.91664692756828
199.0,189.25347294372713
199.0,186.76637855091934
191.0,178.5159372117717
184.0,177.41924170779765
189.0,172.1081577329601
188.0,177.35351324579196
185.0,188.31481708429396
182.0,192.96838334947134
180.0,179.95874886788013
169.0,172.44670739446863
167.0,178.20423564492768
164.0,181.88339677610122
161.0,177.5988865517574
156.0,174.05036932280825
154.0,172.75780597516976
152.0,152.30595780742345
148.0,148.4065281454751
143.0,147.38946625214595
140.0,146.14232568247417
137.0,140.05091749067577
127.0,138.834545481844
122.0,134.23683794962474
120.0,133.06942255677032
117.0,129.4411596714494
115.0,127.95224188670261
116.0,128.53078226349734
118.0,117.37406160160653
120.0,110.47164114468677
124.0,107.28595570059944
130.0,106.88190902791771
133.0,103.71608453762732
136.0,106.52585514527838
145.0,112.461079726952
153.0,114.96178761431385
160.0,126.70266956392808
175.0,151.48677055046667
189.0,146.5419990883628
202.0,145.90266464481232
212.0,166.41571923491566
218.0,173.836926492572
219.0,174.40677622963312
215.0,195.12212778637215
210.0,199.35422354044545
200.0,217.4748706842591
188.0,220.79053150982386
184.0,227.63448229535533
180.0,221.35941549266147
174.0,200.46384889223265
168.0,190.95157137560182
163.0,176.9152314617717
158.0,160.14325389466433
154.0,162.8175099106154
153.0,159.2802829163775
153.0,155.03404868094555
151.0,143.25616968712595
149.0,140.2186977466863
146.0,131.99827743907136
143.0,132.27230830226077
140.0,130.44164388326956
140.0,132.1180854335415
141.0,133.68120848161314
140.0,133.36139622918355
140.0,134.52827317045455
141.0,133.18963619882567
141.0,130.22070326127215
140.0,130.90217019727274
137.0,137.87842667883328
135.0,133.38678576975107
132.0,133.14634948993287
128.0,140.9695507988671
126.0,141.07060662436717
124.0,135.32517670300555
123.0,130.76703890942113
123.0,130.5202705343292
122.0,123.1531632821682
121.0,121.09571467384774
123.0,120.6267706847636
125.0,116.80346564013165
128.0,116.15650084189343
130.0,118.29811301634147
130.0,117.8494387659556
130.0,116.32513510137129
131.0,120.53018527477454
131.0,124.54695235697844
131.0,131.58931939050015
131.0,133.58411367599558
132.0,133.59964227143098
132.0,131.69869104495496
132.0,131.99285239167105
132.0,131.83975970072694
132.0,131.40707753381398
132.0,131.34668751192734
133.0,131.80065486050452
134.0,131.77204506098332
135.0,131.69500532139404
136.0,131.5566982886553
138.0,131.497157608734
140.0,131.19564726848122
142.0,135.8047800472479
144.0,138.05868842172956
146.0,138.9608461319114
148.0,139.6972041233579
150.0,141.75666133793206
151.0,144.26773013147317
151.0,148.92612616119777
152.0,150.42931797612832
154.0,154.55973930844314
156.0,154.12297066121766
158.0,158.98998429749304
159.0,157.08574423287132
161.0,155.55646048984977
163.0,155.3839649493777
165.0,158.77509285131103
166.0,161.40875366143783
167.0,165.0876619383003
168.0,166.18268580451434
169.0,167.19231995761328
170.0,170.21892811250038
171.0,173.3304216238437
172.0,173.93181663620805
173.0,173.90512889638873
174.0,176.587616335178
174.0,177.27634210809495
175.0,177.6091846429012
176.0,181.1508179128863
177.0,181.21220244381104
179.0,180.22701498364856
181.0,180.42066801513204
181.0,177.39383169218726
183.0,177.45914262596108
184.0,177.3784883267237
185.0,178.7174979495243
186.0,185.43569033350786
187.0,185.05234504174194
188.0,181.54130910882216
188.0,189.34523558973515
189.0,191.1886595829613
191.0,191.21125754405935
192.0,191.54538366812577
193.0,191.57862022038267
194.0,192.33132582885577
194.0,190.98868527881723
195.0,192.0998730874348
195.0,197.0890249578195
196.0,196.23702122175416
196.0,195.9866310392929
197.0,196.03418192432008
197.0,195.49958166111924
198.0,196.47045825727264
199.0,196.10082149857695
199.0,196.37056042439627
199.0,200.46248885901772
199.0,200.43721340143793
213.0,198.86652523999254
218.0,198.86838391307867
224.0,198.94109892643604
224.0,188.54621923877724
221.0,196.81104847144312
220.0,197.77493403332255
218.0,219.55624172158412
221.0,228.0726490973408
226.0,229.92243518773424
228.0,225.9141432403639
229.0,217.913790501481
230.0,214.5977131362929
228.0,211.89482542614127
228.0,219.6624963719958
231.0,231.21277930970808
234.0,232.69688941793538
243.0,234.4463355813449
259.0,233.69904308585365
267.0,230.25986867546555
272.0,229.54221364490894
275.0,233.97453423364976
280.0,233.37356441509664
282.0,245.7619538983575
283.0,259.63771041141416
285.0,274.88637975938127
285.0,274.4575817817672
289.0,276.6676186405265
292.0,283.1278541754215
288.0,280.4661060634504
283.0,278.1087821001987
287.0,277.30993842042926
284.0,275.5373558354388
275.0,275.6360422808984
272.0,272.283933800643
272.0,268.3054337556556
272.0,262.1806462972244
268.0,265.5896470917119
267.0,262.09689145653476
263.0,251.35386691541518
256.0,240.80450876730794
253.0,241.87296621357083
251.0,242.59548936770992
244.0,240.78058577571792
238.0,242.0012035176368
233.0,241.54789800917132
232.0,230.55627007350634
232.0,230.5334759588794
233.0,235.06883502958158
235.0,226.32239004027556
236.0,221.51652588374162
235.0,210.74541312833054
232.0,210.58256792016252
219.0,211.24282709193682
224.0,212.31387621173664
225.0,218.6980809438328
223.0,220.9568857190527
219.0,222.19352341979868
214.0,219.05523783689392
209.0,199.62408007301735
207.0,203.7079771800791
205.0,213.02269599230902
204.0,206.30590228460707
202.0,206.55943402732362
200.0,197.6601274891125
200.0,191.73477864885047
192.0,190.42532891663075
188.0,185.74836747377708
194.0,183.00682035981006
198.0,184.6069826848379
201.0,185.286132141655
201.0,187.12697696679527
196.0,176.9209853552208
191.0,174.1389249840003
186.0,181.12687289862112
189.0,197.83073434441448
190.0,201.43724603801923
187.0,198.47473926256342
183.0,185.90797821086574
182.0,185.29793121951647
181.0,174.21375235530604
186.0,179.33866597557204
194.0,187.7669315681122
202.0,177.72810574472223
205.0,176.40041306135294
210.0,178.2240350343097
216.0,176.21125988010854
222.0,185.63107158604495
228.0,200.9030730074226
225.0,209.26442541482376
220.0,209.57794527053647
225.0,214.51372791981086
233.0,222.31086666925714
248.0,227.6506417817899
269.0,237.08524397039378
292.0,232.65475097922575
309.0,220.56294068058085
321.0,233.5233524074877
331.0,241.60662812406034
337.0,257.3548923489418
341.0,282.37550945980917
342.0,295.81857867513514
344.0,311.13458666531363
346.0,317.2015722748484
347.0,317.425722010851
344.0,327.33495982367754
336.0,332.95125602964487
340.0,333.8389138437443
344.0,328.8962322277083
344.0,330.6055204542009
345.0,339.915097901545
343.0,338.476124088646
342.0,328.8564280668345
338.0,329.39159187937486
335.0,335.9510545278393
334.0,335.27343745530925
332.0,337.01829186323357
332.0,333.960520459594
329.0,331.9882384217782
328.0,324.7626598465907
331.0,322.1168979097215
327.0,304.8154676483767
320.0,314.14096031781037
310.0,313.87807696683376
303.0,298.99572672368913
301.0,297.9233491169862
294.0,295.31792485721365
292.0,294.3819456849564
296.0,291.9330825451052
298.0,277.89593389095194
292.0,271.15857027826877
288.0,264.945828717666
283.0,264.12452239027033
280.0,252.78937317375912
275.0,266.79661410371375
270.0,269.4326597650736
270.0,253.38285710750537
268.0,252.77751991863838
267.0,251.23556191753025
262.0,250.759358290712
260.0,243.5787302793806
261.0,238.58232943884028
261.0,239.0941279274808
256.0,239.64792961703773
255.0,240.87925895010179
252.0,238.4778155796807
252.0,236.35981067211173
257.0,243.38857373369365
252.0,245.81297081914045
249.0,243.52070150992938
245.0,244.31598027066045
238.0,241.2065431726243
235.0,236.03770649713312
235.0,238.04406769947954
237.0,236.0432004544847
233.0,235.39944966062555
228.0,231.652415938689
220.0,227.70285747825338
211.0,222.85430562309375
207.0,227.26878604848707
203.0,244.67365875609892
200.0,220.3246561925968
199.0,220.8622258782933
197.0,212.7518284958959
197.0,184.45747477287725
195.0,183.8384835116578
194.0,178.47914822676688
192.0,177.59804975181243
191.0,176.48303471196073
191.0,174.46309129904841
189.0,177.06906917905548
187.0,177.4232444246606
184.0,175.70493454530802
178.0,176.32160127014635
174.0,181.9107860788125
166.0,184.6364233375594
165.0,178.52758088105165
169.0,177.71897459500042
176.0,178.34241462814052
179.0,160.7286094675194
180.0,157.47941145471972
182.0,144.76223218291838
184.0,147.24778353525693
181.0,158.31009835812418
176.0,181.28787068399686
177.0,187.1028002824148
181.0,187.02173937114253
184.0,184.04331786453363
187.0,191.09740261640493
190.0,173.0662954033959
194.0,164.31454243871323
198.0,166.1024931573476
201.0,182.4382355322727
201.0,192.1065619482003
206.0,193.48365224736855
210.0,199.2260810677875
209.0,201.50758246027357
210.0,208.5984012039283
210.0,210.7251258600007
218.0,209.8899891386987
229.0,215.24355404689035
236.0,221.7390141920195
241.0,211.72091647764077
243.0,214.92573364132733
242.0,213.99934437762803
242.0,229.29513016957083
243.0,237.3516923893139
245.0,242.2801945999574
247.0,246.14576465026065
252.0,244.99706483026668
254.0,238.26767564139809
255.0,235.57652739940133
259.0,236.9036826977044
262.0,240.5344651880001
263.0,243.7473090343652
264.0,257.1434941568869
266.0,256.24609556184663
266.0,257.6817226667021
265.0,260.12625020874356
266.0,268.04292425626466
268.0,268.3667038681023
269.0,269.77977393931417
271.0,270.97217582511036
273.0,270.9916259115196
275.0,270.56449485545147
276.0,270.7994829791619
276.0,271.218496128649
277.0,271.6133158958985
279.0,272.44183121083825
280.0,275.66882475826714
285.0,276.6251117426215
291.0,277.0814052414643
293.0,275.9452657810669
294.0,279.62006753674024
294.0,279.84914073140004
293.0,279.350127077784
295.0,284.4834216002967
296.0,287.29392755251195
296.0,288.1953530118566
297.0,294.0977686006377
299.0,294.09323045496785
302.0,286.45580214887207
305.0,293.8750059425217
308.0,293.6410754583885
310.0,293.26919184468653
310.0,293.3092905420233
310.0,293.45432564692754
310.0,293.32422236297043
310.0,297.6168875461237
310.0,298.4550397389986
311.0,302.5179078642498
311.0,302.50077870900907
311.0,302.30902401495723
311.0,301.7133808855099
311.0,301.33677219822766
311.0,301.3034703197472
311.0,304.13626546225095
312.0,304.05062371401254
314.0,304.0773856306831
315.0,304.0592021741181
314.0,304.03700554087925
314.0,304.0419629835163
313.0,304.0419629835163
312.0,304.46960747816615
312.0,306.08498541098265
313.0,312.0389857625462
312.0,305.6312675810646
312.0,305.31795040623985
311.0,303.2574440601183
313.0,301.395138357494
314.0,299.73753177493313
314.0,299.8647323487933
314.0,299.23072205592916
313.0,299.13041520877596
312.0,298.8727110424135
312.0,299.7963407257356
310.0,301.05000762238507
308.0,302.09454148370816
307.0,302.5716270245525
306.0,301.56904444677957
305.0,301.30985707921786
303.0,301.42132891837514
300.0,299.2587337051547
299.0,295.7196661711677
299.0,295.49567946055964
347.0,219.60120635253173
345.0,219.2079372177825
339.0,219.1836733442817
333.0,219.42357031958775
328.0,220.5220948144577
325.0,220.5220948144577
325.0,324.25533957096866
320.0,313.4892659920561
314.0,307.999932708105
317.0,301.36978713524206
321.0,300.55989883724527
316.0,299.8792155336334
313.0,298.7704789491463
310.0,297.0550983431857
303.0,297.51877692907703
299.0,294.198288041432
295.0,294.07755959934565
291.0,293.6179834846026
289.0,290.35375854282023
286.0,289.1025341467434
286.0,285.23034334562817
282.0,280.2335482543666
277.0,279.5275193743613
273.0,259.98119484640495
284.0,260.9117769332856
285.0,257.2703567318572
278.0,258.3582505144555
286.0,254.81291562199576
286.0,246.21786473217188
285.0,238.93868209380565
283.0,259.8122808047249
278.0,260.7554620580014
272.0,255.40961048127593
273.0,260.58214832473504
278.0,267.6728517302864
276.0,274.66679353657645
265.0,262.5927869167184
264.0,269.6325074802449
271.0,259.4697555609716
279.0,260.6343833199267
281.0,277.0727863956904
282.0,272.636653432066
281.0,260.44765532197516
281.0,264.3236263375119
282.0,269.1840898176228
282.0,286.9707506039192
280.0,286.0546087450918
276.0,289.6237172303299
267.0,289.5174111379699
270.0,288.4888874951457
265.0,288.4114421430937
259.0,284.9375623246823
251.0,281.31697428134584
248.0,272.29958046648096
243.0,258.5972575161102
256.0,265.6225485104793
268.0,260.9760302012834
267.0,238.1018270887509
261.0,230.35582457630164
255.0,227.46520779309952
250.0,222.7108146111659
245.0,246.5880670468104
248.0,254.412169205764
253.0,252.88174431127572
251.0,251.18997686117356
247.0,245.70368262106618
247.0,244.00668619959117
253.0,230.7677810425018
257.0,235.49475681281757
262.0,247.39262710690832
268.0,246.98835568337216
271.0,238.78952834080127
271.0,239.8699165292348
279.0,246.98326995070903
284.0,248.13232046965152
286.0,261.799160302825
281.0,270.2100999336099
276.0,271.33477645785996
278.0,269.68490141973285
278.0,286.8566641353497
274.0,288.6425140475609
270.0,287.1107929828332
266.0,283.5721200091359
261.0,274.72362479456336
257.0,279.43720377854504
257.0,276.59219755647473
260.0,260.8306305085477
264.0,250.36582675439647
257.0,249.67620032449383
255.0,236.5194391693731
263.0,233.48685070156716
262.0,235.02336706100917
257.0,245.98114351268254
254.0,251.4039167645645
253.0,239.17491977405408
251.0,239.15079220925878
246.0,245.05277887785311
246.0,243.15292075085642
236.0,237.83323851798457
224.0,237.25161041507428
221.0,237.48957191108525
213.0,236.6301673450704
204.0,231.27254617689945
195.0,233.02354686948718
178.0,217.20577365732072
162.0,202.7047279468786
151.0,201.87633253844015
141.0,185.6818577165256
136.0,176.62280152718924
144.0,167.62626691918464
137.0,140.9789238981107
132.0,114.18544695982378
126.0,111.42153675709095
125.0,97.62545624328084
126.0,96.51388555471459
123.0,115.92328885201451
118.0,109.35488812858299
117.0,111.74035846011414
121.0,110.59763554343245
126.0,112.72395007814382
142.0,122.5940654135361
155.0,113.59739617209992
159.0,104.59552560717057
160.0,116.99693165471969
164.0,126.71956941226954
170.0,149.85737310749016
168.0,168.73979400135167
169.0,181.51328306886919
172.0,173.25952754384758
177.0,156.06930078187258
192.0,159.5850807475882
203.0,166.671131696411
212.0,156.16851518068046
218.0,156.53719097045055
225.0,175.79770574364764
225.0,183.83397353035076
226.0,212.8696630967143
229.0,214.91062647388756
229.0,220.96366427388585
226.0,230.98727651771105
231.0,234.04000731519
230.0,229.784832357467
221.0,228.58536062764367
213.0,231.47622358641146
209.0,230.68651329996874
210.0,222.55051633967983
206.0,230.3921311288575
206.0,223.8725597761834
208.0,196.04437283504703
207.0,181.12128085692532
204.0,182.25602257355368
203.0,187.0811863186213
204.0,185.41970550289426
205.0,188.64335064169816
208.0,197.78124472975878
218.0,197.59934866874684
226.0,183.04183799579587
226.0,182.63663712463952
230.0,188.25914652823647
230.0,196.58110245551498
223.0,203.79132175510978
224.0,223.43317381972722
225.0,225.93735634174476
225.0,225.63088193625325
226.0,229.78429756908878
227.0,229.73732778074765
226.0,216.36890913040648
223.0,218.9073600422505
221.0,223.21013219795657
218.0,223.10482058918421
217.0,224.45028426861975
216.0,224.11757956957558
216.0,224.56672898873194
216.0,219.56724817232532
218.0,219.06253393328706
215.0,219.35941568788806
215.0,215.44295992967275
218.0,215.15378904275008
222.0,216.0208856899454
229.0,215.93119293461038
234.0,219.10307669278512
230.0,215.09546155364296
225.0,215.17353952016597
224.0,219.2484468256083
223.0,220.51414856609006
223.0,227.1626220352538
223.0,229.01297399995403
223.0,223.97113980113178
222.0,221.3567098385572
222.0,217.52397183520247
221.0,216.348171793684
222.0,216.36397451952718
222.0,216.62749038983858
221.0,217.3486716705968
222.0,217.2644136009052
221.0,217.35034891777156
217.0,217.22537295639907
215.0,217.94155368119175
214.0,217.73598300183573
214.0,218.0211789016334
222.0,218.72891861034933
227.0,218.2829684313649
224.0,215.9522507886144
225.0,214.48237713030517
228.0,213.9159404139328
229.0,213.93702153409077
232.0,220.64976676463993
237.0,225.5627816763967
240.0,220.9136088810484
243.0,223.64733005990763
246.0,225.52804376370716
249.0,226.02741755046333
253.0,227.98045255659915
258.0,238.3722518766369
258.0,238.24452953445257
258.0,240.38842326948568
261.0,242.96065647257532
262.0,249.27481379964107
263.0,253.55164477423878
261.0,256.6731025113294
262.0,257.471461664279
257.0,257.07720154671006
247.0,263.36205705323613
244.0,267.3167973836036
244.0,268.04814846866805
246.0,263.2273747732435
247.0,266.8609568498452
249.0,255.71059084508119
253.0,234.9629097770686
258.0,233.96652123441254
255.0,235.5469248073561
254.0,237.96439595156338
256.0,240.15128182784002
255.0,244.9904333383694
254.0,249.01589381662797
256.0,251.91066590418203
261.0,250.78755004782
262.0,247.90649194498843
260.0,251.00334821942565
259.0,250.87712101065412
259.0,247.74526058105522
261.0,249.23361306053377
275.0,258.402984266872
284.0,264.2323894656585
284.0,253.83811566252433
280.0,250.34741617930086
280.0,250.5376199237574
278.0,255.0842816131097
279.0,276.6102784508477
286.0,288.5024101053444
295.0,287.4367963464906
298.0,282.282962234403
305.0,279.5416090715121
311.0,278.0122294453357
259.0,277.32427376427916
259.0,278.16523719681555
262.0,287.30342400937224
258.0,287.9537578411418
259.0,289.3651144992274
258.0,291.76295266587545
256.0,221.4104180304895
254.0,221.6845952499407
252.0,243.25243848730764
255.0,227.87481726969736
264.0,236.59362988645861
272.0,247.72733026280181
277.0,253.78454768396378
283.0,253.41239114898002
288.0,252.91261278249132
294.0,254.62695062107576
298.0,275.85985919262504
288.0,280.40127155544224
285.0,294.8899969598422
282.0,296.69503850643946
275.0,302.2190072334581
271.0,313.56533208335276
270.0,312.0516132898195
271.0,294.1198883722861
262.0,286.2330273825796
254.0,276.8701305562733
249.0,266.5172938453519
251.0,255.46973856599968
248.0,261.1350285915266
235.0,261.6728076265405
226.0,255.67907923066088
217.0,231.93157407194803
214.0,228.1696121771416
206.0,243.50859839921702
199.0,232.36446673604613
194.0,210.25467555711847
187.0,203.46570856258307
180.0,185.2804690601525
177.0,186.54466158659102
179.0,185.01402503823314
183.0,175.26171207303585
183.0,167.48932457223697
183.0,165.03887269257729
182.0,153.3305414619917
180.0,154.3975874038524
180.0,158.97018116551928
181.0,165.93442379373877
181.0,163.77696172073829
180.0,169.13165981223634
178.0,166.6935644167053
176.0,168.40432603382484
175.0,170.66480367024437
174.0,172.40301474275424
172.0,172.4133856885664
172.0,172.39544642270056
170.0,172.0732817070247
168.0,170.36358121081116
170.0,172.07401638278427
170.0,172.17479130957489
167.0,166.37466501419095
168.0,167.52828831831374
173.0,164.26603838519804
174.0,163.65913060302174
166.0,167.74656703041464
164.0,168.3009057962771
164.0,163.97586961243417
164.0,166.71171622547703
163.0,177.550218557427
163.0,178.6145718870048
164.0,160.06240746093025
172.0,155.16191537363062
189.0,156.7127141975675
202.0,160.15896845270328
210.0,158.2932053560314
219.0,158.0503009520182
229.0,159.85511999723192
225.0,186.07607312560012
231.0,206.40448067178053
238.0,218.29300052511817
241.0,225.14589805008578
246.0,236.20498010546098
248.0,242.12336590667232
248.0,233.13333587771876
249.0,234.9599520964434
248.0,253.46585175540025
248.0,255.56845639812204
248.0,255.3774405206314
250.0,242.69361129200436
248.0,236.27326404965214
248.0,242.68261737735943
244.0,236.74939341882694
241.0,236.60214699889715
240.0,236.74630290222794
241.0,249.46293121641395
245.0,236.87595441067285
248.0,237.15233580147503
243.0,231.45671759776033
241.0,225.25719667260904
242.0,222.6765472742154
240.0,228.27927882985762
239.0,239.35943689370626
242.0,241.77183541174088
247.0,228.46079047561565
253.0,224.53513358792378
257.0,229.69790398055392
258.0,224.05980418983023
259.0,224.01361533420638
260.0,232.16030027279785
260.0,239.14295541656324
260.0,250.34510431621774
263.0,248.6976606450117
265.0,248.10374682187958
264.0,247.56166527803134
265.0,247.07864379669545
265.0,248.85977433216848
264.0,249.1307831614733
265.0,255.2249388914548
261.0,256.77712964453025
255.0,250.0398688257074
253.0,250.9433037002718
246.0,251.01672548090934
249.0,249.70244517985242
248.0,250.71941215936974
248.0,241.83908650488237
249.0,238.00410847864086
253.0,239.29259366788017
254.0,228.8078345636414
254.0,237.9389487078945
258.0,236.2378464559608
260.0,237.8446551013422
261.0,239.9440110629083
264.0,242.92541710050776
264.0,244.09283040876593
261.0,244.15581046366378
262.0,244.82563842858556
259.0,249.0533053498244
259.0,251.10279755356768
262.0,262.6145579221359
266.0,262.62560826463
265.0,253.23981679223957
258.0,258.45684850799256
251.0,248.63277078754498
251.0,249.6722849511691
254.0,258.7861794368288
254.0,265.69573495787074
254.0,264.381349996947
254.0,246.9164472410939
251.0,244.05126312966863
249.0,241.55405274159529
246.0,252.46409920753212
243.0,251.979315599385
239.0,252.04292551132943
237.0,252.12208371183914
234.0,250.22080085349305
231.0,244.30616341015798
228.0,236.79927810048946
230.0,234.0331799932602
226.0,228.52794356434032
222.0,229.96085915831284
219.0,222.41403661010278
217.0,221.24413665069793
217.0,221.3949536875954
217.0,224.28062586962173
219.0,224.55178114465434
220.0,216.2081760138621
221.0,215.41028999210332
223.0,201.77473410518186
225.0,203.58739070144992
226.0,207.54183538239639
227.0,220.9945201465088
227.0,220.43510574930096
229.0,219.23065991557743
231.0,218.2801898146223
235.0,221.59537583126493
240.0,223.47554124906287
241.0,224.06177939723725
244.0,223.4655784000601
246.0,225.48388492916777
247.0,227.04995785374052
247.0,228.7220891181104
249.0,235.6169394157361
249.0,236.42603154763088
249.0,237.42559038833284
249.0,237.69105136911796
250.0,239.24454054067255
251.0,239.1621365759959
251.0,242.64242521480585
252.0,242.7296628982804
252.0,243.71927886810855
252.0,243.9952198197597
253.0,249.01640897074245
257.0,249.97941954821243
258.0,249.59002283189477
259.0,249.75084301630093
258.0,249.5798559600096
257.0,249.32078423510436
256.0,248.9560915279657
254.0,249.3091137346892
253.0,249.2107417285115
249.0,250.8176136751719
242.0,248.85614707067415
236.0,248.39252676530373
233.0,248.1828829166295
232.0,246.28890774493078
233.0,245.96075070358955
232.0,242.43996019773962
232.0,233.19354378563568
232.0,225.43835324704617
230.0,222.24679876415794
235.0,222.3308152710867
244.0,222.3735949403802
247.0,221.60584992151686
249.0,221.9055661407594
251.0,222.36876613174093
251.0,220.73241138095852
252.0,228.68222779314817
252.0,238.47075246531293
252.0,239.09951709528582
253.0,246.00423136597968
254.0,250.3038137213992
255.0,249.63628880673292
258.0,249.6117133018306
259.0,249.5729594187582
259.0,249.42821162297963
260.0,250.15507772970227
261.0,250.72404276765013
261.0,254.36242371622038
261.0,255.41403091790977
256.0,257.55702114977356
261.0,257.99458687330565
265.0,259.9848249672139
264.0,262.61537037994714
264.0,262.66321104427635
267.0,262.69660827432693
270.0,255.74225393350258
273.0,262.79777920796283
274.0,270.69956414939907
275.0,269.22423435553117
274.0,269.1022152292862
274.0,270.8306028991723
274.0,271.6572687820084
274.0,276.15235354420804
277.0,276.13722362289747
279.0,276.1666140369912
278.0,272.5710847915063
277.0,271.23060548316397
279.0,270.8503152608798
279.0,270.5373299070652
281.0,278.75122005166975
285.0,279.6829158155959
287.0,278.8244968360269
289.0,277.7888395147081
288.0,278.41917119006206
286.0,278.1869900481252
287.0,278.33402202175887
288.0,282.4160314869495
288.0,285.49977227451535
288.0,286.37598564478145
290.0,285.3775327413237
290.0,282.71966572015265
290.0,283.97237657576966
290.0,282.4289983721005
290.0,282.2260456083268
291.0,281.9719792514773
290.0,282.8280860993783
290.0,282.72837858929665
292.0,282.5429356013856
294.0,282.19715844817625
293.0,282.2694452751935
292.0,282.3485120934573
295.0,281.5266772865353
298.0,281.3099734956285
301.0,282.32944272537674
302.0,293.0817703864585
297.0,284.0195301221979
296.0,282.02247716977087
294.0,292.7498077872867
292.0,293.20682448271987
290.0,290.3679178892841
287.0,290.0980501871726
285.0,288.2941405136918
284.0,285.49830885774116
286.0,284.86064019244435
283.0,272.9328867601086
277.0,271.53677659254646
273.0,270.6864630110687
270.0,269.6030239368343
268.0,269.0886167367564
269.0,270.1708772137302
276.0,270.8185707843537
283.0,271.42040474125963
289.0,274.23465549856024
297.0,275.7378317123421
295.0,276.3812489337463
295.0,277.5436905904165
294.0,281.1621421894952
291.0,285.68206691711856
286.0,289.9235161711349
284.0,298.6075864272641
283.0,298.89550818698484
280.0,297.55466061524606
277.0,298.2135387474158
277.0,284.03489253065976
280.0,279.2922520845036
276.0,278.93330889618926
274.0,277.79701531816346
276.0,275.4018889081578
277.0,278.5727660139215
278.0,278.579089296719
280.0,280.147917154589
282.0,268.3670488364815
273.0,265.2955172580892
267.0,270.77272887791423
262.0,271.6390524508656
260.0,265.60397093145207
258.0,264.6163728449619
257.0,271.34274552013267
258.0,258.3849595178179
256.0,249.86243134333932
253.0,243.12448967666126
249.0,237.18987142574565
250.0,235.79194666163397
250.0,237.10559764354574
247.0,242.65274113366658
245.0,245.00980007650978
242.0,246.6428730526471
240.0,238.7775138072728
238.0,243.1039208714926
230.0,243.78845270852005
225.0,238.05194961342522
220.0,235.10619550573077
215.0,229.642339831119
211.0,224.66532624247426
207.0,224.69930260298273
205.0,212.10130136964563
207.0,205.5629965483082
210.0,201.3387770132607
212.0,191.52759642222802
214.0,190.64717158984234
217.0,188.74841363688603
219.0,183.9381162907762
218.0,192.63007771069826
213.0,205.60861919629406
210.0,206.50165665858796
209.0,208.17645183007383
211.0,214.74303909518832
211.0,217.93626011318642
214.0,216.55358343744211
214.0,203.28824532955971
215.0,199.76078266152547
219.0,194.67438987103156
222.0,204.31977086967018
224.0,204.39479569391204
226.0,208.66931346562708
229.0,208.45636873137605
227.0,211.05796770470917
229.0,218.7689930018337
232.0,219.79645229732216
233.0,222.2006106919712
235.0,225.98606934658272
237.0,227.42982044445313
240.0,225.7654961042379
242.0,226.1878393159261
243.0,228.1674432840144
244.0,227.53082148376737
244.0,230.52311375455744
244.0,234.86594637115172
245.0,234.89603227336352
246.0,236.81045260002162
245.0,234.81024592607577
247.0,237.09526574220553
247.0,236.97793336054113
249.0,237.58576398104873
249.0,241.6667694085354
246.0,242.21528339852225
247.0,241.21924401567412
250.0,243.86516751612928
254.0,243.8374784142202
254.0,247.39688964972757
257.0,246.70099618953537
261.0,240.61810595152613
265.0,242.9826735087682
263.0,249.47005801444635
264.0,250.6104583219376
265.0,250.0606328805119
260.0,252.37197701917142
262.0,259.6785423134803
264.0,270.5215611463569
265.0,265.77347318475137
269.0,268.1652442373174
270.0,269.3388374982403
268.0,253.9711445261117
265.0,263.9206645815094
267.0,268.10296640130946
270.0,268.90088222417387
272.0,270.57884669954785
273.0,270.7218791277521
272.0,269.9855744647449
271.0,267.6941372343937
271.0,268.98259757565904
270.0,270.3918742939597
269.0,270.5897984637495
269.0,275.0114343659733
268.0,268.83951788353323
267.0,263.29982275693794
266.0,257.3253589685429
265.0,255.60143497779532
264.0,256.3513399442211
264.0,257.36400025431794
265.0,258.18793241531785
265.0,251.10812788078874
264.0,250.634390640262
262.0,250.39610858991796
261.0,251.01968540474036
261.0,251.45918005539554
261.0,246.97682335893208
261.0,248.40507536927527
228.0,249.7373817719522
228.0,249.73452239256838
226.0,234.89964831227778
226.0,234.93853979463842
226.0,234.06433413787812
226.0,233.67299651679096
226.0,215.0873408988266
227.0,214.9560803085268
228.0,215.15966493591102
228.0,213.21566338668774
225.0,213.51284418558149
225.0,213.91148531470336
223.0,216.25349294269387
220.0,217.89982201633765
221.0,221.34902374948282
223.0,220.61081665612312
223.0,215.29750049093525
223.0,215.0672456566886
222.0,207.8308434983909
222.0,207.07402481406356
221.0,208.67273823859588
219.0,211.53633778810055
218.0,212.3793855192339
217.0,211.88511218407317
215.0,213.72802640449862
215.0,213.85163662217184
216.0,216.02266467404255
220.0,223.4365723898949
222.0,224.1526778695662
228.0,220.49938586577272
237.0,218.4475520475828
252.0,219.32649088243434
268.0,216.3573082192781
280.0,225.34524326761667
292.0,225.22390822397986
302.0,241.58157264180454
313.0,249.33353526249235
322.0,261.9583289253176
329.0,282.45244040663573
329.0,295.8207372401261
330.0,301.8265638168214
329.0,301.9147856593758
326.0,310.5857261814713
322.0,321.93140141419
320.0,323.58439839519764
316.0,323.4586052345703
310.0,322.2550898678126
307.0,319.9422442330385
305.0,315.89399424322886
299.0,313.10406569657744
292.0,312.95041564528844
285.0,293.99585828841674
280.0,282.2021200444381
273.0,274.52009988307304
265.0,273.7961938964195
258.0,266.9667186117577
253.0,255.64788328217182
248.0,256.5931436628899
244.0,255.07521699928336
239.0,237.89512180538307
233.0,235.59787938062215
227.0,221.30307396222778
222.0,225.44247640167856
217.0,224.50345413079162
213.0,206.96869498671632
207.0,206.83838021024889
202.0,201.6101223689882
199.0,200.93724900033112
196.0,199.76206268252847
195.0,194.74140504391036
192.0,190.37607994437712
188.0,187.86970117345984
184.0,181.04678606694642
181.0,180.31842287102262
178.0,178.78267923465862
176.0,179.32108690142033
174.0,177.1565857888448
172.0,173.9579735287966
170.0,170.1310999055657
170.0,161.8619219934804
169.0,160.8633338633946
167.0,171.56436897071563
165.0,171.700873789481
162.0,167.61747741029293
159.0,156.6293757551639
157.0,158.05953812586995
153.0,158.6120629833281
148.0,158.28436836503948
146.0,158.06690776205346
146.0,153.9139234523528
146.0,153.2893044172226
146.0,150.21914206725057
148.0,144.51641704720663
149.0,139.02485426558263
150.0,138.75934783844917
152.0,144.6122080291577
153.0,145.44886919418215
154.0,145.3802985694781
156.0,144.9651101299233
158.0,145.15880768676791
159.0,145.71516954133133
159.0,145.52309616541947
160.0,150.66795602741428
163.0,152.78183260066893
165.0,157.11396364926722
167.0,164.05826254226992
170.0,165.76363641109103
172.0,165.80126484395592
174.0,167.30051364790972
177.0,169.96995927415864
179.0,173.01389460871602
182.0,173.52493398892918
184.0,176.0979157179679
186.0,178.74680622784925
188.0,179.71954344279501
190.0,183.95828288751449
193.0,185.8790039781538
195.0,188.96962899530058
197.0,193.2445041043176
199.0,192.68418465845537
200.0,193.27983691238546
200.0,198.10906456205487
200.0,200.24639901119806
200.0,204.59691209405395
200.0,204.4723538180304
201.0,207.46887409359206
203.0,208.31502705645275
205.0,207.6126730358378
206.0,207.26960607309056
208.0,206.68632317058618
208.0,205.85213261016554
207.0,205.30610608986504
207.0,205.8434158826175
208.0,208.9954518584195
208.0,209.6203140276681
209.0,210.66466520303996
211.0,209.65653960107042
211.0,208.18615421321005
212.0,207.6086315839345
212.0,208.0513246929982
211.0,208.1502550216688
211.0,209.24677446700767
211.0,213.90967600045687
210.0,213.11240190772068
211.0,213.1277573570264
212.0,213.0814540661649
209.0,212.43752002207506
208.0,212.04300155151603
210.0,211.8295777329241
211.0,210.29359372748317
212.0,211.38727497255695
212.0,211.66057518334983
210.0,207.58972767822092
208.0,207.54758982259452
208.0,211.13486689536998
212.0,211.59148158412876
217.0,211.52006098982204
218.0,211.5052169934728
217.0,210.11797634229407
216.0,207.46754977617002
216.0,207.61456382287372
215.0,212.7620632241398
215.0,218.20962308560837
216.0,220.1842831519307
217.0,217.15306531087273
217.0,216.53809939653667
216.0,216.5712834659224
215.0,214.85063901630593
215.0,214.83261318379223
215.0,217.21450857924023
215.0,217.07493399985344
215.0,216.4033002401931
215.0,214.45530636949218
215.0,214.60833828408258
212.0,214.72972277746183
213.0,214.7796700333857
213.0,214.76452739888924
213.0,214.7205837138589
215.0,214.71268616961652
215.0,208.15563386098066
216.0,213.37171280586577
218.0,212.43434472789454
224.0,211.59026439070044
242.0,211.9364248659391
260.0,210.26965968646985
278.0,208.417490374208
293.0,217.58206054367443
300.0,225.37487090329878
310.0,229.00548818447697
316.0,255.46633283724148
321.0,270.3473670539152
329.0,296.936755034046
335.0,303.2317713622948
336.0,307.78621907320394
332.0,310.26856867291
327.0,318.14934720330905
320.0,321.08034643734266
311.0,322.8214547323517
302.0,334.232779101951
295.0,335.03043198985347
286.0,314.455088244315
276.0,311.8038164002934
269.0,309.19927891914966
264.0,289.58775475631575
262.0,266.69851786022997
258.0,275.4586293429414
252.0,263.24872864440084
250.0,245.70120910322575
248.0,240.1274526053227
244.0,235.0091860847575
241.0,232.4744382316566
235.0,227.6697280636227
228.0,226.76900201768368
218.0,231.79441866201626
209.0,225.41573183557617
200.0,220.1950703791279
193.0,218.13165079574773
182.0,207.78481286505337
171.0,200.67447780598505
161.0,195.19812397944162
154.0,182.58436004770905
147.0,173.73042397004826
140.0,173.0437034742884
135.0,152.2611479519078
130.0,142.79075425132265
127.0,128.63316572440465
123.0,129.6764821998535
121.0,117.31677789172448
118.0,100.1479744314358
115.0,104.2415090370526
113.0,109.95423379691937
111.0,111.19288073869427
110.0,106.36414454806993
108.0,106.39723531038938
106.0,107.87367484502919
104.0,106.36675431131019
101.0,106.07713800867714
99.0,104.90384287242475
98.0,106.16081354149806
96.0,105.39991086264423
95.0,104.1028995045081
95.0,99.77152610228093
95.0,97.71193796583718
82.0,96.20687491369002
82.0,94.21511170951901
81.0,90.09437791389112
81.0,89.52279866201
81.0,90.34146039958213
84.0,91.16097690410355
88.0,91.41212986154873
91.0,89.32179411560814
92.0,85.78723189967678
93.0,85.63811190622299
92.0,85.88650255956338
92.0,89.87921546493367
93.0,99.22990000091411
94.0,99.94427182325535
94.0,100.89261840485815
94.0,101.14495663695665
93.0,99.2955581376379
90.0,98.99561345108468
89.0,94.65969135268584
86.0,95.83029947337488
84.0,95.50088187344817
83.0,95.20631408064892
80.0,94.2943759065099
79.0,91.20045908278065
78.0,91.25303814573336
77.0,88.59343733703578
75.0,86.17116094482499
74.0,86.69894898472228
74.0,84.28608721975235
75.0,84.37725935101018
80.0,80.5722375451846
85.0,79.48978793538025
91.0,77.36159099994234
96.0,76.77876677576698
96.0,76.92132928949574
97.0,77.74480349353875
96.0,88.15946737639331
91.0,98.5946575874887
89.0,112.31219317556142
90.0,112.15061596601005
90.0,104.3619769788756
91.0,104.65552694864427
90.0,98.70704393871856
91.0,95.28230377690255
92.0,92.63246483974103
91.0,93.52383838811583
90.0,93.96194669778976
88.0,96.87630616584407
85.0,95.66116147035912
84.0,96.72620772227727
85.0,98.7047788253465
84.0,96.00658873970275
84.0,93.6476497977326
85.0,91.94684550850197
86.0,86.08887023592993
85.0,85.42446322586756
83.0,86.35164619313761
82.0,85.41680560987233
82.0,88.69017129682501
82.0,96.0409646737806
83.0,94.02511618462698
86.0,92.03281903043914
90.0,89.9247858831098
94.0,88.82823396691761
98.0,88.89201957306089
101.0,88.85211543615348
103.0,90.30599356697216
105.0,94.25975567811722
107.0,99.2391056987903
105.0,102.01693903944863
102.0,104.82062681962407
100.0,107.56108066470057
95.0,112.62622608987208
88.0,114.02134851798999
83.0,114.22634057151757
83.0,113.12551365712724
83.0,108.6707178761486
84.0,102.00776168402258
84.0,91.18558732594421
83.0,87.35352972316457
80.0,82.39809630422958
75.0,84.94730815404336
70.0,85.43023395443092
67.0,85.80473803220664
64.0,86.31587693870803
61.0,85.77878335709335
60.0,81.75364481010821
62.0,76.57466085161283
68.0,73.25682775491536
80.0,72.46038787477775
91.0,72.63719679803718
103.0,81.83264480960327
114.0,81.87995542724353
120.0,82.41530585140816
117.0,87.69549319994415
118.0,104.6399860959836
118.0,120.48280997422863
117.0,118.68785735825898
114.0,135.90984923117674
110.0,136.00837226183793
106.0,136.16839031315166
101.0,133.40803863189004
94.0,132.09170441170522
90.0,117.64392422372325
87.0,115.40626580989746
84.0,111.65000240751311
82.0,106.67322270393261
81.0,100.41577467832958
82.0,89.26284749305846
84.0,88.437273870622
83.0,89.01939076283264
81.0,90.36899425468685
80.0,92.46051454542564
79.0,93.25331929368754
81.0,95.53099586373503
83.0,86.21734467160604
86.0,84.94919015663929
88.0,78.40806531591765
89.0,79.61253522410051
87.0,79.94369703349761
87.0,80.38474243921121
86.0,86.17348716840277
86.0,91.7752515730023
88.0,97.63552858362567
89.0,97.187129660428
91.0,88.54877390917213
93.0,88.40806539300311
95.0,87.97893287930957
96.0,88.10019967424317
97.0,94.88280615203018
99.0,95.84149858963588
100.0,97.75694780735648
102.0,100.92889468471763
104.0,100.89183042596548
106.0,98.01979244252533
107.0,99.33384709358145
109.0,105.41172599944709
111.0,106.76623890881375
112.0,110.94056783144866
113.0,112.72183070068326
114.0,112.93858845968235
115.0,112.59503935222183
115.0,115.60782483824677
116.0,117.02310522084353
118.0,116.13102008549242
119.0,117.98590064612098
121.0,121.62543659388571
121.0,121.99835515179589
122.0,121.46809868321206
124.0,121.331234830682
124.0,122.02234285436754
125.0,122.17289909856862
125.0,124.36320896117986
125.0,123.62082117954314
126.0,124.43640449546304
127.0,126.69944410215227
128.0,126.3221408446285
129.0,127.77475734590547
132.0,127.45854454844638
134.0,127.33723872709993
137.0,131.26875118403342
139.0,133.3204775450652
141.0,135.29924528846354
142.0,136.61641714093915
143.0,137.37251373363438
144.0,139.57526572128234
145.0,141.30427865708643
147.0,142.8276452878164
148.0,149.7036059360257
149.0,148.32667782621
150.0,148.2238569189444
151.0,149.18559890988848
152.0,151.33065162912015
152.0,153.7070491160773
152.0,153.8480778618492
152.0,153.9982915248428
152.0,155.9873569774266
152.0,155.539263115332
152.0,155.68535474247503
151.0,155.45984608896666
150.0,155.41874651339572
151.0,152.05433190800065
151.0,152.06335074339322
152.0,152.03554353943426
152.0,152.1006143403163
152.0,151.3562847565007
152.0,150.7625954598245
153.0,151.18860989746426
154.0,150.97066651122108
155.0,151.56391046361173
156.0,151.61874424293907
157.0,151.59901861202715
158.0,151.646985731028
158.0,153.48960703350326
159.0,154.50288121335274
159.0,155.28947767004138
159.0,162.52232992908912
159.0,162.2773784069285
159.0,164.86779104450855
159.0,164.68613025743358
198.0,163.6023849165519
202.0,163.50042049099946
204.0,163.48049311428636
206.0,163.45264364834
207.0,167.0750394507381
207.0,171.797981192038
208.0,205.5811836927523
209.0,204.0169201432403
209.0,202.19367242590832
208.0,201.9527040831223
208.0,197.03377832740819
207.0,199.84253284880631
207.0,205.5640922681516
208.0,205.17620743350287
209.0,203.52214475442196
210.0,201.33280017004415
212.0,200.6397604552825
212.0,198.85396195992712
213.0,198.24255615470645
213.0,199.757584335467
215.0,201.95828776109258
217.0,209.48784880142472
218.0,212.57748886163458
219.0,211.97302437044002
220.0,212.39382641188334
227.0,211.87944175493587
236.0,215.25241538502104
246.0,222.86690861933994
254.0,231.56749574194387
263.0,230.25497624044002
273.0,229.47300089317017
279.0,242.91239838165262
285.0,251.14703173697663
294.0,256.1877499877779
300.0,264.7999283196989
304.0,276.5113464481233
299.0,288.4612974641833
293.0,291.5316461217561
281.0,295.5161815978141
267.0,304.5600897169336
257.0,302.9330048993438
251.0,305.9371031071112
246.0,299.50939210853306
242.0,284.83542489454135
241.0,270.0654032126121
238.0,241.23865912710735
229.0,218.49607075404515
219.0,220.87558034236383
210.0,206.95305869003812
204.0,206.96702188269336
200.0,209.6158781331858
195.0,212.74108215107333
189.0,198.1952890090277
185.0,194.43753545059886
182.0,183.58502426614567
177.0,174.83371228829864
172.0,177.19420731755494
167.0,171.13106811225236
161.0,165.66128575866233
155.0,165.2664677370548
149.0,158.63700932616254
145.0,157.6498716743753
144.0,153.62602663838328
145.0,145.73941265703866
149.0,143.59982128726728
152.0,137.71923760832027
155.0,125.55998143502508
156.0,125.7558298701559
156.0,127.38485067655695
155.0,137.02183227584484
153.0,146.69858488657582
152.0,151.5075716621163
150.0,150.4716789278002
148.0,147.56642133177687
147.0,145.5070340248081
146.0,143.18905145125711
142.0,145.16669163802115
139.0,142.0534363436233
136.0,141.07014682067128
133.0,139.77389294088854
131.0,139.99381019160992
131.0,140.16780463876762
130.0,138.9995667865751
129.0,135.67813730674206
128.0,134.18726191664345
128.0,126.91711155608132
128.0,123.61550568266301
129.0,124.08508936425508
129.0,124.09062606704096
129.0,125.20153865937594
128.0,125.69353829334702
127.0,128.06929829531097
126.0,129.42580606943324
124.0,132.0822721217431
123.0,132.30153828799646
124.0,131.94376309129552
125.0,129.79510784352016
124.0,128.4465065743751
124.0,127.01404983988857
123.0,122.65410482156688
122.0,121.57463545774495
119.0,123.13116235085943
117.0,124.86862365153463
116.0,123.70989311967172
115.0,123.91658846757267
115.0,122.48501632374798
113.0,121.6747812960558
113.0,119.37094901270255
114.0,118.34093465706192
114.0,117.20461049013986
113.0,116.55870159182923
113.0,113.07894350251499
113.0,111.41866434153438
113.0,111.32729816262457
111.0,113.74777463826851
110.0,113.97605842079588
111.0,113.74157591003373
111.0,114.9342025917112
110.0,115.38124919897591
110.0,115.55357711459557
110.0,113.65643661955433
103.0,113.51836345028971
104.0,113.96184931438745
104.0,113.94917200159227
103.0,113.77435165714087
106.0,113.79227051030344
110.0,114.76232611355147
117.0,118.46053562281496
122.0,116.89551659953078
125.0,117.66447101191366
126.0,120.56329118944093
126.0,124.17008167423126
124.0,133.7390285424214
121.0,140.86191791742004
116.0,145.06352859260224
111.0,149.7872579248778
107.0,142.1858284711112
103.0,131.02457443937908
98.0,129.26347875237713
92.0,132.5594870594412
86.0,123.15494671707665
82.0,118.73806971272991
78.0,110.23326768666409
74.0,100.82056906778567
71.0,95.55432691874655
68.0,90.80000231847598
66.0,85.73794764045095
67.0,83.17362529891642
70.0,79.0700646421973
73.0,74.69975482759064
75.0,73.69849267864349
78.0,70.83496573165542
79.0,72.0693680321908
80.0,73.70937138527484
82.0,76.35953277829732
83.0,80.5533058687447
84.0,80.22478836488834
84.0,82.71668722654216
84.0,84.78952485711626
85.0,83.43408376686497
86.0,84.1680231799835
86.0,87.56778982864574
87.0,87.15163852200169
87.0,86.26086719112833
87.0,86.51963016887319
89.0,88.0483145994729
90.0,89.91519845145906
91.0,88.7316525650602
93.0,88.92955149364394
95.0,88.92725301916232
98.0,89.07552984495393
100.0,95.74652456029047
100.0,97.13697760698352
102.0,97.90474083277012
104.0,101.79810861454817
107.0,101.04875877873613
111.0,105.89318324679155
114.0,108.18918787239998
117.0,106.84844856070605
118.0,112.3448621642638
120.0,113.18215219281385
122.0,113.67936596540538
122.0,119.527672519078
124.0,125.99385861385971
126.0,126.99496759314411
127.0,125.18395326609686
129.0,127.1021795294649
132.0,128.83364223401975
136.0,127.23191167996592
140.0,128.43877721729888
145.0,133.73131344795274
148.0,133.87381538989194
150.0,136.70478495908773
152.0,137.50855798737643
154.0,142.84947032567771
158.0,147.15701324565666
160.0,155.66243291567872
163.0,157.0869150484442
166.0,161.34884153357868
169.0,160.5521877149045
173.0,160.92994829345824
177.0,168.51859087208635
180.0,169.04114011617506
184.0,172.0363733546205
187.0,175.3649936202035
189.0,177.1940767056804
191.0,182.7468099963282
193.0,185.8501260899862
193.0,185.37417890416938
193.0,192.54708743921665
195.0,191.35359066804298
196.0,192.93802907640176
197.0,200.34274461804745
198.0,199.3832563555447
199.0,197.57319251043225
199.0,195.70815927026155
199.0,201.02749517513766
199.0,201.09366290159932
201.0,198.80506422104634
204.0,204.0688396004027
207.0,204.14367112449682
207.0,203.7719900661815
210.0,203.1460695898158
213.0,202.81095091876225
215.0,205.22429572534716
217.0,205.89386367279008
216.0,210.6644382537634
216.0,209.78379839074069
216.0,216.43420435313965
216.0,218.71013503858896
218.0,220.55754815471983
219.0,223.2787811818191
220.0,221.86078981879524
221.0,221.2670165149161
223.0,220.69247959917823
224.0,220.09066910045055
226.0,223.67521982107226
226.0,223.55266596837393
226.0,222.5908631435972
227.0,221.61095213439117
229.0,222.3665384512178
231.0,224.5080379413888
232.0,229.44081631556776
234.0,229.48601770589002
236.0,228.92933928615523
237.0,227.7561061842541
238.0,228.76980227795022
238.0,229.9494351379369
235.0,229.63957448940528
234.0,229.6405434150812
233.0,233.20066152277371
231.0,239.4609901481224
230.0,238.5693166384862
229.0,237.3032803161994
228.0,231.24373606160302
228.0,228.5977830995238
229.0,227.85931998211345
228.0,226.89070779626027
228.0,224.2569640223087
227.0,222.5787672651476
227.0,220.8991256578639
229.0,220.8654788751313
233.0,222.48896919297658
234.0,221.0529146388207
270.0,221.10810066204
270.0,218.8531743837533
269.0,219.56590464324225
268.0,223.31417273702635
267.0,225.88988372581912
266.0,221.63319913605375
265.0,271.44576186412905
263.0,269.1370986908751
261.0,264.4259101377443
259.0,259.2594632784597
259.0,257.8192219751562
256.0,256.6100772351537
253.0,256.13831690201704
252.0,254.032750350916
255.0,247.73673153007925
265.0,242.83231612502325
277.0,258.29728064438865
286.0,257.74715877533254
290.0,256.83555226915314
289.0,256.84482806495265
296.0,258.63600979490855
300.0,279.03714562739225
301.0,293.71644842256217
297.0,298.84515175152063
291.0,302.7784301437437
287.0,301.6485808618567
285.0,313.54920708974333
284.0,313.49167411819076
285.0,312.0681172280956
291.0,310.71488901569154
292.0,284.69391360170033
295.0,281.0105060148444
296.0,277.00414933879097
293.0,279.8821770762388
291.0,281.53828437811586
290.0,281.34108249347145
289.0,275.7553199470597
289.0,290.91095462845686
285.0,289.44170428910786
279.0,267.9420628430216
263.0,262.2011401389804
262.0,261.9229099742288
261.0,261.3681112394875
258.0,260.79831719248693
254.0,258.92773382327556
253.0,254.26247861832744
251.0,233.15848672133887
246.0,234.86929139378984
239.0,231.3127748947444
237.0,232.62290891429856
235.0,232.68895938489948
233.0,237.7838847457972
229.0,241.528423030189
226.0,226.94975678140207
225.0,218.86423471713985
224.0,222.7176422968175
210.0,219.81146637408168
191.0,214.59577149737996
174.0,214.1949504530543
186.0,210.5303545118652
189.0,210.6096445401352
194.0,205.7931532875684
198.0,193.73788370996732
199.0,162.7963759368364
201.0,149.89731373829474
199.0,170.08721901680906
199.0,172.5637330308541
199.0,175.7771194183094
199.0,191.50761259797173
195.0,195.62852943772077
191.0,196.6322467658132
188.0,194.50757787941038
187.0,196.9532299027938
177.0,197.4715180766607
156.0,197.52835941914617
143.0,193.8709863641403
166.0,193.146244591665
176.0,187.85885192697276
181.0,183.21670668023583
185.0,171.56982063146052
186.0,136.75006983831483
186.0,132.1444729188024
186.0,156.91232680162454
189.0,188.12465120069598
192.0,189.7678276233675
191.0,202.4187382982566
191.0,192.70284670986592
194.0,188.58843958195328
199.0,185.47575111329212
212.0,186.71169959687418
220.0,195.07566444542653
227.0,187.3373962978516
232.0,191.3202661242075
236.0,194.136064283206
234.0,209.714655987508
230.0,222.9234741013175
225.0,232.03113633278375
220.0,237.91866869579948
216.0,239.3208856127773
209.0,241.49214101318796
199.0,228.7321159137067
192.0,222.16595814921934
186.0,219.41815714056253
183.0,207.22704078533914
182.0,189.603816293148
181.0,183.83152169913504
179.0,171.63948600709122
178.0,163.41855537493953
184.0,162.29670836812898
192.0,157.4530481611369
200.0,157.57536552063132
208.0,157.98555570282784
213.0,156.78289230807425
214.0,157.56655290024716
219.0,173.78645310838453
222.0,188.1159656759265
223.0,212.99563250207538
224.0,220.48314927789082
226.0,220.91326772560538
228.0,216.7043101932318
229.0,222.53752385397016
230.0,221.0978338928042
230.0,217.38334651707265
230.0,217.29730179879994
230.0,224.6311976376176
226.0,227.4338714318872
225.0,227.92252180066885
227.0,227.7675138464547
233.0,227.20178134140104
233.0,227.58659142511374
233.0,227.28071669854884
235.0,220.14560020788454
235.0,220.18372900228917
233.0,223.25580203405755
239.0,230.48671467397276
245.0,228.7591425724495
253.0,226.01082387811303
255.0,244.23298085662634
255.0,242.897826966414
255.0,233.97216216451375
255.0,251.19263006483033
254.0,253.65899243214457
253.0,264.60763383429884
252.0,254.4079795982799
252.0,251.56966625010259
255.0,251.37184731432254
258.0,250.67113363059596
258.0,248.99692798604138
256.0,249.13793898972685
255.0,247.82485282467002
256.0,248.02022896751788
259.0,250.4074963652509
261.0,250.8890482619117
259.0,250.31024372661503
259.0,249.41304860373626
258.0,249.6360223647161
260.0,250.42001655453853
263.0,251.88550641845697
318.0,232.57686978089276
312.0,223.3382417862394
305.0,223.3382417862394
299.0,223.3382417862394
294.0,223.49720388626852
292.0,223.41747565249287
291.0,318.9986654466477
288.0,307.6742608543246
281.0,306.1336154171234
280.0,302.662788322907
283.0,298.3439949914892
288.0,279.2560437405476
281.0,263.9689520210368
273.0,263.58187059317703
277.0,257.39105365784104
275.0,255.5529818044507
273.0,254.86489340733598
272.0,260.7572700592525
280.0,256.3785916226739
296.0,241.15735351768535
307.0,262.63608776576916
314.0,256.78890836347034
315.0,246.07370348699143
312.0,244.57933152822048
307.0,271.0713329220167
301.0,293.66174435811496
302.0,295.9324055579642
302.0,301.52125294553616
299.0,299.832712644984
295.0,294.3267681287447
292.0,278.65946915331233
287.0,271.6479172943558
283.0,270.9913808649125
276.0,271.49544702942785
275.0,270.89472870970474
273.0,283.5126646517979
270.0,272.33781514276274
268.0,270.60688914457324
267.0,267.6899508762138
268.0,262.9172972439148
262.0,263.8384471369476
256.0,262.95262787964765
261.0,262.6816669778634
265.0,262.3980825215723
262.0,261.8331938018789
252.0,257.68329915694363
249.0,250.84580811468447
245.0,238.03862738563254
249.0,253.82330897589748
251.0,262.41827676561866
246.0,259.29280802871546
242.0,244.29461905389698
234.0,241.0647574909447
226.0,234.9281265204483
218.0,242.13514163958627
216.0,246.92477457522045
214.0,238.4776316203786
211.0,237.06717693719744
207.0,215.5163934656918
200.0,208.96461822997534
198.0,204.84347644668503
204.0,201.677123541143
212.0,200.0940732568353
208.0,200.68107998843465
202.0,200.888619016096
202.0,184.75842221528154
203.0,182.15867697230976
200.0,187.1614563108151
198.0,211.6133228960667
165.0,172.83099850985613
166.0,172.64969623645405
168.0,173.25088129411063
169.0,174.15447084981028
169.0,179.6397459785466
170.0,188.61316319770367
174.0,169.48003185435616
177.0,163.83389927401078
180.0,167.19942777320983
185.0,170.83329233526922
189.0,170.79210525175577
192.0,170.94388929890903
198.0,179.68912328849146
210.0,183.39658063753586
212.0,184.35753522854924
208.0,194.74866886295695
208.0,195.65979058926774
209.0,204.93977126741268
211.0,213.48109194231722
214.0,230.5792968278898
219.0,225.4872553420918
228.0,208.67742454996025
239.0,210.66609027241958
250.0,214.70940166958127
258.0,221.25024380632848
269.0,220.35418801478946
273.0,235.07265196595793
274.0,245.01522256565428
285.0,254.6149436740884
293.0,268.0439048965582
290.0,264.61450939548195
287.0,281.84413874898564
285.0,284.39686290491596
284.0,280.10731082780984
285.0,290.7028033268249
286.0,294.4681515612626
290.0,288.93793464291934
290.0,283.80459059171824
289.0,275.1932246048483
295.0,273.451519427413
313.0,272.3531489013336
321.0,269.66409495669586
324.0,271.7103397211845
325.0,269.67808079596705
324.0,266.5674502406618
325.0,281.18955444291174
327.0,294.20266995609876
325.0,308.71067727480016
322.0,311.41720797542536
324.0,310.5400176051599
327.0,309.01922002612315
327.0,308.7289507317144
328.0,308.4721156409999
329.0,307.0050047066196
327.0,305.17139920200367
323.0,306.1244417170184
318.0,305.67217723205687
313.0,305.6308183787899
309.0,300.47489760174295
300.0,300.1376859026506
297.0,299.4163918048874
296.0,297.9029327910667
291.0,293.53237915249474
286.0,284.2533992372014
279.0,280.3183230482783
268.0,272.5754023629583
265.0,272.0819558109503
259.0,271.3017413510202
252.0,256.2731667371227
248.0,254.6560573345035
242.0,250.21349680246308
237.0,233.10479184945922
233.0,235.9678885909749
228.0,223.1669745650139
225.0,224.2034239306409
222.0,222.15426230964093
215.0,206.54579641885226
183.0,212.4201644022382
181.0,201.4665695571473
178.0,200.9105036367848
175.0,201.52112083459758
172.0,200.1078155038861
169.0,190.66264003588736
173.0,143.499756040706
180.0,143.49637863578022
186.0,150.6855928678396
189.0,154.85905578889015
188.0,156.44869655427118
186.0,152.21241507225645
187.0,179.08667982586917
188.0,184.31406415190247
190.0,188.68287906580866
193.0,190.7164001534347
193.0,184.66006678073282
195.0,172.30133449326058
194.0,174.79005192237054
190.0,179.5763406729278
184.0,187.39725463411602
180.0,195.3912251993634
178.0,193.92988642719862
177.0,200.07185424682996
177.0,191.4964550156527
177.0,183.46862292238626
176.0,174.10908695724433
174.0,166.89675758811242
173.0,168.90886704731656
173.0,170.637782128452
171.0,176.7208703683261
171.0,176.4904167313769
168.0,175.2715529053199
167.0,174.28146459084022
161.0,173.49591801585203
154.0,174.65125121316134
149.0,170.75764546986332
144.0,172.406501541186
140.0,161.68725816338664
137.0,161.5084060944831
134.0,150.00620451471244
131.0,139.41981611158715
129.0,134.68936727819175
127.0,133.86897480370365
125.0,128.13682374813055
125.0,126.17578693558896
125.0,119.70869234869832
125.0,117.446524148571
124.0,117.6858327235506
123.0,118.03510783836589
122.0,114.1262586260869
123.0,115.95303899879667
123.0,117.59428428024934
120.0,119.49462978509823
121.0,118.72596317537283
119.0,118.583418153947
117.0,118.03588981760203
115.0,120.02284243013554
113.0,121.89974469840924
112.0,118.04569128617972
111.0,119.57859047641765
112.0,117.29422436042522
113.0,116.06406520727431
113.0,112.3326597180921
111.0,109.44030224092185
109.0,108.21818938555367
110.0,107.06302095216151
116.0,109.81591304629676
126.0,113.06392238287953
136.0,126.59116023512763
143.0,124.64782462757773
151.0,122.47604912941858
155.0,123.89628624542901
164.0,134.43490477579027
170.0,155.3219333096038
175.0,158.77571037483912
181.0,165.26079469351401
190.0,175.29074407318126
193.0,163.4897172953858
193.0,183.83363420015883
190.0,184.7124973848333
190.0,188.93821245623997
188.0,188.41021317209308
185.0,208.49711124486564
183.0,201.10096720558514
183.0,194.63055232711878
182.0,180.59455443977555
182.0,183.34178357284603
182.0,174.6357151073902
179.0,174.43972203185461
176.0,174.18016983886133
172.0,179.2819963883391
166.0,175.9891681671963
168.0,176.90158771785448
168.0,176.5841149868196
166.0,169.17965763156468
163.0,166.39715649769298
162.0,160.37746111255834
162.0,146.90681033899457
163.0,160.7003685099148
164.0,163.69677435020873
164.0,160.8879454143166
166.0,151.95966333553713
167.0,151.7535644290127
165.0,154.49015585747748
162.0,159.3434128248768
159.0,161.8747227031255
155.0,160.76900453816282
150.0,164.46085528488493
147.0,165.0788217050569
145.0,160.5692368161394
143.0,151.17079693368171
141.0,151.22911857447664
140.0,140.87533228361653
137.0,141.27903085442526
136.0,141.2775065806117
135.0,141.5574425333558
133.0,140.4361179001657
131.0,138.2891506305754
131.0,134.82679457540695
130.0,132.81004014388458
130.0,133.61361776853332
128.0,133.53203769619967
128.0,127.91356850517792
128.0,121.7546866368486
129.0,123.33689964479609
131.0,126.0894127119546
133.0,127.14732197874753
132.0,126.4738753669316
134.0,127.66912123278514
137.0,131.32813712714596
138.0,134.97139191720873
138.0,136.5823697771264
140.0,139.94572580020207
142.0,131.02766542452653
146.0,139.4170577685981
147.0,141.7562245899359
147.0,141.32692600848685
148.0,140.404517728536
151.0,142.78521471292763
154.0,149.20617865772633
155.0,157.54744726603226
156.0,155.89008433231132
157.0,154.31566025245914
158.0,153.924479943742
160.0,157.1341779991771
163.0,160.22374587210896
166.0,161.54068853143573
169.0,160.4240054217876
173.0,161.87477498926387
176.0,163.83443661464534
180.0,167.34065477011433
183.0,171.21365600171825
186.0,175.92881576835936
189.0,178.57276608785818
192.0,183.48062691227997
195.0,185.005817385337
198.0,188.16565611747376
199.0,194.78519476370212
198.0,194.18625307431319
200.0,195.6077937109264
202.0,201.93364062766918
203.0,206.21745486972338
205.0,210.05845143559205
208.0,208.71317962863606
213.0,206.32885896356376
217.0,208.0823474351746
219.0,208.46315317310788
219.0,207.98081883395952
215.0,210.08648143470714
216.0,212.38289615146817
220.0,220.78143848380296
223.0,224.49222493627838
225.0,228.57841067907606
227.0,227.32968375076933
233.0,216.86736887617872
236.0,220.919881324762
236.0,226.3775026577194
235.0,227.42254089937273
233.0,232.70928136493424
235.0,234.90029621467994
240.0,238.11818657478565
241.0,239.35438607179142
242.0,238.1852054141684
243.0,237.15990619847548
244.0,231.47344683669408
244.0,236.76479187605548
246.0,241.5178919710319
247.0,242.7599095606396
248.0,242.0933015621369
250.0,242.39199881447578
250.0,246.7969591115643
253.0,250.8030746624632
254.0,251.65192345680768
253.0,252.11038272142775
253.0,252.25244887390997
254.0,254.99590799838325
254.0,253.88575246393418
255.0,254.14303900684905
259.0,254.67035291735547
260.0,253.7748113444785
260.0,253.25843496566716
261.0,253.16895312153395
262.0,252.99787875650375
263.0,255.95639601049322
263.0,258.56058188769066
265.0,260.28133457869404
265.0,260.1112723203243
263.0,262.8287684089922
262.0,266.9349522024429
262.0,267.7805685173189
263.0,267.7748163532857
263.0,270.23639763535687
264.0,270.2141054914004
267.0,267.4900855703909
269.0,266.5690923819196
275.0,266.6327477994711
276.0,267.6879356687113
275.0,267.60455711504443
275.0,269.1393192885134
275.0,271.00576306106444
274.0,270.37353954436355
272.0,277.74879867933424
271.0,278.7507200868699
270.0,276.7717625029244
268.0,272.73380935256944
266.0,269.30014689824674
264.0,267.9049636588681
263.0,258.96955702871867
264.0,259.050701504485
269.0,258.080057298582
279.0,258.4062493664114
288.0,268.5184380957227
295.0,272.3181678970632
300.0,269.73809641702275
298.0,274.7984009415202
294.0,281.6147715933584
290.0,287.4667024134359
289.0,293.76766033238005
286.0,298.2755734854873
279.0,298.1261047195382
278.0,297.5074698768227
280.0,295.19417288149833
287.0,285.029983157531
289.0,281.5145012945201
289.0,279.1097390623907
287.0,276.7603704503631
284.0,276.1384519945912
284.0,282.54991141290293
282.0,283.64733703273936
278.0,282.4373968378838
273.0,281.7646977602827
270.0,277.6923228781096
270.0,276.05034736346255
269.0,271.5242175850015
265.0,262.278060739844
262.0,259.22503313573117
254.0,251.4669336702421
245.0,247.0547441608903
242.0,247.35895564069705
241.0,247.6367950634223
240.0,247.74271439421605
239.0,245.22241966200778
239.0,235.27128288273227
240.0,221.76080054715186
241.0,220.09936293815585
239.0,222.343918866452
238.0,223.21758571528736
239.0,224.0896822919069
239.0,226.07170411500996
240.0,228.80074776091828
241.0,233.29511989508785
241.0,229.29593026860294
239.0,228.43487942928013
237.0,231.40086002357802
234.0,232.50532555922337
230.0,233.25291307969334
229.0,234.25064990831763
227.0,232.13459625225408
223.0,228.81539600450915
219.0,228.9078075176124
217.0,226.06316771068006
217.0,222.26384541414686
218.0,222.25110772022083
214.0,219.37986880669393
213.0,214.17925398479747
215.0,213.4031279437551
217.0,210.63872515211094
217.0,208.42310578784299
212.0,212.7109991466812
208.0,207.011421100991
206.0,206.2907401336225
205.0,210.4388060309626
206.0,214.59590053746626
209.0,214.8862577327448
214.0,205.77011425958685
216.0,194.58468393269962
212.0,189.604708523435
206.0,187.42473141860995
201.0,192.1747131541014
194.0,200.60081889198787
184.0,211.40926804700686
175.0,214.3095858429434
168.0,203.88934408145508
156.0,189.25370977170547
143.0,189.9427210229394
135.0,175.84509177991333
128.0,165.56998212849572
122.0,164.30858108242293
118.0,147.25944237132936
113.0,132.54183030160053
112.0,114.31640027395369
113.0,104.84922761421771
113.0,105.21923181550605
113.0,99.20540616801989
111.0,96.58459797466311
108.0,94.99614757898237
109.0,96.87740794049081
108.0,102.74714910277923
107.0,107.23767177818186
106.0,107.97619799860941
104.0,106.01508808348657
102.0,106.22767935511182
99.0,110.10653629201775
95.0,114.31993520798645
93.0,115.93842140421933
93.0,112.37584535533021
94.0,110.32703033594306
95.0,112.08203655061527
94.0,102.5793647703532
92.0,92.33000709451002
91.0,91.95017161675392
90.0,92.30140851159503
91.0,94.54623328689583
92.0,95.56026667314092
96.0,96.37629099315559
98.0,94.62411589157344
101.0,93.24937990718506
104.0,92.61233400687813
106.0,94.32122441804499
109.0,96.94555863773239
111.0,100.52484815592032
113.0,103.82763607859495
116.0,109.64914003577994
120.0,112.07307087289418
124.0,112.78288626822729
128.0,117.5533528555305
131.0,117.58598037062778
134.0,119.42306706257764
137.0,122.80094027911703
140.0,126.57592275585051
144.0,133.16985101239274
147.0,139.61958111467976
152.0,137.99645868069803
157.0,141.1749004329411
163.0,142.3115464840105
165.0,146.20882659978793
164.0,154.2518472440845
164.0,156.46833862583853
164.0,164.72309761803507
164.0,169.7411779350981
160.0,176.86011505155633
160.0,173.9038089341907
161.0,166.5997570368872
162.0,163.97597234047345
164.0,164.71255267179063
165.0,164.67063867194278
166.0,158.91492822460413
166.0,159.65534359969655
166.0,161.11687775954235
167.0,162.4166924550973
168.0,167.47128296203584
168.0,168.9275828172979
168.0,170.7339364620059
168.0,171.30207704512816
166.0,171.21102271944994
165.0,171.91972216390747
168.0,174.96518914040567
172.0,172.56722007747751
177.0,174.9722322224668
180.0,174.3088854602913
182.0,163.8546605305876
184.0,159.41885127905553
185.0,173.18636455795757
186.0,185.44669053627152
189.0,192.71221155719914
191.0,188.45870389680957
189.0,187.92228462556764
187.0,190.77896916506833
186.0,188.581253106524
184.0,186.50979128753866
180.0,187.0938419799314
178.0,194.42062343442055
175.0,181.22874608135845
173.0,178.223131814428
172.0,177.5317639618802
171.0,178.8735603467901
167.0,175.19280921936016
161.0,174.4997191642195
156.0,175.92802445602345
157.0,176.45879260873676
158.0,175.97992155039972
159.0,175.47675232226402
159.0,155.35699887741725
160.0,148.02084810036934
163.0,141.33106464049195
165.0,146.73835868442362
167.0,149.81425721881263
167.0,158.7911730286722
166.0,160.74960228949652
167.0,162.5333703206127
168.0,166.30949314942416
169.0,168.84880629833148
171.0,168.27705145499988
175.0,168.10346913509957
178.0,165.78063162025106
182.0,166.9381371543376
185.0,170.01377145430854
187.0,171.44219965828032
190.0,176.84739913268584
192.0,184.66476511979263
194.0,189.80651380974675
197.0,191.45251857125362
200.0,193.97486308821334
203.0,193.6773687857374
205.0,198.15908220397955
208.0,198.35761320113474
204.0,201.02570036758115
202.0,205.18593669270683
201.0,209.49222375079137
201.0,209.0191291324751
201.0,212.4644686943454
227.0,237.9992879280438
222.0,237.9581758874757
220.0,230.63809924924684
216.0,217.37227046534144
210.0,217.3602222504746
208.0,216.49530182300683
205.0,212.11709904354925
204.0,203.29749309972092
203.0,203.9803324933795
204.0,195.35558485161843
203.0,192.3437897460747
202.0,194.89961334378856
203.0,191.25335503731674
203.0,186.06588316907084
199.0,184.32108453355517
196.0,187.71254923494416
195.0,186.96171376967166
197.0,193.20188132917858
199.0,195.07218968405667
206.0,199.02695359952162
208.0,195.78697168876565
206.0,189.2402294494816
202.0,189.50498805050003
203.0,191.95816801549228
202.0,198.5224180620432
198.0,208.99504781515745
197.0,209.7795134913595
197.0,206.2363710743169
197.0,199.49144685238525
198.0,198.7556303434612
198.0,197.51730490116125
198.0,193.82329193276686
198.0,191.5566944681121
201.0,192.8013856450167
214.0,193.17861027075725
217.0,197.1216691025633
214.0,196.96302747357484
208.0,196.30846755570363
206.0,196.25423963274784
206.0,199.4346516486004
209.0,218.47963547584266
214.0,218.92729247141955
213.0,213.36140826058858
215.0,203.38698074780376
215.0,201.08708847754457
213.0,201.07409881289124
211.0,206.08264941243968
208.0,214.52264812657532
206.0,211.1100274292931
203.0,213.4833552461911
200.0,212.43847446636045
196.0,208.4801128702574
191.0,207.05584434926413
186.0,200.8423265413595
182.0,198.8277902414318
178.0,185.97228136359223
174.0,186.49331116256508
170.0,181.10731289939437
168.0,181.94043552346017
164.0,182.18100838311003
162.0,163.69990532240743
160.0,159.35665601245478
157.0,159.40919982339514
148.0,148.3001286216178
139.0,152.7467294438086
135.0,148.9294118266448
121.0,148.56697917136557
124.0,149.3697013608342
125.0,144.6406810489971
123.0,131.5037354590002
121.0,118.55414592169998
123.0,122.1313581888311
126.0,103.1341946811704
122.0,115.71875763859333
121.0,119.96782576493236
119.0,117.52730617526662
115.0,113.88355981136473
116.0,120.53675455541641
111.0,133.47442563333624
113.0,118.3493613042166
113.0,116.10424380004494
108.0,116.47142549162875
104.0,113.83430447846598
105.0,110.52338640760141
108.0,104.76780182175062
111.0,111.09096914116307
111.0,116.63080137112567
107.0,107.85613448651532
105.0,107.06389547362113
103.0,107.82110632550643
102.0,117.95767224778128
101.0,121.84860229590771
98.0,124.15968282577415
96.0,116.99448867812261
96.0,116.63485981615547
94.0,110.88772295875322
91.0,106.08929585762186
92.0,101.25831300545106
97.0,96.41176331794583
105.0,93.48445271231246
111.0,93.66233564797126
115.0,93.26702582384497
117.0,90.84905719282949
117.0,93.27148177316097
123.0,104.32676978617194
128.0,113.579776658889
129.0,123.4403107865954
130.0,125.9590059556384
135.0,123.91074588277516
140.0,122.31231338286544
144.0,134.3220718509782
148.0,142.66815273101656
151.0,140.972150263483
151.0,138.3191568079545
156.0,141.78436231915487
159.0,147.46655772102153
162.0,153.8011515364646
163.0,156.18163383881304
165.0,160.50071540236704
166.0,155.86292760940287
169.0,160.8748873217009
173.0,166.22960814579992
172.0,166.37821947704967
171.0,165.15328281129084
172.0,163.96493965488128
169.0,162.93284039141403
172.0,166.65674232638088
172.0,178.67356062805715
170.0,173.5318786993418
167.0,173.12849846474785
166.0,172.6849441519383
165.0,164.63609039697
163.0,176.7312047351714
166.0,173.7506278422062
160.0,168.26215509461102
162.0,163.25099144366467
178.0,165.3878968653362
180.0,163.45086546009162
180.0,159.45178592887686
184.0,167.77597201479875
190.0,157.49810052224706
190.0,154.9613176890985
188.0,189.81177699467707
188.0,185.42297470998932
189.0,182.37362172837905
186.0,188.34249686624366
185.0,196.67628138971457
183.0,190.29742670608678
177.0,177.8721641113445
162.0,176.50484659387715
157.0,177.45928609400568
153.0,174.54333119105826
148.0,174.90050943975544
146.0,177.02152345835304
147.0,162.30728636676926
149.0,138.4086739992801
149.0,133.06943040131858
151.0,131.22015537827156
155.0,130.57220834088452
157.0,133.3002020772153
163.0,140.128511735863
160.0,145.66101576664994
153.0,143.6692195037652
150.0,142.58724339478078
152.0,157.53276051217745
154.0,153.274888511424
156.0,165.388159738004
160.0,159.9837455263076
164.0,143.94608671803803
165.0,140.48784867608677
163.0,141.10160590307254
161.0,146.98803326243137
158.0,156.02172372854224
154.0,166.310780968383
150.0,171.3902100517953
146.0,170.29368931419674
145.0,163.057839057714
143.0,157.9480011716862
137.0,150.31125760246516
134.0,140.90021599124955
133.0,138.0704921228796
133.0,137.79977813761425
132.0,138.0486715012595
133.0,137.764181248126
136.0,126.65110953448074
136.0,122.96102392153665
141.0,124.28271912556141
145.0,125.58806122878985
147.0,123.34905221557078
149.0,132.24474688816684
155.0,140.39848018994138
163.0,139.6136179978874
170.0,151.28353602442783
176.0,154.79504660981104
178.0,155.43550274467552
182.0,154.88988801386438
185.0,164.17454517994508
186.0,176.52279216558114
188.0,181.75524975957262
190.0,186.96294992779812
195.0,184.21893149623077
195.0,187.17014329492872
194.0,191.3101509667216
196.0,189.6842405897508
198.0,190.2891925883034
194.0,196.80516129085666
185.0,206.07407484439233
181.0,196.85306943256663
176.0,188.23126178750263
173.0,190.22300525394166
167.0,197.50992024797338
160.0,183.50905643930963
151.0,173.03736870216517
141.0,160.38028733554546
133.0,157.2380535799443
125.0,157.42547384405557
118.0,145.43582446627914
114.0,138.8574265595753
111.0,127.28896796653835
110.0,118.37387528558723
111.0,107.75151978118463
112.0,105.7067614955546
113.0,100.25419373246457
114.0,98.6542283282852
115.0,95.81654930668687
116.0,98.66297573350272
117.0,104.11052022151028
119.0,107.67955089659876
122.0,108.81216994185002
125.0,109.62236117537503
127.0,110.50023196765814
129.0,112.28601424985685
130.0,115.82317479408427
132.0,116.63051335560438
132.0,125.57363414478935
132.0,131.91513563216307
133.0,133.78727017744038
133.0,133.90025363010952
134.0,133.818714692549
134.0,133.84481856992036
135.0,130.7040816054112
136.0,130.3229241514901
139.0,137.25550365978495
142.0,136.41861958594623
147.0,139.47077338989004
153.0,139.94000708692732
161.0,140.7641198773392
138.0,141.44494499172663
144.0,145.862924032656
149.0,161.00224677828143
152.0,164.88849803112566
151.0,168.99866964891004
146.0,178.88142922766838
143.0,131.31276138800584
136.0,139.96657685245538
126.0,153.72617090569284
121.0,158.75419691859253
120.0,153.94420600347118
122.0,145.21900846592038
124.0,138.65538855203667
126.0,127.23629313369477
129.0,112.93399350186715
132.0,113.76042511164007
137.0,112.09840994107783
158.0,121.08014948405085
163.0,128.74418806994657
168.0,135.31818305734686
171.0,140.6002867882997
174.0,141.9930390002795
179.0,144.9266658881842
182.0,180.3910982758317
182.0,184.0355535800916
184.0,182.2032541868629
187.0,181.64625265464971
191.0,185.9471143926364
195.0,186.10997467170634
193.0,187.74079063355688
191.0,178.99019693135128
191.0,182.83066923046863
192.0,182.62542278599204
193.0,190.92463651614725
193.0,199.90803483200628
195.0,190.71819544094348
199.0,185.66152253609917
201.0,184.1391989247023
204.0,184.48258622932434
204.0,187.37490539441458
207.0,187.07791329505108
209.0,192.6479423666926
213.0,203.11974400942646
215.0,204.77991519033782
214.0,204.4784708826441
213.0,202.03974082660739
215.0,208.07119673540564
218.0,211.1560336135415
222.0,216.90370184265865
232.0,216.78391056414588
238.0,212.1291642123122
241.0,210.11258834179884
243.0,214.19980740811275
250.0,222.3820294416669
253.0,224.69504079241287
252.0,239.8297926271611
252.0,244.08488612225227
250.0,243.8554290733601
246.0,242.31388756839914
241.0,250.2186899750341
238.0,245.1663544181349
236.0,241.50437801322906
232.0,240.64465555384777
231.0,239.50948222425674
225.0,232.8804871477953
221.0,230.13615956068455
217.0,228.13864946060158
215.0,221.87043280931988
211.0,214.94903900260712
207.0,214.25349016086096
205.0,207.8934396890901
204.0,204.73215700986827
202.0,195.43521667984874
200.0,193.1914616427112
197.0,193.88608586752923
195.0,194.25466479215243
193.0,188.94943916887198
192.0,183.97274170742966
192.0,181.95181994063591
194.0,179.724383494421
194.0,174.45397412044275
191.0,175.60138323044137
189.0,177.10835242746234
189.0,177.14520247889246
189.0,179.9542068824964
191.0,185.16900690610416
194.0,188.45889879801058
197.0,185.50393916226108
198.0,180.16834180251672
196.0,181.11021303977012
193.0,181.82958019697313
192.0,188.4495006602782
191.0,191.47893227611542
190.0,194.83747209454833
187.0,198.42829051354437
185.0,192.42558782739388
186.0,189.65215078511247
188.0,188.44804065989473
189.0,188.19731354691496
188.0,187.8409355831427
185.0,181.69100590061464
183.0,180.7479875030874
186.0,181.93155742112907
188.0,186.41908112275618
191.0,186.84152511018166
192.0,183.6435135028481
205.0,181.20322920044563
216.0,180.56927338050693
227.0,184.96117964004318
234.0,188.09570450218817
246.0,194.83507759569636
243.0,189.96773401204376
253.0,218.9508216149935
254.0,225.79912787618423
253.0,234.08536221135031
252.0,234.91849861827416
248.0,243.8045776904278
241.0,240.44408971350794
236.0,245.15133489497813
235.0,238.63961074632624
240.0,239.52756079195774
248.0,238.120500456956
247.0,227.77370473154255
251.0,224.86079487184134
252.0,221.10250300936636
249.0,222.07542951418304
248.0,233.54649588044734
250.0,242.50520592629417
252.0,237.44017789964644
249.0,246.04232822732456
248.0,245.9085176401167
243.0,238.90952710151763
237.0,234.30649500871522
239.0,243.58314028717314
236.0,245.65527629294465
228.0,239.0350040445654
227.0,235.95601556188782
227.0,227.85551841504028
224.0,222.67934517237913
222.0,224.9295990226988
221.0,220.62326192351966
219.0,211.92776526649362
215.0,211.34599524658594
224.0,213.16220665559936
225.0,206.71145749772262
221.0,206.85764437896123
218.0,207.33583739597066
213.0,207.21750341645946
212.0,196.97858443821912
209.0,214.58290953619579
204.0,220.4631300916676
199.0,212.3999871409455
193.0,209.11801329976146
187.0,199.34758456802786
181.0,200.73230422558382
175.0,196.13846414801247
172.0,183.12784762630895
167.0,183.69037524690856
162.0,179.3148872384656
150.0,172.42591297200275
147.0,161.80622541096878
141.0,160.11630550739753
135.0,157.93226485374788
134.0,146.4117659950662
130.0,143.7383138717174
125.0,123.08533073105046
117.0,123.4121191139828
116.0,121.45523275176964
110.0,117.68193067753464
105.0,118.53087517385491
105.0,114.02063481822442
100.0,112.14823090124654
96.0,105.72110919221844
93.0,104.5853677943628
92.0,99.1805148838375
87.0,92.4642943879586
84.0,93.67832414435789
79.0,91.2214012153115
76.0,85.99908064974552
73.0,85.7022144044003
71.0,86.0586016518425
67.0,82.09081929290606
67.0,82.01391150888824
67.0,78.59929676577332
71.0,78.08137365384553
76.0,78.44061464001754
79.0,79.25427285347732
80.0,77.37490801422604
81.0,78.24154212839588
80.0,78.67881549764388
79.0,87.89792596130869
79.0,92.7388733427385
78.0,100.42523075256172
77.0,94.43636720741613
76.0,89.19464587454993
75.0,82.39119993910364
77.0,81.69417619107797
79.0,81.91298125107456
83.0,82.43254048046603
89.0,81.77201261373871
94.0,81.01660191504305
99.0,81.12623551308255
101.0,82.93708355096868
105.0,88.35141964482096
111.0,98.92862865869309
118.0,107.5569143616549
125.0,110.48576275063635
135.0,114.00473523191015
120.0,116.02512861980892
130.0,120.15436709047614
138.0,123.5630624903546
146.0,136.7495410025931
151.0,142.89552453841213
156.0,155.8846692964388
161.0,136.8160081990279
166.0,139.54063123030446
170.0,150.80508094004745
175.0,161.79372292017518
178.0,166.40751165529343
182.0,165.77487605827173
184.0,165.25689268815086
185.0,171.02388453393527
188.0,167.71526410774686
189.0,185.9680525681773
188.0,183.64319818990322
187.0,183.25780266735717
189.0,181.32876865041334
186.0,176.48881948923628
184.0,176.77045078110507
189.0,175.82419782346025
189.0,170.21559568624377
188.0,168.89730462251765
186.0,173.7022388153958
182.0,174.04992769082065
179.0,174.67566896424057
177.0,180.85113685212582
176.0,181.08899504295425
175.0,174.4782151896247
181.0,173.16141183761434
186.0,166.4264320965865
183.0,159.4831396105491
182.0,157.09100373157602
186.0,161.7678660377401
190.0,166.7651111895077
195.0,188.9687132492378
195.0,194.0278341628471
192.0,183.9454496918897
188.0,178.2332386693549
185.0,185.8327252591205
180.0,192.6331043610954
176.0,199.10976854136604
173.0,197.25748875091287
169.0,188.20363210634736
165.0,180.28680182042987
159.0,178.30607252113379
152.0,171.54100667501362
148.0,165.01633643338684
143.0,167.13331504963816
164.0,155.03220262094078
164.0,147.9404806369211
165.0,144.9618328684893
166.0,130.34537723319076
167.0,130.0521931361905
169.0,128.55952695082112
170.0,169.8410146664392
168.0,167.25951984951308
166.0,165.5983786000946
166.0,164.2550647172883
162.0,163.92252610434673
159.0,167.52625184220446
153.0,168.63652646988564
147.0,164.9170402144592
141.0,161.422619389394
137.0,161.92008589857193
133.0,153.18043662646156
131.0,152.15309593865393
131.0,139.55499249550314
131.0,137.94708326078202
132.0,132.54532456807485
139.0,126.65281381557183
140.0,119.86148294237428
143.0,119.55347021092977
147.0,120.82873804592855
151.0,121.67714336414276
154.0,135.4758883954285
157.0,150.92958295735022
158.0,148.1089590424738
159.0,148.87463243707526
161.0,160.65181869695274
164.0,166.79589189467166
167.0,160.69865391107945
167.0,161.4287177051192
168.0,159.7314643039832
169.0,161.5281789775964
169.0,162.7493005415288
169.0,173.70925736899898
169.0,173.59387274339994
172.0,170.937358159319
174.0,173.92549638666105
174.0,176.32760591008793
174.0,175.44614030888386
175.0,174.8131754257314
175.0,174.04904142432792
174.0,181.85580863077362
174.0,183.86119878087572
173.0,180.2819274911197
173.0,170.12644408722366
172.0,167.98979694996737
175.0,167.79602548375658
181.0,167.02056945990086
179.0,168.27032601225255
174.0,166.92827613486662
172.0,167.0935935743685
172.0,166.29494777017513
172.0,173.0069557095991
172.0,183.70268554231697
169.0,176.9113479236505
166.0,165.28888513879755
165.0,164.1503116120948
164.0,166.6747565474062
162.0,168.96030413504698
160.0,171.52921934152735
159.0,163.40698186247246
162.0,158.17311376252323
163.0,157.38017343427916
160.0,155.96651913287872
158.0,152.55711897356443
158.0,152.9863426092948
158.0,153.89017721474653
158.0,160.89343211547327
154.0,163.96089801824374
152.0,159.61267854937165
151.0,156.11319727738436
149.0,156.61916146535805
146.0,157.4652533148214
146.0,158.82087142374013
146.0,148.729460027256
146.0,144.8720322575005
145.0,144.47636404841046
144.0,142.30987054112092
143.0,141.10022824763465
141.0,141.77383005652646
141.0,143.67142287384638
141.0,144.48340384989973
140.0,144.33221967791312
139.0,143.5433045909206
139.0,143.79365372875196
138.0,141.1574131116475
137.0,141.7314003550123
137.0,141.96097180187687
138.0,137.22772012785924
137.0,135.32954938090435
135.0,135.62486641578954
135.0,135.18161951542962
135.0,135.96797090875663
134.0,137.41452940016273
134.0,139.11360742873768
134.0,138.65141154792886
134.0,136.48352793455842
134.0,136.9223166525706
134.0,136.96580031957538
135.0,136.50273824149963
136.0,136.82573571430396
137.0,137.2392800714848
138.0,137.44327434300922
138.0,137.46416993326804
138.0,137.51594139231165
137.0,138.4923206563362
139.0,139.37209198790293
140.0,140.1934381273743
140.0,140.91466887193084
141.0,140.2578896145528
142.0,140.04264437147674
143.0,138.90697662723136
144.0,141.4572638136431
144.0,143.08898312250585
144.0,142.5201460867444
144.0,147.20908856060882
143.0,149.09358318352542
142.0,148.9843961302346
140.0,149.86813903098917
140.0,149.1653627457291
140.0,148.70000390530834
142.0,148.55997526264403
144.0,147.40681829548444
143.0,147.07065703924184
144.0,139.8691390247756
145.0,140.05384694703892
146.0,140.1258111889914
146.0,148.4063011733487
147.0,150.48797279288576
148.0,148.47192821939748
149.0,149.06283172894243
150.0,150.87997255998016
150.0,152.62768602468495
151.0,152.39888279378778
152.0,152.67191854388867
153.0,152.8986599920124
153.0,153.16038276442188
155.0,155.323480936561
155.0,154.603058843921
155.0,154.5094761287249
158.0,155.1306820429697
160.0,157.99962375543208
162.0,157.56593213455912
165.0,160.22675040334138
169.0,159.78193353986507
172.0,158.72380032105244
173.0,165.19691835524728
174.0,168.37826994808896
174.0,169.28023051714072
175.0,175.23089607452516
180.0,178.98238537783976
186.0,182.57217203842902
200.0,181.2791738362426
211.0,181.21127951187137
220.0,178.30554209695705
225.0,179.58206565810735
229.0,189.00621746507278
236.0,196.83746543857447
237.0,212.07373066936216
235.0,225.9820484481656
232.0,231.4216439775662
231.0,229.99653040989102
226.0,232.89088092931283
217.0,238.8700553525663
206.0,242.1960439558001
197.0,228.20313962661098
192.0,218.2546649198072
189.0,221.44397026833929
191.0,206.85137291112017
189.0,180.7589406563709
183.0,171.08115933517962
178.0,159.6875098599498
173.0,157.6419650511773
169.0,157.7267662310563
166.0,162.30364240771667
163.0,160.43030229911798
158.0,154.33475299269696
152.0,152.32442467915578
148.0,151.49889117893517
145.0,145.68075355288727
142.0,145.61542424946137
141.0,146.86724273303489
137.0,139.01753887805853
134.0,129.58400991399643
131.0,128.0560507658702
128.0,129.28540128718012
129.0,128.0002577142991
130.0,128.06586393266127
127.0,126.68113692300057
123.0,124.46785524006691
120.0,120.12468164140655
119.0,117.4468697038293
118.0,121.70763588860545
116.0,126.86731632574394
116.0,124.94629795424984
116.0,114.9222879758804
117.0,109.75585227341297
118.0,109.82121702502461
120.0,111.96081469755079
119.0,108.02244832709835
120.0,109.12075404067542
120.0,110.41609923364712
120.0,116.64362371904055
120.0,117.69867553961889
119.0,119.8723229076185
121.0,118.68145393185355
123.0,120.01153130875744
122.0,119.82236160082964
121.0,119.84390296643225
120.0,119.76945131917492
124.0,118.65588139729293
130.0,121.06810605800423
141.0,125.01012468398466
154.0,130.98640675359437
167.0,134.4688169278446
177.0,133.64048022696235
185.0,139.3171415719618
189.0,145.70892914074054
195.0,163.51420658197077
199.0,179.75596034156283
203.0,191.40157466662802
209.0,196.20414748223732
216.0,199.35578374943458
221.0,195.4758492251552
228.0,206.14051073351422
234.0,207.68600617648403
241.0,207.07873401066308
245.0,215.06394603537632
244.0,222.4592822657437
244.0,222.7141991542515
241.0,224.9370290159264
236.0,226.24389962913776
234.0,246.79031409572113
232.0,246.6948589470892
230.0,236.15669790335318
228.0,231.38936337455056
228.0,224.25108096793204
225.0,211.1636068121919
225.0,204.42840506489378
225.0,205.40730726397197
225.0,206.71741005551192
228.0,208.87033202693112
229.0,212.65209557648177
229.0,207.53070159309704
229.0,207.43410721638406
231.0,209.44179021126706
233.0,212.1718774504945
234.0,226.7374594364806
233.0,231.949724753213
235.0,234.7224282504177
240.0,234.1462702991163
244.0,237.06971418069566
251.0,236.54570122046172
257.0,233.41132358752898
251.0,233.19331691964936
244.0,234.5603191025694
240.0,234.6249119747253
238.0,236.1047827572737
233.0,244.83878682528444
228.0,243.70202842294054
223.0,239.54789967785882
218.0,227.06552032487207
215.0,221.23612263767785
215.0,221.92336786319362
214.0,214.26691990097655
216.0,211.3685137525307
223.0,205.7453247597093
234.0,205.94362944933488
244.0,192.12724479090204
253.0,193.75461562487908
259.0,197.5514564732771
266.0,208.11120174698317
270.0,221.92598739612447
273.0,232.15920199970668
274.0,243.29304614873087
273.0,249.38025427399998
270.0,245.36982516347243
262.0,271.9110403283109
258.0,270.1640587678255
254.0,274.8447455617444
220.0,273.41157777231837
217.0,271.63974521637016
221.0,259.69320401650833
219.0,247.4902760311923
213.0,235.1013412363918
205.0,230.7226107632913
194.0,187.2587578033712
181.0,176.60028260266023
171.0,200.35608640435998
164.0,202.18171498241873
159.0,189.58362659160898
154.0,177.4013798809536
149.0,166.29419576815613
146.0,145.21387689175103
138.0,135.18715589580185
131.0,124.68108174021783
130.0,135.34326980272922
128.0,130.8523387441161
129.0,124.28051142374306
129.0,124.72563996516642
128.0,116.14962702083999
129.0,110.10003852284952
129.0,111.53172829635558
131.0,111.50767687842003
132.0,117.8060935757254
132.0,120.80880049870454
133.0,126.9667256708956
134.0,133.05979771802467
135.0,132.9082059725535
136.0,137.17135631101823
135.0,135.60770663302972
134.0,133.5196078604714
135.0,140.88432844327332
135.0,143.77141979047775
136.0,144.15114052734833
139.0,144.95858755370818
140.0,142.71819762623934
140.0,141.30412317652718
141.0,142.0260495176331
142.0,141.7719090547996
145.0,142.6414795236727
149.0,145.0412393795317
151.0,145.3332989141855
153.0,142.34684482947765
156.0,145.95824196499294
156.0,142.26711499299898
153.0,150.92124538496114
149.0,157.55939368426007
145.0,160.05202742228423
143.0,160.55024197310578
140.0,162.44403650176156
139.0,160.28733330606929
139.0,154.1739263975748
153.0,195.815335200882
150.0,170.41087780069083
155.0,170.41087780069083
159.0,170.41087780069083
164.0,170.41087780069083
166.0,174.48044165010901
165.0,169.50626997871777
162.0,151.2213821418791
156.0,153.06744466098667
149.0,159.14546720515443
143.0,172.80287161114373
148.0,170.9854927344612
144.0,163.74012084040078
137.0,153.72740245703156
141.0,144.38864173644265
140.0,139.36930728334286
140.0,135.92710449185657
140.0,142.36172757143942
137.0,140.8089378505652
134.0,129.85955662597695
132.0,138.45643566376296
130.0,138.3738583388096
128.0,139.16873007406915
125.0,136.9300312794614
122.0,132.7548500542389
121.0,131.33372922511066
117.0,124.31529730117947
112.0,125.06817444737425
111.0,124.10055140040386
113.0,119.64643861594203
113.0,115.63232501055029
111.0,114.47612017876784
109.0,112.12185545124389
109.0,103.39644114234304
109.0,102.90419032227075
109.0,107.48596125192303
112.0,109.09942733094357
114.0,105.74858068300648
114.0,105.99515325186529
121.0,107.49040024305764
139.0,110.59283761827975
152.0,111.1665887687045
166.0,115.73794671244225
163.0,121.90524510184477
172.0,121.02685368899924
183.0,129.08744794262316
194.0,154.04724164832618
209.0,173.45418313212215
221.0,192.5707140607399
223.0,172.90776452887292
203.0,190.88702626301347
206.0,204.08648092325305
210.0,217.82618340788144
212.0,232.24278642474027
210.0,235.13183457010345
211.0,222.595310867741
214.0,194.67540730959956
214.0,189.51706989709302
215.0,200.26195702317833
215.0,199.26478425257594
211.0,193.86135658377475
209.0,198.28152575993045
209.0,203.7155230935098
203.0,199.992675847824
201.0,202.99282897433582
199.0,201.42033237164765
199.0,191.43844291435113
203.0,186.31109458289941
205.0,189.15583096670554
204.0,170.07735965346657
207.0,170.2159362044705
209.0,171.30293750751173
213.0,175.18409055037182
216.0,184.05601683826941
217.0,199.2014543751617
221.0,194.02352779014146
228.0,201.80305542049032
232.0,205.57049040062012
234.0,211.0000115950264
243.0,214.32470384845146
253.0,214.31128523467999
262.0,215.1709574431289
267.0,227.0693372497957
267.0,236.57700533238898
263.0,238.30787668120482
268.0,239.33737978573683
275.0,247.71051623348
283.0,250.0719740095065
291.0,255.28801702030262
295.0,252.30883541304814
301.0,243.4734041635278
304.0,251.2387319763852
306.0,262.97291136092247
305.0,277.5236596060205
303.0,290.68291817986994
297.0,310.833395456616
290.0,312.588815676124
287.0,310.8097390424617
279.0,308.24767897195653
268.0,307.7107932093079
266.0,300.9689628612264
265.0,296.8152842848029
277.0,273.3333216107645
276.0,271.9818534598026
276.0,262.3647462311607
275.0,239.5968499792943
273.0,243.84971570290185
271.0,244.57980801355973
269.0,258.94193070608145
270.0,257.1450124006181
268.0,257.0655076079051
263.0,254.10415600881848
263.0,249.0960822616343
258.0,245.05828118206855
248.0,244.21993376419462
239.0,248.92588060212293
232.0,248.83491559624866
237.0,246.11796951849078
237.0,244.3939752372853
232.0,235.6000740106064
225.0,219.94639313385903
222.0,216.73864904072434
217.0,204.17377531414618
210.0,224.9198408030063
212.0,227.1217231124975
217.0,211.48659916278365
221.0,205.40371558516375
223.0,202.0764684677814
219.0,192.30594792113834
213.0,187.45762441425586
208.0,192.3620711015705
202.0,205.69779379943688
202.0,215.10504475197953
201.0,213.78977198357515
200.0,210.7465384894136
200.0,199.1973141060584
199.0,189.53244850732233
195.0,178.02309334047166
190.0,179.99214327332288
190.0,180.74693374287003
186.0,184.74005975048803
181.0,188.33443032764114
183.0,192.05978541792848
182.0,184.00138673881065
184.0,178.87317715249745
187.0,180.27128881679508
195.0,178.40200221645182
202.0,167.85588178447318
210.0,180.2118508456016
216.0,176.79530210189765
220.0,183.77213614813456
221.0,185.75966134140486
222.0,200.91685440233974
223.0,206.75312468718812
225.0,218.70837412137897
227.0,219.78210099499725
232.0,219.65553100340261
231.0,215.003240903532
231.0,209.59777585645378
229.0,207.42207039559838
227.0,214.61637440646606
228.0,217.5168598170106
228.0,226.33775169900957
223.0,232.71187460927564
217.0,232.44427072004436
212.0,229.46826194247268
207.0,220.44982917726384
204.0,224.75845716728978
202.0,224.18281671336914
201.0,203.9273338433169
200.0,191.63333303485825
199.0,186.85937716359228
198.0,185.73668725993454
195.0,178.3508665228801
192.0,181.23733757000397
188.0,182.05467749730062
186.0,183.85879768012373
182.0,184.40545829922848
180.0,184.6699103070172
175.0,179.84973808072414
168.0,178.69593686722357
163.0,175.00485703505478
159.0,174.5573014437504
155.0,167.72666599721526
151.0,164.8789295794832
149.0,158.50048131110543
151.0,148.620540753611
151.0,145.64796279116445
145.0,144.47766858877267
138.0,140.78474466379126
132.0,132.913362018458
127.0,132.3896504097731
123.0,137.41055887078784
119.0,139.89676972271954
118.0,134.56008405406735
122.0,124.99745989550337
122.0,118.86486871605331
117.0,116.23638501738812
115.0,108.95287246668059
114.0,101.37627692664277
115.0,102.163732065546
118.0,115.78753863085998
122.0,115.82507127918963
120.0,107.70579868077284
119.0,106.22884541338206
123.0,107.53959535982652
129.0,109.41108369443711
127.0,116.32161228081512
126.0,126.40260458464874
118.0,119.35981223875328
115.0,117.6615405903835
116.0,124.99722488221511
116.0,138.2954118124475
116.0,131.50810249525415
117.0,127.64641453970252
116.0,115.57235035583797
116.0,114.86340570246618
115.0,116.15364205999069
114.0,116.75411427092959
113.0,117.4562066673292
118.0,118.61273003895857
119.0,117.37965027254154
116.0,114.48375487370357
114.0,113.28865443162779
108.0,112.51019797869525
105.0,114.64709569465842
111.0,120.92786626499962
111.0,120.78567823991244
109.0,118.87787808006864
107.0,117.26538134259955
102.0,107.39152457119634
97.0,103.81609169951702
99.0,116.2857230607077
101.0,115.00416175134411
108.0,111.9028771472875
112.0,108.12912627369248
111.0,103.64414168099047
110.0,95.50383232225042
109.0,100.13105600104039
109.0,101.9569480201315
109.0,115.6701876095948
109.0,121.06181924287799
110.0,115.60841462089834
109.0,114.25291079257988
109.0,112.16957963767418
117.0,111.81772018455794
117.0,111.9125123468463
118.0,111.89059893841893
118.0,114.45468347731162
116.0,111.9809143740934
108.0,111.94953680047998
115.0,125.32753429328058
121.0,123.4785546971125
125.0,122.89938611153642
128.0,121.87187306551414
127.0,120.43962058224018
125.0,107.85436463731071
129.0,120.4499436784904
133.0,126.70205543137158
135.0,133.7463828583034
134.0,137.0946190987263
130.0,133.56591505820242
131.0,126.0225911493595
132.0,136.86928650182492
133.0,140.19129098091227
133.0,140.8939206853213
137.0,138.59554591837377
136.0,131.30341051856976
134.0,131.5629802405812
133.0,131.8617887516904
134.0,135.84556081496686
138.0,135.87048700979514
144.0,141.07053980801163
145.0,139.659872772034
142.0,137.7513546083672
143.0,135.27835028249058
143.0,137.4706335417616
144.0,142.16412897633302
147.0,156.34817221362124
148.0,154.0386729372238
148.0,150.1334835033727
149.0,149.46615920817024
153.0,149.1505848809369
156.0,149.83704241578405
156.0,153.70468752474463
151.0,153.713043709352
150.0,152.68102149801288
147.0,153.32592875213516
152.0,159.82342344915
159.0,163.6768255004713
165.0,169.08649328404914
172.0,170.51353309707238
179.0,153.71777999812312
183.0,147.5387155307642
186.0,154.64760129770008
188.0,171.38797282600362
190.0,181.65093187945664
191.0,188.50633373425399
193.0,193.54593429258202
192.0,200.5031009239768
192.0,193.23275414626733
190.0,191.7413824345432
188.0,194.81462921717105
185.0,192.56106001301376
176.0,196.0995072840296
168.0,190.201197089398
164.0,188.83746800794765
168.0,184.4482336118396
168.0,174.750396405291
170.0,173.0182131524068
173.0,153.3120962722835
169.0,147.87862366105819
169.0,140.92730661511325
172.0,158.00059614897978
176.0,160.10077599921334
179.0,161.44032527715115
182.0,176.5969757652103
184.0,165.877391268722
184.0,166.76387265132146
184.0,172.12565483277575
185.0,180.76164408498673
188.0,185.3639435237941
191.0,190.58062372638912
191.0,191.6513127914906
185.0,189.96835557381527
181.0,188.69202434682717
183.0,188.37605672116464
183.0,190.76202241788846
185.0,199.0531621021936
185.0,197.28204180728386
187.0,183.91558878695767
188.0,173.2100009264996
188.0,184.31530072021974
187.0,185.02943751668408
189.0,187.8879505367396
194.0,186.72309340032814
204.0,188.6587485015382
196.0,190.51352621260995
198.0,186.86218574557734
198.0,184.63654399693945
197.0,191.64152713824777
196.0,196.62922478921612
195.0,212.37321254715818
196.0,191.59714384257774
193.0,199.69803357265732
192.0,199.46068829602658
181.0,191.01577370543552
171.0,190.05080002300633
177.0,188.9368765576539
174.0,190.21787617973223
174.0,186.81729086029299
173.0,185.41085904545298
173.0,167.4649121057183
175.0,156.7113202335526
177.0,167.57416377999832
179.0,168.51131280855867
182.0,171.54822859676042
182.0,169.77926190597984
176.0,170.1177544402748
178.0,173.40130724924086
180.0,175.80454736974087
174.0,183.5850963364814
171.0,188.024500752585
170.0,183.81348987993323
175.0,165.88213405713253
175.0,172.71230398755958
182.0,182.89021666142972
186.0,169.532509958372
188.0,164.156143809797
189.0,159.7726612209968
185.0,175.9581157156608
178.0,178.8558480963862
180.0,193.37924947302972
176.0,196.49206104677668
176.0,194.55883162386905
176.0,192.7181435150995
172.0,185.17864413342113
179.0,173.6761671658679
183.0,178.19610420997293
186.0,172.02221764909834
189.0,171.44622593113604
190.0,172.83721996227806
190.0,167.8594742143796
188.0,192.93368386944866
186.0,198.097007583809
184.0,193.24863559452328
181.0,194.18101086569143
180.0,198.45204876667822
178.0,197.7516314977795
176.0,191.80072583096262
175.0,187.814056474627
174.0,187.97623225762754
172.0,179.75419005388252
173.0,179.5615223631801
173.0,179.38845835763485
174.0,175.87441260079768
174.0,177.61016875488068
174.0,175.74031593750468
178.0,173.74165563522652
174.0,175.75456280810917
177.0,175.6595704769698
181.0,176.87573404975993
178.0,175.34134667898604
180.0,175.0658844933723
172.0,187.81675502004086
170.0,175.03799652339958
171.0,178.51605058316662
174.0,187.27933902822159
171.0,183.37933869436833
167.0,179.8132717196815
163.0,166.9222997042653
160.0,162.70631768967127
155.0,170.37731597511643
148.0,177.22391255660915
141.0,172.84974858799845
136.0,160.85925110645553
141.0,156.33384100446668
143.0,155.45120415723332
142.0,142.0219899960818
142.0,137.15364794223945
140.0,130.66779147934096
138.0,125.13395896199629
139.0,134.33028422523347
144.0,137.995651529107
146.0,141.13818375865077
149.0,144.8107118186499
151.0,136.12561554826
150.0,137.2500641200039
149.0,137.12195916845766
148.0,151.85985488750484
146.0,156.25984617845867
145.0,157.45537728784936
146.0,158.84380708438323
147.0,148.793788584261
148.0,142.77189463725458
150.0,142.59923849665495
151.0,142.08205844636223
153.0,141.705190785952
155.0,144.7563333063797
156.0,145.44586236845686
157.0,147.0789597947345
159.0,150.4713485620416
160.0,149.46512402278157
161.0,152.573232015016
164.0,154.19710689235515
170.0,155.02200647830762
175.0,157.56832679525138
182.0,164.2919760916714
191.0,165.03808104784355
195.0,164.54038123513337
196.0,169.5943176549916
196.0,177.13512267878224
189.0,186.63196437274323
200.0,191.51840873957724
200.0,205.94578436451107
192.0,204.50844707662196
184.0,202.2140673722945
175.0,196.78165190137247
168.0,173.78136008186016
158.0,202.8290624289187
149.0,203.99693743884413
142.0,182.4954812590086
136.0,169.73892555714116
131.0,153.45282404043718
127.0,150.72801546384056
124.0,129.7252074557176
120.0,123.72015717356038
115.0,121.88287856817645
111.0,117.26978050172636
107.0,110.80094825373057
103.0,110.77384318386775
100.0,106.01421098694364
100.0,98.63960276202846
102.0,97.40234101719471
101.0,96.35796445794362
97.0,94.43486904511822
94.0,90.64004945466009
92.0,90.687865856628
90.0,93.16191405722836
86.0,100.40641514559016
87.0,99.06361423717601
86.0,93.1912195589737
81.0,88.79185286024668
81.0,88.58366488893003
88.0,86.13036749850411
88.0,83.59817545402299
88.0,85.4669240152533
87.0,85.87309439364812
80.0,78.90838071686183
78.0,79.00156845728993
78.0,98.06853643382067
82.0,95.25387601364348
86.0,94.34629360115949
88.0,87.87940768422521
90.0,80.59293087242129
89.0,76.55795754702096
89.0,76.92229361349669
89.0,84.58844819198316
87.0,95.88551287674952
84.0,99.03986647767454
86.0,98.8695730421612
87.0,94.62282107110713
92.0,94.24622078802237
95.0,93.99064631502853
96.0,87.9485754751028
98.0,85.46725778325877
107.0,88.0947629077669
122.0,87.85773713953792
117.0,101.519644674679
122.0,100.66415688671125
129.0,99.71308381713929
137.0,103.39723947478515
146.0,116.23887167616358
153.0,141.22674278319806
163.0,128.36985544149618
171.0,131.9870717553648
176.0,142.00952313337712
180.0,149.59441174647696
183.0,160.2360980346758
186.0,166.2115415514659
192.0,182.69505362992132
190.0,191.69939855081597
189.0,195.70124341344783
189.0,192.2862392219007
188.0,190.25598796330365
192.0,182.90651489981238
190.0,200.19746145163882
187.0,183.89007587769734
184.0,169.30792333711997
182.0,170.62145589835507
184.0,172.32792183236955
187.0,185.96585081100716
184.0,182.2990083749617
180.0,173.0946907176075
176.0,171.487149159616
170.0,166.52524149638822
168.0,181.2717134797963
166.0,186.52020436226894
171.0,182.9666613545553
170.0,167.78723231085485
164.0,160.79565515890928
166.0,152.25665963613622
164.0,153.00828619401824
162.0,151.964317893427
161.0,171.46132489859247
159.0,165.35796955582
155.0,155.74411794668458
153.0,159.06864581378318
151.0,159.39468218987608
150.0,155.33971206019504
157.0,156.26134458375287
170.0,156.85788930557118
174.0,144.72394132721
177.0,143.43209087067794
179.0,141.89549505071835
180.0,143.32521185022043
177.0,158.43000313825735
170.0,171.23480852043596
165.0,181.84952039974826
159.0,182.7267486166944
153.0,185.39880179251756
155.0,183.99851872747908
155.0,168.87476167624058
154.0,160.12594894853018
151.0,154.25910604879257
147.0,148.23219811372016
144.0,137.7086004528631
145.0,141.336207144583
141.0,144.9504348597947
135.0,144.29557216748378
136.0,140.22770800165603
137.0,138.4087526808819
137.0,138.4687490697152
140.0,147.1193194435501
141.0,140.32509381364216
143.0,131.25810050634232
146.0,133.1838328077371
149.0,138.4692145016723
152.0,139.7640608170097
153.0,144.34269112996583
152.0,146.10919461153836
151.0,146.161091647833
153.0,153.33319801871275
154.0,154.10399002303583
154.0,158.8512097613126
161.0,154.17901345196137
167.0,147.6908653317281
166.0,147.15167385303715
167.0,151.72274128167706
168.0,153.22846305091497
167.0,152.4720741036164
169.0,166.45103989691572
171.0,176.22420390629267
176.0,169.6925122949687
178.0,169.89701944517148
180.0,171.9745050731201
183.0,168.54139115156616
187.0,172.6692261227564
190.0,178.1257425377604
188.0,184.57495228776213
189.0,186.33230719914155
193.0,184.05798070661504
197.0,192.29425932423453
200.0,194.9714246572715
204.0,201.04958053249723
206.0,189.524655216879
206.0,191.99802091408844
208.0,200.0170745476865
212.0,206.08103633249974
212.0,210.6627355523271
218.0,210.96755573097425
221.0,214.29417187033533
225.0,210.16983414266315
222.0,209.47188142429002
229.0,219.28825595292082
234.0,215.86437235813713
231.0,228.15798766832566
221.0,228.4968500201814
214.0,233.52899208786752
210.0,222.20979634349663
209.0,230.8200143881434
211.0,231.1760597156137
213.0,222.74425225816358
217.0,201.04401359469486
214.0,183.5021629699014
217.0,183.84098076391737
226.0,186.033031368093
235.0,197.7054405588068
245.0,203.47610352455771
256.0,214.08069876060378
258.0,204.14284145487005
257.0,209.86164086187776
255.0,223.82015858880655
254.0,234.99583490961697
253.0,244.1079740835749
249.0,250.23142406998235
242.0,242.15265197611518
235.0,241.53346295722153
228.0,241.53551520627917
222.0,241.20531361055563
213.0,240.64803794377812
209.0,234.04267492037914
203.0,223.3772028725881
199.0,216.01030401161813
197.0,209.09074946700272
192.0,202.7531363490961
188.0,183.64271857307654
188.0,187.290654465587
190.0,176.40474303015282
191.0,174.1268058335034
190.0,170.90757029810047
186.0,166.11738363050623
177.0,165.5058624570333
178.0,166.6884620963663
178.0,169.1433668470571
177.0,172.23418652008962
176.0,175.27906605516858
172.0,173.7326218646038
170.0,158.4331700316636
169.0,161.85416384194164
167.0,173.54106854823993
167.0,168.81215776047011
166.0,167.25191846492046
166.0,161.7792936861227
168.0,157.6189296907621
174.0,157.1009050752748
179.0,154.7951461879793
179.0,158.96358068893696
180.0,160.97826173249993
181.0,162.3023568095252
183.0,166.2913403192561
186.0,180.66996712459067
189.0,188.54123334994523
193.0,183.48577794612495
204.0,178.317274618025
209.0,177.83939937930987
183.0,188.50672580891776
183.0,192.6438155516452
182.0,194.9024818592379
182.0,200.6876452351992
182.0,211.3663354506323
177.0,220.47117770623512
174.0,173.6580547057645
173.0,173.31898707427607
171.0,175.81043460716293
167.0,177.41254835523512
159.0,176.9926962502581
152.0,161.85860960754957
149.0,161.54527377109517
148.0,169.53449041178987
146.0,170.577623760242
143.0,153.77966368263276
140.0,140.75743480149413
138.0,129.4713519083421
136.0,129.60852824027398
135.0,131.71183333574857
134.0,134.76260351654471
133.0,131.62263417206933
133.0,127.37778512472019
132.0,126.63303850077888
132.0,128.18922424440424
133.0,130.22918268449453
134.0,130.74430392694794
134.0,131.88978553293185
133.0,134.57777335570574
132.0,127.1589095777522
136.0,127.68667104186667
138.0,138.25142862301647
139.0,142.50022056157638
140.0,142.0286163808928
144.0,137.8748168539451
147.0,128.85430531443555
151.0,145.1147063499753
155.0,145.74210511974826
159.0,145.24451111198593
162.0,144.92269525199404
164.0,153.6997331661282
178.0,156.53529924952463
182.0,163.2085652971758
185.0,165.39081120627176
187.0,170.3369187328707
189.0,170.13649417979542
190.0,174.96138773634362
192.0,192.25090945454463
193.0,191.44117936986999
194.0,190.34905098334508
195.0,188.5315969922512
195.0,188.91818529503072
194.0,194.59766333427976
198.0,200.69397332503735
200.0,200.3872850453656
203.0,199.39910776157345
207.0,203.62815519131223
209.0,202.3097952474203
209.0,195.29158444578653
206.0,205.66256150540107
201.0,208.25292484960752
195.0,208.10619031133237
188.0,210.25101393364477
182.0,209.5975511483959
175.0,204.67993145858864
166.0,199.68320223491605
160.0,188.339305597181
157.0,176.0285965692246
153.0,162.58138287216187
147.0,160.83853161300246
143.0,158.85472450719308
144.0,140.57049063679818
143.0,135.59806971721315
142.0,133.23273838341558
140.0,128.46984034841302
144.0,126.05210564021887
145.0,123.11932224247995
142.0,129.2813322815955
138.0,129.3762760872383
136.0,128.83399186629265
134.0,126.07904656795363
132.0,143.84397923397051
131.0,147.89039998815323
130.0,139.44649188182055
130.0,127.69200270834031
128.0,127.77521024513
128.0,127.14039631547308
133.0,122.91540798613352
136.0,123.8240918552473
135.0,124.18423888644398
135.0,126.0592753098212
134.0,125.46119664819923
131.0,126.24293877511387
131.0,139.27888745379764
132.0,144.0507175992609
134.0,142.271970926978
132.0,141.97874792358118
133.0,139.8413174589274
136.0,128.52102677154159
139.0,129.03294347638683
139.0,130.60790630622
141.0,138.2090685602709
145.0,131.07469196167955
145.0,135.79836875549373
141.0,139.93124131914982
140.0,143.5020016512064
142.0,141.46255772964426
142.0,147.33452067543274
146.0,154.00184168960945
152.0,152.133643945581
154.0,144.7010047526019
163.0,140.35863473186814
170.0,147.23473516325112
175.0,147.363881965486
180.0,155.47850602976888
180.0,164.19778155609328
179.0,163.46080085044196
182.0,174.74488834084679
185.0,180.76147273185774
187.0,187.02813768714344
193.0,190.560037879764
195.0,184.39196536002032
196.0,179.161253259451
197.0,183.9233147693005
198.0,191.62143123738602
199.0,192.14165351815745
201.0,202.70172733665166
198.0,205.9614360864183
197.0,205.33378539381448
202.0,202.87451402862345
209.0,205.65140773009418
214.0,205.57490971632922
220.0,207.90711649041558
223.0,203.37527691033713
224.0,197.23647041406133
225.0,207.005012938543
228.0,216.3686697241688
230.0,220.6234544256786
230.0,228.67581910772037
230.0,229.77986577619643
233.0,229.68335450884203
235.0,233.15505921946476
236.0,235.75435247133433
238.0,236.51088402687688
240.0,234.80592789217377
241.0,233.9141832793741
243.0,235.0977704973416
246.0,236.92290457230973
250.0,236.36506888484612
254.0,240.3003900459289
257.0,239.99013955039888
258.0,240.90794585989443
254.0,241.89596179335405
246.0,246.3681653935204
238.0,248.62462620621233
232.0,244.74270005515146
230.0,243.8699300401911
224.0,243.12855186596803
226.0,241.47038980210746
223.0,231.94253105327564
218.0,227.3267686516173
207.0,214.34216061521187
201.0,215.73586945307562
193.0,204.9807209375951
189.0,211.04410954179335
185.0,207.27624408335794
181.0,204.1376541450756
174.0,188.4613472166598
161.0,178.14473542752518
166.0,168.09870413097926
163.0,165.03688232413174
157.0,162.96421463491484
148.0,158.33533404831653
152.0,156.45986073947375
155.0,137.10731000401464
157.0,145.8338704958453
157.0,151.17106849459952
155.0,138.2129661624441
157.0,124.29467908596243
160.0,135.66054494283748
163.0,153.82058547078657
169.0,154.88804543326432
172.0,151.72185161567222
178.0,141.35627110538664
180.0,149.45347701859438
185.0,156.39387330294875
194.0,158.59423065030347
202.0,164.11365344267912
211.0,172.75397255709007
221.0,184.91712493021612
227.0,180.855444663134
235.0,190.01642035942427
245.0,204.08888128177742
255.0,210.16888360861068
265.0,222.26008813919128
271.0,228.2581462812072
274.0,229.88471095546743
284.0,239.1988648616304
293.0,243.69024107354076
301.0,248.87785798814087
300.0,260.81157238686416
303.0,254.8109363864679
312.0,256.4216650842018
313.0,276.77150074181475
306.0,293.50150439690026
309.0,313.8228579520578
304.0,312.9611553472396
300.0,312.0182892009047
297.0,309.5557313905851
291.0,307.01058615629654
285.0,306.13202225663434
278.0,303.40038415108484
272.0,297.25879933691095
264.0,292.33093800852464
257.0,290.89964179525106
254.0,265.20466761416975
249.0,263.89788564853706
245.0,260.76347236987135
238.0,245.8532475052626
230.0,243.44308602258133
220.0,224.32142615819888
213.0,230.2042661621675
206.0,228.24024603384967
200.0,209.8666393038176
196.0,207.02237226752138
184.0,200.79804391457802
180.0,194.6983222492203
159.0,183.6927491294231
154.0,183.9704606618293
149.0,175.7988587823242
142.0,169.7793405075354
146.0,159.96547082838154
135.0,153.43663312123243
123.0,124.93135294028787
120.0,126.71229715917687
124.0,119.96250445985909
129.0,108.17942030904317
138.0,129.8219956063744
149.0,114.1825546385654
161.0,103.45699738186767
173.0,97.76505938918928
183.0,120.7605545969523
188.0,137.59301601578005
194.0,150.94467114335663
199.0,169.83023910573746
204.0,175.28195797050628
218.0,185.17507671248458
225.0,190.91885277887494
224.0,193.65992925597865
225.0,201.27813141595504
230.0,208.59437466158425
226.0,207.68176291204793
218.0,227.17829771951332
211.0,230.50701343663874
206.0,217.1900089719194
200.0,220.49918066454646
195.0,229.15956971990138
192.0,223.43818934069273
190.0,195.05719692624746
193.0,177.72161637293706
196.0,175.27291352975453
194.0,167.81591577686953
189.0,163.16176863324748
185.0,159.98614088562644
187.0,158.635900157759
189.0,166.32750971512857
189.0,173.75764168771562
188.0,171.53322439064797
190.0,161.6670809172584
192.0,164.53821177559016
191.0,174.70781270781936
191.0,184.45638457702518
184.0,181.7906060598754
180.0,180.62026881075832
180.0,188.73875844223988
181.0,190.8193666404513
179.0,189.6783024043676
178.0,189.9242495184249
180.0,178.87327059179762
180.0,169.3748091291337
181.0,170.81306914816327
181.0,173.78093549741868
184.0,171.0095445321885
186.0,171.2905012245713
188.0,178.48885486720152
194.0,191.33230411004928
199.0,182.05084419625746
203.0,179.11267315822843
206.0,188.12031147017169
207.0,188.58525127100583
209.0,191.83133468416946
210.0,201.8890605199087
210.0,209.50357563771544
205.0,210.27977506906626
197.0,217.45552243430902
187.0,213.89747122938002
179.0,210.37652504309702
169.0,214.82597492985164
157.0,212.3721132378936
144.0,192.99025797431247
130.0,180.18659469750008
117.0,172.6112812023464
106.0,163.98455904074999
95.0,142.6709982946112
87.0,134.78891417058682
80.0,116.74876040161512
75.0,104.70188454324902
71.0,94.4470715268187
71.0,91.4925409841848
75.0,87.61716874713386
81.0,79.36623558347543
85.0,77.0049934923382
89.0,76.68571580534682
87.0,76.89772307819679
82.0,78.94700101510178
76.0,88.26313172115889
72.0,101.91903706876428
68.0,101.31257521696809
65.0,109.49858950702024
64.0,96.27264310725658
62.0,85.2033927346087
62.0,80.20596288310814
64.0,79.91237460979276
66.0,77.52737616052761
68.0,74.33608532907371
65.0,73.77472110644234
66.0,70.89025422382022
72.0,70.46951184876275
72.0,73.50731330353835
74.0,75.31424234994194
78.0,82.24982666668896
91.0,75.67604018094904
106.0,75.45719528350912
116.0,91.19575534371835
125.0,90.6177310367667
127.0,91.10674515621027
126.0,94.76476763312503
122.0,121.40640028531084
118.0,131.6416557975365
113.0,136.0500575065345
110.0,151.0368273500203
111.0,150.19993209623698
113.0,137.95520157047156
114.0,127.325500644636
115.0,118.23035203579987
115.0,107.18616867793732
113.0,103.66038463872108
114.0,106.66026385292801
113.0,114.17561764965681
100.0,121.21709023556984
100.0,121.07569259723023
101.0,118.80674505670311
104.0,115.87165372488687
107.0,123.6069091119674
111.0,121.54305263532935
114.0,101.92383143578475
107.0,97.99220035320667
102.0,100.18682796888997
108.0,106.85975500970922
111.0,120.95385712506865
118.0,127.0693665413889
123.0,132.74503467212912
127.0,116.43978481319719
130.0,108.33525408388202
132.0,124.66837431474148
134.0,119.73152058019255
139.0,127.34999987088725
144.0,134.69329095498554
143.0,140.8132141822852
142.0,140.1718371588113
143.0,138.60083382702163
144.0,140.14106870077188
146.0,145.02241620453782
148.0,152.5683470470619
151.0,145.66563117540824
155.0,145.2097089747556
154.0,145.48978878494052
153.0,147.6026519430159
152.0,153.6261102347308
154.0,153.67014723635484
156.0,157.91992241087885
166.0,160.5709125837062
175.0,155.33843166712677
182.0,152.63394772352797
185.0,150.84541958685674
184.0,154.2286489458582
185.0,157.80296264978847
186.0,177.59588047698088
185.0,187.34841724586374
188.0,192.6065852032839
189.0,195.94710770205594
191.0,189.54503935929324
196.0,189.51044088744655
196.0,190.0651804646425
192.0,187.98706057025652
194.0,191.54209243812412
199.0,192.58910400268195
202.0,198.34480722927316
206.0,204.75014370589153
206.0,202.67175667520797
207.0,195.24120798940027
211.0,195.89733996650673
213.0,206.49638270256685
210.0,209.97709266503165
211.0,216.00003983346033
212.0,209.77990211526142
209.0,207.51554457867542
206.0,216.67980155145673
204.0,214.76969576378661
202.0,208.38915798451137
201.0,210.18807061063714
200.0,211.21709564580456
198.0,203.81946973093767
197.0,198.51029833030043
195.0,186.68766976935726
193.0,185.61829085376374
191.0,187.40791009346876
190.0,189.48765328590892
189.0,189.30342316366807
188.0,187.80725719795132
185.0,186.4522214278559
181.0,184.11923026514836
182.0,183.32768461414994
181.0,182.8354990536983
179.0,180.48156259102552
177.0,180.09642106540403
176.0,179.50572126625468
176.0,172.23005475747917
175.0,176.76355713368352
175.0,174.37978670586762
177.0,172.17104431002173
178.0,167.7401496764794
176.0,168.6485656482339
174.0,170.5362316329031
174.0,171.8578716262254
174.0,171.21378424658855
172.0,175.23452660209125
172.0,184.44592223247184
171.0,172.7051430138698
171.0,171.41156120612467
169.0,171.21605840943133
169.0,171.31576284157313
168.0,168.61977093790304
167.0,169.36139854396237
166.0,169.9070201474936
163.0,172.01149543650448
157.0,167.06639138399424
149.0,167.52421181076812
140.0,166.56603428201487
123.0,165.02664905591055
139.0,165.2551002206812
148.0,165.56520671071092
143.0,162.74772718150146
140.0,159.41431686491688
134.0,147.33876038241547
143.0,115.96092473471056
154.0,141.65958421645414
150.0,157.56275151245092
156.0,150.3556606282844
146.0,141.1696762139152
149.0,133.73186443349888
147.0,148.30234069490686
129.0,177.10010339262647
124.0,161.025866526955
129.0,158.69305000693203
142.0,139.89356454026247
151.0,141.46016605421096
156.0,143.02548984785687
160.0,114.23658917157566
160.0,114.35809433507286
161.0,123.1915977423996
145.0,165.30845577662896
125.0,180.5611063843265
111.0,170.99576110291395
118.0,166.42774764206365
132.0,159.08744489372864
134.0,156.7462105123724
125.0,137.4541894304328
120.0,117.86203608267506
115.0,128.59227856776687
113.0,111.71939305658003
111.0,134.70132054567574
124.0,136.79436741808343
135.0,122.78370240951992
137.0,112.88939417523328
133.0,107.23405763206243
142.0,106.58607234468393
148.0,102.89934711849259
149.0,130.32820330965612
143.0,145.12085612527545
137.0,142.56850716631013
135.0,135.6171830700094
133.0,154.59233965986843
125.0,159.1318632332593
117.0,156.29800560133936
115.0,140.77796986086173
112.0,129.22302182281896
108.0,130.30431640868824
103.0,125.69009205934282
103.0,116.17809756176611
103.0,108.1212860111137
103.0,103.79227798289772
81.0,100.01274107591426
77.0,99.25659628484074
70.0,93.09487897290691
69.0,95.70222670648623
70.0,98.42914354348481
75.0,99.5467052379838
79.0,83.30851596885127
80.0,81.93010808454149
85.0,79.09789840736288
91.0,79.85240447295793
93.0,80.82418122236449
102.0,89.8835742989276
109.0,99.27628383969709
115.0,94.38020951077672
120.0,103.34986249381622
127.0,107.89284005034676
127.0,109.06153648322176
129.0,135.30530625557
136.0,135.64233185089506
144.0,137.36333419514173
150.0,136.0772479256675
152.0,151.33122612484556
154.0,144.71960710343197
157.0,142.0158135812391
159.0,148.6468536688276
159.0,160.1872421755139
158.0,164.93415922565742
153.0,156.45456825546182
150.0,152.70360985018195
145.0,156.70554657186182
139.0,161.6532868748986
136.0,158.84378933888513
133.0,154.60437087371324
131.0,142.103963568354
130.0,139.42191406722893
126.0,133.20555573071195
122.0,123.40787175245173
116.0,123.98585021681296
114.0,120.91158735163359
114.0,120.73283728698385
108.0,123.14350798217357
109.0,119.74745492629316
112.0,112.1030484252932
117.0,101.52669210755447
123.0,101.70574001659199
128.0,104.61096751689506
129.0,99.8245731236403
126.0,103.69608536300902
125.0,113.31691217520469
123.0,123.2727176423303
120.0,127.81730911588708
114.0,136.38935905361274
108.0,136.28745512207456
116.0,126.48135746016665
121.0,122.83037406046172
121.0,120.42264577176472
119.0,115.40303749001137
120.0,111.32748814312818
122.0,103.93575397870542
123.0,117.08824821491463
122.0,123.98194058677292
117.0,122.62566695231058
114.0,119.43895899925995
119.0,119.9821243903463
122.0,122.91759471880417
122.0,124.46351304520364
121.0,122.89694637912356
119.0,117.92715905681355
120.0,116.24431687802685
119.0,120.39944103456556
119.0,125.50981543662806
118.0,124.3241593435888
115.0,121.69177011765086
112.0,119.17059825457073
112.0,120.03020955080886
114.0,118.96266146511576
114.0,119.08378815137289
114.0,118.86243470433108
114.0,117.27054501228999
117.0,112.06800822876262
122.0,110.76120858546575
124.0,114.42987307179601
122.0,116.75475876234853
125.0,117.33881039476684
132.0,117.01564988507106
138.0,120.10460636690395
147.0,127.37475454530022
144.0,128.966816834519
146.0,124.25493116272611
148.0,127.8205407509574
152.0,139.43508573549553
156.0,145.11450870183273
159.0,160.70244841936534
159.0,151.5023673277346
160.0,153.17956051305364
163.0,153.02991068662342
168.0,161.86228475674713
166.0,165.63031356460263
167.0,169.80822405241742
174.0,166.68004086019096
172.0,167.69356456546245
173.0,171.12294576194623
179.0,177.97840617507308
187.0,171.81684217125877
195.0,171.16634458926728
198.0,184.39808810470694
193.0,179.30360158332738
189.0,177.9875935381522
187.0,186.1734102020341
185.0,196.82237865570028
187.0,210.20622994655358
189.0,211.2628709887329
188.0,201.4259581479895
189.0,195.67457176573598
188.0,193.0572031054379
188.0,189.6473139548854
188.0,189.91887651161701
184.0,193.42714126563683
182.0,189.6176510003567
177.0,189.92682151399393
195.0,187.21726112566319
225.0,185.19339212321816
244.0,185.44941562087732
253.0,182.4197483798839
244.0,179.17847688455768
235.0,173.82366631997024
242.0,203.88248777747918
258.0,237.9490433139403
254.0,244.12451674863308
245.0,247.69403003717358
253.0,235.58601270977974
259.0,219.63769985874393
265.0,225.97216877212003
273.0,263.08269911931757
282.0,251.63884655254645
278.0,215.5836187775975
267.0,251.04681879460784
271.0,251.25495590571188
271.0,270.24519115284187
269.0,281.5911829183693
253.0,290.5247382082445
239.0,286.7062520171238
247.0,259.0451736215276
243.0,255.98928865862536
235.0,257.3409298583114
246.0,265.36956227345877
248.0,230.52057663740604
248.0,206.5884550816444
247.0,233.56191103347334
246.0,225.68373081382728
245.0,209.8148629083947
243.0,233.44530567629607
241.0,242.2338769216735
236.0,239.153858858943
232.0,236.95197941218072
227.0,232.52998351231625
216.0,231.58800394030962
212.0,228.70618389253252
208.0,225.0902240379409
204.0,214.24884870479434
199.0,211.64275782572332
193.0,206.9969508836164
187.0,188.40864431994132
184.0,187.7287100948545
181.0,187.45204568611845
177.0,178.73005376439056
176.0,175.64290094040012
176.0,168.80181937465093
177.0,167.22954849808804
176.0,164.73398640391252
175.0,159.5780064774887
175.0,157.93631429004185
174.0,158.9525308636086
174.0,162.0742207828246
174.0,164.79598180846966
174.0,163.140481600421
174.0,163.00027767511176
176.0,165.23033728710254
180.0,166.01258202618294
184.0,166.2546631586123
177.0,167.40122227435427
174.0,167.70667442984276
173.0,168.41714228987345
177.0,170.9434766034127
181.0,182.73472981880667
184.0,195.32142241849556
183.0,168.83361527864759
184.0,167.00823304300383
183.0,168.87856974533184
175.0,174.472548192177
169.0,185.59429568011322
156.0,192.47148283670177
150.0,188.78915749841823
163.0,190.83099215998334
174.0,187.06150407544803
179.0,174.50259145244672
179.0,163.78164969868038
179.0,155.43595605535617
179.0,147.93300707848138
179.0,160.21213302856103
179.0,184.35228646518195
179.0,190.4597728544529
180.0,185.62423776342553
180.0,181.65270206577088
184.0,180.01148464625356
184.0,179.94436049285667
183.0,179.99594362438737
181.0,179.85840700391486
183.0,180.45744944885186
183.0,180.38132129178803
179.0,192.6737906331738
184.0,191.4804665032174
190.0,187.93290287366162
191.0,179.65442118983225
190.0,186.8394114440087
188.0,186.84161403810168
191.0,178.88329325516713
193.0,190.0546791523576
195.0,200.18280902770056
196.0,197.83005469092296
196.0,195.92864423891763
194.0,184.95965620242123
193.0,189.8386297158014
191.0,191.47732436281393
188.0,194.54793385184766
187.0,193.80627494297923
185.0,192.2042077080898
183.0,188.2604986239174
182.0,187.8339542601401
182.0,185.08399983396478
181.0,178.1345690520891
180.0,177.7179570954681
177.0,177.7639492221706
171.0,177.85127782642775
169.0,177.55944066152185
165.0,178.72407121390725
162.0,175.7132093638522
156.0,175.1345471165417
155.0,167.85923097605848
155.0,163.96738537693653
152.0,156.9249790508971
150.0,151.21538154939552
148.0,147.1434936364853
144.0,139.45257681606344
143.0,143.6326649970884
140.0,146.19443009222445
139.0,137.91842672735646
136.0,138.16853459684168
135.0,136.32965688186192
133.0,137.94809497743063
130.0,138.9944614439776
127.0,133.5153204904558
125.0,132.5412532683757
123.0,131.48684808883547
121.0,131.30103388422353
120.0,127.88618221263243
117.0,122.65807761942192
116.0,120.59087784382372
113.0,117.5986777012385
110.0,115.88679755364245
108.0,113.42576369200013
108.0,114.45906041239381
108.0,112.57255817955463
108.0,109.26821968850612
106.0,107.00040939937324
106.0,104.1209814059485
105.0,103.18027398380109
104.0,104.37448502279311
104.0,106.39407375738072
105.0,107.07857590006799
107.0,103.83762744215036
102.0,104.70159847871184
97.0,100.7874203846792
93.0,100.33083834790783
99.0,100.8160283268433
105.0,105.98587336651947
110.0,108.4060362018269
116.0,104.26969829348796
122.0,96.06611834119516
125.0,93.80204063874989
127.0,104.62750866991159
126.0,111.26515397380878
122.0,124.56798962214079
126.0,130.8094140582741
128.0,134.52692115948875
129.0,138.15403193669576
124.0,139.07790063131583
124.0,136.19414578567248
122.0,127.25758178221427
119.0,139.36473993115087
115.0,140.5947013049433
111.0,139.24354346840252
101.0,126.51585927592625
95.0,126.04829149290752
99.0,121.60446470707255
104.0,120.28570882419044
107.0,118.14144850082894
110.0,110.73629806037489
113.0,97.37272992141898
118.0,91.20753571545107
123.0,97.83966636691207
128.0,105.06298434737482
133.0,114.73820080617232
131.0,120.75282720076999
122.0,122.02510848427359
128.0,128.191729367246
136.0,135.57054535333384
144.0,143.20889414004657
141.0,144.73923509223093
115.0,136.72916103373674
106.0,121.02934173076108
117.0,134.18105762111944
129.0,146.40348153113175
109.0,158.25142569273262
112.0,150.05757230655462
133.0,119.27456755882558
144.0,110.54959458553843
146.0,123.7743550513213
155.0,157.68120527801378
163.0,116.34775735065999
163.0,112.33282649105648
162.0,157.00051957810894
146.0,170.63894773133467
140.0,161.56763075607455
140.0,168.11181343627334
139.0,180.17832503315344
144.0,170.37265175234018
147.0,155.90804134558155
156.0,137.99513793942958
163.0,125.46441401696447
156.0,126.8177296002666
151.0,127.96698882959562
133.0,143.75871956992071
124.0,154.19586593943538
129.0,167.34289279147796
150.0,178.692423582504
161.0,151.50009934110264
194.0,147.0879125393448
224.0,119.28538068227657
220.0,112.52111084962452
157.0,119.45604286287795
109.0,173.3195674773601
161.0,181.64227027835136
155.0,207.19393552596478
127.0,237.69994289797975
159.0,228.46395288183766
145.0,140.22931027382828
109.0,119.92569170670262
100.0,144.30787883236403
182.0,143.56049242622382
215.0,123.81323472542402
186.0,152.03525523973573
155.0,143.43382502561374
154.0,101.62361341023058
196.0,106.59831639907334
241.0,178.99108859793117
273.0,211.13652509438816
286.0,175.76996430335913
277.0,145.25459413919577
274.0,142.27792063808303
276.0,190.25206727067533
279.0,243.40928667044926
281.0,281.19782342324237
281.0,284.41322324896066
279.0,270.50310999243766
277.0,262.87511526236545
275.0,261.5261146646794
273.0,259.2364672203836
263.0,263.9964027837227
260.0,269.6863720525246
255.0,271.17401236423245
250.0,271.7075820460925
245.0,258.41852063677993
240.0,251.87878866783882
234.0,242.48839182252084
230.0,234.1767117190621
225.0,229.60883645964006
222.0,228.0120175248708
219.0,209.05073951209627
213.0,206.89575010310955
211.0,194.64279815736427
208.0,194.03725839070867
203.0,193.05505467492952
196.0,193.06652675239778
190.0,194.93092165846835
185.0,185.2207904711279
178.0,186.33696599020132
171.0,183.86622923482784
165.0,174.90129873819637
159.0,175.53696489182968
152.0,172.8596559879716
141.0,167.33787594271396
125.0,153.6549462526888
106.0,149.12402042300067
92.0,142.05788169572304
85.0,138.6214805569676
83.0,124.38696856620062
81.0,117.05680641113244
78.0,102.13090817393669
73.0,86.91390586442205
70.0,84.48923715755252
70.0,77.13279117289197
72.0,75.75707642980286
74.0,75.98155123397021
77.0,76.40852382503844
79.0,78.74813239934811
78.0,80.74023991108919
76.0,81.6023209056995
78.0,88.37709356750437
79.0,89.48951689254228
81.0,90.52116928641742
83.0,91.13506078396392
83.0,86.00100625565796
82.0,83.26365872736815
80.0,84.60918796670116
79.0,85.15494465276606
79.0,85.70788962988925
81.0,92.2674206998327
85.0,89.90715943932148
87.0,82.83789297370453
91.0,80.10062471849979
93.0,80.23420403902753
89.0,81.1242040293072
86.0,81.64851176052163
87.0,93.03572117757889
88.0,96.40903994964943
90.0,101.96171608046573
90.0,103.9025445686755
90.0,94.85468717902077
90.0,88.03435432224042
90.0,88.08249291293724
93.0,93.88814730291581
96.0,96.99467539431151
98.0,96.57825404135119
98.0,96.0857581857063
98.0,95.58254465631748
96.0,95.27803050558227
97.0,99.6804839095402
100.0,99.44130809628145
104.0,102.7890288055044
106.0,101.08010368514717
108.0,100.56413569279397
111.0,95.5962064390077
115.0,97.76608667863522
120.0,104.29039692070741
124.0,112.13307135005688
129.0,112.75598566149807
133.0,113.23063718186556
135.0,117.96098349580076
136.0,125.58607296505674
138.0,129.44684113633443
140.0,134.86302522562573
144.0,140.62516977857234
150.0,142.65842713451397
153.0,142.77316887450132
155.0,141.07716510874724
160.0,142.42785718512337
147.0,144.63280413571704
152.0,150.97065408600164
157.0,164.85464392444038
161.0,164.40806703085497
168.0,162.54675771177853
174.0,169.06989768933326
175.0,143.61990393203166
175.0,150.09190192824846
174.0,160.96897799277326
173.0,167.14793068270063
172.0,173.38410693687075
173.0,185.0545322991576
172.0,183.5239397271934
167.0,179.8915159630751
164.0,172.2517885021777
163.0,170.92449680638845
164.0,168.78643284102017
173.0,171.4805903489561
187.0,170.35823369545645
183.0,159.59811511601475
187.0,160.08454596001314
189.0,161.3955788007318
191.0,165.76824117156067
192.0,189.02788211253974
192.0,201.02743389248886
195.0,194.07086769079595
198.0,191.46039958085228
200.0,192.91390895395062
193.0,198.1777418990859
199.0,196.42454347620262
206.0,195.04096363221873
205.0,202.49416759183447
204.0,208.37848721355937
203.0,208.8416993281898
203.0,193.4783058815496
203.0,204.51889240699785
203.0,216.78150100552483
204.0,212.2321595116466
202.0,206.34810023757473
187.0,205.34186711941314
177.0,204.36956814560557
184.0,203.2794578602379
187.0,203.78225385795
196.0,204.4703754498591
209.0,203.45226234961885
215.0,182.66160607835167
217.0,169.82621756095529
218.0,177.06657234923682
215.0,187.42572991593525
212.0,197.28708555539458
209.0,221.8420044153661
207.0,220.78181318432007
212.0,221.89756719504058
217.0,223.71269035458454
218.0,213.1433557114644
217.0,208.7215842686122
213.0,201.95491088287642
209.0,199.79733071756408
204.0,211.1825772430217
200.0,219.15204205082887
193.0,220.2849912352227
184.0,215.2157307544989
182.0,207.4889206359317
182.0,201.40626499705863
181.0,183.59802214696055
178.0,181.66473975162305
170.0,173.6867732831276
166.0,167.223111083577
162.0,162.52102923381855
156.0,162.17728856525966
149.0,160.0445055920289
144.0,159.3447348520334
145.0,146.7649211005832
145.0,144.91895652091958
145.0,145.12815968207565
143.0,139.5729915564246
141.0,127.47948487070995
140.0,125.40681365540782
151.0,131.68801738972024
154.0,138.08719315389035
152.0,139.19802956178964
151.0,134.11432737255
149.0,134.39755147721928
149.0,132.91715676023773
145.0,157.14852374234587
251.0,294.8834398271512
237.0,290.1502673290007
226.0,289.1498109025404
216.0,286.1995526965004
208.0,262.27411315402134
201.0,245.1601424909371
195.0,230.24360349548584
189.0,208.70887643588503
185.0,203.0500245331634
179.0,176.87414175529855
154.0,173.66340507161664
138.0,164.84696273058773
151.0,160.46495643197255
146.0,162.5277753381378
141.0,163.18427849538844
135.0,161.22315794143057
130.0,120.16427203833315
126.0,101.51059836992235
123.0,133.73984714705512
121.0,136.1550347767078
121.0,129.82296051328075
119.0,123.42203292601855
115.0,120.17035724852077
95.0,121.87236605060167
89.0,114.97860382963316
98.0,111.22519840423698
98.0,112.37735764257893
98.0,113.26677650155072
96.0,107.23225743754475
94.0,86.46207755334842
94.0,85.52558665426774
94.0,100.69761357329394
94.0,94.57322580474852
94.0,95.43124547232613
93.0,89.43556846953649
91.0,88.43409321776778
90.0,87.28372289067354
91.0,87.21855049374412
91.0,88.60028564186139
91.0,89.76707775036019
90.0,89.73543089955845
90.0,90.0597757596323
88.0,89.38652476674385
82.0,91.42650853802532
79.0,92.22462008284644
78.0,93.77177696333412
76.0,92.14105567251934
74.0,92.86649920117428
71.0,91.42272767302173
69.0,82.11464594289716
68.0,80.40156829981316
56.0,76.71601550619769
43.0,73.4710615939232
47.0,72.72499095906613
55.0,71.96199872083126
51.0,71.25081078713805
50.0,71.28725901682552
54.0,65.118922156949
64.0,55.57789767590597
59.0,57.91397561266466
59.0,72.15055585264471
59.0,66.40768048648336
60.0,58.59930275256701
74.0,71.14473383534528
89.0,88.82184541812617
97.0,75.93602210655492
100.0,73.64268423649196
91.0,72.21891326669862
83.0,72.61969476952757
82.0,97.1122654099194
85.0,125.73560071286238
83.0,125.7606427200262
81.0,126.63405605829773
90.0,107.42123176608631
106.0,87.21274446295784
124.0,82.9267738183038
141.0,90.10462315496123
156.0,98.89107303047537
172.0,93.5586842378929
185.0,113.25663328638939
192.0,139.69144762487008
194.0,153.91107363970266
206.0,165.78028406549325
216.0,182.04113271668876
223.0,198.08786535564738
223.0,209.2742928909845
226.0,210.67237843018174
218.0,199.81181180344836
186.0,211.55245987281154
155.0,227.3956474121186
132.0,233.06111844582736
119.0,220.42391875119088
109.0,231.42266627762325
102.0,198.43150201876352
102.0,163.32614325147102
104.0,128.35337230178908
99.0,118.06133234830442
89.0,115.87746966248223
83.0,115.07538159750663
79.0,106.82440988242283
76.0,101.19559991668112
73.0,100.1686399347903
71.0,94.12726431944112
73.0,86.94250717066139
79.0,77.5530614759477
80.0,77.72353580672751
86.0,78.93560285660054
113.0,79.0665303169276
141.0,81.09262568544185
156.0,83.57683656283103
162.0,96.98492397166618
161.0,95.30217990056572
156.0,109.03344462739899
145.0,134.4706221646768
131.0,160.10101798792078
123.0,176.30984226847067
115.0,187.12098697438088
109.0,152.78816935650937
103.0,144.11826148086251
99.0,131.52003254109408
103.0,117.12721516994148
109.0,112.88231831639686
110.0,117.0176096277123
110.0,106.26559114480364
114.0,98.7034220377467
112.0,94.69875873779453
114.0,102.52229314721896
116.0,132.56171137810003
113.0,130.83266684001003
109.0,126.03730902139114
106.0,125.42914326430939
104.0,121.70069028057226
102.0,126.05755326839666
100.0,124.0005832553064
98.0,117.42821616544485
96.0,108.61525463585683
95.0,103.47048289454432
93.0,103.73362015466758
91.0,101.74431138704374
89.0,99.47627437545023
88.0,97.46939336743056
86.0,93.80962296320457
86.0,92.65996714409506
85.0,94.15512179086342
85.0,93.92873180651188
85.0,95.1130011562738
85.0,88.78848426247437
81.0,86.31911776988743
84.0,87.10091018037708
86.0,85.96574243968571
85.0,85.98462898557568
87.0,85.9766174695436
87.0,86.155163608009
85.0,83.81323243152684
83.0,85.86101783883177
82.0,88.61232047635227
83.0,86.45567143300025
72.0,88.24357845000443
65.0,88.05439721220274
64.0,86.42817268506353
70.0,85.41012474937692
72.0,83.64254317827032
69.0,85.49862730158951
70.0,82.6837135598364
68.0,83.3424177845537
69.0,83.65131974405568
70.0,92.18549184594531
69.0,98.15674982883088
70.0,88.47553076167955
72.0,89.16640293901253
73.0,85.0347558320108
71.0,86.04579362296444
72.0,88.90960022804148
66.0,85.83164104458555
56.0,92.07538500489778
58.0,96.51605321159266
68.0,94.29656117749144
77.0,89.26223965608604
87.0,91.73630653931485
91.0,79.09649744309571
96.0,73.87221567575247
99.0,75.55178314028531
104.0,88.32448437925396
111.0,110.47252289320438
118.0,121.0927421844766
126.0,124.1354509453315
133.0,123.8501642470694
145.0,131.2178553337069
157.0,137.82581597369872
162.0,135.9142823377189
165.0,140.59998813192263
170.0,147.2685467162762
176.0,152.14570000741134
178.0,164.66133761053743
155.0,177.72246087774073
133.0,187.3855594234616
119.0,176.99979770918563
109.0,169.7552039715741
101.0,196.1085587555573
99.0,193.28660589589344
126.0,138.12561978976345
155.0,120.57570590257549
170.0,120.30975551386153
211.0,113.70444160406487
207.0,107.88714081080838
210.0,103.86084848273109
200.0,149.3343941224495
159.0,172.58533454573254
120.0,184.6185578512509
123.0,195.86163067737738
141.0,194.534737484585
158.0,189.9730771311662
172.0,180.78421593585566
177.0,132.46642676582542
180.0,121.90921247584112
177.0,120.10591330562025
174.0,141.10611937887592
175.0,161.6714407905511
174.0,174.77561794792135
169.0,178.88551889052482
162.0,171.29927370112242
152.0,163.8931966588989
140.0,156.07881391537666
115.0,158.1509366858772
102.0,157.68373884868248
97.0,146.6011283638792
93.0,136.87688061141245
87.0,132.64227024649145
83.0,117.30034696186368
78.0,102.18668373718471
72.0,95.60090624502176
70.0,92.04058719668474
67.0,87.81072397913715
59.0,78.97239223973877
44.0,78.77489066375689
46.0,77.67065084356376
58.0,74.08439888333115
66.0,74.10144476058531
57.0,75.82394949252608
47.0,72.39326519720198
58.0,63.687323604905096
68.0,59.0312982483538
81.0,75.90273060292778
87.0,89.41442468219539
92.0,72.5107295119059
94.0,60.61486406161993
96.0,72.2507758277993
97.0,85.47682241570045
91.0,109.41642759601797
85.0,115.08927000517667
93.0,121.91922454088412
100.0,118.06408738780446
105.0,112.27245090143387
115.0,111.96328673560454
120.0,100.26191793446588
124.0,91.53451696317646
117.0,106.016045267089
110.0,117.81929716039828
102.0,121.11317480083065
108.0,135.7368211858511
125.0,134.34882498869658
142.0,140.16982285994618
157.0,121.39717522117137
165.0,104.34939576976466
167.0,99.714020879862
177.0,102.81232021196054
193.0,143.0102099664151
200.0,161.61750136107872
180.0,174.8264403452418
177.0,189.56443708461097
159.0,180.65162176999922
138.0,204.07080044595992
152.0,220.8256821452211
176.0,219.54824343228748
184.0,168.68896816598266
184.0,168.86210897902077
183.0,142.17896754652276
179.0,124.09270982008157
176.0,134.67939584842722
175.0,180.50518702260422
177.0,187.53274450784696
180.0,188.41389735386358
184.0,181.05792709000244
189.0,169.0022793321672
196.0,169.96126458621683
198.0,170.38328676626475
201.0,170.94748710450483
205.0,177.3492386482813
209.0,188.31796071665278
211.0,189.2989598114659
207.0,205.63409275198137
215.0,206.39537884124402
221.0,207.58001616009696
217.0,211.0850253693299
208.0,212.79233243146223
193.0,216.9934698025188
209.0,204.8459691587403
214.0,216.45579814390197
213.0,229.43974559854286
214.0,221.31589021471476
217.0,203.35934545206084
209.0,180.50607060294945
208.0,208.49358585629702
207.0,215.20099980545567
201.0,212.32537777976137
199.0,214.56805406569464
195.0,220.4936690625727
189.0,206.30826787472654
193.0,206.301484649308
200.0,206.13327561360876
207.0,197.13993525763212
213.0,196.17074041348684
222.0,190.46488689444598
223.0,182.22545479316528
225.0,187.0580809894056
225.0,204.12305943310267
223.0,214.80361317505592
221.0,216.4616458508783
216.0,221.8564754104188
219.0,221.4384312960456
221.0,225.68053805686853
222.0,226.45368267160543
216.0,221.2903559339175
185.0,220.4515741044337
200.0,215.51027819100867
203.0,219.71142840801977
208.0,220.5652961393968
211.0,220.7933957762112
212.0,216.13538993433158
213.0,179.7089505608606
215.0,202.02134525624652
217.0,203.5670985683801
220.0,209.06939529342938
224.0,213.18859495471418
224.0,211.68988428222528
223.0,212.03774045218904
225.0,215.28411315142856
227.0,218.27643697472791
226.0,220.61614199861427
235.0,223.40641322947963
236.0,223.75566650051087
236.0,221.40986426548307
218.0,225.85301157522267
211.0,226.46551309577484
218.0,225.60711543087464
216.0,232.52931372097683
209.0,231.76134945111323
210.0,231.8993589927033
210.0,218.27021469994114
198.0,210.33662163606562
174.0,217.97488108009287
162.0,214.73275267117683
173.0,208.59563402657062
185.0,210.85387417857237
186.0,210.54913112335439
179.0,200.40774837965733
174.0,173.59458995827598
169.0,134.4857677099433
164.0,169.06910828207924
163.0,171.5400604125882
162.0,172.35836578238934
161.0,162.36832221568199
159.0,157.4325014865364
152.0,148.89630325593856
151.0,146.81725134804395
154.0,149.98781031399966
149.0,150.20331909069563
145.0,151.68852846184274
139.0,153.14367577286828
110.0,134.85549288408416
111.0,136.25635874126792
119.0,143.23399004742862
106.0,137.20020422729638
92.0,136.34243342814736
90.0,132.49630288782652
97.0,103.12315320196223
101.0,103.18657433418772
104.0,112.52720495267967
108.0,98.46185463170397
92.0,83.76002525255733
68.0,85.49329122176374
57.0,100.5172181853762
78.0,141.46846273577472
76.0,146.76124184803552
72.0,147.7546110663105
72.0,147.78384023989324
71.0,143.4439337349146
73.0,143.4439337349146
78.0,104.42903103243972
78.0,95.79073120379341
79.0,91.90792645439038
80.0,87.67736809316588
77.0,83.1599732480271
74.0,83.69152582671113
71.0,89.56938913954332
68.0,87.88837206089279
67.0,90.09999879260171
68.0,83.32141996563976
64.0,90.61254699967324
67.0,102.37536115094699
78.0,100.04707700825122
85.0,94.53069970592755
91.0,95.97511456518113
99.0,96.64562344366591
106.0,93.49318092182052
109.0,95.66766760869321
111.0,115.81465890523573
116.0,120.2025870197984
122.0,123.65463284161605
126.0,118.1793485968534
129.0,133.29891054962889
131.0,143.0576926940991
132.0,139.01421259446897
135.0,138.24545869881123
140.0,141.21134941860842
145.0,152.7687862998265
147.0,149.33730797054042
146.0,142.9357366769283
148.0,137.00463662448925
143.0,143.7312469873413
140.0,150.49904368282603
142.0,157.26766643417295
146.0,156.5189063981043
154.0,151.6199332727434
162.0,148.82547562326025
170.0,137.08781398565006
178.0,127.9737267117224
181.0,137.8200822052626
186.0,154.64702915885547
190.0,169.7755553825369
187.0,181.5918149585118
192.0,181.82994473912728
194.0,188.14769593452186
191.0,188.14090635696908
187.0,193.392662898747
185.0,204.02263623898276
188.0,184.63312971520395
188.0,195.71076000407496
195.0,201.21857281461445
200.0,196.40671924732237
198.0,187.5371266956033
205.0,186.01356630675892
213.0,190.10113654648595
258.0,190.07468727599644
252.0,200.1686936515661
250.0,209.59239173425175
249.0,205.20769856153947
249.0,213.0698162196448
250.0,220.0084024617042
251.0,256.8894629410244
255.0,238.18229164727913
262.0,233.2293783437746
277.0,230.9661435851755
284.0,231.5715360394372
291.0,235.30225956098107
291.0,236.04119036707198
281.0,238.15559550570305
277.0,249.19521670873382
277.0,276.17206076097915
275.0,279.6190149277728
278.0,283.2783021423926
271.0,280.46943519998104
262.0,270.18484885357844
257.0,265.7168576217224
252.0,264.34376799395704
256.0,255.21823277921294
259.0,263.1520165359409
260.0,245.15417736882756
263.0,235.79910109692437
259.0,227.29036120455302
253.0,226.14140607424977
249.0,233.24657385403987
244.0,239.08899828826281
239.0,239.71517975701138
233.0,244.8072558279713
229.0,238.36594267289925
223.0,238.4929625248863
216.0,235.5987898756255
210.0,231.40721679203173
206.0,225.67186801916728
199.0,214.62382547862683
195.0,211.79362560461314
190.0,205.8917765779787
182.0,197.25949775895342
173.0,194.90930422615565
168.0,190.84496569367144
160.0,179.4902947488666
152.0,176.78819006207496
147.0,173.99520524788852
144.0,160.40774694478307
139.0,159.81123428471457
130.0,146.51628207724028
131.0,141.00614764834984
130.0,124.04050820080064
129.0,124.88415272833625
126.0,126.5151715837865
119.0,128.3631685671677
114.0,118.38319889053255
121.0,118.53255622586322
113.0,118.87263584197854
111.0,119.03182168571297
109.0,118.37166875588099
106.0,108.34161787862311
104.0,106.00432861863187
104.0,117.26244510126392
108.0,104.81543527693553
113.0,103.65703206151
115.0,105.09576201167293
113.0,105.67397726368212
109.0,100.75530297303091
111.0,102.8732300713609
99.0,120.2533124198083
93.0,127.13598304923796
94.0,128.24326454745568
94.0,120.88210001196805
95.0,110.54292866384293
98.0,115.56584941958612
99.0,99.29336530854978
101.0,91.18414748391388
102.0,92.38514404270683
102.0,93.80283621153579
104.0,95.21825457012173
107.0,101.17623998294165
109.0,101.08910160541532
108.0,101.67721931284393
108.0,104.79397646008843
110.0,104.76221326243706
112.0,111.14762206309847
112.0,111.37814286638603
112.0,116.3135008753046
115.0,112.38306768238017
116.0,111.12463987499598
112.0,116.2085420854287
105.0,117.35197376547009
101.0,117.08884970197926
98.0,116.78042934071671
96.0,123.72114723827518
95.0,124.02552193673779
93.0,116.28973801827544
91.0,107.09089935420366
92.0,102.38450875422552
93.0,97.40782771223928
92.0,93.74195980970013
91.0,93.34596000411489
90.0,92.93350635418595
91.0,89.36514248342829
93.0,92.28552295948413
95.0,92.99781166150213
102.0,92.38919765387301
102.0,91.16153578023797
101.0,90.62515338869206
103.0,93.37366487831166
105.0,95.79063288918834
108.0,97.1278470671025
112.0,113.53705985785507
115.0,109.36903172921622
118.0,106.22289473496019
118.0,109.27476290282763
119.0,109.59436125981415
119.0,112.14982550013734
119.0,117.38651531485411
118.0,123.8264262253729
116.0,124.42724495004302
115.0,123.01770780135678
113.0,122.74616259622684
111.0,121.60561801943153
110.0,121.30928724896485
108.0,121.42761321127149
107.0,120.51010259049046
107.0,119.93464759687598
106.0,116.03669586158061
105.0,113.72246249214349
103.0,112.9853344359399
102.0,108.67588561758345
102.0,107.74937801435892
101.0,111.00212668005614
101.0,109.32678495772852
100.0,105.96350142615664
100.0,104.88879235480195
99.0,102.74867943997519
99.0,102.91324893891729
99.0,101.22333835227633
99.0,101.35877719684107
99.0,101.00912576508433
100.0,101.26672971642647
102.0,100.52800832602708
103.0,100.78542964292045
103.0,101.10646577514423
102.0,101.58917473336147
99.0,101.71165153537359
98.0,102.81645113201894
100.0,106.52215278300578
99.0,108.63461313311106
96.0,108.43714116449377
95.0,106.37904731315884
93.0,102.05967427291017
95.0,99.58499078167648
94.0,103.49426971646427
89.0,102.50646557101554
87.0,94.95826652697285
86.0,94.78080030069674
87.0,94.50528292004948
104.0,95.34272129504441
111.0,95.15743866641672
106.0,91.49368141675697
109.0,87.0324213708998
108.0,87.22917466944963
106.0,87.27491553410572
104.0,131.6417187952907
101.0,125.76613470701855
99.0,112.74611016761001
99.0,114.60727225765267
103.0,110.17422376397882
104.0,107.3571530735419
114.0,106.04744823739021
116.0,102.21323672949967
112.0,99.96742526182396
125.0,100.68893401471318
140.0,109.14092087246681
153.0,108.21011563161052
169.0,130.32487134336841
178.0,140.22370614784623
181.0,126.11947279968413
183.0,152.11265866478388
189.0,162.7464753423051
191.0,181.1662101318962
192.0,195.68473780432376
193.0,201.42015356119913
193.0,199.12357135087805
190.0,191.81955281149902
189.0,189.99215123230707
189.0,189.6415569109142
185.0,181.8308419794309
179.0,183.8602719386274
176.0,186.73086227851877
167.0,178.00017455297353
163.0,171.52796259747166
156.0,173.0325366656184
145.0,169.56097859508256
142.0,163.36812183192595
147.0,160.24709431495316
150.0,143.72451337320987
159.0,142.21991914711575
170.0,134.12084894506467
180.0,123.32501341967385
189.0,123.40901257235218
197.0,142.2094775144483
203.0,153.1035837692451
207.0,175.51595640792027
208.0,176.00041521651127
206.0,186.00991988697837
206.0,201.28172202942733
202.0,212.53073634226837
197.0,216.2095724714833
196.0,218.0101043248641
194.0,208.46088783397127
189.0,205.36955368878535
186.0,205.8837876141027
183.0,205.90588841752657
180.0,196.24093910782352
175.0,193.86392323609232
172.0,192.15757688859367
169.0,184.80279976187853
163.0,176.90619749749158
156.0,173.32965588656964
156.0,165.66905188553315
146.0,163.03860532044243
141.0,158.90283312040444
146.0,151.39427855518866
151.0,148.10428606290273
149.0,140.70005887541586
145.0,144.77715990968673
140.0,134.40200194311106
140.0,132.8372263278586
135.0,146.6242146729578
125.0,154.40241789004773
123.0,148.4015240698549
128.0,139.8462983902426
123.0,135.25205330524247
118.0,137.39320044798964
115.0,131.89178604618883
114.0,115.88336066473825
111.0,113.62951211103415
107.0,127.7273487286479
102.0,119.59388054874528
106.0,109.98164618644543
106.0,105.36139289187004
110.0,109.38376120183096
117.0,105.49545777655241
118.0,103.34818751863182
117.0,96.39898648115496
115.0,113.58073198945124
114.0,114.00655618020946
116.0,127.00068563142383
114.0,130.30980785309055
110.0,128.77669925988428
104.0,125.05760885291092
100.0,122.3300425451878
99.0,121.00288838365522
100.0,122.62242853715668
104.0,121.36026042855181
107.0,116.2512788142537
110.0,106.42539796269764
111.0,99.89472689833931
112.0,97.88820592387809
113.0,100.33569306301655
114.0,106.79885282193727
116.0,118.3838678699954
117.0,123.29509991594816
117.0,121.6519833582596
119.0,120.11639160642298
119.0,121.55957785900125
122.0,124.48984011476381
126.0,125.36084594471212
120.0,125.13460084641014
121.0,124.04994319403913
126.0,125.22932932799367
124.0,124.54132597194034
121.0,128.56166086238855
110.0,137.68655085433775
108.0,122.67116582666013
108.0,123.37159203835488
108.0,135.38265666502426
109.0,126.7646668061634
111.0,124.04128220389748
113.0,108.86383004737725
114.0,105.96627924034573
115.0,106.8792745681394
114.0,109.10356418359544
112.0,112.47111502025919
115.0,113.82004293883178
120.0,117.107394247907
131.0,118.35347939485118
134.0,118.10653777874616
135.0,119.64214283707832
139.0,114.24752376397647
144.0,120.28165612172623
144.0,124.6763990437994
139.0,143.8153670704203
139.0,144.09850141813138
143.0,140.94859600801166
147.0,143.93021455873202
155.0,158.65570951217802
162.0,154.4638816725411
167.0,140.1685861937517
170.0,138.80919126093184
175.0,147.6304842791716
179.0,157.0636351715654
180.0,172.12109737344147
181.0,180.35542972936318
186.0,182.0576317196389
186.0,172.93882814803723
189.0,187.71217024322917
192.0,188.73623900221438
197.0,180.38246767693443
208.0,171.36763377023715
215.0,188.51946829668393
219.0,184.30046607962035
222.0,187.1219326046173
216.0,193.21467451957625
212.0,205.3796292919265
213.0,219.83782186842149
208.0,222.3408368722082
202.0,230.12484424810705
199.0,227.4807791322237
202.0,211.28492395905528
208.0,197.37383517177682
213.0,203.58845044890205
213.0,191.3936416625894
212.0,178.73667800279554
213.0,177.15937243051857
213.0,181.66159106015988
255.0,202.42056186758293
247.0,212.9882127202803
244.0,210.64367269567865
241.0,207.38918844660554
239.0,209.7851396635827
236.0,209.67352395733138
230.0,258.061183679157
225.0,247.02801203963944
217.0,237.30471368970447
210.0,225.45758883404972
197.0,222.46509031628628
192.0,222.4265534347104
195.0,214.3709188316083
201.0,208.53789220542603
200.0,194.31044592093173
198.0,188.90600500919803
192.0,169.69247933300863
190.0,169.40682648084695
185.0,175.6692612154622
178.0,183.1326970343662
177.0,186.76934087912355
182.0,187.5350676451674
187.0,172.8334929772415
185.0,173.12143415922338
177.0,168.67421889202456
168.0,161.146965595042
162.0,164.22891236267665
159.0,180.70511947357213
158.0,189.8557309943779
158.0,183.10741925669998
159.0,163.1522617952826
160.0,153.18595455194912
168.0,145.99969202171107
184.0,145.868726931897
196.0,143.40239002720918
203.0,148.13053810942992
205.0,154.80764129180508
205.0,157.92427688398325
204.0,167.33966941529948
204.0,198.95260007090235
204.0,207.47143618280887
205.0,209.12422194052024
205.0,210.77863125606243
205.0,205.14410448850356
205.0,203.91448743323738
204.0,204.4307002736167
204.0,204.70038298795595
204.0,207.18769198158884
204.0,207.5962197917515
203.0,206.94674234327974
199.0,206.77797458569904
197.0,200.69168133373424
196.0,199.07435979761473
195.0,198.39392435121158
194.0,198.76859194739066
193.0,198.71189155055725
192.0,195.0211355495067
193.0,191.5442309972096
195.0,191.07643598005131
194.0,191.04690435416467
194.0,189.3772092022851
193.0,189.11230994877687
193.0,188.00553158341057
192.0,191.01004218336874
192.0,195.327574533818
192.0,191.55397633883896
190.0,191.3576121405205
189.0,190.89707857820707
188.0,191.0966462509251
187.0,190.01375214741412
187.0,190.38422108712555
186.0,191.25980436967654
185.0,189.5470223232409
185.0,184.66135909673153
184.0,183.36853620027995
184.0,182.73364522767426
184.0,182.92073611814422
188.0,182.28390890696838
191.0,181.68227583841016
194.0,181.93737301084482
200.0,181.7737868527238
202.0,182.29787702566742
201.0,182.72678060846235
202.0,188.317565792709
203.0,195.93506044897043
203.0,197.9583253733111
203.0,209.48905823916485
205.0,207.7603164929864
205.0,204.656350418412
205.0,204.4240776429515
202.0,204.10302064283835
202.0,203.5931742395406
199.0,203.56348981540296
193.0,207.91050080860694
189.0,207.8274724230223
187.0,207.3342450257157
187.0,202.77750582256016
187.0,202.0607681027258
188.0,197.48746037741702
192.0,188.32563188224495
195.0,183.6249117752393
197.0,179.95830755637505
198.0,180.12598004637218
201.0,181.13147150419653
205.0,182.4812350701862
202.0,190.02935038809505
200.0,197.60949267572235
200.0,198.03290224993845
200.0,200.6537281246899
200.0,202.62278663614788
200.0,209.37414855856215
200.0,203.1862987217728
199.0,202.84324060333842
195.0,202.70679905868212
192.0,202.4439320801498
192.0,202.2631859276292
204.0,202.22530492023785
210.0,201.06396256005897
208.0,198.18677839803553
200.0,194.26066735653998
201.0,192.37458861194895
194.0,192.3761441881937
191.0,207.89299774143123
189.0,221.78909666458094
185.0,211.80600592188662
183.0,198.04932213906807
192.0,197.0203232645804
190.0,188.02868060497994
185.0,186.27580667192777
183.0,183.08057613094687
187.0,181.0086085139291
192.0,177.76527686761867
192.0,190.93212686735242
200.0,188.47033866230902
213.0,180.46256190919118
226.0,179.0448774359579
237.0,186.35159358012584
246.0,196.5373122953036
256.0,195.09174257396407
263.0,213.70747908242578
268.0,224.9635039843955
274.0,230.91082654163833
273.0,243.20345515675965
268.0,246.6902271946522
263.0,252.81173163812312
259.0,263.98973869674614
253.0,262.22695545125924
246.0,262.48230383164423
237.0,261.7985726786915
230.0,258.33704670773426
223.0,250.42449095743802
215.0,244.35132437114316
204.0,239.0124066006993
192.0,209.73985232315098
180.0,208.93858226741295
169.0,201.63239771131495
160.0,193.7468959656476
156.0,176.7684918939666
151.0,165.7005123595532
146.0,154.0443816034677
141.0,137.28347582473873
138.0,116.93086347286093
134.0,120.20658902482086
126.0,127.63770892017705
126.0,125.4946734023546
123.0,119.21800530962452
122.0,108.42217789756387
123.0,117.8942553096615
120.0,114.76629992112466
116.0,110.20775592370586
114.0,115.8693934804752
110.0,112.83726522995798
109.0,113.36058681143274
109.0,117.46828598604057
108.0,113.18646590850965
107.0,106.17492756365866
106.0,105.11205992940512
109.0,102.41917393288949
112.0,103.74745276220246
113.0,107.319352139739
114.0,110.86481699299812
117.0,109.18303534635399
117.0,106.98830447517632
118.0,117.90932382384707
118.0,118.89943144422418
117.0,117.81329420535883
115.0,121.00261364513649
113.0,122.4614719662382
107.0,121.35552149336306
94.0,120.78139099040887
87.0,120.2013169508737
85.0,119.47703211235516
83.0,118.28871761287353
80.0,115.16259062921243
80.0,107.02019511349263
76.0,95.52384167515727
74.0,84.82368089017538
69.0,84.00907367370735
67.0,84.70512438192175
66.0,84.74146176693331
68.0,85.75030471426695
72.0,82.56589188760005
74.0,82.13276046072274
74.0,79.69323688540564
71.0,78.30257495692675
71.0,83.50604128914257
71.0,90.80418301876006
74.0,96.94994678838512
74.0,98.26665116069799
74.0,96.41579369718308
75.0,92.66439739690922
74.0,92.53175384690243
74.0,92.35209412935416
77.0,95.40639831463943
82.0,94.49786027149075
91.0,94.39550800864879
97.0,96.44460034798752
98.0,94.56067507507393
104.0,94.90501945155337
110.0,100.44769879057587
111.0,106.28396980500494
119.0,121.32687564383319
118.0,121.9743818828649
112.0,119.79897837348057
111.0,134.41131322991012
112.0,136.53770158043648
115.0,132.19827799992206
119.0,134.59270699685595
123.0,128.68956997986248
125.0,116.41476759102775
128.0,115.25913834039956
131.0,117.63462021111485
133.0,122.81089227746621
134.0,125.76827390717716
136.0,134.51078171207482
140.0,135.34480262483058
154.0,138.09367646558476
176.0,137.7241450201707
166.0,140.4887950746097
168.0,141.54169815696227
168.0,143.08040977325598
169.0,149.0598554141219
171.0,169.91798260958458
175.0,198.41433821791554
178.0,172.65160145716172
173.0,161.16390902449484
174.0,161.65366394501598
180.0,162.0461036672019
182.0,175.14062227205903
191.0,183.3768984665558
204.0,187.43675779070014
214.0,173.3985753578184
225.0,172.4942108098631
238.0,184.0562374856672
248.0,186.53199968824256
256.0,209.88591335556637
263.0,218.01301659221508
267.0,228.18453305096162
267.0,234.20761821408755
269.0,249.6820710729996
273.0,253.50343391890888
277.0,254.9700473936141
277.0,259.3062806841021
276.0,261.3967392894229
273.0,258.1951766552111
266.0,254.55597807870953
265.0,263.20068719236616
259.0,271.80972466760164
255.0,271.4104876456476
254.0,266.98783257647335
262.0,258.075825748127
257.0,244.85268422997703
251.0,242.33073092376156
246.0,231.6963312047782
242.0,230.01411240565545
242.0,231.86187266686036
241.0,246.30418949461472
237.0,239.78291309832366
234.0,239.27422339301643
232.0,227.3981261639384
222.0,224.71654045697147
211.0,227.27842964893102
204.0,225.7671023335182
201.0,223.57163358050636
198.0,213.55920047278744
201.0,212.67165583943122
196.0,201.75743020743363
184.0,181.84933737316302
180.0,171.06731092435126
181.0,175.5738337001868
175.0,175.20916742716236
174.0,177.52401298026587
169.0,173.3323830623121
167.0,164.9755641192764
160.0,159.059025991252
158.0,160.2999321163243
157.0,158.0450553817737
150.0,162.41138795800313
145.0,151.86686022768086
138.0,150.96767185487923
137.0,145.874535622567
139.0,142.04569611578788
137.0,144.80906575882642
144.0,133.85471273405486
146.0,131.37558717674955
138.0,125.34753585123002
131.0,128.88629696691706
136.0,133.22960740831658
138.0,135.66969419911518
141.0,148.99848906655106
140.0,159.96051007389204
137.0,140.07483023644306
135.0,123.70391733336736
136.0,137.17656446178933
141.0,141.9954865409363
146.0,150.38046250182626
149.0,144.55403704308227
151.0,141.5351217111919
150.0,138.212351964749
155.0,139.38562483685385
156.0,154.39881347564935
152.0,161.1353009902411
149.0,161.9093830785541
146.0,161.61150199232512
145.0,151.01580421772644
144.0,156.53786496220954
144.0,156.30388916357907
145.0,146.59575173412748
145.0,144.22635190090128
145.0,144.49811306933492
151.0,144.4646997316043
151.0,144.9529447945417
150.0,146.06880968170435
147.0,148.69306906067553
148.0,151.62941675837428
150.0,150.78773729356317
144.0,162.32991682339215
136.0,159.09613065903395
131.0,154.4434381469305
132.0,147.71555762937143
131.0,148.85420775141574
131.0,151.930348268541
133.0,144.38001027679204
129.0,130.60639175630277
125.0,122.24148738201569
122.0,123.92961662649653
120.0,124.4517159445734
118.0,125.30721723063026
119.0,133.82793696450074
121.0,127.02723623647874
130.0,120.69716170177657
133.0,116.86525646807793
130.0,114.72756204005152
133.0,113.33560822869079
137.0,116.3918999886767
135.0,117.94219908240643
133.0,135.6031780357036
129.0,137.33203699250961
126.0,130.65650969426994
124.0,136.6740183689788
123.0,141.3941483191815
122.0,139.02125552992672
121.0,135.56291706675117
121.0,129.64057539020303
121.0,127.1686216234831
120.0,122.19408081143537
119.0,121.25095349492102
117.0,120.65186225320221
115.0,118.33234212525853
114.0,117.98452740687975
114.0,118.25604858583982
118.0,118.83597488845112
128.0,117.92429818680158
128.0,117.30852617966856
121.0,114.44165714557408
115.0,114.72931710627225
115.0,115.53210088539103
114.0,123.0605046551847
109.0,137.01342967328327
108.0,135.24504192290328
107.0,122.29675533201737
103.0,117.65304696455229
100.0,118.10353286708006
97.0,116.3131242959544
95.0,107.30302091479592
92.0,106.56453905786609
90.0,106.8102342024996
90.0,102.25896836782968
90.0,98.75184748324371
87.0,94.60557249336
83.0,91.89393748849565
80.0,90.5774588325941
79.0,88.44656314662467
84.0,89.00899906298083
85.0,89.97959781676954
75.0,86.24826734622728
74.0,85.55818898128351
74.0,82.93980593307181
78.0,82.87651232006878
86.0,88.35719941340741
93.0,87.49673629322659
97.0,73.20918731868147
101.0,80.18296695221767
105.0,83.08410163622602
107.0,90.69537181589699
107.0,108.79604363913337
106.0,122.15581274392567
106.0,116.58336505254087
106.0,122.6224457578445
102.0,125.14989710238594
97.0,122.47201834502917
93.0,117.84125667915085
90.0,115.905934256788
88.0,115.65367180408565
86.0,115.25000398037919
83.0,109.72082834740252
83.0,95.35049924608548
83.0,92.96502961469966
83.0,92.1148224979737
83.0,92.30086000348369
82.0,94.50642323456013
81.0,95.99276351941761
80.0,97.71999379293922
80.0,98.25180187638689
82.0,98.38812861152645
82.0,98.10625657633933
81.0,97.8969111992001
80.0,83.32991147585734
80.0,83.23560096304196
79.0,83.48047496159316
77.0,84.63574485457265
77.0,84.43211067806932
77.0,83.38129435968797
78.0,83.39354159713835
80.0,83.56834754747314
79.0,83.72895058641996
79.0,86.24082035198998
78.0,85.94262093271803
77.0,85.837666420527
76.0,85.78986821685089
74.0,84.788816792432
73.0,83.70304885488815
74.0,83.37118407908991
75.0,83.39251206935577
75.0,83.04312243291804
76.0,81.81938554273901
81.0,80.72328165133358
88.0,80.77158974787719
99.0,82.72336159682322
113.0,94.0105261420092
127.0,105.14315883043547
136.0,106.60326419657325
143.0,113.03545972215822
151.0,116.32565527502942
144.0,131.35834292355906
145.0,142.7074482051175
146.0,166.05438799647567
149.0,167.65056172040713
152.0,163.96806940814693
154.0,172.67015452101728
149.0,139.17140687204594
144.0,138.90874768827493
141.0,138.89312107375397
135.0,143.61073798501442
126.0,149.0676546470771
121.0,145.0860283385511
114.0,134.16609020261842
108.0,130.29299146582
103.0,128.51234161063726
100.0,122.12403177018184
99.0,111.63208453727867
93.0,108.38175358360893
88.0,100.51586105266597
84.0,98.69931066650214
81.0,94.60978440280753
73.0,91.80426624466014
69.0,91.76160353001303
66.0,86.31123500286448
62.0,84.06818512055604
61.0,81.54452014026855
61.0,79.74039288718055
62.0,78.56740005901176
64.0,80.30615057846384
66.0,81.64871148619547
66.0,77.53479672238784
67.0,77.62928036592837
69.0,79.93779412171152
71.0,80.84180388146889
72.0,87.12990391216037
78.0,89.27422451181582
85.0,87.23250050061564
97.0,86.1355790298533
107.0,86.90565191316004
114.0,91.442591263344
123.0,91.5544218566403
128.0,104.65613470556698
129.0,118.66581757362994
129.0,131.7654900708547
129.0,138.43390068252717
123.0,140.74769673952522
117.0,146.98034323281007
109.0,155.1848707982378
97.0,148.60079120448816
85.0,140.2213242010955
76.0,135.41718769354523
70.0,119.65037554013628
64.0,109.41032462025126
60.0,99.47493137123472
58.0,94.70884919555719
58.0,84.23031709394495
61.0,86.0912500845919
63.0,86.17697594574733
65.0,79.91543131714508
64.0,76.83960093823767
64.0,75.88072037851836
71.0,75.11563989706737
79.0,78.89111136122523
87.0,92.17046840028114
94.0,91.48758697766199
98.0,86.4647732740167
100.0,82.5822452642702
99.0,93.99741984312213
97.0,113.43812695392022
99.0,116.22809692072425
98.0,126.76145143015887
108.0,126.35916243981119
123.0,129.34894934258574
119.0,120.81764075576275
117.0,106.40439454077159
117.0,114.71922477247347
118.0,106.46535909179153
122.0,131.2602470709903
132.0,146.4491465813214
141.0,131.8353012908064
158.0,125.3341332310897
164.0,124.94991175993073
171.0,124.86782391318363
178.0,132.6796493998669
185.0,150.57341465352275
197.0,165.56495391888726
202.0,187.83898048978782
204.0,192.37631981639132
204.0,193.19790946363057
205.0,200.82096003503852
200.0,201.887169070191
186.0,211.80695492817355
182.0,210.3039906971299
180.0,204.1481397000834
173.0,199.88000138095364
165.0,199.87698697819351
166.0,196.12301445049806
172.0,165.34587058306604
165.0,160.95706806090473
164.0,161.09463016863376
164.0,153.42988436620905
161.0,138.51665163969918
162.0,143.6454176596944
163.0,171.1741332738688
168.0,150.27444245783917
176.0,151.40252925710647
178.0,153.56546214070144
177.0,153.04967642671244
186.0,155.626735480654
193.0,159.5025105674619
196.0,167.33097620290044
196.0,187.58078859994166
195.0,189.17790451789074
193.0,181.41439332051314
191.0,196.62425547721824
187.0,206.7080004897778
181.0,208.99174253278485
180.0,206.44887342238954
177.0,202.1528081580366
169.0,192.7461564074858
160.0,190.49218469890502
152.0,183.87920773187
146.0,172.19851015810647
141.0,173.1809946082532
137.0,165.0180756661948
135.0,147.97584584490318
135.0,142.646364332975
135.0,128.90137591325376
131.0,128.86146638149106
125.0,124.18514796944667
116.0,123.72796435205018
122.0,121.54021928808871
132.0,125.87893984892189
130.0,127.30039587152129
128.0,119.44764363355843
129.0,115.28433994204818
132.0,104.9607688750671
135.0,116.01104924290895
137.0,138.6221878438149
138.0,131.70590162605868
138.0,125.48482139331594
137.0,128.0169065645902
137.0,134.59957880490504
131.0,143.25169215704219
126.0,145.07473051987964
129.0,144.54209807137232
127.0,143.58378636728912
123.0,142.33580896359462
116.0,141.5538504290833
111.0,127.61968639797016
104.0,123.23418184313084
95.0,128.65929249174894
88.0,128.81990634651987
84.0,119.94769594707758
78.0,107.7849511691281
77.0,103.23327030807856
74.0,96.1031767710144
80.0,90.22170761427273
85.0,86.65244003066621
91.0,82.95179623295813
96.0,77.76209549973873
102.0,76.11574321793034
110.0,73.3149281975844
120.0,85.84240356120523
130.0,96.44591272025272
137.0,111.00119766120059
145.0,108.99967782204438
151.0,116.84519842327046
156.0,124.75375376619982
160.0,134.5323427612261
163.0,144.73714150646575
166.0,148.34089570993464
172.0,154.60457945517297
174.0,160.29545499990124
175.0,160.3613816540232
173.0,169.45132386784422
167.0,165.72204281966597
159.0,166.12059088072266
161.0,180.73067477039805
163.0,185.474451145674
163.0,178.30381678899096
162.0,171.42227727340585
169.0,160.84944077917075
170.0,157.07832204751648
171.0,159.79236757646393
173.0,163.29768616911238
173.0,162.988566808382
173.0,161.81345530974698
175.0,169.53655672869002
166.0,169.3749942400573
159.0,176.4858909242105
156.0,180.0427095266745
153.0,177.95846087860073
154.0,177.16669867375634
156.0,176.05335508586145
157.0,167.97208092878296
157.0,163.507728660429
157.0,158.26445110684767
160.0,152.96409603611755
161.0,151.75103445843467
160.0,154.52203632450983
159.0,157.96110266929318
156.0,157.46533343322267
154.0,157.64312970714045
154.0,165.32945007594398
154.0,164.45883609105334
153.0,163.34664551475757
154.0,162.79277446954728
153.0,155.31885216697142
149.0,152.54726156240832
146.0,152.850904385563
148.0,153.24525152685683
148.0,151.7895322447485
146.0,153.60439734198098
147.0,151.42550626683882
145.0,143.96641745410273
142.0,142.78849701126902
141.0,144.11956004649144
139.0,144.9905560888606
137.0,145.6543005982123
136.0,145.88720788936283
132.0,145.58753150175352
127.0,143.9800150875907
122.0,141.84236429034874
125.0,136.51757204320333
126.0,134.72825556357984
125.0,134.62078903465095
125.0,123.83901266704468
121.0,121.39392220051462
111.0,116.06070440471971
104.0,121.33076443241738
111.0,125.91339335166357
114.0,122.59084666412643
113.0,123.02108827518562
112.0,116.8631444598854
112.0,104.53683275942835
107.0,95.16016035408309
95.0,111.11426221022549
93.0,116.22115344114331
91.0,113.62545419428142
95.0,110.04987943204806
106.0,111.06790626252906
108.0,104.6505551012832
112.0,90.42049834907762
118.0,90.3028574333299
127.0,89.07454420401858
137.0,99.33327720882589
149.0,121.566855372341
155.0,123.67395950339959
156.0,126.95991722039845
154.0,136.87706973416695
147.0,153.15800702404633
142.0,158.2025914981501
136.0,169.72049007599625
135.0,167.81423421765123
131.0,155.96882171132813
124.0,143.34082894496242
123.0,136.0628191606537
124.0,129.1677156600634
127.0,122.18565845204648
123.0,125.33016937469866
118.0,116.11408737364121
114.0,111.25131775612867
108.0,114.65769395875255
106.0,120.10198262757073
102.0,135.18593979785516
104.0,124.46553048793335
104.0,114.45920290044502
97.0,110.42957079803378
89.0,104.83148380460331
84.0,101.13025603176686
84.0,96.70581699782319
83.0,102.24328145554297
84.0,105.13248606003675
86.0,94.28911408241768
87.0,91.39976182115188
88.0,96.71874907364344
88.0,98.66674658212212
91.0,99.92821873836127
91.0,100.2042796991332
89.0,101.39369037556187
94.0,101.34211559869668
96.0,104.62068868161892
106.0,104.11527259563503
124.0,105.73136162653596
111.0,105.62574682964306
103.0,103.39881938121091
96.0,106.11576796527173
95.0,105.78367984733592
95.0,118.54595438751468
93.0,147.30380045919273
93.0,115.83632727095079
94.0,105.90090082796446
97.0,94.73032337998562
98.0,94.10565511413965
97.0,94.02249056792087
96.0,94.10453446174976
94.0,94.45530097792813
91.0,95.77362978220614
85.0,100.16579774622532
80.0,100.45860673074509
77.0,98.55729289343843
76.0,95.56787473328103
77.0,96.17271061293309
74.0,94.08885955088395
75.0,87.41015264160416
75.0,101.85913526959725
73.0,97.78355077494807
76.0,99.2018109090939
87.0,103.2326028240764
85.0,97.69370683466094
84.0,99.63299869409283
89.0,100.16275385560718
91.0,96.45238190592885
98.0,101.99032060465514
103.0,122.35215882784611
112.0,110.57277558362851
118.0,106.60859318259931
111.0,110.57154076652455
109.0,109.03897402193756
117.0,122.85216368644478
121.0,132.04009357993544
123.0,138.44314021008293
127.0,143.09059353514655
124.0,121.58428301892083
120.0,117.86729756258235
119.0,128.5322939072974
124.0,135.6172092059988
124.0,140.07575968339216
123.0,148.41522571953868
113.0,129.19818390258308
119.0,122.98035762267612
120.0,118.98074600619923
116.0,128.5870461836789
115.0,127.58412731173821
119.0,125.68031347817949
124.0,111.35280906893972
129.0,121.59173654699103
132.0,121.91821689888525
131.0,117.8185330199874
130.0,114.77293314905873
135.0,122.92414801868243
140.0,130.71088126384467
148.0,137.45133369190089
155.0,138.3181650884666
154.0,138.7749653140491
158.0,135.72610907921052
164.0,142.95827009671643
168.0,148.5488751974851
164.0,159.97314972687255
161.0,169.08509162809085
168.0,162.38725938713657
172.0,164.798127051434
181.0,178.49828339188676
193.0,175.42174748973463
194.0,163.5150288558375
196.0,153.7220138654294
192.0,165.23353171093802
182.0,178.1712846219988
174.0,194.41349213248182
165.0,212.31163746498027
158.0,203.51963429717844
153.0,205.2840010339874
145.0,188.864967177677
134.0,167.8899528272917
125.0,157.08951321960487
115.0,142.91497953355514
103.0,134.89781230184894
101.0,132.54266956068204
107.0,125.85441714413027
112.0,112.40243499148964
113.0,108.45379078848518
115.0,99.69086342385768
117.0,91.81173050258832
117.0,89.53613532286751
126.0,106.13182677545136
122.0,115.3344216907555
129.0,115.12262109523884
131.0,112.81189536049136
134.0,117.45430816197691
133.0,123.36290837383544
134.0,150.57614398376072
153.0,134.84328953962216
148.0,144.58501518398512
144.0,145.89041522268647
135.0,144.09109449596008
129.0,137.35808319954538
119.0,140.30810486162147
116.0,183.74200906601584
115.0,157.5448999954937
114.0,140.7203779361876
112.0,128.8985261993465
110.0,121.26096072267707
108.0,112.12641758262255
106.0,106.41475373392102
102.0,103.69842552938158
96.0,105.58254705225058
96.0,103.80875823431832
101.0,107.10020495696968
95.0,106.72465919111484
89.0,106.0767920680359
87.0,99.49652522628867
87.0,92.08471961240807
78.0,94.45581910875823
73.0,101.69541815239599
66.0,90.9944752232461
60.0,87.30303756767994
54.0,83.51182230232838
50.0,84.795915115471
47.0,79.36700531100007
47.0,77.16389798810884
49.0,76.9812702207366
56.0,71.54558948329338
64.0,69.47791650871707
68.0,59.87524374566879
73.0,58.21201692337984
77.0,55.32231930015334
83.0,56.04670765628253
90.0,74.89504641463964
92.0,89.8387074735012
107.0,91.70725663064103
128.0,99.96604128264966
130.0,103.13937004688877
136.0,109.83575812698169
143.0,123.12731315699781
153.0,118.47191675729097
153.0,139.27331831943735
148.0,160.78808316881722
148.0,161.21167993409466
158.0,156.0568729282588
168.0,163.90312081669796
172.0,180.1544702653861
163.0,163.66325642386983
148.0,155.64567637566353
140.0,145.46418972124957
136.0,158.9116153302295
137.0,178.7814936451729
137.0,185.37680662643507
135.0,146.2058029846389
132.0,133.68302660935944
129.0,123.56975309401456
126.0,123.02774472664889
126.0,125.82215078353617
128.0,130.43274122694177
128.0,134.64574794307677
128.0,124.34057654577462
129.0,118.45034602777417
127.0,122.48350871058541
128.0,125.29025364415776
128.0,129.17732971586966
127.0,130.93170319332972
127.0,131.04894750491934
128.0,135.1544113634595
131.0,129.87316520986545
132.0,130.2144205031283
134.0,131.64291977606575
138.0,128.8850401853995
139.0,129.55139934644475
140.0,131.23537597661397
141.0,134.67987067863424
143.0,134.59517231648604
146.0,140.23511150896238
146.0,143.43487496277365
147.0,142.33955017163228
147.0,143.02079118611232
149.0,146.01426050447495
145.0,147.6223253431923
145.0,155.25749649769128
143.0,153.94800649850464
142.0,153.93870879204354
143.0,152.9077670118432
142.0,154.07965385304675
140.0,147.4513911869053
140.0,147.42267628405446
139.0,145.2751205610128
138.0,144.97672292705786
137.0,145.97642992535052
136.0,146.094694146498
133.0,139.54172031848273
131.0,139.69882071748472
132.0,137.54904952850364
131.0,136.3628194975313
122.0,135.7376129523001
117.0,136.33395233582422
116.0,130.736236915406
115.0,126.55506248027827
114.0,128.29503961483996
114.0,128.2342638727638
114.0,117.08190891761241
112.0,112.37484715496144
116.0,109.28934129254783
130.0,109.00862096544041
144.0,109.36805486012544
158.0,111.38851859347776
171.0,111.84035041464337
178.0,107.70473949743183
184.0,115.35505513559528
186.0,136.38271100655197
184.0,156.33371319453926
179.0,173.75872158983898
165.0,194.47849531341333
157.0,204.44937453100127
148.0,205.7993633410309
155.0,196.649912904688
161.0,189.64241806672754
160.0,175.3089644417399
154.0,159.58419014407986
145.0,158.3154961245981
136.0,150.9701607692937
130.0,160.40765531714604
126.0,160.56982985219003
125.0,161.66233695836422
128.0,143.10106786346086
130.0,136.25964623923446
130.0,128.98151773759648
130.0,120.45186801640268
128.0,119.47795081027155
128.0,117.7588255180982
128.0,124.90180865344288
158.0,128.5383037381228
166.0,128.96934014395333
169.0,126.90682663958142
166.0,125.45391451648452
161.0,126.51247190032741
162.0,129.4820895452902
162.0,171.98939189247935
160.0,182.41469216912282
158.0,179.69829180518684
158.0,167.23989380342118
153.0,155.41002284969747
146.0,158.5270970245342
142.0,160.3635185098734
137.0,159.31658527806874
134.0,153.69095413848976
136.0,155.1462538873641
127.0,146.4989253512988
118.0,141.7848465890615
115.0,135.74208148068874
111.0,130.32557642760307
106.0,127.26893600223289
111.0,140.78501788245728
112.0,121.65989624892649
107.0,109.68749542287223
103.0,105.9817380810955
100.0,103.19331738035808
116.0,100.57662357593733
118.0,115.1197762270037
112.0,119.67480104147549
113.0,109.14064275335465
113.0,100.62993287230408
116.0,98.13451381849899
120.0,131.27990771458755
119.0,137.04471239948518
110.0,116.184025050394
107.0,117.08786809845286
104.0,118.10483589952776
104.0,124.01768142658274
105.0,127.38323234376409
107.0,125.03755925393027
108.0,111.56822869669239
104.0,106.479713768481
103.0,99.30313913010421
104.0,100.48588780105939
108.0,106.2963370101987
112.0,112.3321144110692
111.0,113.3956577471371
113.0,106.02310590653406
113.0,104.30998928277782
104.0,105.64948753961971
111.0,115.6366787813429
125.0,120.77296921087994
134.0,118.3280248765258
136.0,119.98901015298043
139.0,119.47950604689878
146.0,108.09145592343685
152.0,119.5334832241444
164.0,139.60751380069868
176.0,149.05559238770394
176.0,145.483993739918
185.0,143.80216664352204
194.0,159.99675408391533
197.0,166.07169928142287
190.0,186.15736755183121
186.0,202.5051971642039
199.0,196.70422202779852
205.0,203.29332302776504
206.0,214.10812959352486
204.0,212.07265177600482
204.0,194.54811574222066
204.0,179.16356640866633
203.0,213.59297107768012
203.0,219.52030996174602
201.0,216.4919438043381
200.0,208.14821001688264
212.0,207.54211166367577
213.0,205.7843763890772
210.0,203.22716437960514
200.0,200.91490116991824
203.0,200.8039524836532
207.0,201.77856649534323
197.0,220.15840696878965
199.0,217.11559191427466
198.0,208.49006166981061
190.0,197.187231514977
180.0,195.9071890697777
160.0,202.013356830527
159.0,190.56553950787
154.0,195.82565004606428
165.0,197.1941984163094
168.0,189.7220370060199
168.0,176.42444438262174
171.0,139.39536352371056
173.0,142.15422353305854
173.0,136.56982449789095
168.0,157.6876362742946
167.0,162.48865983517263
174.0,162.14585041281182
180.0,174.72023390737468
187.0,177.1347300240016
188.0,174.26701000623663
180.0,159.44123691518607
170.0,156.99751705393652
165.0,172.35993954551137
164.0,190.07373247672396
165.0,203.6615759086394
166.0,196.4354636978246
163.0,162.8238622950689
164.0,151.67446433433943
166.0,146.04910493818133
168.0,144.03566318788924
171.0,151.57513676719628
162.0,156.95242569569717
158.0,153.9875919225631
170.0,158.11070050828198
171.0,161.42966208584198
161.0,166.7930467974631
160.0,177.42226569977308
158.0,152.32237792182184
155.0,149.03105494357087
153.0,173.67486154858045
151.0,176.98946528556465
150.0,153.88018709800278
159.0,153.34287557683896
170.0,152.2296586447087
181.0,144.44775108779805
192.0,144.1876572050365
182.0,143.0482001501683
177.0,144.05945969027866
189.0,164.37174092514488
201.0,175.08062839545184
213.0,187.94121224768696
221.0,210.24471042748462
224.0,181.60839236436792
214.0,167.01338194902095
203.0,194.460237064716
195.0,212.93269908322995
191.0,229.03506680084894
188.0,230.57592059550205
187.0,227.4253177396594
189.0,213.0238429346853
190.0,190.7077111623924
190.0,180.07737516828783
190.0,177.48177678391585
190.0,175.12553766413203
269.0,173.87412289615983
277.0,175.5308066088327
276.0,171.92829503109598
275.0,171.7532088534144
275.0,171.66081442088623
279.0,175.08324140362217
269.0,251.9946176197906
255.0,279.66342724145215
232.0,270.48714541128635
243.0,264.53279944526435
235.0,259.67749703716066
217.0,267.82410846441815
200.0,244.97417157163446
192.0,226.31160584061325
185.0,190.80331205907535
179.0,207.83721441584458
173.0,203.07457530569067
171.0,173.29246967958176
173.0,150.99946333746837
171.0,141.21114652867044
159.0,145.1152005716372
142.0,139.14965989075125
129.0,140.1402451607452
118.0,147.33911217681262
110.0,167.29708068696095
106.0,164.24611617372935
107.0,143.97109404065796
111.0,105.12410470103195
60.0,190.86116958491834
56.0,192.1422695063507
53.0,192.0952927185285
52.0,205.94339147971155
58.0,206.732139686832
61.0,205.93212877261058
64.0,89.46377705518857
71.0,75.13189923988598
79.0,72.31821461526955
86.0,68.78059080589075
89.0,78.58409558232519
91.0,86.85204474970054
92.0,91.0225507283013
93.0,96.68352703622794
93.0,113.66036937870618
93.0,117.50838923210478
93.0,121.35234070739065
95.0,112.91704612142958
96.0,112.0663124805019
96.0,108.77041021329512
97.0,104.69940497105729
97.0,101.3359763571347
98.0,100.05607619484468
99.0,100.5095397595887
101.0,98.83231203916425
103.0,97.46526562388364
103.0,99.13468704341096
103.0,97.66863064818044
103.0,101.25715556124241
103.0,105.09673303023146
102.0,110.73002159840735
102.0,116.78303186357118
102.0,114.83330646585783
101.0,112.84914722983015
100.0,112.309597515089
99.0,112.06049285107048
97.0,107.07135038226721
95.0,106.77313228453842
95.0,106.85042036026584
97.0,104.98421696474203
99.0,103.34071477382592
97.0,102.24754631121111
92.0,97.49415229936254
89.0,94.52168325820207
85.0,94.59148693042286
82.0,98.70599820856339
78.0,103.23992948268366
75.0,97.87595512806533
71.0,94.31539128241533
69.0,91.58123770179922
67.0,85.56662859911663
65.0,82.71365421219285
64.0,77.36743703699989
63.0,73.17200356803674
66.0,71.74206364811762
66.0,70.9696479262225
65.0,70.15886187371632
63.0,68.993709823561
61.0,68.63842068488077
60.0,67.97709420692173
58.0,69.50062534261532
56.0,69.44829343001534
54.0,69.16760829657805
53.0,68.41426061303625
58.0,67.02613695797233
63.0,66.63650362605252
67.0,65.5373687646611
66.0,64.99366844748559
64.0,65.73693251328467
60.0,66.75839421821973
58.0,72.1720856873125
58.0,83.83530661092342
59.0,87.50265404132809
59.0,85.05695357273893
60.0,79.97608579423024
70.0,70.47076691185266
84.0,68.46703213112832
93.0,68.73822139507679
106.0,71.01679242233627
104.0,72.07472340957455
103.0,72.95913560767319
108.0,88.79473908689509
113.0,115.07874779941201
117.0,127.81519869576196
120.0,131.86816750599056
121.0,130.6309342615898
125.0,128.9036708666984
129.0,129.11054430700807
130.0,127.73809772540082
130.0,131.0042555646472
126.0,131.1060224730569
124.0,129.66066383322496
121.0,136.76115675153818
119.0,143.623684638304
118.0,136.39787001911182
117.0,133.32287047877088
123.0,128.27731679674795
130.0,120.85209524245009
129.0,114.32277027114877
132.0,111.82650293812257
133.0,112.86041955520439
133.0,114.76884335880379
135.0,128.11906905251453
143.0,140.9829381185711
151.0,137.2107824054809
159.0,133.55672065528253
161.0,139.18335862547997
174.0,137.71171599934345
173.0,141.26065940572758
172.0,159.8959937232367
174.0,169.69739856181513
185.0,182.0474352372659
197.0,171.4356613761374
202.0,201.51148138999568
216.0,187.7648307145711
228.0,172.41258971688126
236.0,167.94630700528165
245.0,200.96456668993878
246.0,212.39082061257992
245.0,212.06568908428537
246.0,226.95865239590418
250.0,230.9724892916203
249.0,237.612657829396
245.0,249.61051900128294
234.0,246.5623395675389
232.0,227.79458486315835
229.0,224.39627698899494
219.0,248.30008089720903
214.0,238.34046152400194
199.0,230.89563230533415
183.0,201.61095098103362
168.0,204.0087414868635
154.0,204.3256544584442
127.0,194.72187938752762
114.0,187.97504452700502
101.0,168.0747654031618
91.0,141.38199715432154
82.0,116.57809174609247
74.0,114.64865360628268
72.0,94.47977382746635
69.0,87.20238917030159
65.0,91.67962222834738
64.0,102.76772572227449
64.0,77.49978859074288
62.0,75.2556886637744
64.0,83.79434373654203
72.0,86.15558577531601
82.0,89.12681551224279
93.0,89.73410889061259
104.0,89.8054370939885
113.0,81.84195768941262
119.0,90.08736438473825
126.0,98.80583452586474
133.0,120.62886661809
136.0,135.0206353376896
140.0,140.46440880569153
143.0,141.93263531254019
146.0,141.92230297518418
152.0,152.09861189370199
158.0,152.28917771087836
163.0,144.7120129805933
170.0,150.46743147945878
175.0,155.17974948857818
185.0,159.1101993701702
192.0,164.29971044198442
204.0,174.26899543481417
210.0,176.91253344199407
213.0,174.3927713505423
216.0,192.07484226816905
213.0,199.05536829638717
213.0,208.91818863682178
212.0,213.04445068432307
214.0,218.48305729218438
217.0,210.8612755174311
220.0,217.61956294386374
220.0,198.5158787189547
220.0,199.32417931504932
224.0,196.8045945909681
224.0,201.23373675835398
225.0,218.0274261093653
231.0,227.23804959396406
237.0,217.29271860489285
237.0,212.40646895496755
241.0,216.39894871730235
237.0,217.66492630656617
258.0,231.2013338631474
263.0,242.85637022416003
262.0,250.5021901397896
258.0,247.15369155026505
261.0,245.746120170947
256.0,236.54004051022824
257.0,262.95109606790857
254.0,266.50983537438003
249.0,262.6055723205362
244.0,245.14103640837678
237.0,251.93489320042787
231.0,243.16590591123853
219.0,243.2542622331063
213.0,241.60536565050532
210.0,234.84184807557915
205.0,228.08115133441177
204.0,221.60701362398655
198.0,213.16330270260968
190.0,204.06546898645354
187.0,191.157609621678
186.0,192.85826541259334
184.0,187.49764895754763
182.0,183.73735921242996
182.0,179.78884162568366
182.0,169.6813100058992
184.0,168.7211257001595
185.0,168.45926851692076
187.0,166.81284665490742
188.0,161.84977003992987
193.0,162.26076475897722
196.0,165.6893354865864
192.0,175.85802707224255
188.0,179.48094266714602
184.0,184.791461053956
184.0,187.45466463952823
187.0,194.2167802984744
189.0,200.93230361050826
192.0,187.71907019827054
194.0,181.25745368723247
196.0,179.39351727343873
202.0,183.11093727924256
209.0,189.4667101473333
211.0,191.32043040025488
210.0,193.68871741860335
203.0,194.83410318024667
196.0,197.31758343771463
194.0,206.49978344816031
192.0,215.64657324678137
186.0,214.64368778219105
180.0,207.91257284208086
175.0,195.80070442408834
168.0,184.87200082762385
163.0,183.2083332620282
158.0,181.92033685396106
153.0,176.7434207691645
147.0,176.77552443496177
140.0,163.70865526545157
134.0,147.04424083637258
130.0,145.41340089189248
126.0,137.80942075436477
120.0,131.24035243115998
114.0,129.23526167408411
112.0,121.3817101469734
108.0,116.6091133034977
101.0,111.73189724080397
83.0,111.49159016940257
80.0,104.91083379165595
79.0,100.03512591227131
78.0,97.56521734896545
78.0,97.04936515428736
79.0,90.43933807800535
82.0,77.04184670318706
86.0,78.23950967816441
92.0,78.8854731182384
98.0,83.71361705854119
105.0,83.48026422246136
110.0,82.76749318217047
116.0,86.07342244701384
123.0,98.29260922055964
127.0,111.97284812450754
131.0,114.41807596536805
136.0,121.70933145804024
143.0,124.28103379544301
153.0,131.1706704280854
164.0,139.48033155680216
175.0,147.6152254362467
179.0,142.27640974302022
186.0,145.6762876186518
187.0,162.25678998734512
189.0,170.23293066076866
191.0,187.33761294425824
195.0,198.74706251405632
199.0,197.34615877748328
204.0,199.46648500537842
210.0,186.17752829023098
213.0,179.7342498715164
210.0,184.92779015134835
200.0,197.39426222150436
193.0,206.34761021105214
189.0,206.6441966411991
188.0,218.3907375621617
187.0,213.21646819631738
185.0,201.19788714031228
182.0,186.40220771790487
180.0,176.02818496571888
178.0,171.6039389638331
176.0,170.93443712685325
175.0,171.59757757138695
173.0,172.0084521463424
172.0,161.22793063662564
174.0,152.37431647722954
175.0,153.2338141495145
175.0,155.57414246429323
175.0,159.86529148769452
176.0,166.27181989248592
177.0,165.54979376227772
179.0,170.48031668682827
180.0,174.08732987770068
181.0,174.10191278436892
181.0,172.73353222537807
180.0,172.25262936206238
180.0,173.71090326977694
181.0,180.71043348687851
181.0,180.6346937815469
182.0,178.76753233057647
181.0,178.495169921984
180.0,177.72993405319698
180.0,178.75851433152053
179.0,180.2100996831354
179.0,180.44931569038067
180.0,184.44425875305015
180.0,180.6121627575577
181.0,180.26294007636147
181.0,180.34814010696468
182.0,180.3257011941677
183.0,180.63387074049703
183.0,182.07016241511818
183.0,182.13888703648018
182.0,181.52773899166993
182.0,180.93872120901003
183.0,183.82212976259305
183.0,186.93581903101463
184.0,186.79246871545914
184.0,186.68330861203236
183.0,183.65550276121752
184.0,183.53872880572266
184.0,186.51364185974424
183.0,186.3852642040406
183.0,188.42170929156669
182.0,188.16955659621397
182.0,185.72442259765654
183.0,187.87158841357595
183.0,187.8127751731476
183.0,185.24919548245558
184.0,185.2164988129238
185.0,182.58732800083442
185.0,182.78007015591675
186.0,185.6206779367109
184.0,185.4199645990138
182.0,185.52245950547172
182.0,187.20020351242042
178.0,187.15566793028816
182.0,187.2952458507212
188.0,187.52763299323487
195.0,186.4550054697527
194.0,182.13431874894692
192.0,182.36553998152155
191.0,179.56212712060696
192.0,184.5224830889624
193.0,192.57225332670288
193.0,205.23720110209084
192.0,200.9053109116347
190.0,197.3487306034208
188.0,196.4061713536307
185.0,197.09884664238126
178.0,197.67515083910754
175.0,198.98258609124903
172.0,197.3646388245439
169.0,194.36323733358682
165.0,189.97422279000062
165.0,183.74897410276697
170.0,179.04868335294714
178.0,176.04961892595406
177.0,171.74090395410954
175.0,159.95308312451525
173.0,152.4712654682022
172.0,153.39898593692536
172.0,162.3724722584609
172.0,191.35408042395034
172.0,185.31661230597905
171.0,179.67301841183948
169.0,174.48709196156733
166.0,172.22051646590648
164.0,172.12208111652131
164.0,172.1926915508398
162.0,173.02345414796318
162.0,173.05664016409943
161.0,167.88977549129643
161.0,164.8825473203674
162.0,162.8486212337907
165.0,162.29560148599617
167.0,162.00994886257232
166.0,163.01447225501576
166.0,163.71865911832492
173.0,163.40606838148256
176.0,164.62053918479572
177.0,169.1564259180331
176.0,169.74761675753354
172.0,168.3994239902108
172.0,168.47916902447722
170.0,180.44624476863257
168.0,184.17208530103053
167.0,183.88888072003434
168.0,178.29943096282193
167.0,172.9096422877489
165.0,172.97440673780136
162.0,166.86148409988436
158.0,165.08547506881638
154.0,165.2011409317249
149.0,169.5539384061151
145.0,167.45163857794006
141.0,164.4693302386023
139.0,160.46415847429375
137.0,157.80168845889412
137.0,151.85526943418265
138.0,145.4152103371718
148.0,143.50433946027454
156.0,141.95289087435933
163.0,138.88084401272766
171.0,137.73561763511563
179.0,141.0460026040979
191.0,143.5529975281178
197.0,162.72493100519927
200.0,173.3795353062674
203.0,175.55874614656028
195.0,189.32674615222945
186.0,194.7018322454875
180.0,212.01807247062604
176.0,211.40348986767975
172.0,212.25051991670625
166.0,207.81584004616386
165.0,189.41486757684436
162.0,175.40496155695368
161.0,161.6111273169379
164.0,159.27440668950138
165.0,156.92238252221426
164.0,145.94540992924894
163.0,147.57312646589367
158.0,146.7148568816462
153.0,147.70830988964437
143.0,157.40099508535968
132.0,158.9173008944122
125.0,156.82958085749232
118.0,155.7085921883313
110.0,151.35082276496462
104.0,141.37204262949703
99.0,132.42331434291188
94.0,119.2213731012683
89.0,112.18654443258961
87.0,102.85557228013572
86.0,97.84591915607098
83.0,92.11643046190132
81.0,89.22118459092657
79.0,85.77996016631039
77.0,84.49029297527979
76.0,81.10315011909194
74.0,83.18195869720797
73.0,82.11135558163653
73.0,77.902554923122
72.0,78.01690446225203
72.0,75.6834068806268
77.0,75.27300578077427
80.0,74.69997285299372
83.0,75.1951263713422
85.0,76.13763264869672
88.0,80.98289337518744
90.0,82.18133910677012
92.0,88.09730457874605
94.0,94.00110512773692
100.0,98.15259959320971
101.0,97.15980776605433
100.0,102.35084652733485
100.0,100.90045010631982
100.0,102.04456362168048
103.0,103.86820239166617
106.0,115.2455122534921
107.0,114.1296831710093
110.0,110.14209179616032
114.0,119.04434813457569
114.0,116.27883788177078
113.0,126.9300964111098
111.0,128.9248523510045
110.0,126.92024046004498
110.0,129.981180127922
113.0,137.2373719251928
114.0,134.64374216056913
111.0,130.00106306763962
107.0,125.29834442451501
102.0,125.5100416866622
100.0,125.84497042129838
102.0,119.47589365223413
104.0,122.01969364065265
105.0,118.20730973933344
109.0,110.73919041435678
112.0,106.85975712488225
113.0,104.19163586620186
114.0,111.72780981822434
118.0,114.77692037917468
121.0,114.96613876234883
123.0,123.01384880680457
125.0,124.4774975026355
123.0,126.37771559022282
119.0,125.18442397220673
115.0,127.44965359716122
114.0,130.5330029591935
113.0,131.70641774539095
109.0,133.0397921891304
111.0,126.37662679632254
114.0,121.31280214403745
119.0,118.27135805033078
123.0,117.55055879007867
126.0,115.86841751698954
128.0,113.23665451720984
127.0,112.26933412867086
124.0,119.23600867042332
120.0,125.842220503996
117.0,129.43952478699623
113.0,135.39189936762241
110.0,136.26477503342628
109.0,132.7280672860395
107.0,124.28625831988187
105.0,118.41305443768144
106.0,115.85798119447554
106.0,109.75174492039955
106.0,108.54324985154061
108.0,107.88631718758624
107.0,105.73448497715336
106.0,103.7431127575785
103.0,108.61714220990642
102.0,109.72180210978247
101.0,109.3254810934064
100.0,112.90965196827632
100.0,110.51762953098275
99.0,108.73857264876905
98.0,107.52135049855424
97.0,104.8809615662587
93.0,103.46336691645679
92.0,101.60876213996029
91.0,101.25212905683529
87.0,100.69254822413392
87.0,99.15250150942393
86.0,99.70203431538943
88.0,97.87095833502885
92.0,97.02494571977005
96.0,96.08760293645796
98.0,95.58824618435979
101.0,95.55040650466061
104.0,95.47276224040618
104.0,101.9467272985056
105.0,107.31944166550495
105.0,109.78069633195109
102.0,110.1534741288447
98.0,112.58053382686981
96.0,112.39895811606256
91.0,110.52481460654818
87.0,110.0092587940646
85.0,109.01620923681621
84.0,106.20676114758649
83.0,99.08630912752403
81.0,95.43127212003866
78.0,94.1477478232319
75.0,92.56997912924342
71.0,94.62695375008855
68.0,95.50974808431424
66.0,97.33396233308831
65.0,84.23580709335617
66.0,85.96533070733027
67.0,86.78436478495988
65.0,86.92650774745337
67.0,85.82634772182283
70.0,81.86594126204473
73.0,80.68543826863994
79.0,72.49388443741438
84.0,74.437431921146
88.0,72.01387575897691
93.0,74.37786778031224
99.0,77.31870808627424
105.0,84.71533745668704
111.0,106.49494326952399
117.0,110.88352935369926
124.0,112.37897503025874
131.0,123.38501001796843
138.0,132.9670858382353
144.0,140.51321329017688
149.0,140.28731025371064
150.0,142.0816979113627
149.0,146.05982231503947
148.0,149.28083895538364
147.0,152.4117541802086
145.0,153.12435849057144
146.0,155.09611658990465
150.0,156.37422362902757
153.0,141.47902404611156
158.0,137.71120964638155
162.0,135.84508524538666
165.0,133.87980487957563
169.0,136.20470873645232
172.0,146.63635543061977
175.0,155.62036612596845
177.0,164.42429287885705
178.0,167.4138510454444
179.0,169.85564887686425
179.0,166.45376314850748
180.0,173.59637794724316
180.0,182.45032233123646
180.0,182.4474239632062
182.0,181.97014416585
186.0,180.51822000335767
190.0,179.2795783877833
192.0,177.75487834961257
194.0,178.04174200982715
198.0,177.56902855598815
202.0,183.09478531520384
205.0,191.60907992216258
209.0,199.34501176910285
213.0,198.51783389895215
216.0,200.4295542909607
218.0,209.58790370081644
220.0,211.09587343509938
221.0,215.1832044013647
222.0,217.61929828897144
223.0,221.89764540017117
223.0,225.53649306565336
224.0,229.40458517145376
224.0,228.60779525648599
223.0,227.3802680400174
222.0,226.18755120298195
223.0,224.84958608978255
224.0,223.8752490615751
224.0,225.0931197943366
224.0,224.80659848141224
225.0,222.40478349605308
224.0,223.03938965308686
224.0,223.09357188780362
224.0,224.41773501902364
224.0,223.55932729690835
224.0,223.06691588782073
225.0,227.36049807704993
225.0,222.70992828374426
229.0,221.7694027647741
232.0,221.62653839319273
234.0,221.27704486917816
235.0,221.33556257091803
235.0,224.00312937812257
236.0,223.8610103600261
236.0,226.65574314044594
237.0,228.21485272956372
237.0,228.50088313087844
237.0,231.32094351576725
238.0,231.1486781616278
237.0,231.5460016635451
235.0,231.6417080187186
236.0,238.03370918731108
237.0,238.02366189312764
238.0,238.07301098094632
237.0,238.37808680163747
237.0,238.08067192834744
240.0,231.54874757133126
242.0,231.94727301949922
237.0,238.0649242568036
256.0,238.26972911043066
253.0,238.1020543633524
250.0,238.1135285634785
245.0,238.7296058899403
241.0,238.4269791247621
238.0,233.32848495159084
236.0,256.754161816806
226.0,250.67286245459348
216.0,244.75563277812358
209.0,234.90837470315935
207.0,230.30045682246922
194.0,227.70743546023306
181.0,221.8431289606026
173.0,209.03725736961212
169.0,190.82491436314453
165.0,190.77166054303643
161.0,192.81213020097078
156.0,172.4946620114678
153.0,146.94664286283893
151.0,145.1788987524968
154.0,130.51035982409476
155.0,135.59008281510353
152.0,142.33019846059574
150.0,137.57307091957878
147.0,129.79604168685913
142.0,130.19836931601333
145.0,139.94086795028934
146.0,147.40169033488215
151.0,136.601460605373
162.0,136.86793526428062
171.0,135.2095013931398
182.0,131.4744669424569
195.0,138.1627714536021
201.0,141.24572548569094
206.0,149.86725754058003
209.0,169.81096593476497
208.0,177.51575279659804
205.0,192.16856983087456
206.0,211.2657356852923
212.0,210.4757093622354
211.0,212.35591538772468
203.0,207.62424568880348
194.0,195.56108116394435
190.0,196.04987952262047
179.0,197.2166026171304
167.0,215.24738131463292
156.0,209.45531781674438
148.0,184.12691077119695
134.0,178.44871227428052
129.0,174.61623830886933
124.0,156.6781833195453
119.0,137.95608052943174
115.0,132.50947700119485
110.0,120.06483129085642
108.0,106.94307677711087
105.0,107.02348229279099
102.0,104.16313502697743
99.0,99.20361273234549
99.0,98.56154266084063
97.0,95.69626156250229
93.0,96.60174018911395
91.0,92.64812539176114
89.0,94.23340671919134
87.0,90.78193555240541
86.0,93.78238704469067
85.0,91.82669660264176
84.0,87.23047066011891
82.0,85.71828046055691
80.0,86.19722735479621
77.0,85.07165043683723
77.0,86.28876859484636
75.0,86.31690837589534
72.0,84.18140696393587
71.0,80.21873793916072
72.0,78.03926307205062
72.0,75.82250873783119
70.0,76.64446205271682
67.0,76.77592537164045
66.0,79.8015804168853
64.0,81.24677145763468
61.0,84.21283113549288
59.0,85.49260492367124
56.0,82.03640075363994
54.0,79.19476816294716
53.0,75.97160368154994
52.0,74.05400454702898
54.0,67.58445674423683
56.0,67.36514157099818
59.0,74.93653571518023
66.0,79.66287248428551
80.0,81.46407930668379
95.0,78.7941148471199
109.0,80.70273410169574
122.0,81.38467742270822
131.0,88.3161398918314
134.0,96.70130469268068
134.0,122.33247926737974
132.0,131.68590370315857
133.0,144.5919414122431
133.0,155.72767939233867
133.0,164.15140496391015
133.0,157.30080447177932
135.0,143.69937159427133
137.0,123.83295399950028
137.0,131.9130021775814
137.0,131.57590728716968
139.0,132.61541618028852
140.0,134.45262490437307
142.0,143.46951637334263
145.0,145.89588383578274
147.0,144.81288931592562
150.0,142.86891109731354
152.0,144.15944922861055
154.0,143.52824743858665
157.0,151.26492476434078
160.0,158.17920940436588
161.0,158.3751453023476
162.0,161.24557310259013
163.0,155.93988073529263
164.0,154.01955126860372
165.0,160.292891076579
167.0,166.45033118300094
169.0,164.66772948034512
171.0,165.42316582826058
173.0,168.8285477840179
175.0,169.80139278692445
177.0,171.71109608235835
179.0,174.13384105814623
181.0,178.707235400518
183.0,182.7214572583785
186.0,183.48984522751348
187.0,185.93751571784276
189.0,184.50206133354874
191.0,184.60732660145533
193.0,184.00647173105364
193.0,190.96802242183418
192.0,192.59311218519275
191.0,192.23986643890913
192.0,193.67335363724808
192.0,199.2277513279765
191.0,201.74609706407452
194.0,200.13934876451953
198.0,198.42884966242917
213.0,197.5879622995489
219.0,196.36814730631437
222.0,195.4622692696452
225.0,195.17684376550295
228.0,196.12039154896914
230.0,204.95996843599903
228.0,224.9494002122629
226.0,227.54675874559658
230.0,228.22544838695282
231.0,230.88888373367183
225.0,233.64695014269353
222.0,233.8848896782965
217.0,228.96104506268688
213.0,226.51585100421653
211.0,232.53732811076065
208.0,233.47113204295292
200.0,219.48719107326713
197.0,208.8734781410728
194.0,196.15723463907204
190.0,191.77224584124718
189.0,194.77287437190168
186.0,192.86402520193266
184.0,180.82057374121962
184.0,176.49568663349868
182.0,175.52951616884656
178.0,174.30629691640993
176.0,173.67556613362865
171.0,172.4480880758027
166.0,171.34905738511358
164.0,172.44948448642663
163.0,165.90963440340147
160.0,162.61916348015703
159.0,162.24859268277197
159.0,160.6143658366746
156.0,150.79298626678505
154.0,149.65907204649906
152.0,150.56157639662075
209.0,199.44263719223676
209.0,216.00581187771675
208.0,214.1845294594083
207.0,202.55376807349475
201.0,197.31393373320813
190.0,201.9734815396687
183.0,207.2800830040537
179.0,207.58574195135648
180.0,206.355006511857
177.0,205.92301791936856
174.0,191.15873762958236
173.0,175.08498689837947
173.0,160.2498681486031
171.0,155.882754725069
169.0,160.2755570943546
167.0,158.18618957741575
162.0,158.93291451160138
160.0,164.69945409886452
158.0,169.27645282036806
156.0,166.12493725239216
155.0,158.84889404776476
154.0,157.77882582542543
153.0,152.21770306686096
153.0,152.5350940377766
153.0,147.1642913490373
153.0,144.33454424138273
152.0,144.07983558337952
151.0,142.9246868737858
150.0,140.56204287330434
148.0,141.68760470879687
148.0,142.299495080724
148.0,143.18103402705543
147.0,140.21699473766256
146.0,139.4943421765622
145.0,139.59731142404905
145.0,137.9742335807816
146.0,138.67988155778258
148.0,139.00192984175712
147.0,138.9255471133137
146.0,138.97064856515104
146.0,138.55220168926593
146.0,139.66686930636857
146.0,143.05764840634868
145.0,145.88423270167527
145.0,145.68632466813838
143.0,143.17346838257592
142.0,142.6398943636103
142.0,146.35315005104425
142.0,147.20428092740974
142.0,146.54676722042055
141.0,147.19040519672288
141.0,144.99782871161338
141.0,144.9341760859045
140.0,145.48744771757913
141.0,145.96696370763607
141.0,146.45292741604115
141.0,143.59382060419225
144.0,143.85264803941757
146.0,143.89398382415172
146.0,139.82819878248233
146.0,144.2152818168798
147.0,144.56177372860708
147.0,144.74281379388145
147.0,150.33435315380672
148.0,154.18104069051435
149.0,152.99488754183778
150.0,153.64396025394305
150.0,152.1430433415357
150.0,151.64993668067518
150.0,150.54003081920226
150.0,150.96755511621697
150.0,152.37790195333022
150.0,154.63613276732852
150.0,154.2716546503863
148.0,154.01409669296282
148.0,154.12417126250833
148.0,154.0931827407224
148.0,154.04302819610893
149.0,154.0428672692934
150.0,153.98966208056072
152.0,150.7412625804295
154.0,150.72585123325626
155.0,150.7522506440813
156.0,150.71609962661404
156.0,151.89920308476923
156.0,153.86288918339562
157.0,154.95014551649678
157.0,158.93737428631576
156.0,160.17265623233766
155.0,159.54864540040867
155.0,158.4285181007949
156.0,158.15100251480175
157.0,160.81417488657013
158.0,160.56823022546996
159.0,157.61213018414762
160.0,156.80240492712227
163.0,156.83071799381736
163.0,157.7531776545375
162.0,160.4558281426515
164.0,163.47772195132035
166.0,166.3109372106546
171.0,167.49707443302708
173.0,170.66912096013
175.0,170.00823509690255
179.0,166.31836432583458
183.0,170.18199810413856
185.0,173.17070656329022
191.0,182.91228848283563
199.0,184.10560071335908
202.0,186.17681884464346
208.0,191.59003554551722
171.0,197.09533555057268
179.0,194.10075956794918
188.0,202.80964898422914
197.0,210.4797439065824
204.0,215.07108643756297
212.0,220.6031544599878
219.0,156.84660458392636
224.0,165.0823614585413
230.0,193.83594956621604
235.0,201.483536328173
241.0,207.20745957223528
248.0,221.43246708563862
252.0,229.99147074588345
255.0,227.52616068592624
257.0,235.21411679189217
258.0,236.03774655567287
257.0,243.68839272598652
261.0,247.26157445572747
261.0,248.8969255824222
260.0,250.26596433140062
257.0,250.00274387928104
252.0,250.85965761523497
246.0,249.8155797131987
240.0,257.4099552464701
236.0,257.1494279814042
233.0,254.05261092172827
230.0,249.01773804494957
226.0,246.56953646702834
224.0,230.05919190063847
221.0,220.49893956229644
217.0,212.0330173415712
212.0,203.61278557027515
204.0,204.40140152062295
198.0,202.81994888135347
196.0,201.78213313503147
197.0,203.2662921449527
203.0,200.54898291857313
205.0,194.86481512785792
204.0,189.55376094382854
211.0,180.93185644859884
215.0,174.67272293781826
218.0,175.95277260046535
220.0,185.40594671993145
222.0,200.01988512312857
235.0,198.54380698490667
242.0,213.77559876568364
251.0,216.98881319548912
257.0,227.6161729891547
265.0,227.20666631847908
267.0,226.03635800735205
268.0,241.3420527333264
267.0,240.38543146609993
266.0,256.1614936737548
265.0,248.7547884312059
262.0,277.50032492014446
259.0,275.47755823846893
257.0,274.1896211423561
255.0,272.9298559072962
256.0,271.6970659248632
253.0,270.96006366691694
246.0,264.089763098003
229.0,252.58864469652536
218.0,248.178757406292
213.0,248.35300621248
210.0,248.68890085966578
207.0,247.4323771003366
209.0,225.99108661174816
216.0,201.74783402799935
216.0,192.56301820061702
216.0,172.31083304650159
217.0,182.27102044523258
221.0,187.92560082463754
225.0,197.18532229668867
228.0,212.9664161956734
229.0,210.4426477216133
227.0,210.32832433491885
229.0,210.96678846838861
231.0,216.9877973294317
230.0,221.32530441337383
229.0,224.2767715754644
229.0,225.65657317656874
227.0,221.6388883426006
222.0,224.66842740334133
221.0,226.88892276576243
221.0,225.21308434716872
224.0,224.0355161575752
232.0,223.13981932003293
235.0,218.1367887874942
230.0,205.22976130755342
224.0,206.08962889188388
221.0,207.80187311984255
218.0,210.66740053250228
219.0,225.25849125562465
219.0,230.54556725009553
222.0,220.48112268853308
226.0,210.07539346343856
234.0,210.5534593021367
239.0,211.4646340949765
240.0,214.6643129327682
245.0,217.53002085625408
250.0,222.0317405012714
254.0,224.9316601002109
253.0,229.93887693292422
248.0,237.9612882664482
241.0,236.36556158907268
233.0,240.84234439257577
225.0,247.3639020514933
218.0,240.93026726165775
208.0,237.90983943410635
199.0,233.57387914622004
192.0,223.62967991521467
183.0,212.23506399071206
175.0,206.49574684500968
166.0,201.206163395638
158.0,184.5780846022262
152.0,177.3931187009146
146.0,169.0477592635825
137.0,154.17581915676388
132.0,148.0987223378009
126.0,124.0602599527952
122.0,126.54117931223533
120.0,124.24830255944924
120.0,123.76878414924794
114.0,113.38548202902666
107.0,109.3399721746594
102.0,110.33319315866262
100.0,102.89019054134836
97.0,99.47248696831551
99.0,101.3601380931915
98.0,97.82606690733466
96.0,94.27426537903189
95.0,90.42377400790247
96.0,90.61983821128555
98.0,89.0183365325897
101.0,94.44163466408146
104.0,93.22198878993728
108.0,87.93759739592717
110.0,86.6308721361248
109.0,88.21571727158931
78.0,96.21335022752618
81.0,100.36967941477795
80.0,105.52488675819622
81.0,109.80842158617524
81.0,113.60641075118899
80.0,110.92300992821194
78.0,79.94698318070301
78.0,80.41818410984146
78.0,80.77323359785909
77.0,80.79713538573937
76.0,81.50257710241644
78.0,81.95056448117374
80.0,82.11650340888957
81.0,83.31990870633746
80.0,78.75640542730083
82.0,76.13761386123433
84.0,73.46231867369069
90.0,77.95574708165495
93.0,82.33071791109508
95.0,82.7400315842146
96.0,82.12658123542674
99.0,84.1787663907434
103.0,86.19883808407785
105.0,101.156004457184
108.0,112.78933383618825
108.0,110.34075835410519
111.0,106.7778844250874
113.0,115.95419406673061
114.0,126.83042296465138
112.0,122.9703053300518
109.0,120.45215093389776
107.0,118.48500035607447
105.0,120.2651710435059
104.0,121.73470313832178
102.0,125.27361584687357
101.0,118.14773766873199
101.0,113.84593634582063
100.0,107.63267907632259
100.0,108.22797566459289
99.0,107.05033317426805
100.0,104.49937055575785
100.0,102.36714940736347
101.0,100.84365229017516
101.0,99.77301682224473
102.0,99.80920640062978
102.0,99.602429068707
103.0,101.05439021463722
102.0,102.13503858466825
100.0,103.57754856688652
98.0,103.73885942972112
96.0,106.57962413615772
94.0,106.60592597503643
93.0,108.67356120462998
91.0,106.50876824505143
91.0,102.7111462149065
90.0,99.05054960334976
90.0,94.7787041851721
91.0,94.60248733949675
90.0,94.41872487585172
90.0,92.49327420734694
88.0,92.91915388764428
86.0,92.17563493240023
85.0,92.16667263294755
85.0,93.52764904968656
84.0,93.77554127176484
83.0,93.76873544826927
82.0,91.48229613813851
80.0,87.46272403417146
80.0,86.17058046069032
79.0,86.23437072732675
78.0,85.47881829573093
78.0,85.21554650463959
77.0,82.78437907161808
75.0,81.20890101606761
74.0,81.29450267387482
74.0,81.42830439481726
73.0,77.26904817863979
73.0,77.51725009418111
72.0,75.58843495294101
72.0,73.31087611159462
72.0,72.80141329695398
71.0,72.81338842354359
71.0,72.81723212960283
70.0,72.8766250069709
70.0,73.10941590555754
69.0,73.43016615363373
68.0,73.65673508741878
67.0,73.12561086029504
66.0,73.84772438199745
65.0,74.09185514153336
65.0,75.39491856968013
65.0,76.4377272526231
64.0,75.87650100572982
62.0,75.53149257249733
60.0,72.6072413736479
59.0,71.81406952288704
59.0,72.0499903838639
59.0,72.35793518352641
58.0,72.19949536501383
58.0,73.62412388079032
57.0,74.10229720461336
55.0,74.74968657047637
54.0,77.1742842945442
54.0,80.8353622205053
53.0,79.70517966371361
53.0,81.01517563282007
54.0,81.90653544953898
53.0,78.98087376084315
54.0,79.61633173707077
56.0,80.87705598242336
55.0,81.05720994936124
55.0,80.8574853685267
56.0,81.33422886233126
56.0,81.22172857053476
56.0,81.87766489989056
58.0,82.77452572618296
59.0,83.00348669532605
59.0,82.80379238217132
59.0,82.97036043035052
60.0,82.65811127639469
71.0,82.67434847603867
73.0,85.97576277817168
76.0,88.90176081174894
81.0,88.7381129501462
87.0,88.68425988229139
93.0,92.91163595764179
100.0,106.99661457059962
104.0,108.71876430570201
106.0,111.3000255826723
110.0,119.2469233937979
113.0,121.56154764060359
117.0,124.37291089335088
121.0,134.65638377810504
124.0,139.8833520528298
128.0,139.78166204468204
132.0,140.19927920699922
130.0,137.97533951003243
130.0,134.4393731666116
133.0,136.39037540215065
132.0,143.81694952082387
133.0,150.20016780376267
135.0,144.17555303960773
133.0,137.8033630760073
130.0,128.43084151005672
126.0,137.19981574971214
126.0,129.05891512138618
122.0,136.92156046398446
118.0,143.660622977768
116.0,137.40737042674752
115.0,128.63433505105036
112.0,126.86580905529841
109.0,128.60238678601343
108.0,115.65984415308297
105.0,110.12641765072705
103.0,106.26292125712854
101.0,107.34065538922907
100.0,104.84998623207257
99.0,103.79240356708108
98.0,104.23554384474433
98.0,102.0918447762802
98.0,101.94380935316875
98.0,99.62657267490903
99.0,97.76924945834575
100.0,97.22351754535282
97.0,95.99119512561684
95.0,96.57425899740323
95.0,97.51269899150387
93.0,97.91290433564804
92.0,99.83512923235534
91.0,102.19333740125974
91.0,98.38979287418834
91.0,96.12590224073352
90.0,96.19323308842785
90.0,95.74983503978369
91.0,95.32847307261362
92.0,94.00959256721396
93.0,94.52627285936707
93.0,94.6523134230478
94.0,93.38265886884604
95.0,93.4236029031692
96.0,94.99553472513534
98.0,97.86910299285924
98.0,99.16335309733586
99.0,98.35859385027922
101.0,99.47282748579805
101.0,99.30221903296925
101.0,98.96421876271752
102.0,102.81247343729092
103.0,101.95635537750613
103.0,104.20103320536687
104.0,107.71363630267443
105.0,107.14051629451703
106.0,107.01249408893548
106.0,108.45360541025138
107.0,110.91337053253253
107.0,110.70571267601547
108.0,110.88885403064681
108.0,111.43321597966076
109.0,111.97163113641793
109.0,111.6565124595684
107.0,111.37028080053254
108.0,111.06612731787729
110.0,111.96232006995928
111.0,111.5414893671245
116.0,113.42045686654458
123.0,112.95477885525958
132.0,109.78742212688569
142.0,119.30366132802806
152.0,124.56524281653337
161.0,124.38073397352808
167.0,130.14278833340404
172.0,146.25682221491164
176.0,164.93404755724356
181.0,169.77569444335117
185.0,181.9558022487207
189.0,189.34307591937622
193.0,187.55735876845844
195.0,195.5278358644902
195.0,202.01541195375563
194.0,202.0212084523421
195.0,197.76395266371952
196.0,192.5152297493726
194.0,204.63759011078133
187.0,210.0098334502116
185.0,202.66956056473714
184.0,190.36743575909182
181.0,192.6138800963553
177.0,192.96439836798507
170.0,187.049365901624
166.0,169.87800315046826
162.0,170.40153246267568
158.0,171.70378182368916
154.0,165.48744018307406
152.0,158.4057860777003
148.0,147.56535621583743
144.0,141.05464237541895
140.0,140.50713491465942
138.0,136.3160036638521
136.0,134.84118623482357
131.0,133.0266921042393
126.0,131.81406773526473
124.0,129.50083839959777
122.0,127.43048659403344
117.0,128.09675553600553
115.0,129.52461520548394
114.0,121.04716858809451
113.0,117.52957625285349
109.0,113.25944177275427
106.0,112.72407854871342
106.0,106.67752018150448
102.0,103.01071766227946
100.0,104.09082813947079
99.0,105.22062906087301
102.0,102.75337578942674
101.0,98.65215037312421
98.0,101.78723380305934
95.0,96.07539344598557
95.0,95.38205981756856
96.0,95.17871458331607
96.0,99.61635474080448
96.0,98.40080863503081
95.0,95.18006678980436
96.0,89.47536949600186
119.0,90.26597190945026
127.0,92.9772693847358
134.0,96.87909861163682
141.0,97.47438142528047
144.0,97.05523710446987
145.0,97.75724904799047
152.0,145.92843809558642
161.0,153.03700407780778
168.0,152.39645824065155
172.0,158.82744101619647
173.0,149.28224948811095
178.0,146.63612452995926
182.0,160.93723173707616
182.0,181.26646037477556
183.0,182.78083716451775
185.0,183.4678456849022
188.0,183.7729494487788
192.0,189.701982893554
194.0,187.90643175570906
199.0,180.80118757632405
202.0,179.85382130763134
204.0,179.91236229905022
205.0,179.82351428758267
205.0,194.28414872821358
207.0,196.14758763305505
202.0,211.4781994728215
192.0,208.3716152505648
192.0,204.86833621973184
188.0,206.07776151950657
184.0,204.2004296135846
180.0,205.28876622070544
177.0,197.03779906329316
173.0,179.84374171394518
170.0,184.4545224292744
165.0,172.43007001702466
158.0,171.44030807410365
152.0,162.25105812893614
148.0,158.29262388377416
147.0,158.22466756739192
146.0,149.41295126959326
144.0,146.98206055171775
143.0,137.03162454857528
142.0,128.77829850347575
139.0,128.2671664093921
135.0,133.32136874158806
135.0,142.9853944297365
131.0,134.2949179609407
128.0,135.2174953526391
126.0,137.2271156946281
125.0,130.75564829584567
122.0,128.82054046541106
117.0,130.11641873764577
116.0,122.02714075946842
115.0,120.50673278357795
116.0,119.75681817770088
114.0,118.08701751060877
112.0,114.00322536523048
112.0,107.94084502271394
112.0,107.99496643409671
112.0,108.13101703517877
112.0,110.16056483124419
111.0,108.29838754933736
111.0,105.56165652143915
110.0,106.08346663989302
109.0,107.432059285276
108.0,109.321479256241
105.0,111.44198548312356
103.0,114.92391372459562
102.0,114.77358052646015
101.0,114.7107600490205
101.0,112.40268945397854
100.0,110.20507615733968
100.0,108.18099273053537
100.0,104.77029215645882
100.0,100.40118081913087
100.0,99.6701671026677
99.0,100.10013151475614
98.0,99.84809594677903
97.0,100.05590750976677
97.0,100.4258385655922
95.0,100.50264597152953
94.0,101.18429062494629
93.0,101.36544122191128
93.0,99.04412047683057
92.0,97.21458777318274
92.0,97.29526260752672
91.0,94.88925067652407
90.0,94.89366357080924
90.0,94.67921428647676
88.0,94.74251911809905
87.0,94.37665471724817
86.0,94.48344633515428
85.0,93.24578275368837
85.0,92.42509569099794
85.0,92.43823068800528
85.0,91.28234555272525
85.0,87.51324044707623
85.0,87.36265727340064
85.0,86.0997146164194
85.0,86.1243925994118
84.0,86.13194979601776
84.0,86.13567037904525
84.0,86.13567037904525
85.0,86.13707931415206
85.0,86.13707931415206
86.0,86.14349511971746
87.0,85.34892782421836
89.0,85.34892782421836
91.0,85.34892782421836
91.0,86.29094146578812
92.0,86.17937908190292
92.0,87.61701956257416
93.0,87.80477237369935
94.0,93.94137211736852
94.0,95.7871842662367
94.0,95.40924300637815
94.0,97.23787128034053
95.0,96.26065237357224
94.0,96.7085643728608
94.0,96.67497622943203
94.0,96.43705468192488
94.0,96.28957901546295
95.0,96.12833044427202
95.0,96.09776223000479
95.0,95.8299754564301
96.0,95.64662546994835
97.0,95.64762816739346
98.0,95.6328982749385
98.0,95.69478548474783
99.0,95.76536685159219
99.0,95.53387520008918
100.0,95.63864118217259
100.0,98.17851784884027
100.0,100.43847132155157
101.0,100.34677119136545
101.0,103.81086230591833
101.0,103.87633491602698
102.0,104.84049268820362
102.0,104.68858564361156
103.0,104.56989489292954
106.0,106.20733799965646
107.0,106.11566690685139
107.0,105.94065726138274
107.0,107.48863936622644
107.0,107.36101974637548
107.0,109.35137411961325
107.0,111.09119565031462
138.0,111.19006953508064
143.0,110.55406736660443
145.0,110.01478144889698
149.0,109.7359869575905
155.0,110.14430238343164
164.0,117.68667050559085
169.0,152.9841282198554
170.0,162.31991247273146
173.0,152.48889291883503
178.0,155.60023641351552
182.0,166.2068721068422
184.0,182.9023462340545
187.0,181.9190810142334
190.0,167.90669761352208
195.0,185.67859542527574
197.0,191.28256322923676
200.0,190.96433934716427
201.0,189.77969189478713
202.0,187.5143104761217
202.0,197.8042888769177
202.0,206.7349714793428
203.0,205.68652339277764
203.0,206.65690520274708
206.0,202.98582709687702
208.0,201.37590065145434
206.0,200.74846049597483
205.0,200.3748530916392
205.0,200.57041931520143
203.0,199.63245199860145
201.0,207.58848970209033
198.0,208.71753182871876
194.0,203.02321647668077
193.0,201.1946758027655
190.0,198.9879952141324
189.0,192.3323562360672
187.0,192.46192685876804
185.0,192.64004464858493
184.0,187.4933020973048
182.0,188.79787721095272
181.0,183.70137844013271
180.0,176.70692758493988
179.0,179.86117066101136
176.0,179.42410780262102
176.0,180.46741307390002
177.0,176.6673498980649
177.0,173.87328958544433
177.0,173.51568898269574
177.0,172.8686013767617
178.0,168.04468156069322
180.0,169.0441866872837
181.0,175.0951467017801
183.0,174.50098657721884
185.0,174.14676018783763
188.0,176.42460743100617
189.0,184.2274770939847
191.0,184.681436201495
194.0,183.91026684173463
198.0,189.1813177467331
200.0,191.45330708268793
203.0,194.21128227385788
205.0,195.08315589684926
208.0,200.93198732322853
210.0,202.07578489148966
211.0,208.88469075530918
211.0,208.28244575487477
212.0,207.68338392325123
211.0,212.49664378778698
212.0,213.76661469301567
214.0,218.8596332084658
214.0,218.9694315429844
215.0,216.62005248194987
217.0,215.95500165847773
223.0,213.84696990318628
223.0,213.6970236666895
223.0,215.31497145292875
227.0,213.57201682068902
232.0,215.62793035464023
237.0,219.912358205527
242.0,225.8315045322041
246.0,224.50650085341508
252.0,222.78722707072527
263.0,230.7163590856076
267.0,234.76043724762
268.0,243.35769564274005
267.0,243.7966022431157
272.0,245.00331780877232
276.0,257.9414875260933
282.0,273.79149952779846
287.0,274.74982015238646
290.0,272.64610961681467
296.0,270.413644784697
301.0,272.20496041527934
308.0,279.40340056355166
315.0,284.114170126039
317.0,288.2365804624578
324.0,289.39596919726614
331.0,301.1049815467744
334.0,293.8539569667064
337.0,291.70640372473395
339.0,301.25477985308004
338.0,303.1528012935577
338.0,310.41400736378336
339.0,311.2770334000763
342.0,311.12040132823745
340.0,327.8873960499238
340.0,328.70798401081316
338.0,328.13911420978263
333.0,328.2462043601907
332.0,327.8500842140809
331.0,335.9983911866541
329.0,330.2861938412554
325.0,329.0347201868288
319.0,327.6924989334534
318.0,302.92889827510356
315.0,300.72550016437197
308.0,300.8664469922416
305.0,300.70451607022363
302.0,298.92744016890384
300.0,293.0710815624167
296.0,291.5176150879544
293.0,285.10447496684327
290.0,275.0715778789337
286.0,275.2560463632084
282.0,269.64295557199836
279.0,270.1460284183602
277.0,268.43517274384664
271.0,258.4816474652203
267.0,257.79707417302274
263.0,256.70151069024945
261.0,255.36126120877864
259.0,253.54208625908825
259.0,247.97104099600395
259.0,237.58712559749242
260.0,236.97624646580073
260.0,233.68582166532866
259.0,230.2325986919328
260.0,230.04279262785226
260.0,234.5890452868133
258.0,243.1467654062259
258.0,245.04802279520717
259.0,245.21812595688988
262.0,245.29200261564907
262.0,228.2901923060225
265.0,228.12092868764822
270.0,227.35247527932913
271.0,227.9651379941691
272.0,229.87562471528113
273.0,228.93693152189977
267.0,271.22039148523334
258.0,270.86195705587744
253.0,272.53992506188723
248.0,283.80541897241204
239.0,283.454068514823
225.0,284.81722044812017
211.0,273.1131169065874
197.0,246.8456031434976
182.0,242.7825158249684
171.0,230.5706793223315
161.0,209.87781937586644
154.0,206.96494674358473
146.0,165.77017286031807
140.0,150.06470549498096
137.0,133.4786357578745
131.0,128.67632350038974
125.0,113.31253249461051
122.0,114.99638121271472
115.0,111.38040492946735
106.0,95.89815458287973
98.0,98.84470190268746
92.0,97.92431308310577
88.0,97.43313521942953
86.0,102.20288792734922
84.0,94.89454570956032
81.0,93.3467368924566
77.0,87.66299254943293
75.0,85.80534769976877
74.0,83.74809728399472
72.0,78.26936355845694
69.0,77.97849017480824
63.0,76.63534534935006
57.0,74.71455807927107
52.0,74.5498150123516
50.0,74.94095445491158
51.0,74.24218568328996
55.0,72.38358192698153
59.0,71.48238984153873
62.0,74.69833971391884
68.0,69.97185387861455
73.0,58.21629858026488
77.0,69.14923877683442
76.0,73.5786744459065
76.0,81.78364786396527
77.0,82.92369702241496
76.0,97.48663241448779
77.0,101.43017128119601
78.0,106.21552899877588
77.0,95.38806391022322
75.0,91.35258986710586
75.0,93.97067721663424
76.0,90.11874576144088
77.0,93.17441745897378
80.0,92.98394584923543
82.0,90.54776380655936
85.0,87.17425869419213
88.0,87.36560215087901
91.0,89.4571306626844
93.0,92.80692471427294
94.0,100.72992177055325
95.0,100.82825219057791
97.0,101.7924201098849
99.0,107.41100579770433
100.0,108.68842699346446
99.0,111.88228033465458
98.0,109.62770934144096
96.0,104.52884093873706
95.0,106.075821223622
94.0,115.56813265426766
93.0,115.51780229163386
92.0,110.65871176089517
91.0,102.66600004580673
91.0,95.02522633899082
90.0,94.75325978338645
89.0,94.57532879687537
88.0,94.2970030256043
88.0,94.0053571028305
88.0,92.96731443811461
87.0,93.20084359293743
87.0,92.32038940752683
87.0,91.94053570297609
87.0,91.41146898791112
87.0,92.87427500378415
87.0,93.77460765826049
87.0,87.82976989782628
86.0,87.95281132437145
86.0,87.77034710469297
85.0,87.77388702671274
84.0,87.71877644772027
82.0,87.7026847924652
81.0,87.7026847924652
81.0,87.49885651467774
80.0,87.54624336010642
79.0,86.1446575132201
78.0,85.36406631077215
77.0,82.63215892500915
76.0,81.08153547364805
75.0,81.29218685929506
75.0,81.36150580085028
74.0,81.35090790634021
74.0,77.621533577955
74.0,76.13458877512012
73.0,74.27358867587917
73.0,73.87372917627135
73.0,73.82933356744465
73.0,73.52100557977188
73.0,73.35595467757705
73.0,73.34457714159348
73.0,73.52738239206512
72.0,73.56984188782853
72.0,74.23258330723736
71.0,74.77377997933301
71.0,75.51283706975494
71.0,76.57039823957385
71.0,77.15908100447894
71.0,77.716172213125
72.0,78.36650722838422
73.0,78.31558598718681
74.0,79.0709306211467
74.0,79.88928988977833
75.0,80.72979884154422
77.0,80.80932324202305
78.0,82.89964540897039
80.0,83.0436958289699
83.0,81.63544685103274
86.0,84.17864647431692
89.0,84.0580587148108
79.0,84.68073454041264
81.0,85.6202382367986
84.0,89.42528352562134
89.0,94.56824508189567
98.0,100.55144838499061
114.0,103.18818760016173
130.0,82.80028214743243
142.0,87.20045387779136
152.0,107.79518634216286
163.0,114.08556877811895
174.0,128.59703944294685
184.0,157.3485368633841
194.0,167.99749738925414
201.0,171.61363738554002
205.0,182.68234278011496
208.0,193.76447937213572
208.0,205.0220357057899
209.0,207.67777399161267
208.0,210.6710245698465
205.0,200.69191956624758
201.0,203.1114131648877
196.0,200.072100448453
193.0,195.92971705383653
191.0,197.0319516545669
187.0,194.8875698231083
183.0,190.13394660183232
179.0,180.17684118674572
175.0,171.2302200765582
171.0,175.06539463297347
164.0,175.68745936920726
159.0,161.79356881068915
153.0,158.0905345103728
147.0,151.73528981948624
142.0,150.94485307241212
137.0,153.03312674239982
133.0,139.70630035977837
128.0,141.96603596790254
124.0,128.25277354642284
119.0,125.98438634295226
116.0,124.02681938922366
112.0,122.65628359708815
109.0,115.7107604946441
106.0,113.11114962960684
102.0,109.66992166018743
98.0,101.57684614643865
95.0,99.22686442641132
93.0,96.32835462481061
90.0,97.53583434007575
88.0,94.98177922470171
85.0,92.71893129593045
83.0,89.18990180703831
80.0,86.5506680187324
78.0,86.6786429597566
76.0,85.24403579330894
74.0,85.16764907232682
72.0,83.54797239157155
70.0,82.62486844007144
68.0,78.79938048556689
66.0,78.72100642897533
63.0,78.53701702028748
62.0,79.475468449758
61.0,79.9471000482789
59.0,79.55301778145312
58.0,78.7145644862333
58.0,74.63495687219842
59.0,71.40530493906397
62.0,68.3039283878638
71.0,67.83819043533627
79.0,67.5247946981682
92.0,66.94681157467296
104.0,67.91502863389331
118.0,70.49882361957111
134.0,73.05549341636817
146.0,94.36391150316122
156.0,109.8673046842946
172.0,127.54232010617967
188.0,132.6729366619491
204.0,137.64705442125288
217.0,158.72125657303587
228.0,169.1274221293688
238.0,172.84299904263568
245.0,198.79099324375844
251.0,211.40529641971287
254.0,219.1680071066398
254.0,232.73225456402693
251.0,242.40880787303695
247.0,240.3507960319436
243.0,239.69943479314824
234.0,247.04424035185914
225.0,235.62404100163022
217.0,235.23585760211412
208.0,232.4921380407991
199.0,215.95666590839576
190.0,218.1406406752371
180.0,198.6032420210221
170.0,191.56309003313652
162.0,180.59548366761675
152.0,179.59108261002916
143.0,168.09681528282584
135.0,158.17937021821263
127.0,142.17814804601971
119.0,117.34820990328429
110.0,122.47142364736203
101.0,116.02450779885923
93.0,105.97235055894102
86.0,98.82156624034728
79.0,105.34168154338371
72.0,93.46189739597904
66.0,93.9029080225451
61.0,87.01706288663607
56.0,81.40268809054072
52.0,76.92428765938196
49.0,75.495341500912
46.0,79.38642298416104
46.0,75.02284510493773
48.0,74.42892017815764
53.0,74.05652795746208
57.0,73.89514257942972
59.0,68.79002391722337
64.0,67.6573279692933
68.0,62.093691276574006
72.0,62.0183655247216
75.0,77.72768642424708
78.0,82.35784708981888
81.0,86.18039460011848
86.0,99.15278290234333
91.0,100.91819840054765
96.0,104.5626955063294
101.0,102.86922589703468
105.0,102.52413641460349
107.0,101.88134939063596
109.0,106.69696935016816
112.0,116.32014909626344
114.0,121.55241352436566
114.0,135.9596049466535
115.0,141.44994795549374
116.0,139.60418568553513
117.0,133.62783285532208
117.0,120.84605386451668
117.0,128.18765845837459
117.0,124.86519197427045
118.0,125.66420273973124
118.0,125.8950344151453
118.0,125.51753986495542
118.0,124.24283194724576
128.0,124.35280717290945
136.0,123.73815286897725
145.0,123.54413850864618
154.0,122.69159912787322
161.0,128.8711637435155
168.0,128.71277140917638
175.0,163.7630885189947
181.0,165.73873781133196
188.0,171.98077460317583
195.0,181.13156161505137
200.0,186.6329197029013
204.0,186.15392896624743
206.0,200.65437680858489
206.0,197.35327990875038
207.0,201.526044863571
205.0,210.5446281854461
203.0,210.39311962944925
201.0,207.31635172253408
199.0,206.93253214331256
195.0,202.10583314210976
193.0,199.81597176857514
196.0,198.54691530354543
199.0,194.475513552609
201.0,187.86461893552035
202.0,185.27871369002855
200.0,185.0462088287801
196.0,185.62065395060029
193.0,194.98714901656285
191.0,200.99732202065482
188.0,201.70746118239182
188.0,199.9460774056188
191.0,198.38542258665856
192.0,189.7760408427603
193.0,186.73960395303203
192.0,188.07658144890934
188.0,179.463528496758
184.0,180.01381949918297
177.0,191.5764735021111
168.0,193.71186653024952
161.0,195.26066613696383
158.0,192.39056176106766
158.0,181.71894575315991
163.0,179.60429695933692
172.0,164.6665069683878
178.0,151.4160986501605
185.0,140.90194574653603
190.0,141.86846671715296
194.0,146.01534579231327
198.0,160.32501360200072
204.0,177.10742633006916
209.0,192.18073961192013
213.0,205.54500841685714
216.0,208.72230026438152
219.0,208.13892446296845
220.0,211.2469886605481
220.0,213.62151745032594
219.0,220.73976202354476
218.0,222.38449212235778
216.0,222.58362880620732
214.0,226.17480799093806
211.0,223.508410742899
210.0,221.7861984262552
209.0,222.21906717871113
208.0,222.12709808381823
208.0,216.07429360896776
206.0,210.46208102531546
205.0,210.23594005294814
204.0,210.33447416295706
202.0,207.89465990045193
199.0,207.10469727257788
198.0,207.6525185702638
197.0,205.1647062626883
196.0,201.509698768497
195.0,199.2485418962591
194.0,198.8936269029235
192.0,197.17955557007866
191.0,196.7916126996769
189.0,193.80812961031714
186.0,193.63904910576727
184.0,193.97650402480056
182.0,193.2273786992354
181.0,192.20618360116157
180.0,191.90053043086152
179.0,186.17996628725217
179.0,181.96385422487126
178.0,181.32483565422461
178.0,178.47686708695505
178.0,178.0646136465086
179.0,178.0558845660827
180.0,177.64117018592322
181.0,178.73022651601758
183.0,181.25746363353906
184.0,184.6703887483394
184.0,192.98422623619814
184.0,188.95291952465905
184.0,186.3014489766972
183.0,180.7842920553339
182.0,188.31470724502486
182.0,190.09518071994432
182.0,189.4116195925007
182.0,189.68838517721002
181.0,189.80397548549524
181.0,186.6783093643544
181.0,182.93333700357653
181.0,182.80719252700754
181.0,182.74384535586037
181.0,182.79204683179736
182.0,179.7275993346826
182.0,179.57637859675975
183.0,179.5688445917576
184.0,179.61390214865958
185.0,179.65321817793372
186.0,179.6831625093292
187.0,182.83213041939018
187.0,182.91191719317695
187.0,186.29997148038277
188.0,188.70116935930238
188.0,189.04611239856874
188.0,188.94341099037203
187.0,189.3846271105608
187.0,189.25738882777148
186.0,188.07729834694817
186.0,190.2007043978015
184.0,190.05391487966915
184.0,189.80272030169212
185.0,186.72749368541758
188.0,185.76002990601813
189.0,184.58119945022685
190.0,184.15186507512757
190.0,183.93643419742438
191.0,184.51438223101613
193.0,184.5950470224474
194.0,188.79657785490178
195.0,189.88051370639892
197.0,195.04457538189124
199.0,195.11784908862916
200.0,195.90127103270177
202.0,196.78058699822125
202.0,196.96120592958619
203.0,199.186187598505
204.0,198.1408652601404
204.0,203.92435721081202
204.0,203.2194609104103
204.0,202.97075201104835
204.0,202.80544106229004
270.0,202.31355962628967
272.0,201.77336851899372
267.0,201.38566133443098
265.0,201.4365003530745
267.0,196.6396158955431
268.0,196.6396158955431
268.0,275.2735431796984
267.0,270.89070851957405
266.0,264.66865650230574
274.0,259.23784571165714
273.0,254.90255515515642
269.0,258.4277214626608
261.0,259.635258307347
256.0,258.54768632697204
249.0,258.6984342728118
244.0,267.151147170354
242.0,274.5474917365842
239.0,271.8964439995974
235.0,244.7288931394373
230.0,239.45026694584763
223.0,227.61445395914325
216.0,208.8471363141015
209.0,211.12387023234015
203.0,219.17758662655717
193.0,211.27476682789307
182.0,206.0206232254353
171.0,199.00851552666927
162.0,188.15205667591732
155.0,186.771966736718
150.0,173.7983294165479
146.0,167.4885957307858
143.0,148.382042164479
139.0,139.71745221913756
135.0,130.24481129137072
130.0,130.76084103528405
125.0,124.60947525736172
121.0,120.22158941441921
116.0,119.76371255093235
109.0,118.94182918354984
105.0,116.3003462952288
100.0,111.30019034718772
95.0,110.23602527565178
90.0,105.41131840361274
86.0,99.88326013152098
81.0,97.44143454703347
77.0,91.64524526971574
72.0,89.78194347535594
67.0,84.9451970593215
61.0,83.86182840999417
58.0,80.25509647013926
54.0,79.41664565431738
51.0,76.42925298965564
49.0,79.4541983134618
48.0,76.65815940005533
48.0,68.28168585695266
48.0,66.46476524994486
50.0,64.85849104866479
57.0,62.672632875001284
65.0,56.38031574808394
69.0,55.982671843736
75.0,55.67946797888658
80.0,55.81725009383633
91.0,56.76765622789665
106.0,80.64510970529007
117.0,97.99569248294803
127.0,99.61037661199265
134.0,105.54038389470081
139.0,115.93354829882348
146.0,127.27134372281228
153.0,143.6885260379761
153.0,149.22951086211148
150.0,164.14383234108033
145.0,162.42526197583163
139.0,158.5204425000667
132.0,174.31197253387353
126.0,175.20823424661103
121.0,164.09792029393864
118.0,149.03069811302868
116.0,140.2921605354928
117.0,126.31710606619059
116.0,115.97245637525526
115.0,112.83586771628329
116.0,110.59121279514136
118.0,111.36389182630309
121.0,112.32999547526373
125.0,117.34772307409145
129.0,113.40142672382576
134.0,113.31241053448355
138.0,114.10294073457716
138.0,118.49547768758057
138.0,120.19261163595301
136.0,133.90242937991215
136.0,138.77956051600248
136.0,145.05413623996913
135.0,147.24763777662
135.0,143.91322039127692
134.0,142.47036968133006
133.0,140.4298868262529
133.0,139.5813301536092
132.0,139.87262368087107
132.0,138.24261275641007
132.0,138.23602780746606
133.0,137.1089831885209
133.0,135.41011030879525
131.0,135.5210884523934
132.0,129.31963365394716
133.0,129.64052349609537
134.0,129.7656844697337
134.0,135.65369971175713
134.0,135.677035422914
135.0,129.6040537181131
134.0,130.00732887230333
135.0,135.52089048725904
137.0,137.88898579302614
137.0,137.87503667379386
138.0,137.94142520433664
139.0,138.7805521888879
140.0,137.6994289107336
140.0,138.5212330996759
140.0,140.57266605478998
139.0,139.99012056080983
139.0,140.91874200019066
140.0,141.65108890367014
140.0,143.901144365397
140.0,143.3655801196807
140.0,142.7784792484764
140.0,138.8236438005135
140.0,138.59603698032944
140.0,141.96008321986304
141.0,142.90110375527203
142.0,142.54344178009808
143.0,141.42198807725103
144.0,141.62579144068582
145.0,141.55689284718292
144.0,141.36534425720242
144.0,147.86855037536094
146.0,151.65978604189007
146.0,152.062439516358
146.0,152.18090268449265
146.0,152.97332436728732
145.0,150.41029094990478
143.0,150.02512840247027
142.0,153.5595420610548
133.0,153.4169992429334
134.0,153.1228686912554
132.0,152.89344421482699
131.0,150.21768624827456
132.0,147.35850527823231
131.0,147.36515780920513
130.0,125.20241183662685
128.0,130.26588052031101
127.0,125.2555033290949
124.0,126.00851783046967
124.0,127.54485830213865
123.0,127.45031908883865
125.0,127.80015218299644
127.0,126.88586063076185
129.0,126.68743605996272
130.0,121.1266023315161
133.0,133.85713982275215
139.0,134.05447059888513
141.0,136.10664274203418
142.0,140.71975446584392
142.0,140.7713745171392
143.0,139.8447169451103
142.0,142.30571609279392
142.0,146.9947039624304
144.0,152.27571771632708
145.0,147.2665057398641
147.0,146.2952196576684
151.0,147.2971027234606
153.0,145.186787808814
154.0,145.24719869693084
160.0,148.4062533791606
165.0,151.37985476890717
171.0,154.11202988529632
180.0,162.47753249010404
187.0,160.03739891111732
192.0,157.2609886839392
196.0,171.3170458360138
199.0,183.3807979047306
201.0,188.25175016798062
197.0,198.02999565623162
188.0,206.40462253810716
178.0,210.00214163395913
167.0,216.96042423550745
154.0,218.37053713197074
143.0,216.3407747461281
134.0,206.42178697787674
123.0,185.79202984410853
112.0,170.10721850502708
106.0,150.14072003012208
101.0,136.55741838148418
99.0,125.13744638549062
101.0,115.53513090671156
103.0,106.73921271194202
102.0,103.69969482381387
105.0,98.62807201536005
112.0,92.69220685537036
119.0,93.25859850531619
125.0,98.2417286135784
130.0,106.86286474990706
136.0,105.1041597052624
142.0,108.94044209003856
148.0,125.36069033871487
154.0,132.1945642385964
159.0,141.582830650792
164.0,146.01024790116543
167.0,146.4907122296251
169.0,162.55101152479264
170.0,161.52181538512872
170.0,167.74332662571928
168.0,168.21804876610128
166.0,174.25852887402567
162.0,170.93445295831637
156.0,179.1379066876824
151.0,178.4194850971042
148.0,177.77458282081443
145.0,173.65734462396478
143.0,169.00029065646973
139.0,160.82165361531463
135.0,156.66975470309046
132.0,154.3710154743995
130.0,151.39118145362855
128.0,146.00810935335485
125.0,142.54333105837162
123.0,138.91002163728547
119.0,133.42016691368678
116.0,123.61718345101774
115.0,123.03639271582125
115.0,122.2872153127578
115.0,118.9766080102531
117.0,116.67323723391858
118.0,111.86800133275021
118.0,107.92472152521124
118.0,107.38714995054417
118.0,108.29583428263115
119.0,109.13341242610393
120.0,116.45076449392373
121.0,117.1363228804976
121.0,117.16115434108113
122.0,117.3016731005022
122.0,118.01005297450868
123.0,119.00197132952799
124.0,119.9700175044009
123.0,121.1177781520449
123.0,120.95818474611846
123.0,122.58689386451753
124.0,122.39726365378367
123.0,123.54370929450431
122.0,124.7110292378086
120.0,123.6043573383557
119.0,123.60567020528487
118.0,123.43830936295622
117.0,124.78092201382434
117.0,123.44909185755287
116.0,122.2782018344369
115.0,119.43942932601404
114.0,118.66497947419867
113.0,118.1851696617906
112.0,117.88500526535667
112.0,118.5340848919036
111.0,117.59605195668337
112.0,116.39852482876465
112.0,113.20517049252079
113.0,111.55923032514153
114.0,110.1680871710002
115.0,112.30446932674158
116.0,112.87161391285171
119.0,114.23966930902596
121.0,114.38327917750702
123.0,115.78112104063234
126.0,119.37889625906288
129.0,119.89146442834627
131.0,120.26296162780704
133.0,121.36247155923309
136.0,123.34057322904833
136.0,127.11303824731897
134.0,134.47636236324118
139.0,138.35513079434247
147.0,138.92917835413317
154.0,140.6247399167404
160.0,142.6785619768996
168.0,142.73387350464154
173.0,140.32780919905386
178.0,145.7716880987829
182.0,160.4118481715229
181.0,171.40777275746225
180.0,178.18697121602167
182.0,184.37712459609705
186.0,194.61941826679168
188.0,194.67084455071117
190.0,194.06652490109744
192.0,181.0212651490988
192.0,169.73795466427944
191.0,176.13006976211582
190.0,186.28685543679825
188.0,187.31882255731918
183.0,194.67452279729937
178.0,195.50632462789707
173.0,193.17569263685164
167.0,189.74640546375187
160.0,186.605897633416
154.0,179.87988931091823
148.0,177.73713146434764
144.0,168.08327584776382
139.0,161.28789135288199
136.0,147.49395031957994
131.0,139.95285399654057
127.0,133.0808511855785
122.0,127.30251057281302
116.0,126.65261248275837
111.0,125.10057663685402
107.0,124.61660085759357
103.0,114.6811777618573
100.0,114.40417629567222
100.0,109.25361352221232
100.0,103.25632728372811
98.0,99.37866223125435
95.0,95.5204986005598
90.0,92.11972883438011
88.0,91.15803069968433
86.0,92.48819406723833
83.0,94.18460048840568
80.0,93.16867550540353
77.0,87.89299211364991
75.0,85.9098892482466
71.0,85.17397934583035
70.0,84.46756046294425
66.0,82.68080172882031
64.0,78.07122954175723
63.0,78.70990169000378
61.0,78.96226404522344
95.0,132.16189557798668
96.0,135.069438300669
99.0,134.83394955110217
106.0,134.70860747937425
115.0,139.18987857943043
124.0,176.21472917826674
130.0,131.5572692588323
135.0,125.30877520693564
140.0,124.77171176848766
144.0,141.79027200636682
148.0,149.6190457507602
155.0,150.8990531291987
165.0,157.649263431373
175.0,154.76324928523752
183.0,153.78226704902167
191.0,155.39467668551455
200.0,153.7699808361743
208.0,161.9723388979239
215.0,186.6226754149218
221.0,201.7763678887339
229.0,201.68301428323483
238.0,210.94347693436384
245.0,213.91031099181188
252.0,221.0415925020474
256.0,220.9675255664153
256.0,231.40052171398608
255.0,237.9364273534259
251.0,252.95539785549838
247.0,256.18234881390674
247.0,261.3685944961966
245.0,257.4515059202206
243.0,258.434974745673
243.0,257.03817002920096
243.0,252.61849369684475
242.0,236.58853833426318
240.0,240.20868214162024
238.0,238.69348281800532
237.0,236.03209232815908
237.0,236.57073070131733
236.0,237.25685264755828
233.0,237.13464590593549
231.0,229.79660739492377
229.0,229.11829301525918
228.0,230.07692292462517
226.0,231.71077292823415
225.0,226.05602135446637
224.0,222.61955661114462
222.0,223.5431495995865
221.0,220.36073417042732
221.0,218.85541990766475
220.0,216.93972147561857
219.0,215.68230275724167
218.0,212.5936566901319
218.0,215.06309022613644
216.0,215.10773341778938
214.0,215.42138381178998
214.0,216.12486355417323
213.0,216.60587606224672
212.0,216.96723843590502
212.0,217.44795499009697
211.0,214.96590947058027
212.0,211.56860479119723
211.0,211.23537408385198
211.0,209.68895216721228
211.0,208.57280903154592
210.0,208.65962530013047
209.0,208.45190165610566
208.0,209.02276336133502
206.0,208.48160378633267
205.0,209.20290357179513
205.0,209.60977914100766
205.0,206.50231220477454
205.0,201.6651330691613
205.0,200.45995508404766
205.0,198.44085795350506
184.0,196.7194926628596
182.0,196.80836029153187
180.0,197.5013938491179
177.0,197.92427517030865
174.0,198.32502121308067
170.0,200.0675680312997
167.0,180.8117607065113
165.0,170.56394229373998
161.0,168.16695979086853
157.0,166.77322706901373
154.0,166.41182102216254
151.0,153.25716616495757
149.0,152.1894633705818
146.0,151.32280574143377
144.0,148.87205986089208
145.0,144.01889872715546
152.0,141.23766797036558
162.0,136.92811900906875
171.0,139.7378601072985
182.0,144.32796095451897
197.0,146.82000036597032
210.0,152.70162426101055
223.0,158.8967405368152
233.0,172.34179419657295
237.0,182.844893119671
233.0,198.27053367627056
229.0,223.7519085418405
219.0,227.62241843443263
206.0,236.0833764148607
193.0,241.9501394068958
180.0,252.4927632584997
166.0,223.4426306684067
151.0,219.74981082380438
138.0,203.84180321187733
127.0,174.38674362789328
115.0,161.40263654514038
105.0,149.41888113386864
93.0,122.12069098027307
88.0,114.31476727588255
80.0,105.93594871229185
74.0,103.19021326860901
67.0,96.99014904705932
62.0,89.15362488977435
60.0,89.26333843345431
59.0,85.23476978522022
58.0,76.44015911051027
59.0,71.96919486875407
58.0,71.81829130878324
58.0,78.15378820705357
61.0,75.31242754618441
65.0,72.7973122614212
61.0,69.96238720464524
55.0,73.07161226806475
53.0,73.45306791739853
52.0,73.26479384842298
52.0,76.17523268263044
56.0,89.20316293655239
61.0,75.93907117237808
66.0,73.6264286435943
70.0,74.83198442817127
73.0,76.30423859350046
77.0,77.97693056963872
81.0,80.45623316252757
85.0,85.47912147578106
89.0,99.0178142911303
94.0,98.98406602183651
99.0,102.51135559058947
104.0,102.7203064841362
108.0,100.6434079371019
113.0,103.40339555776812
118.0,110.6171612636098
123.0,117.31987678113549
129.0,130.43933971753074
133.0,140.64120023699414
131.0,140.21156558541352
124.0,146.19656388611023
121.0,143.17261268037956
121.0,143.37607733758256
126.0,152.6990646767197
131.0,152.08680084996456
133.0,137.44202734655877
135.0,120.54635618000461
140.0,114.04280967460538
146.0,112.26467125543073
150.0,137.51372463980013
155.0,141.47367874557105
158.0,142.58255125835527
159.0,143.27905895878678
162.0,150.51695394527619
164.0,164.31088628691825
166.0,167.79782542484796
168.0,169.20624816919724
170.0,168.44794097939607
172.0,165.46670988123282
174.0,167.3260313049156
176.0,173.0442703590815
177.0,174.8042025029513
178.0,177.89747553413235
179.0,178.37617876814977
179.0,181.3480926068586
178.0,180.9859092445429
177.0,182.05422313428915
175.0,178.35861491534322
173.0,181.7385229905202
171.0,181.8008268634107
172.0,180.52780179399022
171.0,178.18907244672545
172.0,172.6908737672517
175.0,172.16903205096995
177.0,170.54227312278374
177.0,168.58602468554562
176.0,170.68878103300204
178.0,172.43584969951453
179.0,176.60835512462813
182.0,180.2345205525793
185.0,183.13269817372398
188.0,179.17325118868786
190.0,176.39661185998722
194.0,187.10739044862868
197.0,189.04818564189176
200.0,190.58738255497224
204.0,192.9077350751388
207.0,193.79170185647752
213.0,198.7822929914405
219.0,202.7401868638566
226.0,206.21992999757893
230.0,209.12936226721635
231.0,208.3232765976677
233.0,214.862092383249
233.0,222.9984557809739
233.0,229.5298738628719
233.0,234.5660044011422
232.0,236.51135360984492
232.0,235.4181951610941
231.0,232.97977543354776
231.0,230.60177998050517
230.0,230.98439421412772
229.0,231.13269956053063
228.0,231.6246235573668
227.0,233.80590996501948
227.0,234.09984616249426
226.0,233.80627625049596
226.0,224.61208178855554
226.0,224.54794869570364
226.0,223.85451619184713
280.0,223.35196691495526
277.0,223.3021346305709
273.0,223.34522714087095
267.0,187.770719359523
262.0,188.71943104598083
256.0,190.74434228850424
250.0,290.0382166661711
244.0,292.178752287919
238.0,282.107577323764
232.0,259.4174036340652
227.0,246.71551994673334
221.0,237.3248306164418
216.0,226.4936304356026
211.0,208.46246236333164
186.0,136.97822269896002
183.0,136.97822269896002
180.0,136.97822269896002
174.0,136.97822269896002
168.0,136.97822269896002
161.0,136.97822269896002
155.0,177.17919081745404
152.0,178.97587425265266
150.0,175.71465034430832
148.0,172.4047091014823
143.0,163.17596865043188
139.0,155.6726826023765
134.0,155.55524665778515
132.0,149.74644917021678
132.0,147.20479723944402
131.0,144.52839333069775
130.0,142.85250406161256
129.0,141.0835645095966
128.0,131.23089707160568
124.0,126.59283575918342
117.0,126.26836569569471
112.0,124.40662769810308
111.0,124.29509518013288
115.0,124.96182612912817
111.0,125.28748842016354
108.0,118.02022336481183
106.0,110.35296004038842
105.0,103.98192654983372
102.0,103.62740023479769
101.0,110.91800422264325
100.0,104.90553443964347
99.0,102.72285797039247
96.0,100.26592395455421
93.0,98.94544777083658
92.0,97.09742042052945
93.0,96.62530291848933
102.0,97.32855180472944
114.0,98.90277546532481
121.0,94.32267735735991
127.0,93.8284384834802
130.0,95.44674938935995
132.0,96.49198415165115
145.0,108.2868129601643
149.0,138.44462436276743
144.0,135.8074182680164
144.0,147.2019382223996
144.0,144.2152667588261
140.0,137.19905310620985
137.0,163.0157521406634
144.0,160.017831405436
144.0,145.17860397083192
142.0,145.0054674403575
139.0,145.0762900202928
127.0,140.82757022377717
134.0,135.5263151076249
136.0,153.45322466968463
139.0,150.90393240480884
141.0,149.23354060522743
141.0,138.6887893421405
132.0,120.21719173057724
129.0,136.0385047100077
125.0,139.34775240191001
113.0,143.22626371682816
107.0,152.11350145464155
103.0,149.96182006408958
105.0,128.14645760903772
113.0,125.87647175298906
122.0,121.07814155170726
135.0,117.82634224511506
150.0,111.48995443826662
155.0,103.4566622236153
168.0,107.73208793242642
172.0,132.55739261573564
180.0,142.6038634460585
195.0,169.28344671856627
204.0,188.07188741795883
205.0,173.23073197524775
217.0,192.01292808007364
225.0,190.93775123791295
235.0,197.73030586349384
235.0,217.49000024407033
232.0,212.05249096419536
225.0,206.70436278543008
216.0,222.2348049069257
208.0,230.27352627109306
201.0,242.5729740469631
199.0,234.87520285799238
201.0,216.9456597241431
196.0,210.0776432611367
193.0,183.6667190918475
192.0,178.40320182004402
193.0,168.23264832991427
204.0,166.42161902710174
209.0,169.39074553276717
210.0,166.79925468709968
210.0,165.80797678244033
210.0,164.16976478439005
199.0,168.02159539560978
185.0,193.98723521882687
178.0,212.3856868487334
175.0,210.9170820378011
186.0,210.07846324989902
192.0,208.77587217964248
193.0,185.83003878276736
188.0,170.2719228674359
183.0,168.71825891413334
179.0,170.51921693132394
174.0,186.48352677197448
169.0,188.41277128330992
165.0,188.04464506507261
163.0,177.92689692722502
156.0,169.0170214627981
151.0,161.76750543868135
144.0,165.98580703156057
139.0,152.04557932837648
137.0,148.54297356851694
138.0,147.18157391687245
138.0,138.72010781019267
135.0,131.6829587461029
133.0,126.63748419250832
134.0,122.72964483022062
136.0,125.93835636060486
139.0,133.35899881990397
141.0,131.49284272730307
140.0,128.97180179197872
135.0,126.21797317271974
128.0,134.24329296206022
128.0,142.90505872664156
126.0,148.3573118548948
123.0,151.36627771311305
119.0,139.850014902513
114.0,136.13057670382844
110.0,120.69290956379147
107.0,122.8269841215939
104.0,123.57354354606619
101.0,118.67218587367006
103.0,113.57526879470117
104.0,105.96155018098467
107.0,102.01777293585707
110.0,99.4379978578921
109.0,93.91921542422712
108.0,94.95663433436911
106.0,100.38018359117115
105.0,102.53784405774147
105.0,113.55490016396244
104.0,121.11560715267711
105.0,119.26606783991109
109.0,112.90209646234257
111.0,110.45340649212444
113.0,108.22504313614239
114.0,108.16163162808017
116.0,107.51244479419903
116.0,108.15223377827986
115.0,116.550014773026
112.0,117.04717099697922
110.0,120.03050226194266
109.0,122.34350992735284
108.0,123.2841761528735
105.0,122.34358019158763
103.0,120.25075769253162
101.0,115.4251842921591
100.0,113.91513109926449
99.0,111.56571370591173
96.0,108.96654131224568
96.0,107.11437666920337
99.0,105.09196498299268
100.0,101.20128647227934
100.0,100.00276367056007
99.0,99.24375034283803
103.0,93.55480826263445
106.0,94.00957070963696
106.0,101.79180603848938
106.0,101.89699676873505
102.0,102.00112694717372
95.0,101.48677454659378
92.0,108.80568045439901
95.0,110.29953639454925
103.0,109.89822864044059
105.0,109.21978600032999
106.0,105.15638694483755
107.0,93.76798040533467
107.0,93.74994222515146
105.0,95.32867217978318
104.0,112.68448908150725
104.0,112.33480542423135
105.0,110.98517708930062
105.0,110.18840198123256
105.0,109.85040918754584
105.0,109.04961206098777
104.0,108.29363879171908
103.0,108.25345106640064
111.0,108.88935560362678
113.0,108.97403212276268
111.0,108.98931052627344
100.0,109.01882236543598
97.0,108.60227265014785
97.0,108.14894901385216
96.0,121.52897304159082
103.0,120.98260363508294
110.0,116.30650581024217
112.0,102.2826896871697
112.0,94.4034717361573
112.0,108.55422760606325
112.0,124.57864740144905
112.0,119.20272106845931
77.0,115.49128814367447
79.0,115.60779951822191
81.0,115.4295003538957
80.0,115.42983153784427
80.0,137.43617063126624
80.0,137.2542421665541
80.0,93.27113770240943
79.0,97.53335295639857
79.0,96.94249594414346
77.0,90.20591945941261
77.0,86.49670888680666
77.0,85.82571161379026
76.0,85.82852991835351
74.0,84.71228116496249
76.0,83.01908855988052
76.0,81.88245739397023
75.0,81.60036898465499
74.0,81.68291509160558
75.0,80.80697226197658
71.0,80.46600347139916
72.0,81.76228226340609
76.0,81.88660426586969
79.0,81.4356898041489
83.0,81.05376889912371
86.0,82.28163806045642
90.0,80.59274791385192
91.0,82.37064017066837
93.0,86.10132978613314
98.0,92.48859771722314
102.0,100.62575368611448
109.0,102.97528610228399
109.0,106.73616978711983
118.0,101.06023962575809
122.0,101.44078742035282
122.0,110.34346337773778
123.0,116.54730655687666
123.0,122.0740772717724
123.0,120.42959701433134
122.0,132.3334412850153
120.0,135.74704950502968
119.0,132.05993501758783
116.0,129.44394877112006
114.0,126.97237984459561
115.0,125.67351826164371
118.0,124.92556129748345
120.0,121.24579227622827
121.0,118.7695003361853
119.0,117.04628661343821
118.0,115.5214340460949
120.0,115.7476830487022
124.0,121.28384371630476
124.0,123.14605893978192
129.0,124.32224695480082
136.0,120.81025723702868
140.0,120.07755822147817
139.0,122.17257389727891
143.0,129.5102678869599
147.0,128.10606493763544
151.0,138.2565839386805
143.0,151.8958177515949
148.0,154.47316357027552
153.0,145.74272498139692
151.0,163.2251424549275
145.0,165.00843861197723
131.0,171.38246119363217
112.0,160.5580290939352
100.0,153.34658955769478
96.0,160.3776897184313
122.0,154.47692235822504
162.0,144.91424732382333
185.0,117.03888506329929
193.0,108.3705123025075
191.0,99.36406508266715
184.0,95.57462180470758
174.0,137.6508286200483
165.0,182.3348998880098
158.0,190.1147752792695
149.0,189.93592395788755
141.0,187.22183051740794
131.0,174.17789536153592
124.0,150.9832686154492
109.0,142.05836329320687
109.0,132.69000217426753
112.0,130.60624072165155
110.0,121.47965466405125
108.0,114.29073920740716
105.0,110.01996195535277
101.0,106.80176507168767
97.0,104.48397586737487
94.0,117.46539362310118
91.0,122.36909893504999
88.0,112.9614528992074
85.0,103.779420429267
84.0,101.49799019336776
84.0,92.61706641603303
83.0,89.45124114246839
85.0,87.35548822225849
89.0,86.33196937711516
94.0,84.8839110999757
100.0,92.8050226783819
107.0,92.76205094809737
115.0,91.47120247758238
120.0,98.37830850888865
126.0,105.95279397523309
132.0,112.67231246041862
137.0,118.90698464582056
140.0,120.04972417876557
140.0,134.68854733326197
139.0,133.5674771307596
137.0,148.5245776371311
135.0,148.03007574320813
135.0,147.49978303416933
136.0,148.98602988227756
139.0,144.0674605038699
143.0,139.9086236002452
147.0,137.2556908476673
151.0,141.59946327609754
156.0,139.73215820322488
160.0,141.7150865573187
159.0,146.99519162928684
157.0,163.1325276146943
158.0,163.37490916585952
160.0,170.139839657594
162.0,163.00992534242243
162.0,170.7068299623502
160.0,162.97264438340406
157.0,156.04884918363098
154.0,159.76625760193699
149.0,164.7409746181915
145.0,165.4234640800397
149.0,164.364582738403
151.0,162.4316678147526
142.0,154.85371074508686
129.0,146.30110327434028
119.0,139.53455182431728
106.0,136.3124610486094
96.0,140.22204629294683
91.0,149.57122727359715
97.0,137.4747223397607
102.0,118.55883094913487
105.0,105.79925138284601
107.0,97.9261934012248
109.0,89.14324341818977
110.0,86.48887466219166
134.0,96.64219383786687
134.0,104.96969552899688
133.0,109.64372868208407
137.0,115.30731986736563
136.0,122.77482226352585
134.0,121.3077229170218
131.0,148.97492905093972
125.0,145.41277718192333
132.0,136.49857047088273
135.0,141.86692951211023
150.0,140.0801553609934
152.0,137.9226840692451
144.0,128.33438806042795
148.0,121.98175731037833
151.0,131.81716565433118
153.0,141.37037352894816
154.0,171.71833466686596
148.0,164.5302232023632
142.0,144.69493177647186
148.0,148.38015616731116
145.0,154.65175736011216
134.0,157.52340101673477
129.0,156.29062054943458
123.0,145.09318393689543
118.0,142.0416096076432
111.0,151.7530577784297
104.0,149.57957186061884
97.0,127.61400304078983
90.0,120.33226809574356
82.0,117.61760391260609
69.0,111.82575190609452
63.0,99.64861639359658
56.0,96.71121750425728
56.0,91.34355716866791
51.0,90.72804007733096
40.0,85.36058962236193
40.0,79.95854969972521
40.0,76.98973091689231
40.0,73.47754455549862
40.0,71.7379833341817
54.0,67.91666161193636
61.0,58.60158463876622
62.0,59.2200914330279
61.0,59.40369063148752
60.0,59.33509565956075
54.0,59.54778011713565
40.0,80.30018732912956
40.0,91.0155742180908
40.0,86.20593022938971
40.0,79.54815463704136
41.0,76.44527447767678
46.0,70.52979252029918
48.0,60.916601993415576
53.0,59.40119305834447
57.0,58.52561989993197
56.0,58.419471936104486
56.0,59.999781009918244
62.0,66.78374859456109
74.0,66.49081977678647
88.0,80.27399704669725
96.0,81.18516500083929
99.0,74.4394398051853
85.0,72.85422655993128
69.0,81.84271158940797
63.0,104.37743340658346
59.0,129.07575601596307
72.0,136.06668796666307
109.0,144.23814803499212
135.0,101.861684392804
152.0,86.3868144691877
162.0,78.23108882111168
170.0,76.73741250366494
175.0,89.75388895038037
179.0,142.69250717648404
177.0,162.09130522998234
161.0,178.84504653432012
147.0,189.79472373462585
141.0,189.10451175275216
141.0,203.85162399792011
145.0,205.5142109101689
150.0,192.25869743002932
170.0,150.97832860679688
190.0,156.37908488912223
203.0,139.8225878368503
210.0,141.35708734661458
215.0,155.13974073329095
221.0,164.61570764405167
227.0,181.0989706984495
232.0,209.02483542163566
235.0,219.25053979602382
234.0,227.37231850195437
230.0,225.9814181197773
227.0,236.041076912529
233.0,244.87015258939064
232.0,246.56058053447242
232.0,242.09730261200184
230.0,230.8623235764357
227.0,224.12835824909916
227.0,223.16866220351773
221.0,233.0462631967355
205.0,230.16316253645726
191.0,230.83396588255192
183.0,230.22127475199935
180.0,225.53788023677652
180.0,224.3763409361121
181.0,213.47010477561054
180.0,196.24756107564957
177.0,183.739477171293
173.0,172.74443848566023
173.0,172.61316887322235
197.0,173.3586350363732
225.0,175.743336253877
232.0,176.52136327350655
222.0,175.77595423140892
214.0,172.51461005555655
218.0,175.4982950679919
237.0,202.66303016493163
250.0,227.83587960145493
255.0,231.48008551668642
257.0,217.38245950700005
257.0,210.6835106636342
257.0,215.8104755181819
257.0,235.6128151458551
257.0,253.29537908510778
257.0,251.59850082449117
257.0,250.53510906280957
257.0,253.48225402959687
257.0,254.7187848342343
257.0,254.98975910659323
259.0,257.5327121638284
261.0,258.16662468079886
262.0,258.0866408036255
254.0,257.89978574909355
255.0,257.7031911609064
251.0,258.121047994402
251.0,258.62699690566507
259.0,262.8078612454223
263.0,267.216745960198
264.0,253.39494692968583
256.0,256.01495171748155
258.0,252.08541802052486
238.0,251.17192448664179
238.0,258.2152647543397
238.0,268.2933426177269
230.0,269.6035216174633
206.0,255.32839592553364
197.0,255.46720171291403
211.0,227.52442062223673
216.0,227.69562648556297
212.0,229.76190885183814
259.0,213.18857580999415
290.0,178.13954476276274
260.0,156.48706928891664
240.0,191.07661323942318
221.0,203.89858358483005
209.0,205.32508444876578
204.0,247.44617051562798
211.0,290.1437494153649
230.0,243.1068001910631
256.0,212.5093430727182
239.0,192.0629498357682
202.0,162.6516107249531
177.0,157.5987595836173
189.0,181.39878276537135
239.0,213.58547701797428
290.0,251.73996688654853
329.0,225.84399482524242
333.0,171.24399724105635
329.0,141.35137041268217
328.0,156.23123789527278
318.0,229.3563487175505
281.0,292.6606955500691
247.0,309.35849692949535
237.0,310.3262049038244
235.0,304.9791980159766
237.0,303.6102185357959
231.0,297.8310368453246
224.0,245.72586019091295
212.0,202.10812116088934
207.0,200.9869636566824
229.0,199.93631810286433
262.0,200.48746655851497
278.0,194.6615147204571
275.0,196.94556054399013
263.0,192.26565582392132
245.0,194.0033131620601
229.0,207.86587950139585
219.0,253.00438845794818
215.0,293.45461597414675
208.0,285.50437083273584
211.0,266.81179466160364
222.0,219.52640781326707
234.0,202.45007715792585
244.0,194.46925043299865
269.0,181.30409426414184
286.0,184.57538391403347
282.0,196.756497613994
270.0,210.0914109344479
261.0,212.0109317187013
256.0,228.39700790588637
260.0,260.0410812143398
268.0,300.1744445732571
285.0,296.5952702706852
298.0,266.7424683636792
304.0,249.11735485247368
306.0,244.74530651460492
304.0,243.1049869138075
299.0,258.54474410382545
286.0,284.5099558297741
240.0,296.49769311009646
226.0,300.4171045912559
241.0,307.04598507978017
226.0,311.9832152077372
212.0,304.76584966702814
205.0,266.0572793803976
188.0,199.54460634945872
183.0,181.6896359051825
164.0,202.09851111459386
184.0,191.54319039160143
224.0,179.5960820184346
260.0,179.21480012646504
280.0,157.87707809423947
288.0,157.31948719204198
291.0,115.70892379127623
292.0,167.71561870155105
292.0,216.17766608623717
292.0,248.92915099810517
289.0,296.8227053257773
285.0,300.2659057702212
283.0,298.6930308068897
271.0,295.4619828213659
269.0,291.81636641638846
278.0,287.8613575108587
212.0,283.12930045726324
206.0,270.9043224145591
193.0,265.99414080505926
188.0,241.71390561374923
185.0,240.41803830233042
187.0,256.23920711906635
177.0,167.1472655208281
181.0,152.00145339165098
189.0,136.05963303138375
186.0,132.1931785631028
165.0,133.39401099360336
138.0,142.13772304688067
127.0,141.43826524077517
132.0,146.57796009683423
140.0,155.2270201463135
157.0,157.75802791063262
164.0,143.8070756951918
197.0,98.51566677600772
214.0,103.71446410776724
212.0,110.30002809578149
193.0,126.74167077429944
147.0,167.48964386754267
125.0,177.89337299925347
168.0,208.4271118326231
169.0,214.54206881984834
157.0,207.0687125600422
152.0,189.05906096184634
173.0,129.71386388030615
198.0,117.3995157192802
205.0,148.85378675635835
197.0,158.15439864074784
210.0,144.12002376132133
221.0,135.93499105726605
225.0,174.06993104015854
221.0,205.94587653055527
209.0,223.0098730319307
205.0,208.9379122213365
195.0,217.98763001936732
179.0,227.7699899711119
168.0,230.37543220922376
161.0,216.99871063514564
159.0,195.03824844987815
158.0,190.16098856109218
163.0,181.400152781485
159.0,176.08945662852145
150.0,136.08029945531175
148.0,135.6092246912478
152.0,141.7963989981267
147.0,139.84250785495675
144.0,156.5318170673954
142.0,151.57597851413044
138.0,130.06587185576745
136.0,131.18451499741482
131.0,140.3899866722358
128.0,143.6390380148039
126.0,139.02610859551316
126.0,138.77616782696708
126.0,132.32273091955082
123.0,133.2027396787889
126.0,122.64914970255961
139.0,120.43585960732338
129.0,119.96152608786359
127.0,121.86131367870816
135.0,123.2488407560673
147.0,117.48501268834862
148.0,126.13535909067252
135.0,148.90612078781209
124.0,130.732547042911
118.0,125.23243611576414
117.0,145.77570994743826
118.0,162.6254787021146
117.0,156.92898559476222
115.0,137.9092376028448
126.0,119.86786730469812
137.0,114.84134133014538
141.0,112.75845129726999
141.0,114.83125580510219
133.0,116.37261448565228
134.0,109.67571656255244
139.0,133.9353509179882
139.0,144.17115076089033
144.0,153.7127588343493
145.0,154.03629037485
140.0,141.08268841582873
148.0,137.24228384871657
158.0,142.6595926613797
163.0,140.87709514458498
158.0,154.06479178799316
148.0,153.32003780861442
155.0,135.1142650336535
170.0,157.18624872272974
181.0,176.013590123079
176.0,179.2352190094595
174.0,161.8894718036544
175.0,143.23773092787047
165.0,149.5686610176806
153.0,180.92978339425747
148.0,187.39518753440805
140.0,175.91016058191536
133.0,163.81352102765823
127.0,162.0951113303794
123.0,148.48864976383223
131.0,136.1670446217597
140.0,134.81829839338053
148.0,124.30360954438787
154.0,117.98671786780186
159.0,113.02171741531244
169.0,110.94202742837543
167.0,125.26921109069463
160.0,137.41892823571428
162.0,148.3217845224352
169.0,166.45325808554657
171.0,171.45842570530075
171.0,184.26386976054397
176.0,172.76434465987492
177.0,156.11434369073876
172.0,157.4857950599188
165.0,174.28240873371703
159.0,182.29074803556804
153.0,181.49973976269942
148.0,186.96543420055886
138.0,185.22850497165734
116.0,174.08638726785802
112.0,161.60855379779
117.0,154.11132372779153
116.0,143.41483255789538
109.0,138.7729598165425
103.0,122.81235904383709
95.0,104.79458206126024
99.0,99.35547680955783
99.0,112.85238586704571
93.0,111.30980045258913
87.0,107.06556134360119
80.0,95.06446505799235
73.0,85.97135487144365
72.0,94.24564031972814
80.0,94.10176393074977
86.0,86.61969364314619
93.0,82.07367572817415
96.0,78.77016826969576
97.0,72.63956371327683
97.0,72.87126111222103
97.0,86.39532156491974
97.0,101.87917728805195
98.0,117.71528159195876
98.0,110.16948412183832
98.0,105.95086703820537
97.0,102.66750766563713
96.0,99.91124287507309
95.0,99.20389417014117
94.0,100.91385447803574
94.0,101.16457588987492
96.0,101.05151702056477
96.0,98.13096932839457
96.0,94.71238901648238
96.0,94.55564135257619
96.0,94.47294865796555
95.0,94.73290211629381
94.0,95.55360795527498
90.0,95.42329553817576
87.0,95.25014174112748
87.0,95.17675782066527
88.0,95.14564304476836
90.0,94.97177628853146
91.0,94.94484691978485
91.0,91.16928242092781
90.0,87.02423544398891
91.0,87.14192600137983
91.0,92.78408257670213
91.0,95.0803391525316
91.0,95.7488487220205
92.0,95.27419629103312
92.0,94.12213482629448
92.0,94.27018182373645
92.0,94.21077387285074
91.0,94.33443031502149
91.0,93.72140980553611
90.0,95.3185985783681
88.0,95.1162948444951
87.0,95.0776939297938
87.0,95.04472591174527
87.0,93.65734490166524
87.0,93.65835102925121
87.0,92.6628625810288
88.0,91.38224222288657
88.0,87.58264625511204
89.0,87.66179821679559
90.0,87.61657105793554
92.0,87.68163282717768
94.0,87.69333158521373
96.0,92.83537279522638
96.0,92.81081493873761
97.0,93.73144595886738
98.0,94.97623960047446
98.0,97.86715130478453
99.0,99.80319840618982
99.0,98.84252090831914
99.0,96.71806003276883
98.0,98.89957024578298
98.0,101.45166904831045
95.0,101.06068170585723
89.0,104.73716061720141
89.0,104.48707843070649
91.0,104.43990936772404
85.0,100.34822423976703
88.0,100.3565676204005
100.0,95.4266371155452
89.0,91.79440567044281
96.0,91.71010181991133
102.0,94.52305874797409
107.0,85.85586085956642
111.0,93.68806854460342
110.0,125.72187548155864
114.0,93.75457007009618
121.0,100.71214416347331
130.0,112.28738882514916
115.0,113.3967963664517
107.0,120.56946660475906
101.0,115.47141988772265
110.0,121.81629738419312
123.0,130.16122885805177
132.0,142.2646277357065
128.0,117.58470136004594
124.0,104.95341279237746
126.0,103.38993094280426
128.0,119.04887268218027
130.0,134.83754464707064
124.0,144.22892947882022
120.0,136.4285231221574
117.0,124.98340109378819
