y_true,y_pred
225.0,215.225672260147
233.0,208.26367139129138
237.0,173.14411701691324
241.0,167.97478607464566
246.0,174.06816726869016
248.0,175.37413368449037
250.0,172.15736678722908
252.0,174.07132314216983
256.0,177.19764469059365
259.0,187.6197052574849
262.0,200.94271993558428
266.0,203.4366290850587
269.0,215.70261266966662
272.0,221.72078944810266
275.0,222.57771343744503
279.0,223.83114909400928
281.0,226.54461532941016
283.0,225.8778350777258
286.0,215.66833713400635
289.0,217.18470699266612
292.0,221.29229033783432
294.0,223.0131654928358
299.0,221.68553931935986
301.0,222.3490114743667
304.0,214.5437719252029
307.0,216.20610842811993
309.0,217.28960051422698
311.0,220.8478449122251
313.0,222.3728530078257
313.0,223.48959490299006
314.0,224.75440828872576
314.0,226.61994525069673
315.0,228.64799756978059
317.0,229.1890629325119
318.0,233.28523895857313
319.0,234.6625875205197
321.0,236.0860427205791
321.0,237.60024986034307
321.0,238.88336970852004
322.0,240.23833049352322
326.0,241.17117844559516
326.0,240.38063411804154
326.0,240.6636393370871
325.0,246.89362100310223
324.0,246.48825716790282
322.0,248.3035852343225
320.0,248.70500402212406
318.0,297.5982949169768
316.0,305.9722308011526
314.0,296.8224136850068
308.0,293.21323094799465
304.0,292.2055235903575
301.0,293.10403244296697
298.0,290.98551877889804
296.0,287.6893697800805
294.0,284.04592265688075
293.0,281.9195397330585
291.0,280.16800168194175
273.0,278.11486718969525
270.0,272.58849434411417
276.0,269.6897862739871
265.0,268.62117403323674
251.0,262.2132908885678
251.0,258.7049978508195
251.0,257.1565754834336
249.0,255.83547283679331
255.0,261.74363613405245
294.0,252.58498141267083
306.0,251.11156439659905
316.0,265.32315386517445
322.0,233.56162845440184
311.0,224.99095338134475
298.0,241.54172124166394
293.0,232.71443324881864
288.0,215.31652021464362
291.0,215.49432684474138
289.0,220.5607798598325
285.0,224.94868204817888
289.0,220.91800229777652
300.0,257.33613663493895
307.0,277.448513255016
296.0,284.48773995941093
291.0,280.48561344374184
275.0,269.55462925787225
270.0,257.6170872947473
272.0,250.45568597359812
269.0,248.23672735654952
251.0,250.22994134686724
241.0,249.86379719805632
244.0,232.03167930946483
239.0,231.2667660085204
237.0,242.87326855883293
233.0,248.23580480991643
228.0,245.9388706255546
222.0,238.4367606269069
218.0,226.50971551865547
214.0,223.12890671117898
210.0,218.73276806708387
209.0,219.3456510552654
205.0,204.88189678972208
204.0,194.51142384345656
204.0,198.85074918877754
198.0,197.17136093448053
197.0,197.29201411107587
195.0,195.32726251490882
194.0,196.63055614123772
190.0,190.82675228075163
189.0,186.10726384882653
180.0,183.48908651595815
177.0,186.86568103288508
176.0,190.9880161604648
172.0,186.58179757351354
168.0,187.80092984445582
165.0,191.12000494376446
162.0,185.1318966286219
159.0,183.95701939840657
156.0,185.09138335977815
151.0,187.4587674827758
150.0,183.65869321065367
146.0,184.61643204530301
140.0,169.7962654515323
140.0,165.94221274658082
138.0,166.45265992310897
140.0,164.09814820476
139.0,162.26460659305548
141.0,159.03481509081044
139.0,158.32383735712483
144.0,154.78911088518458
152.0,152.3641540878131
160.0,147.1449487990193
167.0,167.435569523357
176.0,150.75507667064315
179.0,156.47109792435612
177.0,147.28805221189762
172.0,151.7177061696039
158.0,144.6407234483914
145.0,141.93646901850687
138.0,141.82158041282975
136.0,139.76198717894053
134.0,144.21611963939637
128.0,153.86212830962273
123.0,166.05737040251503
121.0,173.9831522335112
123.0,180.7925611306906
121.0,183.9802753905252
117.0,178.39046028653132
112.0,172.2749970732479
109.0,156.6846619793543
110.0,145.173890209805
114.0,132.71258211183905
126.0,132.11421725408056
142.0,130.18224855913186
155.0,123.86157754507687
163.0,116.29231850378345
159.0,114.58041505265774
153.0,114.52906263515459
152.0,115.07996053365483
151.0,115.29336864730841
145.0,114.4246291557142
141.0,113.94746297023755
141.0,115.19423571891366
143.0,119.5162365048435
145.0,133.85850686082384
146.0,152.4801912347459
149.0,172.46723117062484
151.0,177.88569336931565
152.0,172.83014491198244
153.0,164.3159271627016
154.0,164.2181078697195
154.0,165.72955551320894
154.0,161.1013856635856
156.0,156.7839389780051
155.0,149.82760934219493
153.0,149.49353344338653
147.0,149.30948182552712
142.0,148.2858270491621
142.0,154.07872242149068
143.0,160.00632657281275
138.0,167.76205179001798
137.0,166.7248096569842
135.0,163.04056153626036
130.0,164.2258815360899
131.0,163.94810882983853
132.0,166.55010731452813
133.0,166.52903756192796
135.0,165.26595699252312
135.0,158.9684785361925
137.0,148.51140603497498
140.0,146.2194938990494
145.0,148.00754834625752
149.0,143.47485016079668
150.0,141.31346521855755
149.0,147.39541653761233
146.0,132.70112914956582
146.0,131.36459100548745
146.0,132.49936133282213
146.0,133.91197978691287
146.0,135.90986404501479
146.0,134.90422784233405
146.0,134.53669551885253
149.0,154.57725564331503
164.0,148.80140220633757
173.0,3.9217915414082825
179.0,41.271800153922186
182.0,72.33764072819358
183.0,86.04243627513218
183.0,74.42607940897179
184.0,222.0177608160835
184.0,200.98681730011492
183.0,176.3697985106878
189.0,182.56868445068648
195.0,165.55111124581353
199.0,165.752187837818
198.0,160.3827752495963
199.0,164.89051229714937
198.0,172.3381861681007
198.0,182.00742618495204
197.0,195.0043186922437
198.0,192.0078754373382
195.0,200.35780830137475
192.0,199.97287852701382
187.0,195.54052110741497
181.0,197.78331033373948
184.0,203.24616003228067
183.0,202.23045725084523
180.0,188.82729681920335
179.0,195.26208093295952
177.0,194.3320918020158
172.0,194.3960368235037
167.0,193.43232711612046
166.0,202.17464391867577
163.0,185.91232567736196
159.0,174.9968398025025
157.0,166.40243110077796
154.0,159.78408339403725
151.0,158.7310943871903
149.0,159.42000590349315
148.0,156.69908685980334
147.0,155.77085648237997
146.0,155.41063244821842
144.0,149.92976971345232
139.0,145.29113966505597
133.0,149.39808351819266
129.0,140.84250349147874
126.0,140.75992014830464
124.0,137.48967156980422
124.0,135.04304146986803
123.0,131.2168722928573
124.0,128.95014080267364
125.0,128.70558517518026
127.0,129.7915711727489
129.0,131.25241551929057
131.0,130.03340977643353
133.0,125.94240769894913
134.0,121.49432383119697
134.0,118.55853678565003
134.0,116.24779902207246
134.0,116.32764509373412
135.0,118.14721439776032
136.0,116.75495728788357
137.0,118.2062639226684
137.0,120.19298634841813
138.0,122.90444535525617
138.0,126.8763766155215
139.0,135.5856287169429
139.0,141.35384087212904
140.0,143.1445386153139
140.0,143.52555421294096
139.0,144.37447760422825
139.0,145.41763720535758
140.0,146.72178695171104
139.0,148.24847673995177
138.0,149.26685402728307
137.0,149.247387815314
137.0,149.88724126403923
136.0,149.7485886133319
136.0,150.48528040466368
136.0,151.279829111632
136.0,162.6771278812082
136.0,154.65173545724804
135.0,152.23629063133993
135.0,150.86767718178328
132.0,148.43707070457188
129.0,146.93904054131463
130.0,144.410491005967
128.0,140.78697342468118
127.0,138.13742325578542
126.0,137.64750143038876
124.0,137.48711709247837
122.0,137.94444278306852
121.0,138.64149355357094
119.0,139.1167674768319
118.0,137.86287527635585
117.0,140.5337426123265
117.0,136.10481982967207
116.0,135.21519799357552
115.0,133.9059493371648
113.0,133.48493660386276
112.0,132.28586361452193
111.0,131.6257476052654
110.0,130.03573090938377
109.0,128.09312038041597
108.0,127.49643310398784
107.0,125.92855097537537
107.0,125.8587282626298
105.0,126.57075419855927
104.0,125.96816271278342
104.0,126.07632055329637
103.0,125.31313022085251
103.0,123.58616248346772
102.0,122.98376767696905
101.0,122.94605628918683
101.0,122.18934074233385
100.0,121.93843279030702
99.0,120.96380017184288
98.0,120.15945574118308
98.0,120.04390978237711
97.0,118.64346248497668
97.0,117.61200611574273
96.0,118.6698891298567
96.0,118.20809956882226
97.0,118.36874527266303
95.0,117.86786146855995
93.0,117.02714889017108
94.0,117.20576907310678
97.0,116.83248197995857
103.0,122.61497270875546
110.0,113.9633265462312
118.0,113.36318051859571
131.0,130.99631610843224
146.0,116.9472510269807
156.0,115.15863695090752
161.0,114.38007878626094
169.0,115.37188932134151
163.0,112.91735155012832
199.0,112.79672702203445
200.0,111.96980515027882
201.0,115.95871569111861
200.0,122.01827479298998
197.0,133.6847916585981
193.0,143.2932380761025
189.0,155.63793575972085
185.0,168.84775588340258
180.0,175.68029344926907
177.0,185.5617664522394
181.0,191.11181759660377
181.0,174.9677942136604
174.0,205.42529610181091
167.0,206.55333364125312
163.0,197.32086781226255
158.0,199.59860050348138
155.0,193.44236397553374
156.0,185.34407274116398
158.0,178.49380421531976
200.0,171.8799591949084
213.0,160.04212775787917
246.0,165.14291075377926
265.0,157.04066538614092
267.0,159.84423762917547
258.0,154.719497826518
248.0,148.47135097602273
240.0,147.91443545269033
230.0,147.01824261467402
225.0,146.4392508273233
224.0,151.30027565057532
220.0,155.54708768396
214.0,197.943307508379
212.0,215.26926277339942
206.0,246.2891342418785
198.0,265.7050329000835
194.0,265.47910074183136
195.0,250.8938198169314
197.0,239.11841606733225
196.0,234.042558794991
194.0,225.20502688120862
193.0,224.58987732315086
193.0,205.4021638693709
190.0,204.7550487807929
186.0,190.26348031150317
185.0,183.73423387691614
186.0,180.71984113889238
182.0,176.52480636282812
178.0,176.01667342434422
177.0,181.45644337308195
176.0,187.34457524733148
173.0,188.78062159124897
171.0,185.20822148455585
168.0,185.3508648839188
166.0,188.82730575835916
164.0,187.50497887838043
159.0,186.38218392127322
156.0,185.57917414477947
153.0,187.5284693200531
151.0,182.6829091539134
149.0,176.2826142280066
145.0,176.16148701783595
140.0,177.69063891378548
136.0,175.42380383790672
136.0,165.68012161689893
133.0,164.40212273525012
129.0,163.83555660056712
124.0,162.27314008368253
124.0,156.83234117126034
130.0,154.19933306635622
134.0,153.34126045955594
142.0,151.51497013276136
146.0,148.93976068087056
143.0,145.63548347327594
147.0,140.40674029305214
156.0,136.54230282901102
162.0,168.8604081849077
164.0,148.80255151077958
168.0,143.9337303605416
175.0,138.04789943553993
179.0,137.29642550459218
183.0,143.4606653769226
190.0,147.52283589445688
194.0,155.35838511944178
197.0,160.43788588496338
201.0,163.94278065865802
206.0,165.65702339561713
208.0,175.93545005763988
208.0,183.51693809685827
208.0,185.63496552931906
212.0,188.6007144068456
209.0,193.79361342092426
205.0,197.2340911873121
208.0,197.17068960393811
204.0,201.95945838305786
201.0,208.13729581464645
201.0,209.56232374043583
203.0,210.26027347032775
203.0,213.94956649053333
199.0,216.38647286159653
200.0,215.50344879396812
202.0,206.56284398357556
202.0,211.03444957914928
197.0,209.96463062535855
197.0,203.84165378974507
199.0,206.73661858689727
198.0,201.13707144132388
204.0,197.39639211948906
205.0,194.78979336540465
204.0,198.82390146178193
210.0,200.90862642713034
212.0,197.64220167521506
212.0,196.52977593558174
212.0,199.03682576615347
210.0,202.12666673416936
208.0,199.60644600493282
206.0,200.08241167755017
208.0,200.942807811482
205.0,201.01768493640697
204.0,208.18249858100444
199.0,208.78696319715075
197.0,215.19842605928753
191.0,219.81570592120758
182.0,222.17608280711772
180.0,215.06249292345933
176.0,214.26470981585356
174.0,212.12786615439978
179.0,208.88925201060542
178.0,207.77183598259722
172.0,207.68576693441932
169.0,199.32086371823294
165.0,198.7962941677589
162.0,192.30084042707878
162.0,189.1546237663651
166.0,184.1998965708068
167.0,174.01610271930133
166.0,178.15874939101028
160.0,167.20984159577128
156.0,164.01252516478183
153.0,166.7488701819275
152.0,166.31674195969688
156.0,157.4656163799156
166.0,153.29797315817166
166.0,148.56010186807285
166.0,146.03084539794264
166.0,149.10586374738057
166.0,153.96974507664686
166.0,156.6323037095877
166.0,160.1949094923289
152.0,83.04921390864902
144.0,79.51387140946815
136.0,101.21025723202641
127.0,130.48216940989252
121.0,138.64233707550383
121.0,130.87233294375775
120.0,280.6688224936231
119.0,189.1077217210402
119.0,152.9121062330442
118.0,142.0821996017631
116.0,142.87328513153298
112.0,139.42238638112926
109.0,130.97825651846864
104.0,126.06985763152707
98.0,118.7768385649543
96.0,134.60653506898004
93.0,117.2922074352067
91.0,118.04659762165332
91.0,122.23951599681416
91.0,121.10701171896407
94.0,123.49147718581375
98.0,132.60207942045474
101.0,131.83534241138707
103.0,130.02231877218262
104.0,119.8165629072491
105.0,118.40278316278363
106.0,114.60826949637536
108.0,107.27706012915863
109.0,106.179749458078
110.0,106.14176434390762
112.0,98.39702480618254
113.0,99.71903409462617
114.0,97.7135231287555
116.0,103.79945409081687
117.0,108.24597414030686
118.0,118.35985843456675
119.0,121.83119839582045
121.0,124.02329124007957
122.0,126.6338056301267
123.0,128.74160197281088
123.0,130.61021541834543
124.0,131.11065634470697
125.0,132.84085367768319
127.0,133.20995355411662
129.0,134.40781641297968
131.0,135.617483302571
130.0,136.81989189873013
133.0,137.140307210367
136.0,137.4961822807145
139.0,138.67425306369216
144.0,139.67071990002177
151.0,138.98242302647978
157.0,138.67362252348448
162.0,140.17122253090892
167.0,141.49239243533384
172.0,143.16121907459225
176.0,145.26324718665916
180.0,147.1919640994423
183.0,146.183511453304
186.0,148.05082137154227
188.0,151.71116540052208
191.0,154.5171902920414
193.0,159.50881192207473
195.0,166.283010707575
196.0,172.0696416478288
197.0,175.51511221800465
199.0,178.9605607053961
200.0,182.51400124820245
202.0,189.81701038501714
204.0,192.44310789799002
204.0,194.51459441304905
207.0,196.8553774973922
210.0,197.74547723224907
213.0,198.61546405023563
216.0,199.3956753251675
218.0,200.43799207947984
219.0,200.8194889776716
220.0,200.78546877478863
223.0,202.46901603053962
224.0,203.1457388402935
227.0,204.5952048962507
228.0,206.3538791864221
231.0,206.6082089172733
234.0,208.90952893034878
236.0,212.41959968445704
238.0,215.40526272547976
240.0,218.45081697592343
244.0,220.5028196941214
246.0,220.83340750344067
245.0,221.54145593472748
247.0,224.09567032794888
249.0,224.77664956885897
250.0,227.68266826463966
253.0,228.06223798412674
255.0,229.7667201337273
256.0,232.24076398053052
257.0,233.18426518441265
257.0,234.2982152584073
261.0,236.0695266181744
263.0,240.21193829526192
264.0,241.66956095741608
265.0,240.3123310099158
262.0,240.9034177544135
261.0,243.88460217747019
265.0,244.2468329054947
270.0,246.26973144559733
272.0,248.60756484358228
273.0,249.44961651457388
267.0,249.95085485869078
265.0,248.9517817088899
270.0,252.2460766240279
256.0,255.90914058968326
292.0,256.0425507024571
293.0,256.18425156733315
284.0,253.49779817218712
277.0,250.9962385971882
284.0,254.7513802247523
289.0,261.0996579950184
276.0,262.89493942209947
277.0,281.15614414405326
277.0,260.80190537498663
273.0,259.48802347176485
263.0,253.40920130868773
248.0,234.64655284512676
245.0,264.31994832469036
253.0,261.6227255499831
251.0,248.37826827963374
245.0,234.41782622130947
238.0,240.75906701375953
233.0,247.0929921092129
230.0,234.2134382729704
227.0,234.9392181844324
223.0,229.4721718807931
216.0,235.88089175092747
208.0,217.39170096259832
210.0,193.8392005682689
214.0,197.06418173786244
201.0,211.573085323401
193.0,209.19734202331716
187.0,198.4970260262906
176.0,204.07348754839194
176.0,199.8561348861628
179.0,194.28059318761117
189.0,192.40171758106158
198.0,187.8456032964932
197.0,187.8532181514764
200.0,181.6330977116018
191.0,180.13077675167145
180.0,186.01429333634044
172.0,175.81581886715796
173.0,167.76761218255666
182.0,165.4185443866021
180.0,156.77602901061942
170.0,156.89404621329032
169.0,164.5952081131292
174.0,177.88773849636604
182.0,189.82621809467196
195.0,188.32879495522954
197.0,193.2144326909581
199.0,190.98513483123696
199.0,181.18456827953946
206.0,173.59193620075197
209.0,184.14075943878063
198.0,183.00891310339975
200.0,179.78136856363793
205.0,162.54295201256497
207.0,154.80314281004937
199.0,161.91503850944954
188.0,166.29521032892717
185.0,187.04688907484626
185.0,193.73573151007412
182.0,195.71025911527312
183.0,193.8857434588807
177.0,195.53144192194404
172.0,198.37806004755132
172.0,189.6937133983675
172.0,190.79732618204937
169.0,197.8437683477403
167.0,199.47427311180115
166.0,185.87827708521743
166.0,173.4898843983679
165.0,165.03585931865538
164.0,168.48745094395466
163.0,165.58652607758225
160.0,165.61007503693304
155.0,167.514769224785
147.0,162.37580692112138
139.0,160.66626838670211
132.0,153.7679479483578
123.0,154.7923804341837
116.0,157.190811976643
113.0,157.53126704108388
111.0,157.34064713808033
110.0,158.06669170171406
118.0,155.98520316039597
129.0,157.03536718787407
142.0,156.07844417518595
157.0,150.4385050542507
167.0,141.97206131014192
170.0,134.21970389387013
180.0,159.84776395632514
187.0,131.25089372508182
193.0,122.42822510862678
205.0,120.15298565256168
207.0,119.56768052913634
208.0,118.20288205135492
212.0,125.96910949677147
219.0,138.86173715661556
221.0,152.96866184515412
225.0,175.3591229748391
227.0,185.44419495985287
226.0,188.31454249161087
224.0,196.87542095989232
219.0,203.5906281360287
228.0,207.9106648232978
227.0,219.5633029697958
233.0,219.13392066080422
235.0,215.04648281813664
234.0,215.16208812596926
228.0,218.63213992858815
222.0,218.45342820353278
223.0,222.38238741754168
230.0,223.06951194026095
230.0,221.64235161232267
232.0,219.51635266893703
233.0,205.806784388165
233.0,215.8757729359902
235.0,215.5415396941816
231.0,225.0783557676159
225.0,227.71810137727485
221.0,227.89998132607195
216.0,222.0529451494209
205.0,215.74730080576484
205.0,218.6474079036525
205.0,222.40341059887317
205.0,228.02724933042674
205.0,225.54576784463927
205.0,228.01611466452317
205.0,214.9125372754593
152.0,35.427655190597406
151.0,35.427655190597406
149.0,35.427655190597406
147.0,35.427655190597406
146.0,43.41510262007296
143.0,35.6763184289311
141.0,185.40485987277947
158.0,189.17246938019167
169.0,155.77641094498745
179.0,149.72220450026936
175.0,151.5024803450188
166.0,149.67682002622993
156.0,143.69497559636312
148.0,143.2017774154028
140.0,141.91997868578122
132.0,149.04123499571327
124.0,147.32405385435698
116.0,143.50333332234985
107.0,144.92749290122862
87.0,162.20169358546886
77.0,176.50476436176035
66.0,190.89389506474245
58.0,185.32653751151486
53.0,174.43242767715128
51.0,156.15856153526087
49.0,149.25388453726154
48.0,143.15103718868798
48.0,131.37036121941426
47.0,127.40361010044603
46.0,115.35260047236991
46.0,107.09139467054624
45.0,75.59023695947837
45.0,64.47618353770866
45.0,58.97367770186507
46.0,54.24624921821771
47.0,51.80232491122571
47.0,52.62270136946378
47.0,52.57262501282919
46.0,52.319833052496435
46.0,53.170034327965766
46.0,53.24911903134799
46.0,57.55181569086882
46.0,59.18006707025252
47.0,59.92921622104217
48.0,60.79803658226729
49.0,61.3115571406435
50.0,62.82363164852822
51.0,65.35391624024878
52.0,69.02529706218405
53.0,72.7642952247206
63.0,73.74966587848472
66.0,78.27887063001218
65.0,78.54714863720292
86.0,82.12236209942641
82.0,83.08021920843348
76.0,89.05469116181105
78.0,92.8084792224295
83.0,95.70727693412564
86.0,102.1812605969834
87.0,103.31161801717371
89.0,103.92571006284189
88.0,103.53726220808122
87.0,111.50638664195017
91.0,112.93724913190795
92.0,107.10561044830263
95.0,123.16522783913314
97.0,119.16952900591929
91.0,105.55922230130113
84.0,104.48873213475581
81.0,111.42622480680723
86.0,115.5655193673737
92.0,116.27620916638988
92.0,115.2403396183376
99.0,112.31197002149588
116.0,115.98207163114961
129.0,111.47912019784309
139.0,115.80090056714715
148.0,122.40511949215382
154.0,132.04140246632554
163.0,116.58695621637173
173.0,106.36472937984699
189.0,103.00370570455954
195.0,101.98271444428404
194.0,109.07100916235319
196.0,137.38440399720636
212.0,121.53774098185836
218.0,138.47265721307312
219.0,155.02609313007312
223.0,158.3324504744928
230.0,163.84428555638507
226.0,168.79849951280426
229.0,175.7305908185212
235.0,181.29874865163765
233.0,192.30132141177458
234.0,197.31729767579304
245.0,191.77857936050302
265.0,194.7036088132093
255.0,199.38938226675256
250.0,204.73167636562897
241.0,200.83354217894004
231.0,202.89767637101968
224.0,209.38643358046428
224.0,211.05469303550774
223.0,207.32194388017933
225.0,213.82929617900203
228.0,215.57106144074223
223.0,217.7645370054149
218.0,224.91787056549396
217.0,246.18521822695425
216.0,232.58016183313833
210.0,222.4797261924462
210.0,213.01871487601994
217.0,207.71332966854828
221.0,202.3222450136687
226.0,195.84651197036362
229.0,199.92829959895153
226.0,204.69286739935148
225.0,206.8581395067129
230.0,194.55493092751294
231.0,193.52028309884585
226.0,195.54135186731565
218.0,196.29816213596584
209.0,194.64129595991955
200.0,197.29707136373383
194.0,206.19689180394238
191.0,212.21944490038712
193.0,215.3733757292979
199.0,224.8391016419571
203.0,224.86160980381817
205.0,225.91606616636477
207.0,231.7217198554638
208.0,233.71618663485526
200.0,229.5151529321352
193.0,221.19487870121958
191.0,205.4063418842377
192.0,193.9508071819063
188.0,186.9854762780538
201.0,184.03706911107562
200.0,188.53546565745037
202.0,197.243839163132
201.0,200.66999454880843
201.0,201.1819606319803
201.0,203.6948478548175
196.0,213.21070909112467
190.0,206.76000549467858
189.0,200.10170901721315
182.0,200.14050001803116
178.0,197.30219669510927
179.0,193.41330218031123
178.0,202.2742916343833
170.0,196.65329076919122
169.0,195.66231057125734
168.0,196.5243296407092
167.0,199.60047801418017
167.0,202.24184334880115
166.0,199.289582730806
165.0,193.14154120866704
174.0,184.66915993557598
194.0,182.27670692335403
216.0,171.56675262684337
232.0,173.61071503899092
242.0,173.99888854060265
253.0,198.05778084922497
274.0,170.7450321835394
288.0,168.5472365148079
297.0,167.07991292573533
308.0,166.6519029780863
311.0,162.53002983192897
310.0,162.8975602168553
308.0,172.23288207892142
307.0,192.1471057212424
295.0,220.38221289540246
281.0,236.94001580491243
267.0,241.43667545468674
256.0,248.77554094697382
239.0,266.948245217789
219.0,278.98873617166237
198.0,284.24375249564116
186.0,293.7566235495089
174.0,294.82306767944203
160.0,287.31915321613974
148.0,278.51090126569613
141.0,275.3829947943509
135.0,264.81971618352713
134.0,250.02125725390505
141.0,226.34355011093808
147.0,216.1332473801371
147.0,197.85404932944385
144.0,176.1117470922685
137.0,157.0538451513716
130.0,148.93313567833172
121.0,142.74766190616467
114.0,130.72374827815267
105.0,122.74140962169179
95.0,120.13581115968907
88.0,118.67042607108144
80.0,118.27024653146213
75.0,129.63051121317233
73.0,141.92840661256736
85.0,144.84875113702222
90.0,141.00941835210924
85.0,136.91684770466028
91.0,136.18896850488693
105.0,129.46754508155038
123.0,116.04568192628798
139.0,109.45062627111605
148.0,100.20222417948258
147.0,91.45248265455986
144.0,82.90872677850844
139.0,78.91034474029733
132.0,73.25627796900248
122.0,88.94212821159289
113.0,100.79731407467764
107.0,98.50897664993889
100.0,103.49595774600917
95.0,121.52646739861362
90.0,150.3363651212711
90.0,167.15819382075327
90.0,176.17232398662648
70.0,174.08485888128243
69.0,168.36004425738892
72.0,156.00883142867895
80.0,151.51710697349776
88.0,135.29126025048117
92.0,124.38003027077721
97.0,108.86579601106003
100.0,97.68644263436785
103.0,88.44538354698891
106.0,82.10824204520533
112.0,83.68084927728336
120.0,86.08344401778041
130.0,68.70459792727746
139.0,66.53469792792187
150.0,76.5207197739504
160.0,92.28859136685108
169.0,100.2737598752147
180.0,104.95672966431658
188.0,110.76340200951493
198.0,121.13062029102255
209.0,122.04382000186877
217.0,140.98299270413415
225.0,142.4910117936312
236.0,151.05994733592544
242.0,160.17948362314553
244.0,167.19047008524657
247.0,175.29532447770475
247.0,184.12184402741036
245.0,189.79828357319016
243.0,198.1158725889059
245.0,208.88751076737438
247.0,205.83933310073445
246.0,209.43856150708407
246.0,210.79475474499287
246.0,211.0770967676492
245.0,216.86684182568086
243.0,218.83931687818136
239.0,216.5446114916
235.0,217.31652782270544
229.0,215.6373330199354
223.0,213.03890120447775
216.0,209.8935965458924
210.0,210.95259949002633
203.0,212.0975764141714
198.0,211.12811949163253
193.0,209.06755598632
189.0,199.3612443814246
185.0,200.1569058891663
181.0,200.83639994439352
177.0,200.2819945880036
174.0,191.98505418076041
170.0,189.16287164126172
166.0,184.82690795294926
166.0,179.07791159322056
166.0,176.15031459872532
161.0,172.9219670142259
157.0,169.0784890186856
154.0,165.88413152974874
154.0,161.4576772202693
153.0,159.52808376899358
154.0,157.11913747495856
153.0,155.6711042705498
152.0,155.44712968488406
151.0,158.25967291513572
150.0,148.23378975136984
148.0,149.67112790139527
145.0,150.79474098927352
142.0,144.14716259428286
143.0,138.87829813828708
144.0,136.30438515300625
144.0,135.40065462877527
142.0,135.7433731925858
140.0,137.32654697887992
139.0,138.59447809494773
137.0,139.07028170996188
136.0,138.27260828203754
136.0,136.79764426245177
137.0,137.20707311966459
137.0,135.96974883382177
137.0,135.64231768011243
136.0,136.89462718793877
135.0,139.71206549890167
134.0,139.69874186209069
133.0,138.04757159054395
132.0,136.43531072896764
132.0,136.33616551128418
131.0,135.17696439132743
130.0,134.91625512796065
129.0,136.59913666337488
127.0,139.3722540606368
125.0,139.26242652856698
124.0,139.0675907549176
123.0,138.35066802952838
122.0,138.17294392495114
121.0,140.02150017135693
121.0,139.32218973009952
119.0,137.02342763158592
118.0,137.59997087495307
116.0,136.9377575497687
114.0,138.19295630091773
113.0,136.98247135210926
113.0,135.1579799068834
112.0,133.37286009107837
112.0,132.91426465488334
112.0,132.56949694920127
112.0,131.94004890721556
114.0,131.19166324429318
115.0,131.06225927975484
114.0,129.64116606538184
114.0,128.27462875318835
113.0,126.61657897654835
112.0,124.74619807764735
112.0,124.34512627773731
111.0,124.59664851082465
111.0,124.22007648694102
111.0,124.08486882346558
112.0,124.67298408842473
112.0,124.47661168143867
112.0,126.99451090144797
115.0,128.68069786179703
118.0,132.53940363562455
116.0,134.7630761349243
117.0,134.37752755173744
118.0,132.9016345304367
115.0,131.00858865418635
112.0,128.17598715781534
110.0,125.92617605109345
109.0,126.31004619076508
107.0,126.75652123630792
105.0,126.63829075467439
103.0,129.1239486766963
102.0,131.9170438790387
100.0,135.96515353275632
99.0,138.54949036126112
98.0,137.991901730111
101.0,139.63872415425104
103.0,136.44079881811606
100.0,132.18105572275573
99.0,129.7417453134238
98.0,122.62800837014649
98.0,121.13416462680755
97.0,117.81490873555978
97.0,114.38319513794687
97.0,114.35353362032112
97.0,112.36740445635355
97.0,110.24609803250846
97.0,110.37818032653949
97.0,114.250688653201
130.0,65.95816738596692
133.0,66.3054811658371
137.0,90.66219038914254
140.0,90.89949916575948
144.0,90.97544556334175
149.0,84.08432601705904
151.0,194.26901977814936
152.0,159.6020109563826
153.0,136.1646209671848
155.0,131.61128498398523
157.0,135.03685288546882
159.0,137.08089194911108
166.0,135.5519688471379
170.0,137.3195180755568
176.0,150.25111728567268
196.0,159.99657130982965
208.0,175.37405585326013
209.0,179.23366823350133
208.0,183.5825331554745
209.0,184.54926712699898
210.0,191.6779631880018
212.0,193.10082734862732
216.0,194.5405801977667
222.0,193.4959237633048
231.0,199.51176477714247
234.0,194.0457868076033
230.0,195.61917506261193
227.0,211.08539558609007
239.0,220.241197418659
245.0,215.21160181527796
242.0,202.85551733553498
243.0,201.3972539578199
246.0,202.4656856043629
248.0,204.24680133897647
249.0,206.95195783566533
248.0,212.5687498016584
247.0,222.44193728908252
249.0,238.27266990432213
259.0,212.69821692169202
264.0,209.78679160553497
267.0,224.0337687720375
271.0,232.9545489141115
274.0,228.58954873428127
279.0,228.6006306462437
285.0,233.3484945848084
287.0,235.04815811005818
290.0,232.9742320024866
291.0,231.9180408180893
287.0,235.15809357662891
286.0,241.4793203832785
288.0,249.1336368062842
281.0,253.2628523829157
274.0,257.1373994055674
272.0,260.9185251773366
262.0,263.12579734179377
258.0,260.0264845407671
242.0,266.2746778037611
223.0,269.9266628731454
207.0,259.70750508848346
195.0,253.6600416656173
185.0,242.0607253844707
175.0,234.90713520522246
164.0,232.9033120804771
156.0,225.96605621836255
150.0,217.4755872038144
138.0,208.5670371852043
124.0,199.45935798996277
112.0,201.84385900506203
105.0,187.00163475584966
100.0,168.39222372514115
96.0,154.8537777735291
90.0,146.2343031287398
85.0,137.43814248129428
80.0,151.33723907321937
76.0,132.5235124483456
73.0,124.93687927968423
72.0,123.39014946589965
72.0,112.05586787789446
73.0,101.72884519705902
74.0,95.36930825090079
73.0,93.49623441127798
72.0,93.02805376697219
73.0,93.38134163402084
75.0,89.93403174939131
78.0,88.25480574311531
80.0,85.0933442117897
87.0,80.95854042883076
95.0,81.91149511613746
98.0,85.81290881604605
99.0,89.93232851657636
99.0,93.44641776455072
100.0,95.63305809651465
102.0,96.50771313395654
108.0,98.12715876661005
113.0,99.67452408155579
116.0,106.78554161591147
121.0,114.64907021486599
126.0,121.16275113790115
130.0,122.64849184624319
135.0,132.54887730134004
141.0,136.13824353972996
148.0,136.4662826426635
156.0,137.43112046438253
159.0,138.9500962670029
161.0,140.6278895146754
163.0,145.9144123582773
164.0,151.0692651930704
168.0,152.59093483242665
172.0,153.55295600139655
175.0,154.6879686560372
180.0,154.93637682749036
184.0,158.7139321928549
184.0,164.465764368251
184.0,171.5136056211804
184.0,178.71749926692547
183.0,173.6733670862967
183.0,173.59687158254866
185.0,175.86088937419805
187.0,176.43805432999545
187.0,179.78988841499546
187.0,184.44129344365612
184.0,187.3655198174137
182.0,189.45717329244502
180.0,192.08954433150794
174.0,189.42530483579418
171.0,188.26231134126598
168.0,188.42633448826956
164.0,187.4648914345314
162.0,187.94480839452712
159.0,189.52057524999577
156.0,191.32110459419053
151.0,188.96117328860552
148.0,189.53684551611562
147.0,185.6738813344312
148.0,184.144271430583
146.0,181.16365897689965
142.0,173.70323595363487
138.0,168.3326007013128
134.0,166.14279707512296
130.0,165.65629392453613
128.0,162.35052448533204
129.0,159.866741090093
134.0,156.6901260783789
140.0,152.296956871104
143.0,148.95618165957615
144.0,148.1939576785051
144.0,151.1902438350303
145.0,149.96009557069544
149.0,145.7321077891573
151.0,142.20201426502035
155.0,137.96087934677269
157.0,153.27705106512764
161.0,137.90605703442665
162.0,140.6609309958861
163.0,147.38298886024648
162.0,154.42695086506833
162.0,156.76167404024733
162.0,164.08543678156278
162.0,164.64897128926427
162.0,166.3429460686729
162.0,171.5771233842946
162.0,175.47082164555854
108.0,80.2671131482497
112.0,80.23101278384799
115.0,80.11834433822473
116.0,50.61355328939442
117.0,49.18141826360129
117.0,47.82740360155516
118.0,135.56408263409256
118.0,140.45074089358087
117.0,124.27675741099802
116.0,124.7777579816659
115.0,131.59262289531677
116.0,133.28265049119477
116.0,131.20626122755536
116.0,131.2451914866268
117.0,133.39368157503623
117.0,135.43946336786107
118.0,147.6825077369959
118.0,146.776961046716
118.0,149.33304886647846
117.0,148.88464045927938
116.0,146.2800087296928
116.0,144.16726182677428
116.0,142.33313372278167
115.0,137.9888430708437
114.0,130.38500531658286
113.0,132.30442584765814
112.0,130.89626443424143
112.0,131.25088758578113
110.0,136.56325807219267
110.0,138.6210501707033
109.0,136.26370777591143
109.0,135.90947076481896
108.0,135.56481924658033
108.0,133.49787639705966
109.0,132.0374096784161
113.0,131.68435169420678
111.0,128.1760688748738
106.0,127.50817084476193
103.0,126.17372936860644
100.0,126.03473644992951
97.0,123.99831885801567
95.0,123.66929705667127
93.0,123.31992091196506
92.0,122.73330155437066
91.0,121.36302142981972
90.0,121.15658302419803
89.0,122.54650999886681
88.0,126.88758195428757
87.0,128.20501378151087
87.0,125.95877783366282
86.0,122.70419318117256
86.0,113.31269393786549
85.0,110.25931874020804
84.0,107.8506979170004
84.0,106.66714663238389
85.0,106.0422546009637
86.0,105.22386949755233
86.0,102.35870367643645
86.0,101.85474378413952
86.0,102.68524629479995
86.0,102.45145495229625
87.0,103.01886802798629
87.0,103.13251086694851
87.0,103.17423371592044
86.0,102.7285239727002
86.0,101.26915121519883
86.0,101.34840212103225
85.0,102.97594033183837
85.0,104.61443445888906
85.0,104.8559670228928
85.0,107.11289921640888
84.0,106.81120494874409
83.0,109.73810649814641
82.0,113.3594569663017
82.0,114.20056211740763
83.0,114.75768227810099
83.0,111.740883621281
83.0,111.36285718802768
83.0,109.13877362984229
82.0,108.18967732020384
82.0,108.00765613821225
80.0,106.01102165413963
78.0,106.13093423952711
79.0,104.5285596956806
79.0,105.08477180393595
78.0,101.38061549585282
77.0,101.32583795601866
75.0,102.2088056688286
74.0,102.05693300312247
73.0,102.15808254196227
72.0,102.01676609379753
72.0,102.96472441745766
71.0,102.41242121167262
71.0,100.81509442623745
72.0,98.57159490338137
73.0,97.50445312701383
73.0,98.32255810740591
75.0,96.75107792231978
77.0,95.45700611921262
76.0,93.54351972174705
76.0,99.41568210541618
77.0,98.91281884279539
76.0,97.77393440898048
77.0,98.50360934740219
80.0,98.67229515678511
81.0,97.84195327367502
83.0,98.84392801887896
85.0,100.49873040929089
87.0,100.7287870952108
88.0,105.29715189016116
90.0,110.03289287142832
87.0,111.37798904149378
83.0,116.61709367391231
81.0,108.53095983547749
79.0,106.2016706169693
77.0,105.74364159539316
77.0,107.51496278858654
73.0,107.87625497309136
86.0,128.66345339209656
83.0,114.48736120994026
85.0,114.76249098655816
87.0,115.38649217875297
88.0,116.85624392388826
88.0,113.06221776858678
88.0,108.81045819476373
92.0,105.59826207302501
99.0,99.25985315616353
106.0,95.58675091980918
112.0,95.68098231860274
114.0,92.42705903224034
115.0,104.88042148179395
112.0,104.37731343792669
109.0,109.48778131171372
110.0,112.9985609329267
110.0,115.82363251075535
111.0,116.31633074287095
104.0,116.23568381784594
95.0,122.81627805093804
90.0,130.1431638736574
89.0,139.58394831536322
92.0,138.76632954843907
98.0,141.39199183046807
104.0,141.5203081930457
112.0,133.81212486222321
119.0,130.31062566020714
122.0,132.25875029636734
128.0,134.11092109404026
131.0,135.12199663656946
137.0,112.44984364794968
144.0,100.00788853671679
151.0,93.97679857917674
159.0,94.75506578966602
164.0,99.42916441527078
169.0,108.46544666660667
171.0,117.33647032386443
169.0,124.21220297415151
170.0,133.79162429603159
173.0,139.23941125998778
176.0,145.77873028939632
179.0,152.0698481812454
179.0,165.11356959059276
181.0,173.5587343163833
187.0,179.5555070493439
189.0,184.56653067846997
191.0,186.93678101790428
188.0,188.08822042931456
187.0,187.98688302396795
187.0,184.39682995968562
187.0,183.17974744983513
187.0,186.7720405967083
193.0,189.06684204255725
206.0,189.9409211921674
220.0,188.46035331200207
221.0,188.39400854146186
217.0,194.29770344605762
217.0,196.5184959317007
215.0,197.85365441152743
211.0,197.01470228691971
209.0,196.02944661011205
207.0,196.17474459654517
205.0,196.1909441693283
204.0,195.85495139844335
205.0,198.5682504787194
207.0,211.18310844121606
209.0,230.4647767284773
212.0,230.3602946687608
221.0,222.19820019685523
227.0,239.43215481265787
233.0,225.3409705448073
238.0,220.147238670794
243.0,217.4631456049762
247.0,217.60894931858635
247.0,208.69953744178991
249.0,203.9904191105133
250.0,200.5592445599396
248.0,205.3395057874737
245.0,198.46873960424813
243.0,196.26037713838406
243.0,204.71714620965292
242.0,214.14121583604378
237.0,216.47831010773126
224.0,218.5964812818541
216.0,221.1110745935892
211.0,223.70837140632347
207.0,222.4306135676892
203.0,223.5531091195314
201.0,224.60830169130776
200.0,222.6799601116528
199.0,208.36046610030328
197.0,205.6733751974432
201.0,206.21767648336953
203.0,198.78106231717973
203.0,188.20154158951914
195.0,174.98694271779178
193.0,168.54715902455246
190.0,166.30554424628687
184.0,164.1871534992157
185.0,162.73907649864913
184.0,164.07844735459506
184.0,166.71162560031166
187.0,167.8512693990398
189.0,166.35464410117834
190.0,171.5630157598626
193.0,179.33692921103858
196.0,179.94123892707626
198.0,175.23959243375708
195.0,177.75526104192096
194.0,171.51400518338505
191.0,166.95859770063157
190.0,167.65906458494175
185.0,169.66693079457116
180.0,172.96851351680385
179.0,177.9801037938035
180.0,180.88556515785444
178.0,182.26278465431358
177.0,191.19512592941317
175.0,198.74964987030646
173.0,202.49449038791002
170.0,202.45417679391412
165.0,200.36275086027692
157.0,197.97703016114403
150.0,197.0957897688388
145.0,189.23354461149512
142.0,179.14639090991685
141.0,178.84874437087595
142.0,179.9555473363599
143.0,177.33730084821397
145.0,173.98152947227362
146.0,173.29756402497085
149.0,172.01951353356463
148.0,169.711998616241
144.0,164.1127475540207
141.0,157.16601549591581
142.0,150.64751839203032
147.0,145.40079470946839
147.0,141.66641290119762
145.0,141.53049185982954
149.0,143.15098014783663
155.0,145.314456774323
155.0,147.40488123840979
155.0,148.86482807266538
155.0,152.72011554792402
197.0,158.65738656554427
200.0,157.558530889425
201.0,155.0301677450834
199.0,156.88060751796502
196.0,156.7820060583202
193.0,157.526333214792
190.0,158.54563662340365
186.0,157.06036097184435
181.0,164.76247843421083
176.0,170.68990415172954
172.0,175.7541098097933
170.0,168.07488400053282
168.0,208.8989659326103
165.0,215.68466498245658
168.0,201.88950153732677
164.0,194.8502628980126
156.0,191.41063373991557
150.0,185.27677337551887
145.0,173.567764442643
142.0,171.58583581158047
141.0,162.40772472897726
143.0,162.08850986581928
148.0,142.61611498738435
151.0,141.4006455449893
153.0,142.4758079426192
153.0,141.56159414880872
153.0,146.5455321285479
153.0,145.8862827974978
152.0,138.44043867895752
150.0,133.77627902705498
147.0,129.74764975143702
144.0,129.49782593232825
139.0,137.13845939736788
135.0,132.17816694066306
133.0,137.05067374807928
131.0,140.9070682041769
129.0,136.7465757580716
126.0,139.778381321045
122.0,143.01175484780276
117.0,143.7803015114012
112.0,143.6884703387446
106.0,142.55064971485461
100.0,140.27564611865674
95.0,133.0911378063568
89.0,125.0305511885964
84.0,119.98557094994914
80.0,118.89816950430776
76.0,118.1829052496858
73.0,117.26589134712935
69.0,114.70851605600434
66.0,110.83214949456274
65.0,106.5127740668436
64.0,102.57051413138261
63.0,97.59022250549123
62.0,106.15390960125478
61.0,94.90899322333337
60.0,89.94347906151721
59.0,86.19493405098025
59.0,82.60205836471184
58.0,79.72212535610082
58.0,77.53671398604848
57.0,74.83053390046409
56.0,72.78111518902023
56.0,73.69695265091299
56.0,75.30751863648801
56.0,75.67513429443136
58.0,76.27190892002385
61.0,76.71643399456553
63.0,77.13295350344269
67.0,76.55753128157123
71.0,77.53098010799512
73.0,78.41771818851223
74.0,79.66115693485823
76.0,79.55461293655637
79.0,79.33009775946235
82.0,80.40798456635974
86.0,81.85697329419594
92.0,83.27184360751174
97.0,86.47177118151302
101.0,91.4163780693557
106.0,96.81750055281732
110.0,106.61751302223367
113.0,111.07137944059019
117.0,113.1835940720996
122.0,113.28116756620312
128.0,113.90771021268
133.0,115.82516303297174
138.0,117.66392286720014
143.0,119.43040010630187
148.0,123.25593901246236
152.0,127.05347012652453
157.0,128.54931502272694
161.0,131.00686577421052
165.0,134.22185535080405
170.0,136.8782236186472
172.0,140.3054191541204
176.0,144.88616624160179
183.0,150.73068120173508
192.0,155.38006295399842
205.0,158.71559434465146
210.0,162.75357640397394
208.0,167.48385485507745
224.0,177.75623356667384
244.0,173.41663393063473
263.0,176.0769005213437
279.0,178.05701002935064
298.0,198.7577080728415
314.0,185.90247842674773
334.0,186.86293067112746
351.0,191.71580171872583
359.0,205.2259188284127
362.0,207.2279299260926
364.0,208.22433504077205
370.0,200.72388482411034
378.0,212.19907348754003
386.0,230.57764036332708
393.0,243.70290185077778
400.0,253.70902034313934
400.0,267.46207972886504
400.0,278.44622457021717
400.0,299.5309718483121
400.0,299.98960621382963
400.0,302.46117967151577
400.0,303.9257028083337
400.0,300.1713479296646
400.0,300.7047168625908
400.0,311.5495432930197
400.0,316.26910886245753
400.0,318.35982215774595
400.0,322.13903102280506
400.0,317.8689122993418
400.0,308.2846197699047
400.0,308.78501753130763
400.0,310.86668234971523
400.0,313.941291140147
400.0,316.12240200485746
400.0,316.9321312787016
400.0,314.0498085200528
400.0,314.75910903192755
400.0,314.9526772747448
400.0,318.4619845178188
400.0,322.2176695586671
400.0,325.8206180081654
400.0,327.36138249865496
400.0,330.16670968059645
400.0,332.54018095291485
400.0,335.123371168234
400.0,337.0968932176967
400.0,339.9892432235641
398.0,342.91229281635447
392.0,347.1723896434777
386.0,350.029688030108
383.0,352.7560461712602
380.0,355.37369414772013
374.0,357.69881910683125
371.0,357.8051321557932
368.0,360.0944861142258
361.0,361.64233481276966
351.0,363.4460924524359
352.0,365.19686904582824
350.0,366.088333334496
339.0,364.80138553694894
332.0,359.04202555349235
328.0,350.6815917894391
330.0,348.02502695245306
334.0,345.8896442344234
336.0,340.19721679973105
332.0,336.41365496133506
324.0,334.4815469697988
316.0,327.96280244620425
311.0,316.25844141591983
307.0,315.9047016287227
305.0,318.5283523396365
304.0,309.0389794173575
301.0,291.8124977510008
294.0,288.59994003015515
289.0,293.2022579482973
290.0,298.56911591640426
292.0,300.99256861727736
297.0,298.4213794053268
300.0,292.7880343969299
303.0,282.0478038060976
304.0,275.2154540397014
305.0,274.92989293908374
301.0,275.08776697906023
295.0,275.8113127933585
293.0,302.4324472336529
287.0,266.4723371104618
280.0,255.62575183260248
271.0,254.3010693131214
260.0,256.55674275179877
252.0,261.4223547039162
243.0,263.4320531529952
235.0,264.8735383023963
226.0,266.59466071061814
221.0,269.90669169874735
214.0,265.8708145711104
210.0,261.60219518511155
206.0,262.47981445868857
203.0,251.4185069999727
200.0,244.08558223555144
194.0,233.59943565464692
187.0,222.4577902734407
182.0,214.1700842864043
179.0,206.94049297438377
173.0,200.0834945563712
165.0,194.22709398745897
159.0,192.04770354404292
155.0,186.73500081179054
151.0,184.69160104742454
150.0,183.60905687197234
153.0,180.7878194475939
153.0,181.54148109928389
154.0,177.23020554064797
156.0,171.5972762007238
156.0,167.88952766510857
157.0,167.96340580344258
159.0,163.71503177434454
161.0,157.2209192318838
160.0,151.86923848903874
162.0,149.74548825649975
164.0,147.17363083494297
165.0,146.39329155698644
166.0,151.13610508858315
166.0,155.1599833814338
168.0,157.40755282008473
170.0,160.48613678003304
172.0,162.54387967696857
168.0,170.1283088167411
168.0,176.15784043930222
171.0,179.60652595155847
172.0,179.65138254763505
172.0,181.52532934621644
174.0,182.82774919699565
177.0,177.4628388110948
183.0,177.37215902353427
192.0,176.7103530130945
202.0,179.19276550338512
213.0,181.93100975381947
219.0,183.50118352134217
220.0,178.67219126965742
222.0,177.97131787462098
222.0,181.46237212975004
222.0,182.3914464362695
222.0,181.53586550934165
222.0,182.88230099396486
222.0,189.01269186112262
222.0,183.00537811960407
173.0,92.16684751603675
172.0,87.41709697247192
168.0,88.60123113209194
169.0,144.24547813208173
167.0,144.3119451414708
166.0,144.56918928679445
169.0,291.39820377424576
172.0,205.20066001099866
175.0,163.78669130645446
178.0,147.6880001716552
179.0,150.8843038028289
179.0,174.53641259913414
173.0,167.14714716524293
165.0,153.11382286554283
161.0,148.98258302751384
155.0,172.99647195109802
150.0,171.56781683181967
145.0,167.8534566206532
137.0,174.78553746944795
132.0,178.1685726317024
127.0,173.61709647000976
122.0,190.04514745409998
117.0,191.31815007998188
108.0,190.9417967108031
106.0,177.13709205218305
108.0,166.26697059971184
109.0,163.73639377993132
112.0,153.60946704355396
114.0,147.97511961897854
114.0,142.17143734208446
113.0,125.08490200318595
116.0,118.61980162530054
117.0,115.19896080502954
115.0,112.39438206676776
113.0,110.20274352116093
112.0,104.72907925919685
109.0,99.05377524446801
105.0,105.82201563825964
103.0,109.3203934320238
104.0,112.91581317330349
105.0,117.58562581931267
105.0,118.69514369635382
103.0,118.31286295864797
101.0,132.45697749347343
102.0,127.09594443886398
102.0,127.49022894942004
100.0,125.10908293143697
99.0,122.87745593394834
99.0,115.05475357609481
103.0,106.54782815369519
107.0,104.17985812450223
115.0,106.74302480190156
122.0,110.31887653164264
128.0,110.59221412236764
135.0,109.04084562747407
141.0,108.37696676345683
144.0,110.04098214300814
146.0,110.67245618235606
147.0,111.3745801404036
148.0,109.06957102163084
148.0,108.88944592798201
147.0,113.28735889539914
147.0,116.85932839381704
147.0,130.6936232200534
148.0,138.40039536433227
148.0,144.1554180116741
149.0,149.70071585784947
148.0,154.60648437577996
145.0,157.1958340251805
144.0,158.2058521402259
144.0,159.13859060681713
145.0,158.85853378270542
146.0,158.5391908761065
147.0,155.8607452667972
148.0,154.61274802135213
148.0,154.4889847257
149.0,154.75691944485814
150.0,151.91524990642583
151.0,153.10926351896543
152.0,160.87719935013223
153.0,151.448933182773
153.0,149.24441497158952
154.0,145.17128727936486
155.0,146.5807631268998
154.0,147.41350604056797
154.0,148.31160367854173
154.0,148.94469355038703
156.0,151.3260469475398
157.0,156.4850409998023
157.0,158.43732628526928
157.0,160.74706356205525
158.0,162.1039764773793
158.0,163.00826113273772
158.0,162.4882025917035
159.0,162.78833749644363
159.0,163.4051508147333
159.0,161.71257292897184
160.0,161.5335390611073
161.0,161.68036873603393
161.0,163.84512737998065
161.0,163.0023180578407
162.0,165.01638066783573
162.0,165.0391544298913
162.0,166.83580433335715
163.0,167.41244677777263
163.0,167.15572997503213
161.0,169.07039756835195
162.0,169.69591468916545
163.0,170.0185145575508
164.0,170.57574035572517
167.0,171.73521769267785
169.0,172.2112624443764
171.0,172.4164909519507
174.0,173.2299997189801
175.0,173.748633351711
176.0,173.7328308647459
177.0,174.28223932749756
179.0,174.61674289840028
180.0,172.69193914008738
181.0,173.03014354252696
181.0,170.19198463924673
182.0,171.5087087562032
183.0,176.8160499454873
184.0,180.89631778712095
185.0,182.60802352313962
186.0,185.43889443650943
188.0,186.0176132490297
188.0,193.25669885486377
190.0,186.34548777291207
191.0,186.4063858356133
193.0,185.77057782845793
195.0,184.53123301468835
195.0,182.03363263675422
197.0,181.08915429478353
205.0,180.64898829554377
216.0,180.0744225951968
202.0,181.12340384194462
210.0,182.29051881693164
217.0,184.16353143003948
223.0,183.90490357382606
227.0,185.36953360531857
231.0,186.72973084654544
233.0,189.3281120818977
235.0,191.52821854637085
239.0,191.7210948483388
245.0,217.19125390021662
248.0,202.8932598567028
251.0,210.40546357243863
255.0,192.09085888912114
257.0,193.61615324250582
256.0,202.0721185851238
253.0,213.50329805505157
249.0,213.8146426059808
249.0,215.08252258873284
251.0,217.48209032279152
251.0,218.48985948586602
249.0,219.4648549606855
249.0,220.20319288696135
246.0,228.59855108012118
243.0,228.6525199992897
241.0,230.10493866355728
239.0,230.9365632139461
239.0,229.19320547048443
236.0,225.3160890511282
233.0,221.70199115404023
234.0,222.83562838523946
231.0,225.12610102164768
228.0,220.6330156996716
226.0,219.37362036728229
223.0,220.67940644064277
218.0,214.39934258348325
212.0,211.38464296154666
208.0,212.1894144887611
209.0,213.24882902867768
209.0,216.50342687355973
208.0,214.98259021547085
208.0,212.35320211020993
209.0,214.74261264328072
209.0,215.093580372855
211.0,211.88157619428574
214.0,211.3577896541025
213.0,210.67779309411068
213.0,204.28426955471753
211.0,199.29882048923258
210.0,195.63094728465842
210.0,199.4042772623179
209.0,202.63903031056267
203.0,201.52295678253023
200.0,203.50600952908357
198.0,207.1433699383185
199.0,207.76683092793584
201.0,210.14707548186465
200.0,219.37141609502982
200.0,223.1351198581376
197.0,223.14396558236768
196.0,220.36666747253372
196.0,218.7959793970362
196.0,219.31505772569145
195.0,216.31076059950763
194.0,200.5072994802975
192.0,194.38224200769298
190.0,192.4854167277833
187.0,192.73256106563196
184.0,195.82354413292677
180.0,195.17618235314
176.0,195.41157184387725
174.0,193.21569568841997
173.0,191.4121570395797
172.0,191.39158243087283
171.0,193.45443282479917
167.0,192.97186677304305
164.0,204.93300131233954
162.0,193.34615561991126
162.0,187.7169099168438
163.0,183.1618117986116
158.0,177.22707551079677
156.0,172.28668178887298
156.0,167.3309096613519
156.0,164.29656135554944
156.0,163.38979533577168
157.0,162.9861993651682
154.0,162.38510607689466
152.0,159.0830314122835
152.0,156.347479332326
153.0,155.51542846368162
158.0,156.8082450769951
163.0,159.48646468846263
166.0,156.12621125879633
167.0,153.61723137406952
172.0,173.94425760844837
174.0,157.14202330805165
174.0,157.19307018404027
175.0,159.5419245723721
177.0,158.1911232738832
176.0,156.41247972950327
174.0,157.06810957928525
170.0,158.31294255796666
168.0,165.68947100354043
168.0,172.5513486252756
168.0,182.15013288830366
168.0,182.95686983430016
166.0,187.68607094672925
164.0,189.90348874262088
164.0,190.0475836571349
165.0,191.00221918451822
165.0,193.24678357750332
164.0,192.6018762819903
165.0,188.09310097954994
162.0,182.12964433247745
160.0,179.28265127022377
159.0,173.6881270410842
157.0,173.25455242550584
157.0,173.3634423707508
154.0,172.29995450704712
152.0,168.22110915886225
152.0,167.37149802301604
149.0,169.03250949572345
145.0,170.10928241844505
143.0,170.6590335552291
141.0,166.1442760035378
138.0,164.05333200264786
137.0,163.54053031825995
139.0,160.27711599802385
138.0,159.15254588786703
137.0,159.7952009445915
133.0,157.11142422587017
129.0,153.6991877485642
127.0,153.97069686641575
124.0,152.00950124686915
121.0,146.41168620080686
121.0,144.8916776411253
121.0,151.3912001217657
119.0,140.24079026331745
118.0,138.2714863542515
117.0,139.1271358058009
115.0,138.33035925586
113.0,136.09530699244726
113.0,130.52462747399846
113.0,125.34012480727955
113.0,123.93279088791385
113.0,121.56388218037166
113.0,118.94834881226694
113.0,119.83136593732948
142.0,69.51230459509192
143.0,98.10441317200343
144.0,98.4688186826624
144.0,98.45308658651382
145.0,98.78611871926907
146.0,91.49190215702129
148.0,211.68276476854854
151.0,158.62829234597908
152.0,132.06911935156273
154.0,124.67547818020584
155.0,127.57841596045193
154.0,128.0122958560538
153.0,122.84702342275234
153.0,128.93853401028815
156.0,134.14690124866834
161.0,142.71578005302615
169.0,154.31754551656803
180.0,152.7952718570988
192.0,157.3933904175594
204.0,167.65165851263282
214.0,168.33260424871256
224.0,169.2684423307063
233.0,170.45995386378885
243.0,169.49221869209816
251.0,161.29517128165884
259.0,161.63526485572183
265.0,165.04900713098814
269.0,170.7200575922076
276.0,178.42874859636518
282.0,188.77356989923948
288.0,193.64077412083145
294.0,207.71816402676947
299.0,207.41179906215802
303.0,221.5483689765514
304.0,219.6787993697573
302.0,225.13109279908429
300.0,228.5581722604742
296.0,231.32746070429062
291.0,232.43221834025107
283.0,231.11369607188934
273.0,233.39168413482787
264.0,234.74489877987375
257.0,237.94032664763506
251.0,241.75732860900087
244.0,244.3993356449633
238.0,245.9179529360932
233.0,244.22358321778825
227.0,240.8388971070852
220.0,238.49285311978787
212.0,236.11012450044416
210.0,231.43136772640884
205.0,224.46914067781745
200.0,209.24725153566098
194.0,202.38217607740282
184.0,197.69291034650408
173.0,194.01055405241624
165.0,190.09678285454072
159.0,187.55009524341102
157.0,185.87117929450895
155.0,182.29117718299108
155.0,176.97336758768398
159.0,171.09997670781297
164.0,172.27755463266598
166.0,171.6133125203811
166.0,168.52409780001162
162.0,164.78713668553493
158.0,157.95369967995825
153.0,150.40267140746008
147.0,142.32429162253877
141.0,138.71197399767425
136.0,138.56433269469977
131.0,141.10756442715984
126.0,141.92320203532964
121.0,148.4020109081983
117.0,156.02984960220064
112.0,159.98077876124083
108.0,164.5966144806658
104.0,168.37848663617805
100.0,165.86805441511774
97.0,162.64827289085693
94.0,156.80758007023414
91.0,144.4737777266382
88.0,140.11494776735475
85.0,134.2019552666345
82.0,127.68151831256294
80.0,122.49918836461634
77.0,118.206120224281
75.0,114.94559090205897
73.0,111.7377805786821
71.0,109.23675230676862
69.0,107.00969016978152
68.0,105.27664042482343
66.0,103.25902908264939
64.0,100.97540198250317
63.0,98.46383446980454
61.0,96.33112746368889
60.0,93.67586859811507
58.0,92.42319898595245
57.0,89.81276893747741
56.0,88.02478422333822
54.0,86.99505635008887
53.0,85.85180113343526
51.0,85.02540904721496
50.0,85.39868215246278
51.0,85.23446728057127
55.0,84.18083637024945
62.0,84.32723668155002
68.0,83.43360420254972
74.0,83.50231533711464
81.0,82.59230038490153
86.0,82.06747324211315
91.0,81.96723727175515
96.0,80.53265105779411
99.0,79.40017639688699
104.0,78.17868234114599
107.0,77.33020853982492
107.0,78.60469653207414
107.0,83.75470592580761
108.0,91.64236040036081
109.0,101.0874962460631
110.0,111.24083728132618
109.0,117.58144670160642
109.0,122.32976077416271
110.0,125.41453914828486
110.0,129.16186445006923
111.0,131.1676642537342
111.0,134.40663466302357
109.0,135.28609993899028
110.0,131.95232488940465
112.0,129.43574379993242
114.0,129.19765708722124
120.0,128.9023612640207
133.0,129.30653756710004
150.0,127.99586188526368
162.0,127.1866141026093
183.0,148.2845388934723
183.0,133.10030977392853
183.0,133.70248895236466
183.0,135.101422432162
183.0,141.5981285274292
183.0,140.94651864941764
183.0,142.35597129698223
167.0,37.085297499302285
165.0,43.048694700798634
162.0,43.048694700798634
158.0,43.048694700798634
154.0,51.036142130274186
149.0,43.20262908643376
140.0,221.56255756224652
136.0,233.84039555661678
133.0,187.0198180773107
131.0,174.54418756131832
130.0,177.87186848324194
127.0,175.9668758403476
125.0,167.2561058725582
119.0,165.67233615838956
109.0,161.94536012596657
109.0,171.67597035619218
105.0,159.5826494810565
106.0,154.04487472649765
107.0,151.6331220445837
105.0,148.45519403157826
101.0,146.99793654888222
94.0,145.92092066933157
88.0,146.0651645066292
86.0,144.28542685514677
85.0,132.7751738234495
84.0,128.2350686585471
83.0,118.92554652455257
78.0,119.18096232322584
80.0,121.14353724905926
83.0,123.05307023584767
77.0,116.70076768432747
73.0,135.40674649943304
78.0,114.56134497748288
82.0,107.796912528257
83.0,101.09276388383518
83.0,100.56070086843698
84.0,104.91403234910946
87.0,103.8236120161632
84.0,104.56823498178767
85.0,99.75024290495767
88.0,100.12634494607357
93.0,105.00367161800632
92.0,101.10971399718625
92.0,97.39622982843687
92.0,105.11731244296536
90.0,111.77979074796403
88.0,112.38680149199593
84.0,117.96657422252827
75.0,118.8448907961621
73.0,113.93256132905262
71.0,115.27139181873342
72.0,112.83071950489193
78.0,119.13904595277856
78.0,126.79576972221557
77.0,123.99254212491917
70.0,120.9513408335944
71.0,118.67103278361125
75.0,117.47247263942346
77.0,114.38839497721486
78.0,108.2971407598344
82.0,96.21132289430454
86.0,90.87748361821662
92.0,89.60841431393906
98.0,88.63840662415409
105.0,95.64875924296288
107.0,96.86474842011663
108.0,94.46787673656277
108.0,87.32805119093496
112.0,92.90106640677392
122.0,92.4663084531196
126.0,100.27676936688276
124.0,105.16137980259494
127.0,105.0730100179996
122.0,113.70982342206159
126.0,121.3802155632179
134.0,127.43842622968786
137.0,133.71542890297246
141.0,137.97489351134232
149.0,137.61876183071013
158.0,135.220627563752
168.0,137.37502480601356
178.0,147.77108077565407
187.0,150.82784717715236
194.0,146.56378047657992
202.0,146.99872059373337
211.0,142.47343675779464
219.0,142.91737484143508
228.0,152.4654822193138
236.0,175.60870996430003
237.0,167.79684701476873
237.0,175.12475501122532
237.0,181.7525448153285
237.0,190.02193019058436
237.0,200.92489919199085
237.0,210.52385668727706
237.0,208.06558592167144
86.0,37.87739451941343
89.0,37.737808462665384
91.0,37.737808462665384
94.0,37.737808462665384
97.0,37.737808462665384
101.0,58.397552310872825
106.0,114.69783376448876
112.0,121.46050979872248
117.0,107.2838556113945
124.0,106.27043135481702
127.0,111.40402413012177
180.0,113.03570547822463
182.0,114.28993513647004
184.0,115.39062659159035
184.0,120.0402757228724
182.0,126.66182291692864
180.0,138.07488078127193
178.0,141.8880477712138
175.0,147.96018732116045
173.0,160.33691712709884
170.0,155.04736171906006
169.0,158.91489974535227
169.0,158.5182907752242
169.0,206.94815238329477
168.0,206.35571519925318
167.0,202.2937785269258
165.0,197.94919958366398
164.0,194.789102581759
163.0,190.83800984236296
163.0,185.73031905259475
163.0,175.28184316578321
162.0,167.27077703447458
163.0,170.00042215724153
164.0,150.12555708511803
164.0,152.98355682621894
164.0,156.47699500111247
162.0,157.2505020221724
161.0,158.3015522721698
161.0,158.85765205771187
162.0,159.86147980586975
162.0,161.9573905514316
162.0,161.59805473000657
162.0,163.5517061099544
162.0,164.6137812547588
162.0,167.00965752481608
163.0,169.72672493800852
162.0,171.7398622865757
162.0,173.41889138361674
161.0,174.70759765537613
161.0,173.89388743348545
161.0,172.27834041365958
160.0,173.72183217325326
162.0,171.90706552447543
161.0,172.24059513393726
160.0,170.94261883528733
159.0,170.7544452196201
159.0,172.74204572193185
157.0,175.9390945308517
154.0,175.8759499750738
151.0,177.78419662074566
150.0,174.9371882350876
155.0,174.35504088492291
170.0,174.61302515555047
185.0,173.73389820373092
194.0,175.42363707915936
200.0,172.9258880657177
204.0,173.75890995275887
205.0,172.28473271643801
205.0,172.98363292579822
206.0,168.879556612644
207.0,165.48349330789154
207.0,161.93647532911177
208.0,160.76224339944645
208.0,159.26863028617004
209.0,174.65025708996535
208.0,191.54164609005247
208.0,206.02301623507208
208.0,209.5979418863269
207.0,211.55414552175142
206.0,211.58193361935136
204.0,210.87656147957978
202.0,212.32184566725027
202.0,214.45738317461112
201.0,214.1300551019119
200.0,210.76991609218166
227.0,212.727410575111
223.0,211.8808849605873
222.0,210.39315209407687
220.0,209.59698093431473
219.0,210.58156035142096
219.0,208.52575624661927
219.0,207.53508762936835
217.0,221.6420303896252
216.0,200.3979654536389
217.0,202.7880206115157
217.0,191.61620131700386
216.0,185.9910578804322
214.0,210.89984171241016
212.0,206.64111091647123
210.0,203.8910822805551
207.0,200.1467620864109
203.0,198.88420521765173
198.0,198.65915563134115
193.0,198.38642161101234
187.0,197.1827469594005
182.0,190.2163904602513
177.0,194.50276309715872
171.0,182.22152852254527
166.0,183.0058469031252
162.0,182.30370425131412
158.0,182.04286895817188
153.0,182.0260549959001
148.0,180.2481450582141
143.0,177.37767053762747
139.0,174.39238667949758
136.0,169.6212960763981
134.0,164.75806151844648
131.0,158.44232755972638
129.0,155.64173041680434
125.0,152.81167134211393
123.0,149.45762571379836
121.0,145.77234138949902
120.0,143.9346628293061
118.0,140.82999138696377
116.0,137.7496464488861
115.0,134.82030063483415
112.0,133.22295118859557
109.0,132.45702995225668
105.0,132.36437576502976
102.0,131.0192815727754
100.0,130.56523156326483
101.0,126.78737274376078
104.0,125.71752427379067
106.0,119.86360321460658
108.0,121.0842770021366
110.0,121.13123766863914
112.0,120.55633271006286
113.0,120.80796359099679
113.0,118.88659644808857
113.0,116.4035884680601
111.0,113.04789087459662
112.0,110.56287185850634
115.0,109.53359542152205
118.0,112.36039878401377
119.0,116.41106547753195
120.0,119.4459399421864
123.0,121.85861571531882
124.0,123.83772983113968
125.0,133.1435253765336
125.0,134.80896352865574
128.0,135.514537107409
131.0,135.94184803628536
135.0,134.46965693311446
140.0,134.64180547884195
144.0,137.04056389518342
146.0,140.09494851561576
151.0,140.5065449106159
157.0,163.3338581168125
162.0,153.73959003749027
168.0,154.30715309238596
172.0,154.32933839605673
177.0,153.5431096062714
181.0,156.90983870097105
185.0,160.02593352242405
188.0,162.70963019251909
192.0,166.47396863670357
195.0,170.0992680110371
199.0,171.59958554597728
202.0,174.86694621821653
205.0,180.78565124427877
208.0,185.5081274899199
210.0,191.1317630807422
212.0,193.90214953218378
213.0,197.45377433188045
214.0,200.32302855884365
214.0,204.97836164746462
214.0,195.49858475865727
213.0,194.4380121053841
212.0,193.25138122908072
210.0,192.48018571787094
209.0,192.56116391086624
207.0,192.29931452250344
206.0,187.6576642016069
204.0,187.79831431615014
203.0,188.8405307877502
201.0,189.4165444782578
199.0,190.07662928833875
198.0,189.664618197582
196.0,188.1673827738561
195.0,187.0415681495154
193.0,186.53216840972058
192.0,185.2663279677252
191.0,180.3386370062363
190.0,177.1635894766639
190.0,175.31511765910764
189.0,174.76111771753236
189.0,174.77620226829166
188.0,174.33397522390464
188.0,173.76601605184646
187.0,174.86539208961892
187.0,176.11876996911937
185.0,177.375434052143
181.0,176.68854527589522
180.0,176.62305435840426
178.0,176.56729378865901
178.0,172.71912677283188
179.0,171.9627720160898
181.0,172.7283865101298
182.0,174.26918340201632
184.0,174.28264053053826
187.0,175.42665884389174
188.0,175.69817390396193
188.0,175.3357049156396
187.0,174.7516127273453
186.0,171.46508712269326
186.0,171.2929862435409
186.0,170.48682302553237
187.0,171.2748166245837
188.0,177.2604701138402
187.0,169.97300513882485
186.0,167.11239707662384
185.0,166.4690553959752
183.0,170.91463262209027
182.0,172.49157616055712
180.0,172.93836699581783
177.0,170.58378814123174
87.0,163.17351729675238
85.0,151.49574741413937
82.0,120.29911524735681
80.0,110.97821889739022
78.0,112.30988459575072
76.0,111.78688979966776
74.0,105.52486814142438
83.0,102.01346663172004
86.0,99.03951055430124
91.0,108.02613545672305
99.0,94.64156406882188
107.0,92.42169442203495
117.0,94.30930504217604
125.0,94.73876204962777
130.0,93.10210691341709
132.0,91.17796087630686
134.0,90.01838582524056
138.0,89.96563562721583
150.0,81.6569725209261
157.0,91.39756073101634
155.0,95.0691822985329
154.0,99.79501550145446
154.0,114.01233383775562
154.0,121.56145068928875
153.0,124.11695592507672
151.0,130.99346794103573
150.0,134.58030812151196
156.0,134.94859736208562
156.0,136.51179870346252
151.0,136.06216749951625
147.0,146.3669522283896
144.0,151.21559401700304
143.0,144.37402998866565
141.0,139.74968496009333
140.0,137.54637892214433
140.0,136.1778641185644
139.0,134.13168112685526
139.0,132.46681316983035
140.0,133.00098306335886
140.0,133.64883151235637
140.0,131.27663243418596
141.0,130.21649462504058
144.0,128.37415077249406
147.0,124.44672360012919
149.0,125.3954549270228
151.0,124.96479383383706
153.0,125.63479460607644
155.0,149.30840895814143
159.0,149.39087662342234
160.0,146.45918344970596
162.0,147.3135012710204
166.0,149.43922054582768
165.0,150.15788256136807
163.0,153.54578716785875
162.0,155.600965448134
161.0,161.14682168098497
161.0,165.09891632354058
160.0,165.74139468224502
160.0,167.65671595535756
159.0,169.60859620761704
159.0,173.03313391387033
161.0,174.50409996254035
161.0,175.93202813068802
155.0,179.34805229735633
155.0,177.5341911102185
163.0,173.7321968159777
162.0,172.03807305826913
162.0,171.18027345354665
161.0,170.81193395119203
160.0,167.7333448409325
161.0,164.4617262889658
164.0,161.8546519552914
167.0,168.8234870053309
169.0,169.57279164155113
167.0,170.71237484770924
164.0,167.73079975840565
162.0,166.79193770872968
159.0,174.47505354721574
157.0,175.5868957816802
156.0,180.56791963474228
155.0,179.57366839587291
152.0,176.98815001816521
150.0,175.8499921537467
148.0,182.4989253730169
146.0,185.36116464460483
140.0,187.60572789740624
139.0,187.78038220151046
141.0,179.96243478842794
140.0,177.98956257260912
140.0,175.421347232163
140.0,171.37389924458824
137.0,166.776781211404
142.0,185.58673249242636
145.0,164.2301128669565
148.0,166.7744743837735
151.0,154.1220792463494
149.0,150.18589045933444
145.0,143.2280430627824
141.0,139.6338587808496
143.0,142.51902519043233
140.0,141.56078554025677
138.0,139.4910192311614
142.0,138.91320743502374
152.0,136.94671740640845
161.0,141.9862509888275
166.0,146.5074992059005
166.0,155.82817895423767
173.0,160.04082783965376
180.0,158.11995220054902
181.0,152.2770294096302
176.0,148.74403420261535
167.0,151.90266717145
167.0,146.30188855825844
164.0,143.96785975150468
159.0,147.33979557911488
156.0,158.64014464323662
161.0,168.18278016268832
167.0,175.66903410308282
164.0,175.42856668523135
158.0,183.07571414046623
153.0,184.86621379256044
144.0,184.0676983616495
140.0,178.38269750078683
132.0,170.03729296692632
130.0,169.58543556870532
131.0,163.94073893663978
130.0,156.90948155709546
125.0,149.4977358414674
123.0,157.61789479889612
125.0,163.7530375021928
135.0,159.0572926917586
140.0,152.85469145380503
154.0,153.1794010911531
172.0,148.62536434271
188.0,143.32964955030894
199.0,137.1085030339872
209.0,136.94273712956863
218.0,141.0156696549982
227.0,160.57448043785953
230.0,132.47792283967073
230.0,126.75956663837549
234.0,129.40782677380489
233.0,139.13638000062994
230.0,146.22491416775742
232.0,164.15092499577676
235.0,183.73396216602166
233.0,197.72674463046621
229.0,202.98725392330036
224.0,207.73188891847263
219.0,215.288248954479
213.0,222.18727497468183
208.0,220.07733507719087
199.0,214.18409367395302
197.0,217.301473633723
192.0,213.50665684753614
186.0,205.1321576169928
172.0,203.39656284572962
168.0,207.01064891067395
168.0,204.6699719913879
164.0,199.6433106106181
162.0,193.8525044314701
156.0,184.5974374851083
156.0,181.99623207035032
151.0,172.85609187338508
148.0,167.3135837340046
145.0,169.7134902240304
140.0,168.0859540147041
139.0,162.88966601354792
135.0,151.5023716791777
133.0,149.81591157144703
127.0,154.69365137226396
118.0,153.61031328516916
114.0,152.46838016683185
111.0,148.0225034086344
103.0,150.60519400514056
103.0,141.73360617602393
98.0,139.00492098033158
91.0,137.78316903235768
88.0,139.44987322809092
97.0,140.07241301573288
101.0,129.99725896618975
112.0,129.204899307423
122.0,125.22721473117336
126.0,117.72118834117768
126.0,112.52255127446693
125.0,112.59057503704267
125.0,107.13096288007446
125.0,105.64250533561932
123.0,104.67580427566332
120.0,96.44512243194025
113.0,93.17274409003278
109.0,103.06066181836228
106.0,111.81634475043816
103.0,124.34017493915252
100.0,135.89954020775477
98.0,146.3064227158371
96.0,147.10225457442507
92.0,143.3416482776611
90.0,143.60744181387994
88.0,145.8979325809672
86.0,145.7615530684879
87.0,139.08376160782032
101.0,129.6226198324178
121.0,117.39663864771634
136.0,116.8408318937546
140.0,113.45009701442171
139.0,111.47052879512404
142.0,111.05370316338607
136.0,109.70466256482347
130.0,105.1887129340358
136.0,103.01673301724605
142.0,101.38182577776118
155.0,101.39206454029193
164.0,103.28417605082109
178.0,118.73203619415088
199.0,141.9680563311802
217.0,165.11158551562536
231.0,166.65738936855783
233.0,161.58559677430395
233.0,184.88340371765514
239.0,158.14980572991564
245.0,146.86474460109443
248.0,152.0974343239044
239.0,160.01485806091682
236.0,163.5359353261815
238.0,168.08875200404006
242.0,174.19961031914428
247.0,191.9093154080794
240.0,207.38687971613467
238.0,214.90858511622974
241.0,214.68387622095295
240.0,215.2930021084531
239.0,216.3017163626299
237.0,221.17819569206523
235.0,219.93758420249478
234.0,210.08295315500214
233.0,205.85660256436609
233.0,206.19735135087393
234.0,208.98294635236508
233.0,211.8213424230812
231.0,206.17560143118038
229.0,205.7739233771134
227.0,203.13828888204065
225.0,204.96765363516366
222.0,202.80699712424118
216.0,206.00621277341872
200.0,201.02720130309382
192.0,200.8474040260034
184.0,200.52853651896152
181.0,200.28024863475963
180.0,206.98692696375915
176.0,210.14745861032182
174.0,204.18052213896368
174.0,203.50150686796025
173.0,202.883697601846
171.0,202.28593760883
165.0,196.16460828276848
164.0,216.46718146050324
157.0,194.42435185469375
146.0,164.78749282428873
141.0,156.26830326404092
143.0,152.01946661347898
146.0,151.65953026263279
148.0,147.6652370590456
148.0,145.55162277216635
145.0,145.87035675586395
141.0,145.5489276558728
137.0,144.07200997650938
132.0,142.6633083279741
128.0,143.17121763568412
125.0,138.65960727735916
121.0,127.4860221338745
118.0,121.60839132165344
114.0,126.72126617442638
111.0,132.27215942042977
108.0,134.13707224951844
102.0,135.16972875720964
95.0,132.8791031537251
91.0,131.26709505508273
88.0,129.33238067646545
85.0,126.56345674364891
80.0,125.44589168670183
80.0,125.08269779154386
83.0,119.4360267672381
78.0,115.94539259604593
73.0,111.82526419828339
70.0,108.91315250450535
67.0,107.29925436328094
66.0,105.85759397826067
68.0,99.69345015391909
72.0,96.9666129539616
73.0,95.4314653282162
76.0,93.15785791616386
82.0,88.98978381390265
88.0,88.55072347102464
95.0,94.3970926228359
102.0,91.62109071424868
109.0,85.14316690078174
116.0,83.05535140617904
121.0,82.86269266048043
126.0,82.36236551942527
132.0,85.3302061562704
137.0,91.07314244797125
144.0,94.81007203743906
151.0,97.4980937816529
154.0,104.19796171010574
155.0,117.40657466998555
157.0,126.18661116995541
160.0,133.8033075743634
162.0,141.5998334477431
163.0,148.30795442709103
164.0,151.48850743170428
164.0,152.80619929113442
165.0,157.19898984070963
166.0,160.91476547649972
169.0,165.13458285709908
172.0,169.69756584801416
175.0,170.29200985594352
177.0,168.30452862509188
180.0,167.8626156742782
182.0,169.5121307882184
186.0,171.36875928183926
191.0,172.03832413576123
198.0,172.49117417353375
210.0,172.8111612441698
218.0,173.10769311872326
223.0,173.25564835829772
223.0,176.84923316233744
224.0,181.5100644779931
226.0,185.16768700201607
228.0,187.00212455538542
231.0,189.78669905099207
233.0,192.28256313595034
234.0,195.85754264756736
235.0,201.10340955556057
235.0,207.76574138714506
235.0,219.26954907361988
236.0,226.23080312853145
237.0,228.49377095573806
239.0,225.70467406746363
241.0,224.65710957911605
240.0,225.61847850415057
242.0,227.38101699201528
241.0,229.57435101428297
242.0,230.9679722159859
241.0,230.82919575974813
238.0,228.3053762598558
236.0,226.45205675415895
234.0,225.4469076306329
232.0,227.74375695266977
231.0,229.86131315008288
230.0,232.20373309227833
229.0,234.737312033521
227.0,233.31849752916486
239.0,234.18661296179815
244.0,234.00633119936543
243.0,234.80270223994307
240.0,235.08559027043583
237.0,232.64008966512984
237.0,230.51253989601526
236.0,229.41435209488185
232.0,227.06027412544688
229.0,225.2215662055484
227.0,225.46982011310132
224.0,223.9830574507357
220.0,222.63325451655396
214.0,233.7334339983288
207.0,241.86993223101908
203.0,246.59849486435292
202.0,242.0001881179037
200.0,238.81898336933187
196.0,239.53576398419716
192.0,238.97687929569744
190.0,235.50228261374053
188.0,225.9947150626173
182.0,226.22892654179842
185.0,219.24014310877544
193.0,213.06018175500304
192.0,207.2938826883217
189.0,200.9635828920114
184.0,197.4414529588508
180.0,196.7409264716871
176.0,195.72774974603732
175.0,193.07141639911833
175.0,188.59250265652594
176.0,186.47013203665605
178.0,185.4454627389097
175.0,180.2555732378354
171.0,183.40415421029584
171.0,195.52971035582874
171.0,196.32625730755572
171.0,190.50031419462175
171.0,187.0734235383552
171.0,184.02692613110457
171.0,178.86903497605525
242.0,67.70789920377881
246.0,67.70789920377881
249.0,66.73759035598923
246.0,66.73759035598923
245.0,66.73759035598923
245.0,66.73759035598923
241.0,232.14602304467635
236.0,236.96212215568568
232.0,204.13015592731938
227.0,203.15348656855448
225.0,212.79972160028754
225.0,217.3757594762409
231.0,208.68204944272165
230.0,208.98551285875217
227.0,214.82728069309712
225.0,222.86091422944475
217.0,249.9201340483977
212.0,246.5577436344223
205.0,245.29030539199533
194.0,238.27586599326565
180.0,227.78662355188163
173.0,213.85313084494803
164.0,214.84037943825038
168.0,223.74551770121337
171.0,211.81146451979555
165.0,212.78333349046497
158.0,208.71454440937924
156.0,205.29735235093437
154.0,198.28031637945713
151.0,193.70468475696637
149.0,179.11703978343348
140.0,164.58629793233698
136.0,152.16763260636958
136.0,144.80326650262617
139.0,133.5466879697903
134.0,137.74013835233956
130.0,144.99481383135054
127.0,139.96784765731243
125.0,134.55625930348862
131.0,134.16519297361143
133.0,135.6630859011679
129.0,135.24668761561102
127.0,137.19829299671085
127.0,130.74387945801564
123.0,129.08761653268044
123.0,126.98832618814768
123.0,130.96242217288489
121.0,129.06426480329245
118.0,125.99876043414353
113.0,123.92132872614476
119.0,123.1625290279849
122.0,130.24654224063065
117.0,134.59585106488203
115.0,133.21438430709878
115.0,131.62511245264216
108.0,137.16157539488893
107.0,133.44070457852592
106.0,136.22934988326128
108.0,136.58919899007407
105.0,135.50688070189068
111.0,132.3256141010803
126.0,124.93999317808682
143.0,129.34039840432072
157.0,136.06386173543933
172.0,131.11950082739165
191.0,147.887337546895
207.0,137.38765133171273
215.0,134.91587494510597
214.0,122.13955528785348
225.0,119.57021932648442
228.0,120.8736854669643
228.0,119.6991521133898
224.0,121.63271713162207
224.0,135.35008224101253
225.0,153.8623139335314
221.0,171.06782476668374
218.0,180.09600346999002
214.0,197.20546778875428
222.0,208.34307975340076
232.0,210.85523232586965
242.0,201.5769190079098
246.0,212.07430412859838
239.0,214.91279264659903
229.0,208.8902895449075
218.0,199.9737912151606
208.0,198.84254812713945
202.0,199.33216946479592
195.0,191.65316485029769
192.0,185.50601823786124
195.0,176.26868635880447
197.0,182.83880201883017
196.0,192.72725710708073
196.0,204.65582757337265
191.0,215.48766343517758
187.0,210.390906426259
190.0,200.60952637514157
188.0,190.74681909165204
188.0,185.41835924068647
188.0,177.79982894680407
181.0,176.9328184230614
177.0,174.82550013092458
176.0,177.2474137046824
173.0,176.16588352473624
170.0,169.51595490406774
165.0,169.17748469265845
162.0,167.82723237248584
160.0,166.4911398772627
153.0,173.07122512802056
152.0,174.04565406274776
152.0,175.97124637880805
152.0,177.67459585382346
155.0,170.75393661087594
157.0,165.4807737047839
160.0,166.5623266676368
165.0,162.71739349964173
179.0,161.12335540092877
185.0,158.94249693306014
185.0,153.9475861878579
188.0,153.51973198268496
187.0,147.16159635139041
185.0,144.27057771466252
186.0,148.61428510384368
177.0,154.86983988271587
171.0,166.57187361720287
171.0,151.17312842755376
177.0,151.35760652298015
183.0,154.62591713797957
190.0,173.31686098677255
192.0,177.4496982389199
194.0,176.04920121354647
197.0,176.52431265737403
199.0,174.83187776395954
200.0,172.5239806595338
200.0,172.02543615704138
201.0,163.9507571354807
198.0,156.41098639737743
195.0,151.06263978425778
194.0,154.67826296149403
191.0,159.94701385296304
190.0,170.41775935755362
187.0,171.475906763828
183.0,179.56065986318754
178.0,183.16684883224818
174.0,184.1259598152637
176.0,188.26747509201485
196.0,190.67932670466206
191.0,193.0581369525259
186.0,190.45738982994413
179.0,182.609101220081
172.0,181.21618765707845
165.0,173.62878751515302
160.0,173.0272235017679
157.0,171.05349638727472
154.0,168.08744194323583
151.0,164.07012202937662
146.0,161.29852077983193
144.0,163.5747773343724
139.0,185.75944048340335
151.0,186.38158255660477
156.0,182.5887410626451
149.0,175.83644959376753
143.0,170.11916238273827
141.0,162.2636847336229
145.0,153.27436608306323
143.0,153.18647076177945
139.0,153.4290239160958
136.0,151.8354025097242
136.0,138.4776278809844
133.0,137.98840422259735
129.0,135.7279892794344
125.0,148.62280990679957
122.0,160.41693107726098
121.0,153.4462366054313
119.0,152.2452231056178
119.0,144.18453111850928
119.0,148.52160756368795
120.0,148.07840345848538
122.0,151.26216719804924
129.0,142.3126385063007
138.0,145.76249084849948
135.0,138.6797693987187
138.0,129.74578454383914
141.0,128.5273161448576
139.0,128.428568922971
138.0,128.90433912313344
141.0,125.75537928826895
147.0,126.28047754165983
148.0,128.5011935358955
148.0,129.81998962717944
148.0,130.97519856746482
147.0,138.9555978511614
146.0,152.60557022823295
148.0,155.3928623995985
148.0,155.8084984379659
148.0,158.63149195347523
156.0,156.8961384178777
157.0,154.53757114868313
153.0,157.61316482706735
149.0,164.9339817404782
147.0,166.0903703599349
146.0,162.88732417354728
146.0,159.04932945063456
146.0,160.00864954375314
147.0,157.84583529032005
147.0,158.21749522025044
150.0,160.22342657694836
157.0,158.83233993800684
150.0,163.86645854398452
144.0,164.14072471855746
145.0,162.7250034014889
145.0,158.10744207969148
145.0,163.8142843974903
148.0,161.99555511048723
153.0,161.1257983629065
161.0,159.10308416945335
169.0,160.53784725541425
185.0,161.74436252028147
185.0,161.4335669262696
185.0,168.3515010757274
183.0,170.6719396842785
183.0,163.06537115458835
183.0,164.4006652850464
183.0,159.58579097610937
182.0,158.70077792878757
177.0,161.15173842482008
170.0,166.3362818923724
166.0,175.34974591506094
163.0,189.60971424730758
160.0,201.1279927851792
158.0,204.11172682869517
159.0,202.86115634393843
160.0,198.8592173465299
164.0,198.0708615454285
178.0,198.89879235798705
188.0,198.40229438769185
191.0,196.75460924434498
175.0,183.13750483825007
180.0,174.78584628125546
185.0,165.1292144516158
185.0,163.972471289489
194.0,162.41318210482297
196.0,161.7530972243102
198.0,163.14202439916508
202.0,165.34698371019343
202.0,169.42325975465428
195.0,183.74538884045427
193.0,196.8923044841232
196.0,207.85271418562542
201.0,190.97083324955906
203.0,192.11049698701282
198.0,202.19667641202278
199.0,202.85969066008846
196.0,208.778912830385
194.0,212.8190482111953
192.0,213.9828174748592
193.0,212.51945771832993
205.0,209.00016835923714
210.0,199.43484454165483
216.0,202.8223152984853
226.0,197.82987170709055
243.0,197.66826509650733
249.0,201.73414551223888
256.0,197.7097060737152
251.0,213.47370140957003
249.0,189.1682484992418
251.0,196.02768541799637
261.0,184.40305626299593
264.0,178.36200730933746
265.0,189.65631617212904
270.0,191.89829436759211
282.0,197.11252554489369
291.0,208.6024679378525
295.0,225.90419966546244
291.0,227.86830600800218
293.0,231.0244914370066
299.0,225.85141466067023
310.0,222.57438557831676
322.0,253.61241765085578
332.0,239.35528161593442
336.0,240.6854513780105
338.0,238.76718664394213
344.0,241.31332102306516
348.0,247.2192113977656
352.0,253.49112416866592
354.0,251.6811497017896
352.0,248.20269358490015
351.0,250.91529926060502
352.0,258.4233285919804
352.0,264.4516977821608
349.0,275.13748023402087
337.0,283.61755502707797
334.0,285.8718740973183
328.0,282.58608989280054
324.0,286.219525358911
312.0,289.98826686909
304.0,296.19439751741584
305.0,298.00786635607915
304.0,295.63318564927795
292.0,292.7739895045162
287.0,292.6666248918338
276.0,298.3918756134367
263.0,287.96538198711653
247.0,269.8712075082116
225.0,258.2988369876083
207.0,253.89511392261386
198.0,248.82186660092236
183.0,236.36424788266004
170.0,229.0937089693212
156.0,233.7068746080061
145.0,235.65808189272826
134.0,224.49164157534227
123.0,218.72675861352917
110.0,214.41276355552895
100.0,200.98789188217154
92.0,185.0510956120917
82.0,164.3920076690223
85.0,150.96991808888956
94.0,146.8680643632194
105.0,134.24182601876782
119.0,114.31320010268524
132.0,107.02016895035943
141.0,98.59584205786649
145.0,91.65755891226395
143.0,84.15311762540324
138.0,75.81490407977056
131.0,73.07325626991452
124.0,70.4600521724427
118.0,61.448950618279795
116.0,67.62644575423693
113.0,81.99142616452633
108.0,98.07005555752954
105.0,113.93602045399552
100.0,128.733353172113
94.0,146.13167284473798
89.0,152.08923403900786
81.0,150.24638493914122
76.0,145.813950686275
79.0,141.86118969281645
89.0,136.1227648268277
100.0,129.9553528607069
111.0,121.64318148944884
119.0,117.6040041582092
124.0,111.69612123129478
127.0,111.79735353935467
132.0,107.58886666533817
126.0,102.79627880602496
131.0,99.14780444453464
144.0,92.74691664893837
160.0,88.45239488861884
173.0,93.0210451284925
177.0,104.15092384961574
179.0,117.23245068385263
187.0,129.60580519195003
194.0,143.66987676957325
203.0,148.14392789333726
205.0,150.4113334950141
205.0,154.50096517679583
205.0,150.7713728566393
208.0,178.7086816613502
216.0,169.45214037217002
221.0,180.61964394735008
224.0,185.9575123837404
223.0,180.90474319096253
219.0,176.24958699812208
214.0,180.04790548881633
208.0,184.93003191094826
201.0,189.43711673588103
194.0,193.0925458260884
180.0,191.4038380131176
173.0,187.6566628735133
166.0,186.83873377591416
160.0,191.44368649363994
150.0,197.71224092655774
140.0,202.28925861175384
142.0,200.1274325489199
140.0,196.2837802947935
138.0,189.73654606353077
134.0,184.9014273362912
133.0,180.18616094309084
131.0,169.17600636902952
130.0,157.84120638314295
130.0,150.81945389765255
128.0,146.7273115971894
125.0,138.41361720028212
123.0,129.8660479398508
111.0,121.21875845763086
105.0,125.83055449448003
99.0,128.60838926969072
98.0,128.056982669523
93.0,124.88208362130513
94.0,128.15918310725135
99.0,124.27640568582484
103.0,124.00887965024353
109.0,125.18244781646678
116.0,126.45281520403218
126.0,144.54531649692242
138.0,122.19536820763642
145.0,110.94252847893736
152.0,103.45343106935104
152.0,100.41635548973349
152.0,100.44872588393946
153.0,98.10867259067345
157.0,99.6328223624605
160.0,106.99010267365583
163.0,113.39384066026938
166.0,120.31304833891528
169.0,127.37919705277255
172.0,147.86396981205107
174.0,161.60942657220434
176.0,169.77905629984986
179.0,173.22747271393163
181.0,173.11167398415083
182.0,170.0646690654223
184.0,167.90468844798573
186.0,170.16525452827742
187.0,172.08582683457678
197.0,173.42021084982753
203.0,174.01246389934235
199.0,173.43058067796585
196.0,174.6490735567174
194.0,172.46588177570177
191.0,175.03453370866936
188.0,178.98856214049297
187.0,181.8684133725035
186.0,181.99796404132312
184.0,183.89453505990411
182.0,186.27483229811654
181.0,199.4483743571241
180.0,200.4847439024917
181.0,206.1295796844957
183.0,199.95575743333092
187.0,193.00369402093162
194.0,188.710845383389
190.0,184.83133199330612
188.0,180.4025084003194
186.0,178.75368043568162
184.0,172.05714122708395
184.0,171.67269015822444
185.0,166.3095566263079
184.0,163.5252441577986
182.0,164.85402163892346
181.0,167.53829996004
182.0,170.77030404310693
184.0,176.4112550718751
184.0,185.02891395865382
184.0,188.84556661107686
187.0,184.82365745400583
187.0,183.65795218780025
186.0,183.22306129216466
186.0,183.90955631428824
186.0,184.21704355515968
184.0,179.9922769244197
188.0,177.4938462831349
198.0,175.53163924937286
199.0,174.67015964405093
198.0,179.543562148604
197.0,181.19550623645992
193.0,184.0698817017702
188.0,188.4734558793505
186.0,189.47337211771716
186.0,191.76484741762226
186.0,191.5940717923615
186.0,192.56576621772052
185.0,191.439153067528
185.0,194.6243622116826
183.0,200.95744717441528
182.0,205.92512505765518
181.0,205.08749401088613
181.0,201.60768601932432
180.0,198.05616084744514
179.0,192.97170547429488
179.0,190.6356959979733
179.0,187.30562941036038
179.0,187.26835315286692
178.0,186.7279253695345
178.0,188.13101314449057
177.0,178.64229885186575
176.0,175.0221975395558
180.0,171.5955262644456
190.0,169.39275258043665
188.0,169.3791559420048
182.0,167.78172899956363
179.0,164.72392523713228
176.0,163.37368050363744
173.0,163.50849720769097
172.0,164.28377654599547
170.0,163.06276567550506
174.0,164.0520188801604
176.0,163.55233702717655
167.0,162.5766392111561
173.0,166.63805831539486
181.0,178.17717260113355
184.0,182.27609213517476
187.0,176.63885536070694
185.0,173.62197516959677
181.0,172.4264820961638
180.0,170.6240914304987
181.0,165.5000690761099
184.0,163.3723033186054
187.0,176.4824597490235
189.0,179.72555875915208
190.0,166.87647252604847
192.0,171.23716453805991
194.0,185.031558948016
197.0,191.9420062681931
196.0,198.59420585875637
195.0,197.91338575475592
197.0,193.86723108712638
193.0,193.13253183081238
191.0,192.5903212274027
184.0,195.05338424286825
184.0,205.61616827670167
186.0,196.92174366682224
181.0,192.79470182582926
181.0,196.47740304981963
178.0,194.55736043828864
179.0,196.05605173944454
184.0,194.87181932189213
183.0,192.1824853760137
184.0,220.06240572221108
187.0,189.06130111696856
183.0,183.619935868505
180.0,173.3126962534031
180.0,167.54878872333907
184.0,169.87930648265888
182.0,165.0898920334824
183.0,162.86950855321845
179.0,161.1576653829381
177.0,162.7587735737469
176.0,166.82343425863564
178.0,167.55396825069974
180.0,170.3510087144961
182.0,173.0887204274548
178.0,176.1343349318886
179.0,170.41096277860876
179.0,172.7584879472156
177.0,175.9472214432582
176.0,171.47293093959607
176.0,176.45733002102202
172.0,167.41633930771104
168.0,166.52292269473574
166.0,166.66514346971334
159.0,168.08842040465146
155.0,173.45942351377926
159.0,176.64121487847618
156.0,173.94887063217283
156.0,175.499480144784
154.0,170.32444929253168
160.0,172.2311105569342
158.0,173.19251400986164
158.0,170.6640135507491
157.0,166.90494383894864
160.0,162.26572170055988
159.0,159.60250782179358
160.0,152.59088779343938
164.0,149.67721155848548
162.0,152.53411996338173
155.0,152.69454513798718
149.0,153.26915640118543
141.0,158.80404466044115
138.0,185.96383849173293
134.0,164.21615855405076
134.0,163.75338636803312
136.0,163.20150128681212
136.0,162.16558787298843
140.0,164.27739802174986
149.0,163.2365596760318
153.0,167.83274475778398
153.0,161.22323180543174
153.0,159.24487769245
153.0,150.3914096172232
155.0,137.55797429488138
153.0,135.54829081718214
151.0,131.36217035988298
154.0,130.4092620821975
154.0,134.763551125608
158.0,135.64143300635698
163.0,137.698956497766
161.0,147.13164351627822
154.0,155.9450116994509
152.0,159.67240313495137
153.0,161.27487837728708
153.0,161.66308144613984
155.0,164.92233489247707
153.0,162.90069504768968
151.0,155.93681903879295
149.0,160.06664209428908
149.0,154.8537940081413
148.0,160.08516664163432
146.0,165.031012744182
142.0,166.4709759784796
142.0,159.0722790306507
141.0,157.4741889997708
137.0,160.2575790558481
137.0,156.06520346692113
133.0,161.8358624316921
132.0,157.64240439814236
129.0,152.58766947280714
126.0,150.91561286379098
126.0,150.21515026817173
118.0,151.77661391081264
111.0,153.42441435888017
107.0,151.02587980871513
103.0,150.77550302521036
101.0,151.66739819323848
98.0,146.66072828544162
97.0,146.57582812897238
97.0,137.88482631961423
96.0,137.32931222549368
96.0,134.83330743327522
101.0,131.2471981558674
113.0,131.27152534888523
124.0,125.28853510807267
130.0,115.31801632497996
133.0,110.93783180723536
134.0,109.79296784883773
131.0,107.27122464785901
128.0,105.74984866468701
127.0,104.6868914740143
126.0,112.77780025938189
125.0,104.64068701051039
123.0,101.98925861867721
120.0,108.43930359539965
116.0,122.19800315284975
113.0,135.54312687647226
108.0,144.66901725101624
105.0,144.951672924267
102.0,144.98696876448014
100.0,140.98337140856398
98.0,136.6104698222634
92.0,136.06541481621016
85.0,140.87621330732958
82.0,139.1943894270019
88.0,127.6353504390445
95.0,121.82440529374874
95.0,116.78420798607672
98.0,113.95471050649155
109.0,109.81173148465655
112.0,108.78405409836691
126.0,108.32748430109673
141.0,107.30815681060004
159.0,125.49400963154922
175.0,111.51752837849105
190.0,104.55949551628586
200.0,102.43790096135494
210.0,110.78502038867268
222.0,120.4353637364851
233.0,121.69782104050773
241.0,123.1631918467141
244.0,134.93518995297032
245.0,146.11994505419042
243.0,157.64433811056315
238.0,175.98077853099767
232.0,195.84644397047342
226.0,210.89462260561203
220.0,220.29788756600774
206.0,224.48074379104173
212.0,232.05861180388916
218.0,242.3781340993505
227.0,248.5361799187454
236.0,256.18659599708513
244.0,255.1110734104596
251.0,252.1188925926133
252.0,245.81457905213983
249.0,237.28655157315282
244.0,228.62712346692769
240.0,215.08137577452777
239.0,205.1989418606933
236.0,192.3743520854419
232.0,185.0116258152958
229.0,189.88474607689554
226.0,196.75032362029273
223.0,203.06564190971315
219.0,209.5189123940187
219.0,223.2393963426723
212.0,223.21341969262124
207.0,219.58191166381832
207.0,214.94913485749265
205.0,215.18456899722395
204.0,208.67196992996313
199.0,205.03317009310868
196.0,191.93777143557287
197.0,187.67246032803098
202.0,183.70367589161373
207.0,179.46414067560374
204.0,177.08354346488096
202.0,179.10370043374957
201.0,175.2884764611597
201.0,171.54665409828903
201.0,173.10426107250012
201.0,172.19890266559875
201.0,173.76240567826676
200.0,171.73492177435168
200.0,170.58570770495197
200.0,173.4702104205043
200.0,181.37288884602657
202.0,186.4190404332878
202.0,185.49793724564057
198.0,190.5843294563539
197.0,185.49171455501602
196.0,191.57965129638757
195.0,192.75021168272949
192.0,195.18180604807114
190.0,192.97066650780985
194.0,190.49062269105622
199.0,188.7355096734878
193.0,187.90776420060308
186.0,192.41750627491132
184.0,196.36629133690548
183.0,197.7504705360608
181.0,196.05513656311794
181.0,194.88256445380028
184.0,190.75485188441021
186.0,189.64767493486335
184.0,186.88861168504693
186.0,194.17355724719437
185.0,189.82588534426577
184.0,195.22372136503077
182.0,186.76134892113058
181.0,181.0795391588402
181.0,171.57949857906945
182.0,170.8217274955915
182.0,167.711753342302
182.0,166.88990739244144
186.0,171.99787399571005
187.0,176.140721467049
186.0,172.0146967904895
186.0,172.64351314545596
185.0,174.70601745879605
184.0,180.60950744488974
183.0,179.10666245209552
185.0,178.3986206303532
185.0,173.43992689790446
185.0,175.48213453531417
183.0,175.1930621241981
182.0,174.32275232487032
180.0,180.30813454881945
175.0,182.16574339875407
173.0,188.07230265999186
175.0,188.29827717613855
182.0,188.56914363918557
184.0,187.85695634896243
185.0,187.44375860131117
189.0,189.74108808619772
193.0,184.4689119009523
194.0,184.59741222345716
194.0,183.7588008786513
193.0,182.35778990217557
193.0,179.27205390591527
195.0,173.96618584395284
193.0,171.35496093488584
191.0,174.04742178468425
194.0,182.58840530246445
194.0,184.99070417919356
194.0,187.2274003360497
194.0,195.56851357804126
195.0,200.79670629004318
196.0,201.348114223359
197.0,200.50755955093672
198.0,201.2078542223659
199.0,201.8164560133479
200.0,203.323234718785
200.0,199.07656223658918
203.0,201.81888911261416
203.0,191.586178961238
204.0,186.83863632599926
211.0,184.938842949883
209.0,184.30367569387883
207.0,183.7210556002454
204.0,181.5049186064685
202.0,185.09505515408011
200.0,184.1725488459004
198.0,185.91028596350353
196.0,188.45384487774717
195.0,187.13891281279882
194.0,190.4392028520839
194.0,190.93300406308748
195.0,192.11060955647213
195.0,199.33458955568827
192.0,197.86790225888754
192.0,194.4360227863753
192.0,191.71529267335845
191.0,190.31838291411978
189.0,187.02863550157338
187.0,184.060947546474
185.0,180.02477963781712
183.0,180.51581630034042
186.0,188.60873683965514
192.0,186.89037207442573
192.0,189.67680577321232
194.0,191.4576330418668
194.0,189.9350728678543
194.0,190.35814225272512
194.0,191.82070952675983
192.0,191.939091003953
193.0,190.68249078754127
192.0,188.7029724154313
185.0,187.38990529173492
185.0,185.65190991534033
179.0,194.71011911106564
176.0,192.35158792818464
182.0,192.32466713220913
189.0,195.14081059696775
191.0,195.26670576167112
198.0,193.3980808217084
200.0,192.31125970013477
201.0,189.50019794565662
204.0,190.2060814794803
202.0,186.55150335671698
199.0,181.47990432225663
195.0,200.11623574385914
188.0,169.86522415828838
185.0,164.09040245474637
183.0,169.31983162354936
182.0,176.73512209454032
176.0,177.45108619355804
171.0,182.6362685599635
167.0,189.76073958912536
166.0,188.20393708148572
163.0,192.8031158066255
159.0,189.80803835461708
153.0,188.11314521044466
153.0,186.18915475037792
148.0,176.90402553274618
145.0,165.77618463559114
143.0,165.70047034611267
145.0,163.75298067426831
139.0,158.79128513750882
134.0,154.35970121564247
137.0,150.59374540083962
135.0,151.61933840179466
134.0,150.59799815534677
131.0,147.64420203649297
131.0,145.19856164704407
133.0,146.27208411838402
133.0,135.32236507400214
131.0,131.43645583161273
126.0,131.9821696117587
122.0,136.28548767140072
127.0,132.9430026277123
135.0,126.25003982790247
142.0,130.64339350900477
143.0,132.18981125909986
143.0,132.97923808641815
147.0,129.5781228221136
149.0,131.7694663560809
152.0,136.34920695345187
152.0,142.74138372332587
155.0,166.8527255320456
166.0,137.50351559307788
166.0,132.59465650962503
169.0,134.7802037863052
174.0,143.18319372517047
174.0,149.31584895710785
174.0,155.77564413041293
175.0,153.56415483332714
175.0,155.49215684192666
178.0,157.47469131436333
184.0,159.70970066262004
190.0,160.69080525886943
198.0,165.08306802489156
199.0,172.8150069583878
203.0,169.64812245033667
206.0,167.8110378895152
204.0,172.81308799023262
199.0,173.2168127888751
198.0,170.89547113268836
191.0,171.66541521631726
192.0,172.16719327483398
189.0,176.1058515099483
185.0,182.50564802319263
184.0,184.65595539093988
183.0,193.77227987015323
177.0,192.31929444112637
173.0,194.2110489015566
172.0,198.80988322583394
166.0,197.66976796026685
164.0,192.55147489092968
166.0,192.93189249607485
165.0,187.98813966374905
157.0,183.95729243690073
154.0,180.88440759510198
155.0,175.1428619624503
150.0,175.9303871265496
146.0,176.2585703546544
145.0,167.86271944977494
144.0,164.59744066581817
143.0,167.3337388270099
138.0,163.13074668016935
135.0,163.38634014266333
132.0,165.55910928437888
130.0,167.12621092699362
127.0,160.86492725609344
127.0,155.86783202586938
126.0,157.83665260268498
125.0,149.66871540310024
129.0,144.86254644541071
136.0,143.18157743101304
143.0,144.9578136375376
146.0,144.50327521894812
144.0,138.2240291449749
143.0,134.0307670114049
143.0,134.33309915910877
141.0,133.90584737707513
138.0,129.75047416378453
136.0,131.0656165396739
137.0,132.93172823927515
136.0,138.51401344457588
133.0,133.3200454065684
130.0,139.63828704538778
128.0,147.6686738610685
124.0,155.32111698212506
122.0,151.21621054417628
122.0,148.24958770877603
123.0,147.88500099957233
124.0,145.1755669315823
128.0,142.2889185302109
131.0,141.52164565525487
137.0,135.77235298347168
138.0,137.82525758910793
137.0,132.20928153512412
138.0,128.48796380195228
139.0,128.4040033381291
145.0,125.52281185014112
153.0,123.6441966505434
167.0,124.92409011082714
179.0,127.71557287449922
190.0,148.64301697468676
197.0,140.5217680491546
199.0,144.17109637404
203.0,153.1989773796426
209.0,160.16698213733847
209.0,158.7108115894736
204.0,164.4895717482601
202.0,156.74972008387928
198.0,159.38609009567588
197.0,165.37786313665708
195.0,176.5781565816183
193.0,184.32643298883252
192.0,190.55902129041044
188.0,191.59936147794136
187.0,190.1972177488237
191.0,192.83178332872774
184.0,197.6412987097369
179.0,196.69794482566664
174.0,189.44006338629129
174.0,183.27810859520423
177.0,177.56754321789288
179.0,174.67617602809173
177.0,167.422400008321
176.0,163.4495992508179
179.0,164.84411462223787
183.0,164.1654572547382
189.0,175.0798063993758
195.0,165.66520480092345
196.0,161.73355698281188
197.0,156.17890118144192
200.0,153.67860059535857
205.0,157.82187469663035
207.0,162.7758342412196
208.0,165.8015095352749
210.0,163.43811608022156
211.0,163.1825004168928
207.0,166.63312248764052
204.0,166.48981670756257
204.0,179.59322821260685
201.0,186.7678877445751
199.0,184.20860474201302
197.0,183.80210038137366
195.0,185.37193532348806
196.0,186.9935267891426
194.0,190.03152673493472
191.0,191.10075478019309
187.0,193.6243499137703
182.0,195.00408080598848
176.0,190.10563695222692
170.0,184.00214125698693
164.0,186.65177031121095
156.0,177.31544676005004
150.0,173.77946221507617
145.0,171.8366897932636
142.0,171.37966954942564
139.0,175.51372259057715
135.0,174.51430534591935
131.0,171.64910359351194
128.0,170.75125946403847
126.0,168.27157196440493
122.0,162.83217960249266
118.0,158.35752466544807
115.0,152.2651666175763
113.0,144.0922702011
110.0,138.76702696764124
108.0,134.05061007466114
106.0,132.2347657468411
104.0,130.8142194006265
101.0,128.1173171750807
98.0,125.60515827489868
96.0,124.21251484402137
94.0,123.81186137660322
91.0,121.49971031388071
85.0,119.18374289959402
81.0,118.19306296700049
79.0,116.55815382090987
81.0,117.19984583979394
87.0,115.34667628112533
91.0,114.66090635874346
94.0,113.67630968391734
96.0,111.37363497468581
97.0,108.39187348498965
97.0,107.53755665688692
97.0,107.10571224180197
98.0,105.28392514231669
101.0,99.66911128875398
101.0,95.75416256998483
102.0,95.00209162849713
104.0,97.96599841880817
104.0,105.36757042700118
104.0,111.20375223123173
103.0,114.63592669357962
105.0,118.74298602850284
106.0,123.891343201264
105.0,123.70945015274668
104.0,124.82473015256642
104.0,126.96164598092412
104.0,130.88882876840088
106.0,130.8756200884324
107.0,129.1201415867702
107.0,129.9486357410578
108.0,129.37648242979859
110.0,128.1186299753746
113.0,126.67008028749129
115.0,128.58785590978988
119.0,130.21726138132846
120.0,128.42408671848688
125.0,125.11899653077509
133.0,122.89549220656798
136.0,121.03807500944731
139.0,122.45840462828119
140.0,126.66336387595771
142.0,127.15451811457233
144.0,129.08347812953642
146.0,132.93367388888493
149.0,135.49711508155323
151.0,137.8898325193601
154.0,141.90759570569992
158.0,142.94783910423212
161.0,147.36397711956346
163.0,154.89092688513907
165.0,157.4785548732203
166.0,158.88987834686844
166.0,158.92324504431417
163.0,159.75515065746637
161.0,160.96713100974938
160.0,162.64776611009052
159.0,164.66605241634994
160.0,167.21460109523582
161.0,169.07125114036708
162.0,170.55318460051518
162.0,173.27958512120898
166.0,174.49019739345493
168.0,176.55966349613956
170.0,177.40741568585156
179.0,177.0156282722099
182.0,173.92598461899982
183.0,170.89139075357173
183.0,170.14336059887552
182.0,165.08500428985027
179.0,163.43600811598048
181.0,164.82635615288564
180.0,166.27448064792782
181.0,166.21381272606715
181.0,172.00787956621676
181.0,176.954052960636
183.0,181.71247397532838
181.0,190.92592199872036
185.0,201.92056851721065
185.0,201.5582344553858
186.0,200.04492663152058
190.0,198.46182301504984
206.0,194.85593296486542
215.0,196.60267375287847
220.0,195.5770435552314
221.0,195.91118456439
223.0,190.39258280378456
223.0,187.27453219615631
222.0,188.50559062743918
225.0,193.73754755392926
228.0,191.03157629679322
231.0,184.22384430718515
231.0,206.78446133845512
227.0,188.90442268318495
229.0,203.00575108199908
225.0,209.26015147083876
223.0,209.4306792727423
222.0,207.62569668517403
223.0,207.53976583260464
219.0,208.78308346109608
217.0,205.58459963866463
215.0,208.81508775114617
214.0,212.21708896601893
210.0,215.38716972011625
208.0,209.98169406169518
212.0,203.6285239783085
214.0,205.1280528509615
215.0,203.70346863290615
212.0,201.47045765501383
208.0,197.95971853011724
208.0,199.9539846637657
207.0,197.2292242974174
204.0,194.3904193748884
203.0,194.2359646940362
202.0,195.15646839167857
200.0,194.97210061079585
193.0,192.9933892396923
189.0,198.4743884437644
189.0,203.50716486719008
187.0,204.81831125651252
187.0,201.08992339233427
190.0,200.8041521896845
189.0,199.86453860949916
190.0,200.77100082942118
197.0,200.16071506551816
207.0,198.53499381997156
208.0,191.57584180490596
205.0,188.5660271095315
204.0,181.06718999913096
203.0,176.21006826321275
199.0,178.23893512312227
198.0,179.79739268395141
198.0,179.5700842543794
197.0,183.6937841971661
194.0,185.1361811588105
188.0,185.71054420175847
185.0,193.00832429297787
181.0,208.94670041606201
178.0,221.60949704946083
176.0,217.69843193671772
178.0,214.72249145411786
180.0,213.8882042260419
179.0,209.63224337965485
174.0,206.25047731692104
179.0,208.03704498124594
188.0,201.80414056339745
190.0,196.88342852900095
191.0,187.07031544046805
193.0,183.5487903633793
196.0,181.87712733053428
203.0,178.59640448307658
211.0,176.4219555491545
218.0,180.5804008391777
227.0,184.5047002089171
235.0,189.68760085346736
250.0,167.03487324307605
262.0,169.36612405445598
265.0,179.75262468195515
267.0,184.97431843807715
272.0,185.86719789063224
280.0,187.14307858676705
291.0,189.9618096982352
288.0,194.8983135267038
292.0,201.37915479108023
298.0,207.20674002765452
304.0,217.06715261099924
309.0,219.47490669687687
310.0,228.66281221411356
307.0,238.04816168229627
303.0,237.87742826541344
298.0,236.6237435199373
294.0,240.76756158650818
290.0,247.2887154928579
286.0,255.97432165138275
283.0,250.83699309274192
282.0,251.30571662356348
280.0,258.6584352039622
278.0,261.984916175908
276.0,265.6756625371415
275.0,261.8584298354274
266.0,260.9162151059314
259.0,257.088452731898
253.0,252.38354242821583
248.0,246.82612099125868
247.0,244.121445108363
243.0,240.6510197779465
243.0,233.12985078852353
244.0,233.59095697345438
240.0,233.16208553848415
237.0,233.02069747365476
234.0,231.75690057447696
228.0,231.94606079475636
221.0,227.50401619182094
221.0,222.67702112023116
219.0,219.2722212203161
221.0,216.85393339135845
217.0,217.79908710236168
213.0,215.82398771238735
210.0,217.4798940966211
208.0,220.74597001719764
207.0,218.1670295624304
204.0,214.1547480210869
199.0,215.69443286551757
197.0,210.0036963564433
197.0,203.29048136571464
198.0,203.92203064085462
195.0,203.77252854099837
191.0,206.88867275764161
190.0,203.7978997309776
189.0,197.66549174729792
187.0,199.88696428306275
184.0,198.75360523914682
179.0,198.32122889075987
171.0,197.02979579803778
174.0,193.8981706799002
183.0,190.31594152993807
191.0,191.76045713044937
193.0,192.13167006859328
200.0,190.92799844170307
211.0,187.4979060451939
223.0,186.6943208152849
235.0,187.08228743380664
242.0,184.816723893931
238.0,201.55014794857104
240.0,172.92794571455036
240.0,160.04150988743007
239.0,159.3611842698482
236.0,167.32597485400458
236.0,175.72882776411674
236.0,176.70999394470135
233.0,187.71584573595592
229.0,198.04363498295285
225.0,209.18648811670465
223.0,219.193819175942
220.0,224.00506845499405
217.0,220.42260325738872
214.0,217.18735496354176
211.0,214.61014456874653
208.0,210.7366032554463
205.0,208.18569750931795
203.0,207.60604862905583
200.0,204.40858106674537
197.0,195.19903321065675
194.0,189.06358807372158
191.0,184.17961757310132
186.0,186.35806838620374
185.0,184.71078970608488
184.0,183.72827123486098
184.0,180.04078523947715
185.0,180.4775345277767
185.0,179.2732540005955
185.0,177.14430753106183
187.0,177.404943805301
188.0,177.897928446925
188.0,177.5460543961705
186.0,203.5725318883533
187.0,175.2208405110782
185.0,169.36924712279725
183.0,162.9925378404558
182.0,162.16133273902247
179.0,158.42968014806112
176.0,159.26968838307442
174.0,158.97935782523928
171.0,159.65056651938002
169.0,162.1892400107942
167.0,166.5327412448363
165.0,171.33045591556095
162.0,171.43988660268238
161.0,172.3501926983741
160.0,169.5535952616909
158.0,169.83806101389018
156.0,164.82801245490305
154.0,160.72225536328745
152.0,158.3777565748077
149.0,156.38410665994422
147.0,154.5221444935871
144.0,152.98251744568557
141.0,152.8588598915865
138.0,151.2803132622489
135.0,149.88690139109227
132.0,148.92564917242586
130.0,149.16151181660246
127.0,148.42373978354206
123.0,147.44336345392475
120.0,146.13605988832433
117.0,145.5478630119497
116.0,143.4014372753762
113.0,142.16439219495854
110.0,140.3706444791522
108.0,138.39552485870232
106.0,135.93224913705242
105.0,133.61100892540497
103.0,130.47241443013237
101.0,129.66788460899815
100.0,130.8327954210038
99.0,127.3949190566457
97.0,125.2436354281574
95.0,123.19562311968946
94.0,123.08390670251624
93.0,121.60492391262247
91.0,118.8525281763834
90.0,117.4367666775347
89.0,116.38350089696125
88.0,115.68169693103306
88.0,114.29806544901044
88.0,113.10004805330655
88.0,112.5770190838008
88.0,112.58196129166025
87.0,110.557214986473
86.0,109.03867946075673
86.0,108.97601121096233
86.0,108.73188476520845
85.0,107.40861453643427
85.0,106.35321981702864
85.0,106.291750867292
85.0,106.20953995941103
85.0,106.31003667108803
85.0,106.73789591023774
85.0,107.44402490275075
86.0,108.25096853206512
87.0,107.53625350655727
88.0,106.35536788397837
89.0,106.82336688703168
90.0,107.36534366653594
91.0,106.65659014567552
93.0,106.61872907230983
94.0,106.83029702980036
95.0,106.78593242871555
96.0,106.69523157274381
97.0,108.68447938325548
98.0,108.82986208755852
99.0,110.14819187196882
100.0,111.33639241002068
102.0,114.44125916594501
103.0,117.76157628036864
104.0,118.56259223261722
105.0,119.39389552083041
106.0,120.9955219242974
107.0,121.80088920102897
109.0,122.13645246045826
110.0,122.7080287461174
111.0,123.01896559964635
112.0,123.27060257114542
114.0,123.68762809666637
117.0,124.24031587342958
118.0,125.84415745331236
120.0,126.74809168795093
122.0,126.85518493278568
123.0,127.66279858425196
124.0,128.52560935728366
124.0,129.35549200297658
125.0,131.1683038022013
127.0,132.2376464685382
127.0,132.9723649758589
128.0,133.84313990015767
130.0,135.35120081767207
133.0,138.4402285496365
134.0,139.4549733424198
138.0,140.90643278571937
143.0,142.90268712335188
144.0,143.85276729603208
145.0,143.96956960750575
147.0,143.75930905793683
146.0,144.5214716681512
147.0,146.65221568520099
146.0,146.45318623015137
147.0,153.36673876169218
147.0,155.6162374543556
147.0,158.5025295822467
148.0,158.94201065348435
148.0,162.2840767576956
149.0,167.46852623636912
149.0,168.67472064036326
149.0,168.51995391776654
148.0,169.55990396725352
148.0,169.14750672504098
143.0,169.38911442875062
148.0,168.41053555846204
153.0,168.25805956686807
160.0,169.1419068428933
167.0,168.26916557359672
174.0,167.84629256260024
180.0,183.28225324304418
183.0,170.72038895723276
188.0,167.746205922219
189.0,170.23234779513555
188.0,175.1031436443777
187.0,166.35900243767804
185.0,156.74966166636133
184.0,156.81608260915235
183.0,159.58894666628495
183.0,166.46734750452507
181.0,175.6678378845433
178.0,179.87175391390593
175.0,183.70246709755563
176.0,184.63609258192034
174.0,188.4954214124046
173.0,188.22394767106132
172.0,188.80315306468842
174.0,185.59669774461244
176.0,182.98224226810603
175.0,180.91964555969255
176.0,179.0673581453429
174.0,176.3482904563158
172.0,169.9503591429277
168.0,167.56679644888789
165.0,164.73778826187794
162.0,165.07025342742517
162.0,165.61946661619845
161.0,165.49411381928093
163.0,166.7018616485599
164.0,170.35633515629763
163.0,174.47290785029293
164.0,174.3543066977586
162.0,172.90106371003597
161.0,170.988711941189
159.0,174.77639642408258
158.0,168.24540648674807
156.0,163.73289702470103
156.0,159.09561602844846
156.0,159.71910853526515
156.0,158.97556583954307
156.0,160.37330033107014
155.0,162.61991614222387
151.0,161.51440348984374
152.0,163.03797412063943
153.0,168.57697709876604
154.0,175.22368989325662
155.0,170.03102179885033
159.0,169.95800976663404
163.0,165.96982381293196
170.0,165.50780891922514
176.0,165.3504018233795
183.0,165.00406258272477
187.0,165.70379062573267
187.0,165.430615136675
192.0,169.76648338925278
195.0,154.598775506174
199.0,154.6723755069186
205.0,154.01507265289055
211.0,154.38851449397166
213.0,157.73782622596858
212.0,163.71260192659068
207.0,173.83851651318395
206.0,178.6706653913697
210.0,184.12692030161668
213.0,187.67178911259316
216.0,185.1515190980815
212.0,185.693913624091
207.0,188.03472266858645
204.0,190.92791739113522
197.0,194.97850932747488
194.0,199.71302747917346
192.0,199.06894305646443
188.0,195.97966634949103
186.0,189.09285994488442
180.0,187.59912905797813
175.0,194.46141639229012
170.0,198.01172993578015
169.0,201.3716075600562
167.0,200.04792026524703
166.0,188.05922482561905
166.0,180.2652136080058
162.0,174.77746337182936
163.0,171.3646867407392
164.0,174.4891773060851
161.0,173.81928421904144
161.0,172.0629399312574
161.0,167.43218853462093
164.0,161.54557197300417
165.0,158.73711811135374
161.0,160.61696094389683
160.0,158.0889794614606
157.0,158.65840068874755
155.0,154.4585700885639
156.0,151.51554939274402
155.0,152.8901017911922
153.0,155.3283272119933
153.0,155.40366751979343
150.0,157.0817324262433
153.0,160.08659616458644
153.0,163.72985206005256
149.0,165.8425672775751
145.0,168.64525639177074
144.0,168.2741557226297
141.0,159.6757550952905
139.0,159.2190544434094
138.0,157.7807057182384
136.0,159.31103198278834
134.0,157.22370012940377
132.0,157.09543187764606
130.0,153.56323032553016
128.0,155.20742876531983
127.0,158.44575983816176
127.0,154.10413153408362
124.0,149.4295021003811
123.0,148.7936817922452
124.0,145.7343884710697
127.0,146.61888023632338
128.0,146.4215900901902
129.0,144.20980176107076
129.0,143.1725099853963
127.0,139.61537519596598
125.0,136.97663386645596
125.0,136.30986709268197
122.0,136.3628378523317
117.0,136.5619552435191
117.0,135.0366731730129
121.0,133.74149263270084
133.0,135.36798372944614
142.0,139.03551942278858
151.0,140.767592530758
166.0,144.0317420341196
177.0,146.88530071847626
181.0,147.2535975487777
188.0,145.04208196037294
194.0,144.27528114975547
193.0,140.7171022542334
193.0,150.4820976368861
192.0,139.2006895977798
185.0,143.3148186195146
175.0,156.2701792646719
162.0,168.74798372003255
156.0,172.0047812235177
151.0,181.74919914499048
147.0,188.67061141649242
146.0,185.6800192868763
147.0,188.0215066538563
146.0,193.4301205626099
145.0,190.23098950480014
144.0,187.21653428900595
144.0,182.8324807216926
146.0,174.78567222555492
146.0,163.6913607358839
143.0,147.8061126337039
141.0,132.31212064471578
141.0,131.29747244297292
137.0,128.06798925269425
137.0,127.00063300019451
139.0,130.60890287604957
140.0,131.01206703098984
147.0,129.94069645722243
147.0,131.30436784113536
147.0,128.3444926326108
148.0,135.59714486188568
149.0,137.46233374385292
150.0,133.4780141037223
150.0,134.72289797398852
152.0,132.82143819683836
152.0,128.51131468232586
150.0,128.4555879018928
148.0,132.06212036284307
146.0,163.07935857190603
148.0,144.63805453247636
144.0,144.59246613974176
133.0,147.77347415008748
125.0,149.768740798748
120.0,152.70651208804202
125.0,153.9943079603065
127.0,152.84653558832588
131.0,155.07886964672457
135.0,154.86093927633675
138.0,152.89030122671076
144.0,147.64883450392307
148.0,146.35449120958197
152.0,144.439811543857
156.0,138.694213227594
159.0,124.90462950721292
161.0,115.60348173664613
163.0,111.84194611968093
164.0,117.7614348768646
165.0,123.49849231460064
165.0,128.46220516303316
166.0,134.0957530140255
167.0,138.26879871168114
166.0,149.06986114107352
167.0,153.79105520772197
168.0,159.05577496077555
169.0,165.18604483963648
171.0,169.78114939151044
173.0,169.13207085959863
174.0,170.14479079115543
175.0,173.16220145888937
175.0,172.93880443781703
175.0,172.93987417248388
177.0,173.08375008887947
178.0,174.06746126146146
179.0,172.85196912127083
180.0,172.57443092413362
181.0,172.61642286342084
182.0,173.792315368128
185.0,175.97250717657843
187.0,178.8888888878184
188.0,180.41380440611275
189.0,181.88160151008415
192.0,182.36157889849864
194.0,182.5534654792316
195.0,185.6134883071422
198.0,187.28202422144338
203.0,188.2169974963564
208.0,189.4376992517026
212.0,189.89465020371856
215.0,190.460111115289
219.0,193.20153194164234
223.0,195.08053547752542
227.0,195.71028404107224
231.0,196.42089752637662
233.0,198.44170578571286
234.0,200.3695338935764
235.0,200.6602838178183
235.0,202.92927414402288
235.0,208.2133839743196
235.0,213.39659465791348
236.0,216.15402066227875
236.0,218.2346611244876
240.0,221.7562371344322
244.0,225.66659179653283
245.0,228.4373219870618
246.0,231.43472091865075
247.0,233.43914987950606
248.0,233.4805450020499
249.0,232.85097865507686
250.0,231.62382445596126
250.0,230.78455791593308
251.0,230.74772539995604
251.0,231.30480573045656
251.0,231.0719135661672
250.0,234.47984771009965
250.0,238.39355311322817
251.0,239.0856769684546
251.0,239.34350485928164
249.0,240.17689688029242
248.0,241.58819277376142
248.0,242.85596498612026
248.0,244.18028469511472
247.0,244.15131301005528
243.0,245.594014154136
239.0,244.81245298313928
237.0,243.5047364064971
237.0,242.80524639388832
237.0,242.82069607214612
236.0,241.84529988065634
235.0,239.65392029316473
234.0,239.58900251292698
233.0,235.7858870891808
237.0,233.88531631611664
237.0,233.79365070928475
237.0,233.0819538276055
237.0,229.23053242257333
237.0,225.37047618975637
237.0,223.6500911375498
237.0,223.76380064727945
170.0,47.443997438578876
169.0,45.506312682607444
169.0,38.01735347603463
164.0,38.01735347603463
167.0,38.01735347603463
173.0,38.01735347603463
172.0,231.15849149404178
171.0,236.6749120793882
170.0,192.47332527094633
171.0,177.70808794401424
171.0,184.5550190211999
173.0,181.96121589364645
168.0,172.33217179035728
165.0,172.7545105028564
169.0,178.41979837280104
172.0,188.41514667599404
173.0,178.14287706703928
178.0,188.55004705892745
175.0,194.43782235076046
174.0,197.60399087125813
172.0,200.32022692503404
175.0,202.72305960010377
176.0,201.79882494647387
177.0,205.80284979306572
182.0,190.31398593383
189.0,183.54053818315472
188.0,205.17213696231516
198.0,183.54805562885082
210.0,182.13750128507445
215.0,186.49749150038798
210.0,174.51299959538608
213.0,170.8337030287821
217.0,168.37218284038428
219.0,170.5363052894788
217.0,173.45595080507726
213.0,175.1858702601216
210.0,178.75947235799157
210.0,180.3405492547921
211.0,183.22852081582357
211.0,187.02369453878816
213.0,200.71482616387397
210.0,203.7736382028463
203.0,197.00742490991453
193.0,197.1979725033238
188.0,202.68310511537018
187.0,204.7499336372986
196.0,200.83699134065418
191.0,194.36101694920234
190.0,195.25040292395911
187.0,188.1893061702633
185.0,189.30129577280343
186.0,183.41233943067306
186.0,189.70984037742033
187.0,187.7715448065253
192.0,179.73699902873713
194.0,169.69134108919906
194.0,167.39745351912163
189.0,170.61505449346063
183.0,182.84630197761032
181.0,181.400222432772
182.0,178.9337172938857
176.0,177.66780084283204
171.0,169.4398130375106
169.0,167.84538129667345
167.0,170.65744454464397
167.0,178.38919751959256
165.0,184.47233361337533
163.0,188.4862973898682
164.0,190.45761306366646
164.0,187.76537370891162
167.0,182.34889150763235
165.0,181.47291707513085
162.0,178.6751514171973
157.0,173.89006119245587
151.0,167.7381246922941
155.0,165.8158457271822
156.0,162.3215989461123
156.0,161.86316212985895
156.0,160.40442425755194
156.0,160.40966464694023
156.0,163.60928879241538
155.0,164.5311298435354
153.0,165.35274072872429
147.0,165.97804204174696
140.0,165.35435266425503
137.0,157.78620537479105
131.0,155.1944875179383
128.0,157.90597840303795
126.0,161.69051595511067
126.0,162.07569302649046
124.0,160.95508331677934
117.0,161.74237483984277
106.0,160.56313348098251
108.0,162.31369251686408
112.0,165.70562035146042
107.0,156.68234313097113
107.0,148.862128029208
104.0,143.60787648750664
100.0,137.90552995818553
102.0,134.0731757734203
107.0,132.37558470708828
117.0,132.76542687524713
130.0,131.3347932019249
144.0,123.96827588658898
161.0,111.43746027842566
191.0,112.76871009887806
186.0,121.8430133661396
191.0,136.91668486337846
185.0,127.8877911428581
177.0,132.9149957412615
174.0,120.00992173364985
177.0,117.8706975540675
181.0,122.12378387848811
185.0,132.847189743816
191.0,148.8541150297698
200.0,166.1696805343541
210.0,177.73570810295047
220.0,206.1507115038554
228.0,196.07939663689643
233.0,193.0797247385861
240.0,188.50806341458798
241.0,179.07697126023695
242.0,174.31765967165896
244.0,176.21223687390406
244.0,179.4681724093378
244.0,174.59407673863262
245.0,177.90173583275347
248.0,176.73862870543485
252.0,197.75362824780171
261.0,205.63576279096856
253.0,214.4621386053487
251.0,222.20419723654612
250.0,222.45074196980391
246.0,223.4004322415978
244.0,219.85896112489937
246.0,221.8259620531004
246.0,223.92576704889836
243.0,223.53520428543862
240.0,230.15386762915853
235.0,223.58527783388644
237.0,223.73730574952486
235.0,228.58051189052884
229.0,215.62810390616747
237.0,208.90081690269864
244.0,205.78296018792423
239.0,201.35047870212728
237.0,197.74918109251172
233.0,194.2942429095884
226.0,196.68393106650484
223.0,193.91784648770138
219.0,191.57722487314044
215.0,184.39950382406457
211.0,191.69753724090307
206.0,200.98845969329454
202.0,186.9891798187572
196.0,195.78574248372598
190.0,203.45342874103778
185.0,196.22886055285883
181.0,197.3415276930882
177.0,194.0597795346034
172.0,183.95278210092272
167.0,180.01678283999624
164.0,176.12264778756216
161.0,174.9372574617333
158.0,175.10243434073058
151.0,167.62765012084978
145.0,160.5399612683232
140.0,157.89291894665763
140.0,153.04615662872854
141.0,150.04848393065316
135.0,152.2421004692494
128.0,149.8255699206247
124.0,146.66459732116965
122.0,142.8661133573405
117.0,141.14231488523384
112.0,139.93030983560396
108.0,138.3406552978539
104.0,133.9118308070203
98.0,130.78073895730543
95.0,127.30888366480191
94.0,128.5257295839251
93.0,132.46138258963438
93.0,128.55700765602415
93.0,122.11292869742917
93.0,118.96864412993672
91.0,118.96579232814813
92.0,115.40004950524384
92.0,112.62753448393845
92.0,110.6951413814528
92.0,109.01757658602992
93.0,102.11874311338813
98.0,97.52875370771193
101.0,99.21679988372651
102.0,101.62782720612094
102.0,102.4341137481172
103.0,102.96934761569742
103.0,104.99204368035362
104.0,104.627977583328
101.0,105.55998780996086
99.0,106.74472742442211
101.0,108.66663046959596
104.0,112.24285124720882
112.0,114.00621214989927
118.0,119.64139616822214
120.0,123.38841606629055
123.0,128.2383239207271
125.0,127.81883736415296
128.0,129.98496256494354
130.0,130.12081197005264
131.0,130.76385923621848
130.0,128.19839763883425
130.0,125.6812557321656
131.0,123.45020511362523
125.0,123.52328585817575
119.0,132.82089047358443
119.0,141.2296452725954
118.0,144.18213618122928
120.0,144.6534950724625
126.0,145.84319311133876
127.0,147.5270939946585
128.0,149.96610061930286
128.0,151.23728866453678
127.0,149.3251435326363
128.0,148.61677403566608
127.0,147.74114269882205
127.0,140.6564084522201
128.0,133.68006407486192
127.0,126.76898245191978
126.0,127.65208909276569
127.0,129.16721515613588
129.0,135.22162021034785
136.0,137.4091687039196
149.0,137.76004522438424
146.0,143.8899938882602
144.0,142.02902881862275
142.0,144.83316022965576
142.0,146.80951412894748
152.0,146.37946512628918
156.0,145.97358414130338
160.0,143.10737417328858
169.0,139.4149827121925
180.0,140.01510520657675
195.0,149.3892219502838
204.0,156.59586039981167
210.0,174.98409335283554
214.0,171.37069488322868
214.0,165.7847146777232
217.0,163.0652118004387
219.0,162.04262899209616
215.0,172.40582384345134
214.0,179.22829267465522
214.0,182.43725866290825
214.0,191.07713610225937
215.0,200.9789319501502
213.0,209.75095625031955
213.0,219.3475744673627
196.0,224.32905391714675
204.0,227.88374907933996
211.0,228.10168417576386
214.0,226.49378119987
221.0,228.1490043100645
228.0,224.23568447124438
236.0,219.77488910843036
247.0,219.02105024545222
257.0,216.26487686520963
261.0,211.8771470005986
258.0,214.1973182210006
257.0,200.25474248412695
261.0,180.3010758396435
267.0,182.25801941813936
273.0,190.4672519761129
280.0,193.52489569218224
284.0,197.90943017966367
286.0,205.9952420739746
288.0,217.42522252290462
292.0,225.86409988588252
296.0,235.2881052108004
299.0,235.50007664498975
293.0,237.45553443687652
290.0,231.56444624836274
292.0,233.34257374425584
295.0,240.12790030589397
297.0,244.07255838513748
296.0,248.66310195133667
295.0,250.76564515646754
294.0,249.82862334557728
292.0,249.761912840045
289.0,253.00643581491084
286.0,260.09998267820333
281.0,265.731299296049
276.0,253.5397651878917
263.0,249.3493174597208
242.0,253.1554379764848
232.0,257.10149465993277
239.0,259.6272185624523
239.0,260.1110560709555
232.0,258.8639664914066
225.0,254.71898368676486
222.0,259.87587361036765
227.0,256.82582668951295
229.0,252.642116003882
228.0,248.00163621037532
225.0,249.24861742533412
218.0,235.83661298670944
209.0,214.0069297087063
206.0,203.63127094934464
209.0,214.25937800396346
211.0,218.93684816072187
215.0,212.05130234659163
220.0,205.2145652907636
223.0,203.1562198014228
221.0,209.43023604561722
218.0,212.636694660124
212.0,213.84257990460497
206.0,217.75121432721727
200.0,214.68793305548067
190.0,200.0171256920672
186.0,194.02563789554017
181.0,200.3208369471383
179.0,206.4940043296666
176.0,211.58919184066872
164.0,215.26237786012362
143.0,218.55989580488426
180.0,222.9740458754477
184.0,218.29930395010743
189.0,213.80607182557267
190.0,210.70534548482087
191.0,204.65655948029786
191.0,190.08891477720493
192.0,184.06798298118733
199.0,178.43699841769944
211.0,174.27649619209464
224.0,170.8769395518047
238.0,159.81083245068837
268.0,136.98674163762647
279.0,189.03228017227326
291.0,198.1599795460904
285.0,195.88789419796362
294.0,192.19960337262617
301.0,189.09815383376494
308.0,188.64815194824698
308.0,185.07048303351422
305.0,190.43218743349988
294.0,204.97595127953002
291.0,228.1610798092374
303.0,223.87629948170294
316.0,248.8249744187405
325.0,255.1451283468822
329.0,259.13006855671455
330.0,248.94877257017674
328.0,245.62102996382458
327.0,255.0136311502585
325.0,260.1152125996138
322.0,254.00323604976052
319.0,247.64560371788252
311.0,236.25449977342993
303.0,224.40815405279918
302.0,238.70547815559217
298.0,246.9871377485171
296.0,266.6884387576131
295.0,259.7776639800811
292.0,259.07688288952113
288.0,258.02017584962243
281.0,257.96306476991856
271.0,257.9879274167888
261.0,261.8674612601927
256.0,263.7708721371994
246.0,249.2216137644852
243.0,239.56648798862443
240.0,239.50519181686604
230.0,238.82491829343758
230.0,240.573531492048
225.0,240.57580716729643
221.0,241.80762388330405
210.0,240.92744004116955
207.0,235.57784446219358
209.0,226.6681002501582
212.0,220.48917694449463
214.0,220.29678029858144
211.0,214.5310016022282
207.0,213.904382219933
204.0,214.78644248316533
202.0,205.26885779865745
200.0,203.9700311809361
199.0,200.07562659177682
195.0,197.76758779434022
193.0,191.27608396835367
193.0,188.64065586824498
197.0,192.7881141016723
195.0,200.0138779941701
189.0,202.3879583268033
187.0,199.17370318681054
189.0,198.31825716403617
187.0,193.90642785414138
186.0,193.04998606780447
185.0,191.59033303609357
187.0,194.0588069672778
189.0,191.6219277396769
186.0,187.51557343459135
179.0,186.66589440325092
172.0,190.9310291380114
173.0,191.11492761575252
175.0,185.34310578030787
176.0,183.62680022032262
177.0,187.51966697721397
174.0,186.90904382078463
173.0,184.94586625750566
184.0,184.83583229002048
183.0,187.4566535610333
180.0,190.03747944845236
175.0,185.21288540562458
167.0,183.94675273068128
161.0,171.1533459527565
162.0,172.1647541100471
169.0,174.3329995403433
166.0,176.8947671296787
161.0,178.250212821687
155.0,175.95630315002248
147.0,173.45230750806718
144.0,183.0307478901273
142.0,190.06193579358913
139.0,189.07638029040749
137.0,181.7304457060737
144.0,172.99537985773014
139.0,157.9773938594805
142.0,158.14300294915472
150.0,166.625891382877
158.0,166.67714022668744
162.0,161.01240353352082
166.0,150.27158511768314
172.0,142.40791012861501
178.0,139.012301317026
182.0,157.12588942176515
192.0,149.90778082152556
191.0,139.54880505743657
179.0,143.35488673855303
174.0,134.77064988597593
167.0,134.01628301491613
158.0,143.55843886619286
150.0,152.48661180072943
144.0,163.5754645313913
134.0,165.9378657730781
124.0,171.42711931111677
115.0,176.54833654570385
115.0,179.52772585960156
105.0,184.54869434116398
107.0,182.4801215235235
118.0,168.45060234910827
124.0,160.30574581594362
128.0,153.4544100833879
133.0,144.88799445324435
138.0,131.04411405964692
144.0,126.32511435060086
148.0,117.41314221293831
151.0,108.90607475290997
154.0,97.5563927078293
155.0,98.69357524825247
142.0,88.62450818151544
139.0,96.1203892434053
146.0,110.86651729941346
149.0,121.19531560776267
151.0,125.24934536009815
151.0,131.438897670792
150.0,142.52681058243783
150.0,150.3061170610779
151.0,156.96131033014743
153.0,158.0603422931249
154.0,164.6714756368341
153.0,165.94388091527492
157.0,146.2748320915579
163.0,137.3593276510321
160.0,148.4661657848711
156.0,148.29797137678207
157.0,150.41388537387073
167.0,149.79073597206892
174.0,150.10340370482317
187.0,150.49805198276223
198.0,157.2849994933475
199.0,158.55219725971148
201.0,165.8917027331015
202.0,166.79215006319126
203.0,166.02925124502522
204.0,173.80998133425476
206.0,171.42646883878342
207.0,165.62132475807255
210.0,167.1921126410405
212.0,179.0030811950908
215.0,188.20156934890164
217.0,198.9797613980887
210.0,209.1051511857081
206.0,209.35871250539964
211.0,206.83766546380915
208.0,204.12430787457222
207.0,206.48807422453672
207.0,209.1045250479091
208.0,211.94373408685863
211.0,210.402320696484
216.0,212.29234921640048
216.0,211.5383409152333
216.0,211.02865908452276
213.0,213.78929139150137
214.0,207.11953716866242
218.0,201.79134791337475
219.0,207.74711850379515
219.0,203.01679504127324
219.0,202.23419740689343
220.0,197.68826818746032
222.0,199.31711240518052
223.0,203.24882238080153
221.0,208.30576821902264
219.0,214.94547111399055
218.0,217.0803069285794
219.0,216.14553305506914
219.0,213.71850172967092
219.0,219.529050775058
218.0,221.4669037917134
218.0,220.58952828339218
218.0,220.0727514770688
218.0,220.07304130764226
222.0,220.38617494597878
242.0,221.42070554112718
252.0,218.40695411350399
243.0,217.39207556009666
238.0,216.28356409037588
234.0,211.93670441325273
232.0,212.96090285715255
230.0,213.1565684023477
227.0,210.02011931608843
224.0,209.95662550033433
226.0,209.6826402890162
228.0,218.9319555838697
228.0,223.8472288525674
229.0,245.12557505811003
233.0,261.5907567143566
234.0,249.03713302852654
229.0,238.9642670483517
226.0,235.77172681352266
224.0,234.56228597683474
223.0,232.14646534113513
221.0,229.73199593688832
219.0,221.78947333819994
218.0,224.4732993264973
218.0,220.2581840508077
215.0,216.0592315959845
207.0,220.90886207890134
204.0,227.41863486308017
202.0,232.57014062474343
202.0,231.63765948152914
196.0,227.48215717218227
191.0,226.79619380111382
188.0,220.1661200346838
187.0,217.10640394421551
185.0,214.84770146767465
201.0,214.86395773870436
203.0,215.47354412083217
200.0,211.24633872791435
200.0,200.77512741153163
200.0,197.44840474395306
199.0,198.16744985288543
197.0,199.0546260687193
195.0,193.6653737904793
198.0,187.6074344101984
198.0,185.23206478777652
196.0,184.65423600193478
191.0,182.59166678923387
181.0,198.4612750614691
183.0,207.51312993551264
179.0,204.5502575013331
186.0,207.08799420666801
191.0,206.59131563893044
188.0,207.60815491571202
196.0,206.52379287941173
205.0,205.52546883153246
205.0,202.48331667617356
211.0,206.05631534803544
221.0,197.15034638299625
224.0,190.88628544768736
221.0,182.31509644817802
213.0,199.17535768275607
206.0,169.39425521185828
201.0,171.92696817764798
193.0,176.35535164968556
183.0,170.9161534452994
174.0,172.83974162138009
168.0,181.05223329291428
163.0,186.30326671839936
155.0,189.6508998804893
142.0,203.4537309541814
136.0,204.91953311542522
132.0,200.06955961729096
132.0,194.2061348725992
130.0,184.29013491521653
130.0,182.99230088775508
139.0,172.20914329054767
146.0,155.95968530061648
152.0,150.70102343977754
156.0,145.7640316172043
169.0,139.21527218081553
175.0,131.14710225573043
178.0,140.23559723355282
183.0,133.87744237743308
186.0,126.40055448443685
180.0,126.25790237135575
165.0,125.34322971239382
152.0,126.41382598221618
140.0,136.81396518238398
129.0,144.842298494639
119.0,148.75730135646953
115.0,158.47113660398117
110.0,174.23826165392992
96.0,180.9179853108613
99.0,181.14036239131113
108.0,183.77561400161977
113.0,185.37903152419273
110.0,179.9341292793971
107.0,159.4611171512776
111.0,145.56328526148727
117.0,129.9354352746057
119.0,122.74221090311305
114.0,111.63506822021637
109.0,108.23772721831176
107.0,106.39934164592856
108.0,92.35228277900626
111.0,92.59248879645021
117.0,99.97955574041444
129.0,112.68578102671911
130.0,111.49073326593546
139.0,109.67075392467322
139.0,116.74739835284771
139.0,126.05130034562191
134.0,134.0243898640747
128.0,127.5858872429078
128.0,127.60696714443264
136.0,123.35794112260348
134.0,119.4166980802018
132.0,121.48790327901244
128.0,125.9183884556894
120.0,139.3536799338115
117.0,135.59250753977253
116.0,148.75162588295038
118.0,151.61486299234815
121.0,152.7676407008803
123.0,149.59559957773803
120.0,144.02799614680376
120.0,144.48242742794676
131.0,149.24308439777883
145.0,146.61031301587857
151.0,137.93744104571226
151.0,132.8245464247874
153.0,122.63144040431199
146.0,118.46459912172986
144.0,118.60834360432509
143.0,123.37074950955449
139.0,129.81235059582139
144.0,132.21235750322597
142.0,125.18209038009046
141.0,124.98518512736439
149.0,139.04542716099738
158.0,160.88961560181224
163.0,169.99978080277947
164.0,168.86432413086285
159.0,169.30470393612907
155.0,165.58804392305052
160.0,158.87179706942715
159.0,157.40787450781278
157.0,155.7302014970684
154.0,155.3058781023494
146.0,153.025067247407
142.0,147.27296875236664
142.0,161.41653820409044
137.0,157.97485775012194
119.0,165.01424827894508
126.0,164.62832111207305
119.0,158.76961258258055
113.0,153.65037855510838
116.0,160.3925894759263
117.0,157.8897620518527
120.0,155.91052542105177
116.0,152.85924666773718
113.0,139.55137385672603
112.0,134.0094881469196
113.0,131.23164681859504
111.0,127.34096325039414
113.0,111.4750367837253
114.0,119.43174675303902
118.0,115.1906233633353
125.0,108.1541330121075
116.0,111.25034114767752
112.0,114.50864849468107
111.0,120.35302194968975
114.0,116.65422572319191
126.0,116.88443878427663
140.0,112.92975958265714
148.0,124.37047647973071
151.0,114.10855350848962
154.0,115.15113403142759
155.0,120.12186537916564
163.0,123.45916100106632
165.0,151.2099897061169
176.0,135.00247537912793
185.0,130.71792050930605
185.0,133.94913933134922
179.0,136.61891102941814
173.0,145.53580772111903
166.0,171.820871886096
168.0,171.7031332824216
169.0,168.51278585896208
169.0,167.2541443931963
170.0,161.3860384353308
171.0,170.38529067365263
168.0,168.4453885226572
170.0,176.821308932554
174.0,184.4506581965685
173.0,178.40600285384193
177.0,166.01505438758807
182.0,157.14171862921307
191.0,151.56154969661247
203.0,155.99476305296193
215.0,156.88932705703502
223.0,151.43491014352838
230.0,154.11713041247097
238.0,152.76162051157536
243.0,146.6154864855624
250.0,143.75428653158747
254.0,158.91874514214717
263.0,161.75524017236143
280.0,169.29371703662855
288.0,175.22587664976118
301.0,185.08334062234354
305.0,197.54834786719562
305.0,207.9772307587557
304.0,214.14490538180465
307.0,220.9344836256888
311.0,227.51113943256803
321.0,230.4703943242522
204.0,172.1376671198613
205.0,171.7975506029916
209.0,150.0094741599022
214.0,147.29832364392053
219.0,153.36916068056075
223.0,155.28968733538912
222.0,153.49403318569318
220.0,155.3112446430834
221.0,162.5179019772803
222.0,171.4893043431979
226.0,198.20115152878168
229.0,198.27643770812773
232.0,198.14086705318493
234.0,196.6186463408622
235.0,198.58905983373836
237.0,202.12051210509927
239.0,204.88052131827192
241.0,206.3309990336308
244.0,194.6180349231958
249.0,190.5389247053644
253.0,190.18552479157094
255.0,190.1984650935431
260.0,193.7941986714786
262.0,196.44229434063485
269.0,190.6408270458997
280.0,191.24523965230054
284.0,190.54964324685704
287.0,191.16125073128399
290.0,193.78057009685512
291.0,196.80349095132365
286.0,199.4594822580878
281.0,204.30524599867468
279.0,206.4044418918851
283.0,206.36084933216566
282.0,209.43673173310037
281.0,210.1501885062526
283.0,216.19319894986933
287.0,226.2193280687764
291.0,228.30427255826174
288.0,228.50803238402892
284.0,229.6268918932222
283.0,228.6142991298943
286.0,221.9844162174175
292.0,222.18126642596445
290.0,220.44671921567016
286.0,224.3663318280494
286.0,219.08346170579136
289.0,262.50389534378155
295.0,254.05094391762987
306.0,254.81296072564598
312.0,255.3973275442221
314.0,254.59609012151634
313.0,248.53251580169047
309.0,247.4742168162385
305.0,250.2814665928254
305.0,253.55388012034035
306.0,252.2246981976108
309.0,248.47949829144187
310.0,243.83218623114
310.0,245.1800155360006
309.0,257.0300384890696
308.0,269.62982834424093
305.0,277.40223522793417
304.0,278.2507777709254
299.0,275.35914878770825
288.0,268.7183755177597
294.0,265.9020681270157
296.0,269.07267733557836
296.0,272.74388989363706
296.0,272.6972602963403
296.0,272.8037938408927
348.0,278.0512894249283
351.0,276.556557983538
354.0,280.6710481894349
358.0,281.39690669293213
364.0,282.6837476929512
368.0,276.73558780416823
368.0,264.0789429643241
368.0,269.36156499565107
368.0,274.4089995594759
366.0,274.6075527673428
370.0,274.6651497941242
377.0,276.10562428345327
383.0,333.8128458034421
384.0,334.8376680552879
386.0,328.1611681191504
388.0,326.4005201347446
385.0,350.2123962327914
382.0,334.8708871618569
380.0,316.5899492163901
377.0,334.3451690043011
374.0,314.92164533036953
369.0,316.50226855448034
366.0,298.65559385557947
365.0,306.1307132274873
365.0,313.41969990226403
363.0,311.8485270722101
358.0,311.18552989248735
355.0,312.4553101311956
353.0,310.2067680171443
336.0,305.13302122229175
333.0,301.28085741838305
341.0,301.70537663203265
345.0,292.945331502663
346.0,287.7271938459978
345.0,284.90589111645465
343.0,287.0350591208976
340.0,287.87752404855905
338.0,286.83185134958137
335.0,284.0700451139379
332.0,283.6135803382517
329.0,283.73381929535924
323.0,263.42876080241786
320.0,261.04113931033305
315.0,275.3258949393364
310.0,282.02253346884925
305.0,282.6046085311395
302.0,281.21902194332347
297.0,280.82420774301204
292.0,275.296721295538
288.0,281.686875081899
281.0,279.74282860870676
275.0,278.6440736290127
274.0,279.61313020257074
270.0,267.3052662409305
266.0,263.4859878476698
261.0,261.8112155066981
258.0,259.7906133087397
257.0,261.2876414340957
255.0,249.87396446163208
254.0,242.77099302505468
253.0,249.4914740936149
251.0,234.48219277821585
249.0,225.8086083988414
249.0,219.5548393902033
249.0,217.9155839305068
250.0,216.16472724571386
253.0,213.6915270283541
252.0,209.75610007153887
256.0,206.50382661642223
261.0,207.5377926543244
267.0,206.27703671739584
269.0,206.09371555427208
275.0,231.19671201121992
282.0,236.9832112525074
283.0,226.3257728719634
285.0,226.1736680967075
288.0,226.60932662087654
289.0,228.8925268132926
294.0,232.18184657776268
305.0,230.8891089246074
308.0,236.765017239089
308.0,244.38354550724512
308.0,253.07563107419463
308.0,254.76595403126913
308.0,260.02811377602586
307.0,264.17238206848845
306.0,261.6666502059551
307.0,261.50323348885706
305.0,262.53503090077345
300.0,264.41319022083496
295.0,267.52303198940194
293.0,277.19519077021226
291.0,278.4701553891374
288.0,276.51652116706197
286.0,273.1909848989814
284.0,271.4623255910917
282.0,272.2493148819053
280.0,257.7244840471764
272.0,259.5306944867846
262.0,262.47376215544915
257.0,254.8564247542422
256.0,249.25482537456486
257.0,242.65716413907847
252.0,243.66779703316968
248.0,245.07456933425536
247.0,244.7821281092463
247.0,245.71230206876993
241.0,246.50584286496792
235.0,240.61671328724802
231.0,231.3981596584993
231.0,223.31429968562736
232.0,216.45944115023727
230.0,215.68112834742354
226.0,218.88596038550972
222.0,223.19286336399182
219.0,221.66148241470324
217.0,220.80292760031705
213.0,221.60615267332622
211.0,228.08338176424223
208.0,212.32655581033885
206.0,202.6398770784561
203.0,195.92442961149857
199.0,196.05248052712
192.0,195.23292020808964
196.0,190.43475044781485
199.0,186.52269626249057
199.0,183.12537560785532
191.0,180.21363863347403
184.0,178.14735190550138
189.0,176.56943740057875
188.0,176.66798685481575
185.0,174.84309735611924
182.0,184.42166504500887
180.0,173.30396079663993
169.0,170.0916611008936
167.0,164.69840446979404
164.0,169.13741198513338
161.0,175.19145336336018
156.0,175.21912328999596
154.0,167.83343037663928
152.0,160.19824541856795
148.0,166.37383969240662
143.0,168.20022387981282
140.0,165.94598478486824
137.0,164.08317928411827
127.0,165.9999211865863
122.0,154.36268114286742
120.0,149.13802278350204
117.0,148.3376079282014
115.0,149.15556645762703
116.0,147.83378776952887
118.0,143.78848938412497
120.0,143.50817830264285
124.0,141.43868519384327
130.0,136.734092931795
133.0,132.75747108891312
136.0,135.04017041872964
145.0,126.47109899356555
153.0,120.64551082588741
160.0,120.24334847997389
175.0,119.71531611684217
189.0,117.7721631240771
202.0,119.338887794919
212.0,124.05239784285257
218.0,133.43184136403806
219.0,151.37371390331322
215.0,157.98750215821124
210.0,169.16926878215588
200.0,171.11926582309468
188.0,178.1661547231524
184.0,186.89838161098234
180.0,192.28334559958213
174.0,204.46138938473376
168.0,215.87390306996258
163.0,224.5901051684724
158.0,229.2486725669719
154.0,228.88320146464412
153.0,224.2207972649078
153.0,213.80941063464633
151.0,205.56042669041065
149.0,190.17784233308063
146.0,179.317986004766
143.0,167.39482367396437
140.0,163.8334272678692
140.0,157.12645069364459
141.0,150.82937139630582
140.0,147.25346857225412
140.0,144.71932433678109
141.0,144.12290341628034
141.0,148.05155326853964
140.0,137.0987378100694
137.0,140.09249253697018
135.0,138.86190493729126
132.0,136.75973519564883
128.0,135.55307716249817
126.0,134.50655497517917
124.0,135.79685233622038
123.0,138.649474480191
123.0,139.1830421672102
122.0,139.07187519329878
121.0,139.90832681138912
123.0,139.48852936912954
125.0,129.93335962293807
128.0,133.7173820771469
130.0,132.48978238629854
130.0,131.1331794142084
130.0,128.357180790301
131.0,127.06182423540113
131.0,128.08216978387378
131.0,129.93496813819382
131.0,130.67920341357424
132.0,130.97095684732227
132.0,130.5706378098249
132.0,134.78475624168394
132.0,134.58903267974432
132.0,137.7090031775929
132.0,148.25279406381281
133.0,150.77408195177898
134.0,150.447897397622
135.0,151.24139817452786
136.0,150.94106561436132
138.0,150.81068918534575
140.0,151.33655450360558
142.0,151.83831875052002
144.0,149.48601584314622
146.0,150.43735261914105
148.0,149.71747349181126
150.0,147.90190204316235
151.0,147.95352515465856
151.0,148.71759617830367
152.0,150.21404026739955
154.0,151.23344932991208
156.0,154.36356814526957
158.0,155.7563766296024
159.0,157.79154952010092
161.0,159.78141924296932
163.0,161.70172272572202
165.0,163.47290832569632
166.0,165.34814811859977
167.0,166.7358458162544
168.0,167.07498177504615
169.0,166.5115595536982
170.0,167.20457224764422
171.0,168.87754703381697
172.0,170.5532460363434
173.0,172.00491722045697
174.0,172.51053763331404
174.0,173.8120990539041
175.0,175.39725875704448
176.0,176.8222204775765
177.0,177.61346271644243
179.0,178.85246731704464
181.0,179.82748073856584
181.0,180.374865468876
183.0,180.97338474147668
184.0,181.63373892290676
185.0,182.7847580310997
186.0,183.46084134223818
187.0,184.12478498620862
188.0,183.84992486171973
188.0,184.67609287848776
189.0,185.7596814338445
191.0,186.59406902049898
192.0,188.30946437488865
193.0,190.1058585380153
194.0,189.91047824824958
194.0,191.27388333769707
195.0,192.36237842397477
195.0,192.90483997615388
196.0,194.02827449527518
196.0,194.8750079053051
197.0,195.7489174137303
197.0,195.62670969894793
198.0,195.9743479618248
199.0,197.55220000384347
199.0,199.13524789240876
199.0,199.15448838477653
199.0,199.86219826361346
199.0,199.73428189499612
199.0,200.37681766582074
199.0,200.37926623516867
213.0,201.97003654998974
218.0,202.78314136761594
224.0,203.89639934534563
218.0,211.0685489037398
221.0,210.824664731792
226.0,211.00450120425745
228.0,17.76070351627618
229.0,47.173589310572495
230.0,89.59103705478648
228.0,307.60061598072355
228.0,256.76745687577903
231.0,219.8366779675765
234.0,214.7398503177377
243.0,214.458226913921
259.0,207.77204317374935
267.0,211.13663435665316
272.0,197.35195941606625
275.0,197.51495077450352
280.0,207.11062366508048
282.0,211.546073084366
283.0,209.69788669086716
285.0,209.41161751946723
285.0,208.6887403233356
289.0,213.36677180213894
292.0,228.6115833107909
288.0,238.31749948545604
283.0,253.0993211822368
287.0,245.52593634503296
284.0,245.10606617605313
275.0,244.69314773037354
272.0,259.19694003768205
272.0,262.091596758283
272.0,262.3582707272073
268.0,252.75822232708646
267.0,253.24374178251782
263.0,255.41588220631434
256.0,253.8635275433154
253.0,248.4125718434153
251.0,243.07449032669905
244.0,249.15355058443123
238.0,237.35584440493784
233.0,233.71975137208688
232.0,228.44229911894686
232.0,228.53470867791646
233.0,231.0656323327795
235.0,227.2186376914974
236.0,226.78967080017833
235.0,227.64931720350097
232.0,225.2532637256736
219.0,220.94074768047116
224.0,212.47629479356212
225.0,208.26183555249355
223.0,197.746413504254
219.0,190.283358961793
214.0,188.1707198247878
209.0,190.03282163156197
207.0,190.4380019463829
205.0,192.69799159104835
204.0,196.77393611027293
202.0,197.7262594473178
200.0,193.74259463940626
200.0,195.6193178846318
192.0,195.54630084088504
188.0,199.74624698414948
194.0,196.76175443952772
198.0,193.82095811570716
201.0,189.72307360836908
201.0,184.84597629195682
196.0,182.40454448354197
191.0,182.3562903025127
186.0,182.70067210826986
189.0,187.8905543582706
190.0,184.6691255191808
187.0,184.59653264331814
183.0,181.74225915876985
182.0,173.95265408480142
181.0,172.13703820475646
186.0,178.0171043499155
194.0,179.08337473987694
202.0,177.98461078731248
205.0,193.0654192598592
210.0,197.3010724108696
216.0,194.7740583225854
222.0,197.42265796652111
228.0,196.66276318415674
225.0,196.22537225374793
220.0,188.4087452331128
225.0,182.98907097567158
233.0,179.18685751857168
248.0,184.08556474288397
269.0,194.53551925685628
292.0,203.89628284060268
309.0,214.49734346673242
321.0,216.15701815628316
331.0,219.8320696722195
337.0,225.10628544713262
341.0,230.764655698674
342.0,226.6022074793433
344.0,222.154968265116
346.0,229.91171535025686
347.0,240.26417786435195
344.0,251.85383642268792
336.0,270.722960186004
340.0,290.2335443696563
344.0,302.099082728409
344.0,288.65908167735347
345.0,293.6302304073314
343.0,299.34303933764824
342.0,305.024621797476
338.0,298.50169616183075
335.0,300.552418214303
334.0,298.4791899920424
332.0,294.08622684287275
332.0,288.233731464324
329.0,280.0017783085222
328.0,285.6581207905904
331.0,287.56260082159304
327.0,284.6220442608999
320.0,290.28381332284596
310.0,289.9221359072732
303.0,290.6842656228225
301.0,290.8333226704172
294.0,294.88685322900426
292.0,294.1454281687618
296.0,302.1409727248509
298.0,300.493369719978
292.0,283.4733501688717
288.0,275.1897981148995
283.0,273.4056760499635
280.0,260.7458973948895
275.0,249.6472838801612
270.0,238.60453599022372
270.0,231.62769134222464
268.0,233.53978132391558
267.0,227.83993579794821
262.0,225.39703363800356
260.0,231.68448292438546
261.0,236.62572726368217
261.0,228.40268794583312
256.0,225.51258671100132
255.0,223.3283587054435
252.0,223.83927775388713
252.0,221.63563115869124
257.0,216.64718213124706
252.0,220.14621249378007
249.0,221.1356447309332
245.0,218.67982577045308
238.0,213.4316150640212
235.0,214.33906248489225
235.0,218.833502381753
237.0,223.04248339428403
233.0,219.22519019380866
228.0,219.44052925866367
220.0,227.04128900056827
211.0,218.07125012144445
207.0,223.00761450389655
203.0,218.2543689830095
200.0,213.812636076758
199.0,232.7223888519386
197.0,210.4367749867908
197.0,203.7476303729812
195.0,204.89816392982792
194.0,205.5832045995869
192.0,202.1348459802071
191.0,195.94730947802947
191.0,185.34225576619806
189.0,177.593528419267
187.0,175.19004317514856
184.0,173.55693615690404
178.0,173.72449968627225
174.0,174.3229664513926
166.0,170.03309733889841
165.0,168.64555457153926
169.0,167.41301897594232
176.0,168.62376747857653
179.0,169.39709198313543
180.0,171.50546408217124
182.0,173.02549917925086
184.0,173.12757853154295
181.0,171.69969656752508
176.0,169.05739681969968
177.0,160.27655307706775
181.0,156.5407869672482
184.0,144.528236487828
187.0,144.32849774409016
190.0,151.08937580865012
194.0,159.66351498462885
198.0,163.28856175433143
201.0,164.33134500705242
201.0,171.704748025484
206.0,176.73650200724654
210.0,176.29605201397305
209.0,171.7314886129618
210.0,176.37391341043008
210.0,178.78259921609592
218.0,173.86758090748393
229.0,179.2344199329926
236.0,184.80107322578942
241.0,190.2474019283219
243.0,194.61436288896763
242.0,197.25134867005133
242.0,199.6576598193148
243.0,208.78578351931571
245.0,213.60996992870415
247.0,210.84257688205793
252.0,210.03628405578328
254.0,210.79857474840838
255.0,217.83513683315556
259.0,228.90345314768103
262.0,235.06888090617264
263.0,238.07059086858612
264.0,239.78893265649907
266.0,236.4011303870263
266.0,233.77712846216838
265.0,235.64411525642151
266.0,238.3122155073412
268.0,241.9681177467411
269.0,254.638881396242
271.0,244.5329973071747
273.0,240.8234675251569
275.0,240.9493632216005
276.0,241.2302715687955
276.0,240.8736478196081
277.0,239.6026954188148
279.0,240.01466927909587
280.0,238.62265822816352
285.0,236.73130704420447
291.0,236.42944208600323
293.0,238.80752509076206
294.0,241.0112988709987
294.0,242.60412646087093
293.0,244.86609530072553
295.0,247.60830247775397
296.0,249.03613908584197
296.0,248.79083246176327
297.0,250.3985528095156
299.0,254.17952499386746
302.0,255.97506813698794
305.0,261.07373818334156
308.0,268.3927475965179
310.0,270.6831480062542
310.0,270.883751040179
310.0,270.42482751941975
310.0,270.3070998054547
310.0,273.70619302688146
310.0,276.0463330383341
311.0,276.276887941323
311.0,278.08203453816316
311.0,279.61071003508965
311.0,281.38185397334297
311.0,284.7083900047039
311.0,287.9267659570213
311.0,290.3838341610747
312.0,291.31048244148866
314.0,290.3547402535355
315.0,290.4991708382678
314.0,291.341369143478
314.0,291.7433259253312
313.0,292.81717218844494
312.0,292.82429915878504
312.0,290.31011644916697
313.0,290.08032190937433
312.0,289.70591046822517
312.0,290.12690610437517
311.0,290.5523351118203
313.0,296.6993434379657
314.0,286.56644693780834
314.0,285.5778598376549
314.0,282.47788051047695
313.0,277.7709242645627
312.0,273.753922046112
312.0,270.17494993305513
310.0,268.2449082168662
308.0,264.0709178291308
307.0,261.631267987186
306.0,262.0295059511759
305.0,260.61219900562753
303.0,262.6184090577195
300.0,264.7990663290319
299.0,269.5355090056258
299.0,272.6309836006417
299.0,270.72960894569815
299.0,272.65304171889716
299.0,270.77555041066483
299.0,270.45646343616784
299.0,267.15675075916494
299.0,266.0025216517095
325.0,83.86491931874862
320.0,76.83226477221189
314.0,78.43874429829886
317.0,86.42619172777441
321.0,78.67556643004525
316.0,78.67556643004525
313.0,420.61421383947635
310.0,382.3827184547454
303.0,304.46087360440737
299.0,286.32951656507765
295.0,292.4141087992866
291.0,290.2053326079906
289.0,272.7363393144734
286.0,263.0809451845546
286.0,255.58663096803906
282.0,286.28040924349335
277.0,278.68897603570474
273.0,275.5629413956789
284.0,282.2014361919904
285.0,283.6739509597453
278.0,281.3724555340169
286.0,278.01659204544643
286.0,274.9900467709476
285.0,274.2561082296814
283.0,270.14800087057307
278.0,258.86715043558723
272.0,258.25456523495734
273.0,257.4636306918401
278.0,252.5298792909606
276.0,247.97739166331138
265.0,242.98204008701617
264.0,246.9597343726119
271.0,242.9435296809873
279.0,264.59996699196046
281.0,269.2786084637901
282.0,271.7566100707338
281.0,266.0495835800015
281.0,261.3799992120375
282.0,253.0473770517333
282.0,253.75624659251312
280.0,254.52647984419124
276.0,252.37269195455298
267.0,244.47831591384409
270.0,239.4023661435814
265.0,249.07151979803643
259.0,255.7879290444268
251.0,254.90514631078128
248.0,260.53029207360777
243.0,260.9568779888218
256.0,260.501419302304
268.0,258.80036935820306
267.0,258.2954306636422
261.0,261.4654198501362
255.0,258.82467502187393
250.0,243.16345831865289
245.0,241.78059050035574
248.0,240.26898541304433
253.0,236.75712907754883
251.0,212.13574488016616
247.0,210.71019791308856
247.0,208.28365697307643
253.0,229.34145434996907
257.0,236.61113465547402
262.0,235.20440993872836
268.0,236.65715436276696
271.0,228.63753413611497
271.0,226.85293573970324
279.0,224.10951635508505
284.0,230.01903512358476
286.0,227.976313984872
281.0,218.911797264264
276.0,210.51250799172044
278.0,208.62966943595325
278.0,209.25821716406844
274.0,216.46314283272739
270.0,229.714143196286
266.0,238.03732979699737
261.0,245.20656642418808
257.0,243.08850439403642
257.0,245.94066651001683
260.0,251.69861048686954
264.0,256.8919057898616
257.0,248.87511332594045
255.0,241.34627582487718
263.0,243.96086575098155
262.0,244.53342019972558
257.0,238.55283526809043
254.0,229.34648453943387
253.0,226.23584922178344
251.0,220.6186737307202
246.0,216.1569978094849
246.0,216.9987015611145
236.0,228.46777140150098
224.0,249.96379654036093
221.0,217.090776351398
213.0,209.9032886687101
204.0,221.7996773918553
195.0,221.4482086758586
178.0,220.08181910226043
162.0,216.73830085775097
151.0,211.4891203520152
141.0,210.09004962798758
136.0,203.54897802167847
144.0,201.05370964224704
137.0,195.61053970893934
132.0,182.30810641739504
126.0,175.54902722454293
125.0,171.0437569162416
126.0,164.23272945407146
123.0,156.37048221729404
118.0,141.28339857181382
117.0,125.60928620744028
121.0,118.44668824075374
126.0,110.33882997959046
142.0,109.32882357860153
155.0,123.47573095709114
159.0,119.3449331980768
160.0,115.49986782046363
164.0,108.14259931492745
170.0,109.06944364126133
168.0,115.0930655926586
169.0,116.57167124284902
172.0,141.82262244252584
177.0,147.19955228931138
192.0,145.42373979398604
203.0,145.20674353850907
212.0,161.80180863014184
218.0,179.91191146953645
225.0,186.02989925048539
225.0,182.77289400871445
226.0,181.83158500611768
229.0,188.71527825763388
229.0,187.7890407645335
226.0,187.16822326999355
231.0,190.67405364289945
230.0,193.44925777516897
221.0,199.91035233790592
213.0,205.25645020222967
209.0,210.27592605671188
210.0,213.05682381749185
206.0,217.39487649345625
206.0,215.3257753040936
208.0,214.61285617801278
207.0,217.77277779610876
204.0,212.93854488040887
203.0,209.76420549542675
204.0,211.5085400939187
205.0,197.92452040233673
208.0,190.3441199444885
218.0,182.3693873598215
226.0,173.05104643481909
226.0,177.92085485467865
230.0,176.64124624093827
230.0,176.66072126406925
223.0,180.80855011823564
224.0,183.42331819604902
225.0,178.75083211366345
225.0,178.00105782743142
226.0,183.9271794196674
227.0,182.11873686546673
226.0,184.8930118911764
223.0,197.29475175088947
221.0,209.99429429512824
218.0,215.84211036408328
217.0,217.45086206424673
216.0,220.07074913821282
216.0,217.09943765782836
216.0,217.95199894834462
218.0,221.06222757387252
215.0,222.52348881332455
215.0,219.51830736401928
218.0,215.72252638049258
222.0,212.70264776011254
229.0,211.01897633370305
234.0,214.0728228416899
230.0,206.69594978512433
225.0,206.80296868713637
224.0,206.03831421532144
223.0,205.57830801981453
223.0,205.7763078396681
223.0,216.8407306668503
223.0,204.91085089939205
222.0,201.58617184948108
222.0,204.32338676673393
221.0,207.34620795788163
222.0,219.36936146392813
222.0,222.32620510470122
221.0,215.94379990741504
222.0,207.61525214239754
221.0,206.32574975531858
217.0,206.03002038322683
215.0,207.38064420411922
214.0,206.09788153538878
214.0,201.56252989222904
222.0,200.3583793798772
227.0,198.3496906953551
224.0,196.10017056550862
225.0,199.60648582596548
228.0,202.67355384635988
229.0,204.8045383967913
232.0,206.60345003314367
237.0,204.44664919641386
240.0,202.92250799650594
243.0,200.74476963115
246.0,199.0163929431105
249.0,200.38967232443025
253.0,209.87979360734036
258.0,216.7252274542285
258.0,215.5985068185962
258.0,219.42811710407238
261.0,222.6937531716043
262.0,224.9136225829811
263.0,229.14115014034638
261.0,235.45349241134727
262.0,239.48474820873923
257.0,242.37226353901553
247.0,241.99015572848802
244.0,242.55981657704314
244.0,248.11450383313905
246.0,253.16031474516902
247.0,252.44020568634912
249.0,251.6075635077456
253.0,254.1923011346238
258.0,254.48053756813306
255.0,254.13818685826593
254.0,251.42022638601134
256.0,252.09499880716533
255.0,247.88037108564944
254.0,241.44943386742764
256.0,221.92428061750985
261.0,218.49533892432873
262.0,219.25605943247962
260.0,216.47220289183804
259.0,215.8738017637308
259.0,217.8891035607815
261.0,222.21767612296117
275.0,223.49554515266163
284.0,221.6366870565398
284.0,228.27797171717032
280.0,228.81116955311643
280.0,234.41353736217485
278.0,226.92827081919535
279.0,230.16261531374323
286.0,226.26632306499894
295.0,227.55664837772343
298.0,223.3048186025424
305.0,224.8854426595022
311.0,227.16950528963622
259.0,239.71636804906734
259.0,249.82255588447123
262.0,248.58892479510786
258.0,242.28209246352964
259.0,247.87767811101585
258.0,246.9028413539237
256.0,249.27582076721103
254.0,258.25158645165203
252.0,269.51459186853174
255.0,273.48394284451854
264.0,281.29520997778604
272.0,275.3088778580502
277.0,221.70291536992295
283.0,213.51339418553218
288.0,219.3681394813643
294.0,224.71449642297023
298.0,238.81327012586752
288.0,238.49038556282284
285.0,233.679998577339
282.0,229.1506430753606
275.0,224.01636348552316
271.0,220.76216851345893
270.0,251.74816975985752
271.0,258.19435098628
262.0,263.70458432755663
254.0,268.6026023832269
249.0,271.3599585834884
251.0,275.73868077865166
248.0,275.00994832319884
235.0,260.3318988059691
226.0,259.5922537917178
217.0,257.6825191971523
214.0,248.22814443695927
206.0,237.69132308219534
199.0,234.87224828839754
194.0,236.98625456361594
187.0,230.73652220578646
180.0,220.98653216560285
177.0,216.08997924170217
179.0,224.47731173496072
183.0,226.94360955535856
183.0,198.1682396181477
183.0,190.9558314170348
182.0,185.53375503501152
180.0,183.87111733718075
180.0,175.91220300547272
181.0,171.453543818012
181.0,170.00041932501574
180.0,167.025462582914
178.0,159.0056542068237
176.0,156.4941366306764
175.0,164.5340264753304
174.0,161.79104034459002
172.0,156.3089701284481
172.0,157.04573934521196
170.0,160.03212250763073
168.0,161.81746788631415
170.0,169.89031616556554
170.0,174.48956991207805
167.0,177.90051106395208
168.0,176.78406841575753
173.0,175.40589056054705
174.0,172.67439564059484
166.0,172.73971252956613
164.0,187.91122466997473
164.0,175.52741161528317
164.0,175.12934557613926
163.0,173.02331687477712
163.0,168.60083767860343
164.0,169.07257010703836
172.0,168.69584541802777
189.0,164.635525365703
202.0,165.16090402613384
210.0,171.45526321736966
219.0,178.72977831267093
229.0,191.88280407971365
225.0,177.1165876962366
231.0,170.47022328580596
238.0,170.59282526764596
241.0,167.54460798335097
246.0,166.50556089339057
248.0,169.1958759210914
248.0,176.8571352407958
249.0,191.65090794443626
248.0,209.15663959985898
248.0,215.84220561578135
248.0,221.6644584390994
250.0,226.0993646209456
248.0,216.97139087925075
248.0,220.44697812872
244.0,228.35959107603716
241.0,231.02101298041057
240.0,232.97325613315456
241.0,229.66346498688407
245.0,226.23549046644433
248.0,226.16206593166476
243.0,224.14550505187054
241.0,221.45330794424663
242.0,225.98592605742277
240.0,231.03793254340314
239.0,217.0884596636393
242.0,216.9674832453705
247.0,208.979787492072
253.0,206.9402089510089
257.0,206.44594828710783
258.0,209.69644692821643
259.0,217.50369623467466
260.0,229.04031027147118
260.0,223.22603409269232
260.0,211.9764967155553
263.0,212.75977815182918
265.0,207.2079643667666
264.0,206.33084912395202
265.0,198.0158750024267
265.0,201.4630631932581
264.0,206.47263520081685
265.0,213.87654164829678
261.0,211.60012797328778
255.0,214.28351030106262
253.0,217.62236599343655
246.0,214.59836853530754
249.0,213.27788375690403
248.0,217.52211708341767
248.0,220.73886678220208
249.0,215.3015710755525
253.0,213.8931406838743
254.0,214.28384836562873
254.0,213.98832887925482
258.0,215.17600230220856
260.0,212.07788319413447
261.0,206.55953735039438
264.0,199.1771782597428
264.0,195.76149944249465
261.0,200.44656141879824
262.0,202.75455320598516
259.0,203.29060211977355
259.0,209.35172176796516
262.0,215.26270524766886
266.0,216.87214504583744
265.0,220.01189560295794
258.0,231.14896030979932
251.0,234.67846825049457
251.0,238.79830059128588
254.0,240.6396330699889
254.0,240.03706450731613
254.0,236.2852530490377
254.0,237.9569529420467
251.0,236.61490552047098
249.0,237.8480552676228
246.0,238.89174119396256
243.0,242.47442437537686
239.0,242.900166830743
237.0,242.92735934582282
234.0,233.79654468635871
231.0,238.2354968801426
228.0,225.27367347884046
230.0,223.21930861483463
226.0,222.69503667089538
222.0,221.62151863999213
219.0,216.9011102982825
217.0,211.90587532383074
217.0,210.8354545188921
217.0,208.23586623280173
219.0,207.44137359151634
220.0,205.2184890966856
221.0,201.5887531305018
223.0,196.2342419614942
225.0,191.75024003906594
226.0,193.65315599200818
227.0,192.00875011691727
227.0,188.16140518005238
229.0,186.79954442121476
231.0,186.22747015257482
235.0,187.77415219966952
240.0,188.46037048187
241.0,191.7785124838055
244.0,194.72116539949442
246.0,197.63219073722556
247.0,200.88198019605267
247.0,202.61813181407632
249.0,205.22369511960574
249.0,207.1358418556194
249.0,208.11252119405924
249.0,210.62646304467788
250.0,209.6923419848703
251.0,214.0792988490165
251.0,227.5547162453745
252.0,221.180042525197
252.0,222.72147318085683
252.0,224.0529583338259
253.0,221.30328149621474
257.0,215.29311023249218
258.0,216.5673197562699
259.0,215.88695104872758
258.0,215.022525468249
257.0,214.81342674918747
256.0,215.52757239883607
254.0,217.95021907347348
253.0,219.1532821153355
249.0,219.80290558202861
242.0,220.79374568169067
236.0,222.03184903862103
233.0,224.90276810727931
232.0,228.151183437079
233.0,230.21337315720496
232.0,231.61541699815194
232.0,231.2157242429089
232.0,230.76168005578273
230.0,231.10277687484665
235.0,230.162273000879
244.0,230.48851439609487
247.0,221.83078644165812
249.0,215.56242311230432
251.0,208.63768255560183
251.0,206.52048040106774
252.0,206.8363230170997
252.0,209.39298215611828
252.0,210.04028530532975
253.0,210.69534108735257
254.0,212.36206215786524
255.0,213.5185076905625
258.0,218.6167444542694
259.0,231.29102409177096
259.0,243.37876471896232
260.0,244.85043319960732
261.0,246.81683448154618
261.0,246.53157309054822
261.0,247.00139997774374
256.0,246.8995582519388
261.0,246.93488856637643
265.0,249.89304919239194
264.0,250.30109269807758
264.0,248.18505201573896
267.0,250.64466273691278
270.0,251.9336839326392
273.0,251.35045578797406
274.0,252.4799854295528
275.0,253.6244049045807
274.0,253.9917535100916
274.0,253.77444349619844
274.0,248.27092471315075
274.0,252.02090274026682
277.0,251.77857260322497
279.0,256.2552579410494
278.0,254.97091338906137
277.0,258.68701706280433
279.0,262.335161953028
279.0,264.43967227915334
281.0,265.0548914094778
285.0,265.33965778528324
287.0,266.7883920922525
289.0,264.33841078822184
288.0,262.6999149655829
286.0,263.60627472358794
287.0,267.1326373379135
288.0,266.5936976026859
288.0,266.600581136349
288.0,264.1627976485804
290.0,266.87217976861467
290.0,267.33426124533594
290.0,269.26822147937594
290.0,273.7607876208294
290.0,276.2452795836274
291.0,277.9536522250448
290.0,275.80191933884703
290.0,272.2976951988561
292.0,273.48392803920046
294.0,275.98981260863843
293.0,275.4876517625638
292.0,275.68162098204806
295.0,275.3855309124042
298.0,272.3987127870602
301.0,275.6869910787649
302.0,274.8240118041762
297.0,275.5137856678456
296.0,277.70187839326474
294.0,276.45655310471466
292.0,276.0754041521259
290.0,274.1292813616221
287.0,276.5911128700629
285.0,278.8935997716771
284.0,277.42126792356265
286.0,280.8327962871215
283.0,284.5658039545968
277.0,277.0828958399559
273.0,270.1019222525703
270.0,260.4415727035298
268.0,254.00698225228294
269.0,249.05396294532096
276.0,244.31969733940088
283.0,237.23012613783007
289.0,232.47366420830758
297.0,237.26298992025357
295.0,243.06778530510067
295.0,244.19333568453806
294.0,248.70977218329085
291.0,249.71177843759654
286.0,244.4672780442113
284.0,241.96281298793346
283.0,240.5447518124135
280.0,241.7382361225894
277.0,249.9154033617075
277.0,257.56138702201144
280.0,262.53487080659585
276.0,274.2700763262886
274.0,271.86788907936113
276.0,268.34296109679053
277.0,265.20246406081355
278.0,263.8960698439731
280.0,259.71491696530825
282.0,258.6599291531877
273.0,250.60572087686873
267.0,246.42727079646912
262.0,242.80453201330423
260.0,241.2373295530823
258.0,247.19092118120318
257.0,244.39756282106669
258.0,242.2651971781852
256.0,249.22319758448637
253.0,255.90691624434152
249.0,238.330624749295
250.0,242.5281645230794
250.0,248.49086090267127
247.0,239.47675774031381
245.0,237.45943736776348
242.0,228.60418386531248
240.0,228.02838841353122
238.0,229.11921819295392
230.0,228.0326870671076
225.0,230.80267414061092
220.0,234.75753544868712
215.0,220.79656237930638
211.0,209.85421967518351
207.0,213.80418711586626
205.0,215.76482627213676
207.0,212.87825693446112
210.0,209.73639823399128
212.0,207.10639700868046
214.0,205.53645094143565
217.0,204.46317300963946
219.0,190.04045250583673
218.0,185.49527633417983
213.0,185.4187366872944
210.0,181.78390334601704
209.0,172.74321760278468
211.0,170.77725619268003
211.0,170.0203457106635
214.0,174.27359225671393
214.0,179.36214981651455
215.0,182.11792705567086
219.0,186.98913399423165
222.0,191.5349013573594
224.0,207.5645794228105
226.0,208.0221253206677
229.0,204.22334000134657
227.0,202.9274115442213
229.0,204.08007497407675
232.0,199.89105106624118
233.0,200.10908705404046
235.0,203.64115106632704
237.0,205.18367166637327
240.0,205.96866525789898
242.0,214.54148626335967
243.0,221.4784638791929
244.0,225.75207225216326
244.0,228.63428973842557
244.0,232.20344697077957
245.0,229.05578343041122
246.0,230.4931518222457
245.0,233.4419101062709
247.0,235.39031526180514
247.0,237.2469620335786
249.0,238.5106663763881
249.0,241.25457657642
246.0,243.24867592953444
247.0,243.15918920278932
250.0,242.53801017241022
254.0,243.69090606196409
254.0,243.6568097640265
257.0,244.30374396607345
261.0,245.6278837764703
265.0,244.36968950656785
263.0,245.73557042219988
264.0,245.80629314727332
265.0,247.22581356359404
260.0,247.75527944105932
262.0,244.3233042727498
264.0,244.81227832073847
265.0,244.50197149449428
269.0,253.23002151824818
270.0,252.6327816676789
268.0,255.50273500466852
265.0,259.2211962338362
267.0,263.371692405061
270.0,260.0735201311691
272.0,259.56478765127594
273.0,262.70344811624136
272.0,257.70798741164265
271.0,257.3794466031452
271.0,259.716061838845
270.0,253.4107447364949
269.0,254.3723397131634
269.0,258.95686680436836
268.0,255.05005122658983
267.0,252.6092160553685
266.0,254.380723341814
265.0,260.20579817886767
264.0,252.89152815349925
264.0,246.90427739983778
265.0,240.92543421259563
265.0,235.79546866529256
264.0,231.52828130088
262.0,228.45556563266868
261.0,226.716814876513
261.0,223.29196133206847
261.0,220.3597886739305
261.0,218.54683631926596
261.0,216.83201027756607
261.0,216.2584197605135
261.0,215.05434721787458
261.0,215.99196790381058
228.0,221.18806457387717
228.0,222.44011410993826
226.0,230.22557094693227
227.0,233.27569523982157
228.0,-22.363848111905696
228.0,51.98616304439459
225.0,99.6083512506616
225.0,109.8884371438772
223.0,328.38283804431626
220.0,252.9172113144619
221.0,210.00277496315454
223.0,197.90821259685737
223.0,203.68298550429873
223.0,183.11180159169817
222.0,188.05229945294192
222.0,188.2304442554829
221.0,179.79556140792965
219.0,197.41789987987656
218.0,198.05543739685442
217.0,197.51744023139884
215.0,198.09717562523576
215.0,194.9767272810995
216.0,208.61317855295206
220.0,211.99884032606724
222.0,212.96446305660893
228.0,212.7592512586926
237.0,199.70880396159353
252.0,200.38787441135557
268.0,235.415013281611
280.0,248.32352455472886
292.0,244.10240807636114
302.0,242.99654256597142
313.0,229.8028462627263
322.0,230.91164799834934
329.0,226.72090965258556
329.0,219.94696989807923
330.0,219.62663036597763
329.0,227.02846780499885
326.0,236.6213238091633
322.0,249.8251307554736
320.0,263.3246011995698
316.0,270.6578029963671
310.0,278.224520307485
307.0,280.2418802544359
305.0,287.6404331761672
299.0,292.1843223391041
292.0,293.3417083544963
285.0,286.2248668029124
280.0,284.122226823058
273.0,279.6654502924459
265.0,272.9439632090476
258.0,267.376024876605
253.0,264.3560846343412
248.0,237.05137109685666
244.0,228.54699781463543
239.0,225.39584514306583
233.0,224.38706786301591
227.0,221.40905743239313
222.0,218.5068108168339
217.0,217.83981629175113
213.0,216.74409517401796
207.0,214.01601819785319
202.0,208.17613334154663
199.0,204.18007196915946
196.0,203.26595523344795
195.0,195.139787600439
192.0,192.51028742959522
188.0,190.47291048009012
184.0,187.2686250882368
181.0,184.14707403298746
178.0,178.55463293568812
176.0,174.10185715528075
174.0,175.60440196239932
172.0,173.46294873964538
170.0,170.7894616883499
170.0,170.64516437010533
169.0,170.57505195231766
167.0,167.1640084090843
165.0,167.9148887034031
162.0,169.0637645356031
159.0,167.00980790220666
157.0,166.43680136984148
153.0,167.14359583763135
148.0,169.11956628897883
146.0,168.54887518602715
146.0,167.18632886729424
146.0,166.19898743134246
146.0,166.21532699578594
148.0,166.32574475810992
149.0,165.24827292678583
150.0,164.0185823623423
152.0,161.55320867853467
153.0,158.95502898122936
154.0,157.21710325864177
156.0,154.0028980258396
158.0,148.9478090698728
159.0,146.9923948201392
159.0,147.73015405141822
160.0,148.792813644636
163.0,149.46862699426032
165.0,151.95034558997472
167.0,154.10994673820798
170.0,155.53547438363157
172.0,161.7617800928833
174.0,166.18861494428907
177.0,168.5032321608971
179.0,170.7895755037916
182.0,172.6725947577326
184.0,173.45770096825396
186.0,173.3974428449684
188.0,173.5005957484533
190.0,176.22248367431848
193.0,178.50276281117132
195.0,179.5354582032406
197.0,182.0684864630748
199.0,183.8395155483252
200.0,184.7881331345569
200.0,186.726577731916
200.0,188.51354973341256
200.0,191.3174121927346
200.0,193.08760151367906
201.0,193.69438983547178
203.0,195.08295162467184
205.0,196.7252998665078
206.0,198.80271678819906
208.0,200.4904567751456
208.0,202.0760628278398
207.0,203.21963684569658
207.0,204.05788469752093
208.0,203.17073780105682
208.0,202.75030013856227
209.0,202.663842669665
211.0,202.5012600159967
211.0,203.47440466518898
212.0,205.14107355900845
212.0,207.05742770501723
211.0,207.87214245558806
211.0,209.2097237098498
211.0,209.26067588654158
210.0,208.10714867003045
211.0,208.06994516373163
212.0,209.54165032359265
209.0,210.1922759271866
208.0,210.96575681077488
210.0,212.69520513644025
211.0,210.12793075609983
212.0,212.8270624805029
212.0,212.42776095133124
210.0,211.44662755339448
208.0,211.77934177324525
208.0,212.2284072070898
212.0,218.17078223006106
217.0,214.6507979815711
218.0,216.02810474929402
217.0,212.50828403881985
216.0,210.82095711536115
216.0,210.8736673532857
215.0,212.91215052498987
215.0,216.3926941815232
216.0,218.50671918486938
217.0,216.5322791536536
217.0,212.34648640392092
216.0,213.9767183100526
215.0,215.47375835521893
215.0,220.4474277404173
215.0,226.21860240030304
215.0,225.58107907985624
215.0,223.62925610610858
215.0,223.07105414601114
215.0,222.02999790507704
215.0,222.34931712152544
212.0,219.98763384356133
213.0,218.92820141727415
213.0,217.89422641304168
213.0,218.51517643184883
215.0,216.79208278373073
216.0,217.65349273737868
218.0,218.32282290517705
224.0,216.31743929138753
242.0,215.79695995888778
260.0,217.283631171941
278.0,5.363355535458567
293.0,255.5014417841566
300.0,261.45716041475976
310.0,223.17566053416812
316.0,209.3056819171716
321.0,214.2533896831513
329.0,231.3720122181311
335.0,218.3807475279628
336.0,217.30264615888441
332.0,210.69428127564933
327.0,237.59711768496373
320.0,257.9554724871995
311.0,265.44192997789594
302.0,279.4581328980629
295.0,281.61888590138636
286.0,286.50993405209204
276.0,282.72626944470915
269.0,285.1347461257948
264.0,300.6665381986188
262.0,290.8683637220096
258.0,285.7309265089151
252.0,276.2994784311196
250.0,267.3234829138869
248.0,258.1368699177072
244.0,261.678373090855
241.0,237.05914484632217
235.0,230.22050851458874
228.0,224.50553840631528
218.0,220.8286412422989
209.0,214.79708480263133
200.0,215.91847067855068
193.0,205.01802096569463
182.0,205.28646258169783
171.0,202.80260066642282
161.0,204.65374214809444
154.0,206.77792767035388
147.0,204.3422686825391
140.0,203.2730117802431
135.0,201.55592579744433
130.0,197.01609958670488
127.0,188.86447497542883
123.0,180.94996759779968
121.0,171.15245677615232
118.0,160.33905034109156
115.0,151.91932352886545
113.0,142.5817603264567
111.0,135.89272739830727
110.0,131.42402354085107
108.0,128.57401359403303
106.0,125.11162869930644
104.0,124.84384202575964
101.0,123.58256607951094
99.0,123.30992195960928
98.0,121.21987274203804
96.0,123.70024587247198
95.0,120.42804554236221
95.0,119.06200377910517
95.0,118.00385217090435
82.0,117.36193842260018
82.0,117.93909206799489
81.0,117.27755384606101
81.0,116.3201720338771
81.0,115.16886642516903
84.0,113.99126009118064
88.0,112.87943122414376
91.0,113.52452633894234
92.0,113.53241952309588
93.0,113.22605008131171
92.0,114.87474993808281
92.0,137.24197399592742
93.0,126.91976575208975
94.0,122.98573144099069
94.0,124.50968949611885
94.0,125.12926950034922
93.0,125.14044719802362
90.0,127.87938355884572
89.0,126.57126988029606
86.0,128.8164607369793
84.0,134.8077904210308
83.0,133.41125948366977
80.0,137.14751999541
79.0,136.21525617808138
78.0,132.06323463114956
77.0,132.9030970162971
75.0,133.02908831357647
74.0,131.976111192433
74.0,129.70127007468844
75.0,123.65469566985372
80.0,123.07417527987121
85.0,116.02045068069674
91.0,114.77596283007722
96.0,114.48997757143103
96.0,111.8045086019086
97.0,110.39234926097862
96.0,95.80382699427022
91.0,94.91792632098202
89.0,93.2729060149324
90.0,93.30096271775662
90.0,93.89000891706013
91.0,96.13067608750174
90.0,105.66851029643071
91.0,110.9388804011868
92.0,124.30732767833103
91.0,128.9731763010658
90.0,128.42346756233542
88.0,128.5715847756296
85.0,117.42803073982803
84.0,113.11178391538897
85.0,111.27932343816546
84.0,114.08836479932047
84.0,107.8486743666758
85.0,108.27418407150387
86.0,106.74813552313122
85.0,107.55526056374725
83.0,109.85253539119324
82.0,111.29207001416815
82.0,114.70178042793222
82.0,113.11362772574323
83.0,106.32027977163129
86.0,102.21827876358014
90.0,103.71010682658445
94.0,103.04084982078697
98.0,127.2783012326664
101.0,131.137933775617
103.0,122.92212496246088
105.0,121.15450198657012
107.0,122.3850009376928
105.0,121.02142996626617
102.0,117.73736538176507
100.0,117.94482914178478
95.0,118.29607138710314
88.0,122.01730954212556
83.0,126.09303471176815
83.0,133.37893561051987
83.0,137.91049747244452
84.0,137.35910817488244
84.0,136.36153856535384
83.0,137.59638534311952
80.0,138.5742999676254
75.0,136.1432999724128
70.0,132.42537615286145
67.0,129.93185040878342
64.0,124.78915046036984
61.0,113.043752476585
60.0,105.92214450176692
62.0,107.21032373485596
68.0,108.79939964678107
80.0,96.2355224775503
91.0,94.12914032003482
103.0,94.07975049264843
114.0,92.27480301023355
120.0,87.2664790619028
117.0,83.38355437828096
118.0,83.0570059549342
118.0,111.04817922387647
117.0,92.17583819652211
114.0,90.66118236837914
110.0,92.42890976304119
106.0,98.25673108194901
101.0,102.27494634821191
94.0,110.65333179582348
90.0,128.46415573825396
87.0,138.66678908853405
84.0,142.13229360765874
82.0,136.4662235624367
81.0,135.6516401335017
82.0,136.44865422816378
84.0,133.13524803546866
83.0,129.04901128325713
81.0,122.24343298130717
80.0,112.5675915385176
79.0,100.65072901279294
81.0,93.28373337868625
83.0,88.80445055760187
86.0,90.02354169734906
88.0,88.6403060919325
89.0,87.74620641884599
87.0,88.09485487477195
87.0,91.21337961244441
86.0,89.43180599054244
86.0,90.1678541767572
88.0,89.7687086823005
89.0,92.0593679264869
91.0,92.86245228809352
93.0,106.13476653328296
95.0,100.99986153381889
96.0,106.09847457124664
97.0,108.19041468331793
99.0,112.74515682047132
100.0,109.15521446522952
102.0,108.76144381709642
104.0,104.50338951184358
106.0,104.93266271706764
107.0,108.33011956975369
109.0,105.86437852986919
111.0,108.64385804813432
112.0,110.58825864748451
113.0,116.46403743172803
114.0,117.38279377177139
115.0,118.81938668937802
115.0,120.49328255563444
116.0,121.68338267740269
118.0,123.10174439289173
119.0,122.96161893994245
121.0,124.41042576357168
121.0,124.83717573940575
122.0,126.309138594846
124.0,128.31938031348162
124.0,129.47254526866573
125.0,130.84809247068708
125.0,131.66222024040218
125.0,132.90377554964297
126.0,132.64279583196472
127.0,133.31340491456774
128.0,135.3149926665595
129.0,136.87191972981825
132.0,138.6861409176739
134.0,138.71909680903096
137.0,139.55505229737796
139.0,141.78686881033573
141.0,141.87455377161734
142.0,142.19379533487546
143.0,142.95393319959325
144.0,143.11630504043154
145.0,143.7470317983691
147.0,145.01782220709262
148.0,145.5872305555257
149.0,146.8751460766072
150.0,149.77452480991195
151.0,151.35020353125947
152.0,154.1976603797141
152.0,155.79149196803058
152.0,163.8526571535155
152.0,155.87190038558253
152.0,153.94329612997214
152.0,152.844727333456
152.0,151.56100191555998
151.0,151.8226120614366
150.0,150.73784892278056
151.0,150.11448257873693
151.0,149.6888645285835
152.0,150.2731358006954
152.0,151.06190312863907
152.0,150.9026334421568
152.0,158.6015798175378
153.0,150.32167427938847
154.0,150.11746750467128
155.0,149.50662745463126
156.0,148.98599685559324
157.0,145.5224724006478
158.0,141.9780784883591
158.0,142.83559953303538
159.0,140.94015328827714
159.0,144.4018971840845
159.0,145.12211180046302
159.0,145.372817226875
159.0,153.05576827258804
159.0,156.60540457900254
159.0,160.16118835763547
159.0,161.71074466949892
198.0,165.53777335440606
202.0,165.3909202607681
204.0,166.7442178594939
206.0,167.4622328717764
208.0,176.18619523613827
209.0,167.79184894257628
209.0,164.5795558025356
208.0,163.63718489001883
208.0,3.31288111218754
207.0,44.90702892004987
207.0,274.0063399003173
208.0,241.46102448554393
209.0,200.9527675095963
210.0,194.10385035018874
212.0,204.35333469653347
212.0,204.96762153447105
213.0,196.54918540651647
213.0,187.766642920009
215.0,172.7669827731182
217.0,187.4568008540821
218.0,190.9759044179484
219.0,190.12177936444715
220.0,193.0051696414502
227.0,193.06679647455533
236.0,195.63324430681627
246.0,198.54441964707837
254.0,210.942010963907
263.0,216.80038526100168
273.0,207.88216705585987
279.0,210.34427281396137
285.0,233.25771456632867
294.0,241.31569723928254
300.0,241.95537973381647
304.0,239.45925107289526
299.0,228.1463858628353
293.0,233.52261931881776
281.0,240.50198961161266
267.0,248.09979813847332
257.0,252.59704072325542
251.0,258.65836536024267
246.0,257.8048621844691
242.0,259.526866786208
241.0,262.13340520713047
238.0,266.0854220166407
229.0,269.3341695837098
219.0,269.6197264334966
210.0,260.9939093724189
204.0,252.125554652157
200.0,240.063627424377
195.0,225.83219917129827
189.0,209.5087431031334
185.0,206.601035581761
182.0,218.60934855237957
177.0,207.0053033256203
172.0,206.68816716726877
167.0,187.52389161696738
161.0,185.05455224148324
155.0,176.8905853522417
149.0,172.81813427698825
145.0,172.89479423872785
144.0,172.75660327219384
145.0,169.52113133706555
149.0,164.9656537963902
152.0,162.2337551370258
155.0,159.77598877478837
156.0,155.2114409701233
156.0,153.00561629810008
155.0,142.97908633606687
153.0,136.52023708439208
152.0,132.56213842104833
150.0,128.720620146768
148.0,127.5689932415178
147.0,130.55709453471684
146.0,135.53157871654685
142.0,143.4823572535229
139.0,149.92902510851303
136.0,155.05426209752818
133.0,158.02928602408178
131.0,166.16335291222404
131.0,163.39246718529117
130.0,165.88251662461047
129.0,166.19945220095985
128.0,165.1338020658084
128.0,158.92191046233057
128.0,155.1771939534865
129.0,154.7771459240408
129.0,150.96590857920125
129.0,147.53193119311203
128.0,144.98077304028297
127.0,142.3948692016157
126.0,140.8707233786266
124.0,141.0034966087527
123.0,141.25667967146802
124.0,140.73614411645846
125.0,139.78831235348235
124.0,139.56024595377153
124.0,140.7290959867386
123.0,142.12049963295402
122.0,142.72000878636635
119.0,142.91083752493176
117.0,145.10447990404052
116.0,134.8731938117062
115.0,132.45701654361605
115.0,129.55296674044166
113.0,125.42257835334557
113.0,125.76450649541715
114.0,126.54688688554285
114.0,124.60393279113461
113.0,123.93764980829573
113.0,123.31134590665116
113.0,123.21696690575233
113.0,122.87835092909184
111.0,120.86643290773141
110.0,118.56372101479236
111.0,118.39368660372543
111.0,117.93802626369299
110.0,115.8581162741719
110.0,116.0065409201808
110.0,117.52381736664428
103.0,118.17124114473964
104.0,117.14903929574503
104.0,118.00399966215444
103.0,119.27974032224512
106.0,119.70770607027751
110.0,124.50386423545012
117.0,123.38907239444023
122.0,123.55662731577868
125.0,124.49406159278549
126.0,123.06911848345939
126.0,123.04664310630457
124.0,128.34733229829249
121.0,136.7719729127043
116.0,145.0916351243756
111.0,143.00193197747063
107.0,142.25508594640786
103.0,145.0251859750278
98.0,148.55535180797224
92.0,154.7733888397251
86.0,161.2951802315255
82.0,166.66425968929283
78.0,165.5064832939899
74.0,167.1169562523941
71.0,163.9046576413038
68.0,157.5648064531586
66.0,148.81590338181252
67.0,143.52074921590537
70.0,133.13475967669868
73.0,128.19030398386377
75.0,122.79683356103986
78.0,117.33908179609551
79.0,111.84591165558886
80.0,108.70233819781159
82.0,106.52182468790171
83.0,103.78745517888899
84.0,102.6513979931531
84.0,104.32388899488589
84.0,85.31438538211859
85.0,87.41471445502174
86.0,92.21814089064243
86.0,96.70818580883665
87.0,99.61090667679514
87.0,104.76410759240011
87.0,110.74389590646618
89.0,112.26571823806069
90.0,114.92589489734402
91.0,117.13506259712752
93.0,119.36517576531568
95.0,117.56063318514924
98.0,106.42182794385126
100.0,108.09669510069865
100.0,110.52926988678306
102.0,111.26184136815993
104.0,109.12678094478245
107.0,110.75397048130645
111.0,111.2844278313455
114.0,114.08462282096234
117.0,114.98046320340399
118.0,115.69205656331431
120.0,117.66584478215034
122.0,121.22060680261504
122.0,120.20586311200194
124.0,122.33908801996662
126.0,121.67165211619196
127.0,123.26356678684601
129.0,125.76961220583215
132.0,127.98099491065392
136.0,131.7543060197419
140.0,134.74264316014927
145.0,136.90439374149534
148.0,137.2647244900955
150.0,137.81932426968956
152.0,139.21903877511622
154.0,139.49802657855153
158.0,140.48588044813735
160.0,142.51236906360646
163.0,143.13960581262816
166.0,143.7156642131065
169.0,146.43388245391264
173.0,149.94506784421117
177.0,154.09050804181766
180.0,158.74637007432656
184.0,161.23436190234915
187.0,163.17885170751669
189.0,164.33381952275914
191.0,165.57516700237315
193.0,169.5217591455316
193.0,171.5151092853196
193.0,173.59795016059485
195.0,187.6737893058796
196.0,180.85607129135371
197.0,181.4048420911917
198.0,182.9513125528421
199.0,183.24477292209406
199.0,184.63734292392476
199.0,185.72504537607185
199.0,184.72973967034244
201.0,185.31954300748197
204.0,186.57594123164645
207.0,186.09665085864256
207.0,185.43863206597652
210.0,187.1808328837946
213.0,188.06377141428118
215.0,189.27216809934703
217.0,189.92776404411657
216.0,191.12258655784038
216.0,191.51287522839846
216.0,191.7354632436099
216.0,192.08357490743157
218.0,195.12279721891085
219.0,199.5307655240104
220.0,202.75239461252386
221.0,203.08659104402372
223.0,206.0770026154731
224.0,210.00649331366222
226.0,212.14963108327572
226.0,214.38025341487685
226.0,213.99068748026332
227.0,214.29670881520343
229.0,214.3410771299624
231.0,214.02665086294644
232.0,215.52790019905697
234.0,218.08139678959296
236.0,218.5005455924064
237.0,218.9274469325351
238.0,220.73054117740935
238.0,221.24092769346862
235.0,223.85308610912568
234.0,224.41687965951354
233.0,224.4343356681694
231.0,226.14281242964705
230.0,227.9767248413773
229.0,230.18482907574247
228.0,231.21336164613797
228.0,233.0512931751836
229.0,234.76115805916265
228.0,235.6832812638878
228.0,241.29162068798774
227.0,231.6224486564958
227.0,225.12319472542464
229.0,220.53819223713452
233.0,216.34128083996532
234.0,207.2210585124606
270.0,201.9939939346539
270.0,199.4444193360951
269.0,197.39787994611555
268.0,197.6196134577144
267.0,199.29994821237398
266.0,198.40421457018374
265.0,207.19714395580667
263.0,198.49492236691967
261.0,198.19650110097248
259.0,207.81246763421225
259.0,205.46355332165163
256.0,207.37463564474464
253.0,243.17530499724222
252.0,242.62066388055482
255.0,232.34183448547606
265.0,229.20247621397291
277.0,228.25877871368178
286.0,227.29419087292257
290.0,232.70781983555548
289.0,231.86849425733828
296.0,230.73557858269135
300.0,249.1751046700503
301.0,235.47603786216735
297.0,233.20802294481706
291.0,231.45974323588783
287.0,231.17305630621917
285.0,235.25651334228633
284.0,245.94857677547435
285.0,257.9156589355696
291.0,272.3164206939718
292.0,279.9476637437623
295.0,269.8581241450323
296.0,275.54804462371044
293.0,277.4030734710239
291.0,276.21162181544565
290.0,272.3644094263241
289.0,265.0739143967322
289.0,259.27570581892604
285.0,252.80405344915243
279.0,246.27569716042203
263.0,247.47170137058123
262.0,256.33387747074846
261.0,256.1991459123854
258.0,256.6555142579725
254.0,261.9701693042203
253.0,265.4422219287943
251.0,248.34252310139453
246.0,249.40061006420774
239.0,251.60608393358552
237.0,249.19855836043888
235.0,244.4745303848618
233.0,237.25017011011255
229.0,223.0188491695642
226.0,221.92144728563747
225.0,225.13691060718628
224.0,225.99564221628594
210.0,223.43403406024208
191.0,221.0064899869111
174.0,213.80953996851298
186.0,209.58682340153058
189.0,204.95454300280912
194.0,205.4543740101439
198.0,212.64723969650586
199.0,212.83529437870442
201.0,210.82484513278234
199.0,211.18578316065563
199.0,205.4285216859082
199.0,205.2954141234183
199.0,193.01773825613816
195.0,175.007411221849
191.0,155.67779983102406
188.0,167.37107711946283
187.0,177.49291232888638
177.0,181.28767206203563
156.0,187.12794526342762
143.0,189.69173643576914
166.0,191.54263803670037
176.0,193.70611528784224
181.0,209.14982319788115
185.0,206.41081054215826
186.0,211.31203628828877
186.0,199.75397803149798
186.0,189.3169844546242
189.0,179.30189180420106
192.0,176.01539091366413
191.0,165.07220054531166
191.0,142.07798792589924
194.0,128.54131174366856
199.0,178.896308417319
212.0,196.24752440422284
220.0,186.83650785560323
227.0,187.0571025417539
232.0,188.51449549492395
236.0,194.32523536324405
234.0,191.0778975926362
230.0,194.84327758117416
225.0,205.09720631582047
220.0,209.58857731981925
216.0,198.7408078871602
209.0,197.9670231246998
199.0,202.45226766233938
192.0,210.72802200150417
186.0,214.82989869061925
183.0,219.93292134988602
182.0,223.89486141709546
181.0,225.77709594249671
179.0,219.94659933498727
178.0,214.79327244505245
184.0,210.48029938087345
192.0,206.4045364663409
200.0,204.5291712340794
208.0,190.0287693893613
213.0,180.1702285077467
214.0,161.0241233025849
219.0,159.07751378733104
222.0,156.94092282466806
223.0,158.87147416851923
224.0,160.87407514312227
226.0,161.42542350696021
228.0,161.92574088383142
229.0,169.18560281437544
230.0,180.33434601294226
230.0,191.56827032789903
230.0,207.0126610600308
230.0,214.5777419284774
226.0,208.30481610935723
225.0,211.64391955687523
227.0,207.84145815713376
233.0,209.33802959970225
233.0,210.9118203059989
233.0,211.34319596381204
235.0,211.73657218618678
235.0,211.79733369668799
233.0,209.6111724764308
239.0,207.85576357238537
245.0,208.82900740913578
253.0,208.69685815487108
255.0,202.19383753131854
255.0,202.90611906897826
255.0,199.37961492998411
255.0,206.20531223434662
254.0,210.78488019106493
253.0,230.50011088901107
252.0,219.571622435207
252.0,217.57718346501122
255.0,213.53923504163035
258.0,217.85834055380295
258.0,225.62321309509457
256.0,232.4339359522417
255.0,231.87560140283128
256.0,231.3447349202417
259.0,231.17186034601957
261.0,231.29943817562247
259.0,229.36533806366575
259.0,225.48528666757778
258.0,224.74685409592132
260.0,219.40592794893757
263.0,219.36227616984422
263.0,220.36477128788528
263.0,222.45382059534262
263.0,225.34179424988963
263.0,225.00636213470133
263.0,227.30500828872832
263.0,231.71954299082705
291.0,116.96696376663596
288.0,69.14810288877906
281.0,69.16966338516005
280.0,69.17613630140573
283.0,77.15978707728368
288.0,69.29805787761713
281.0,384.713516463161
273.0,338.803423148701
277.0,266.9872093246902
275.0,251.8133923098992
273.0,257.6197171664413
272.0,256.8017091911452
280.0,246.29357350824768
296.0,246.50551385533896
307.0,239.8550526185511
314.0,264.1037874634703
315.0,253.23725904363053
312.0,261.7454788789774
307.0,263.59758801848716
301.0,253.02060111643019
302.0,259.82579752140407
302.0,262.42625323637003
299.0,260.6071315813469
295.0,261.206083809426
292.0,256.3140196267384
287.0,277.0322122029944
283.0,292.73212009232054
276.0,305.4073529133386
275.0,297.5497281598697
273.0,292.0604494068683
270.0,265.07810695428407
268.0,253.9341334407022
267.0,254.1228351704292
268.0,255.36486589779162
262.0,242.90985156881487
256.0,235.47690087921492
261.0,230.3497024098014
265.0,225.42505728507413
262.0,221.63801323220787
252.0,217.32034415548975
249.0,217.80679099246782
245.0,220.0561346718049
249.0,217.2055384622337
251.0,214.9765435331223
246.0,215.2188687007106
242.0,218.42477916761675
234.0,214.2111635397157
226.0,209.34079058932198
218.0,215.9978957739183
216.0,225.26659416371712
214.0,222.27263268991697
211.0,211.84023720026775
207.0,210.47691375513094
200.0,210.25279881972722
198.0,215.47076046837003
204.0,219.03777197898785
212.0,216.93971597361178
208.0,215.95856798274565
202.0,207.20287452650103
202.0,197.3540032005642
203.0,190.81114524833836
200.0,193.43208960439014
198.0,194.5523338495954
198.0,194.14225790752312
198.0,187.84683886533938
198.0,180.20003037094352
198.0,179.4742889239498
198.0,187.58397574243244
198.0,199.71762808950683
174.0,124.22266776296804
177.0,123.7076914787418
180.0,123.09700694729865
185.0,80.23058385032115
189.0,80.56976851628878
192.0,80.37535279837472
198.0,243.015523620046
210.0,204.6950300668436
212.0,170.39013271621036
208.0,174.6319193259984
208.0,177.069402254744
209.0,176.5314954863348
211.0,174.2076454265448
214.0,175.8643219141534
219.0,181.5238355327788
228.0,207.4205564274112
239.0,218.00476041975813
250.0,227.0506665473789
258.0,234.85939903055188
269.0,244.1418134293084
273.0,238.78263105278512
274.0,237.35263404856124
285.0,242.13329475096904
293.0,241.73803981525856
290.0,232.89622208452653
287.0,233.42401206625686
285.0,236.89491222356898
284.0,245.05098862678147
285.0,253.52693486521838
286.0,257.46038087491576
290.0,253.2894398329874
290.0,263.79369902538576
289.0,262.47082358973375
295.0,257.52147987763124
313.0,267.0072542575722
321.0,274.58491502297846
324.0,268.79950791122513
325.0,261.32283120327673
324.0,257.90454854504964
325.0,256.2246592954667
327.0,257.00485253613033
325.0,256.1515988270503
322.0,256.6790303111605
324.0,257.1959410520651
327.0,258.60540683249354
327.0,269.5382759282079
328.0,271.1288344896464
329.0,280.29868771082477
327.0,281.1098803936691
323.0,281.639518962792
318.0,281.64156312350536
313.0,284.21963505831695
309.0,286.245807586174
300.0,286.10488849580304
297.0,286.3596970579889
296.0,297.32651029343054
291.0,278.339768137503
286.0,275.11396560747534
279.0,272.99452557383665
268.0,272.7658025172301
265.0,268.1711500547221
259.0,264.8751087979004
252.0,258.68981443768433
248.0,251.16182386537915
242.0,248.44100519605797
237.0,235.948829680351
233.0,232.61885548628007
228.0,235.4755759138987
225.0,234.13930982679747
222.0,230.98812623296618
215.0,219.96960399108133
183.0,210.7293416866829
181.0,208.84991826263848
178.0,206.52721125523274
175.0,200.49943945731636
172.0,200.08816292954145
169.0,196.55128820135155
173.0,197.8724703619422
180.0,196.4697815530953
186.0,194.2925717121931
189.0,194.0077198169969
188.0,196.06817380438198
186.0,190.19390602328778
187.0,162.71946383832827
188.0,170.42107866250754
190.0,180.55336590730377
193.0,178.3730906262551
193.0,175.27472713447668
195.0,173.1141433260901
194.0,179.81591087652188
190.0,186.82247207799244
184.0,191.4753611821779
180.0,193.8761081099051
178.0,208.04694991254829
177.0,204.65075750765178
177.0,204.9394908404344
177.0,203.54156689259344
176.0,201.686871730573
174.0,206.17768502489895
173.0,204.99979560321847
173.0,204.3664768725739
171.0,203.37625113407822
171.0,198.01858976973847
168.0,192.508925751446
167.0,190.9365777792841
161.0,183.72806365626641
154.0,184.3603546619681
149.0,186.9128812229822
144.0,188.960724748092
140.0,170.20071240752233
137.0,167.6692661996454
134.0,167.1460298517319
131.0,169.23400022532368
129.0,169.56025760295208
127.0,170.4556042598491
125.0,168.3611074378703
125.0,167.35196019820143
125.0,162.1004406373538
125.0,154.49633563898078
124.0,151.16944473874034
123.0,145.62579052382563
122.0,132.0740572053254
123.0,130.34194875244583
123.0,130.13259717268667
120.0,128.3282881223438
121.0,122.15748055262067
119.0,121.64597593500667
117.0,123.2252234640734
115.0,127.62211330982994
113.0,129.95482440805714
112.0,131.9456295309434
111.0,132.64160791135217
112.0,134.35218332030928
113.0,130.3706068717362
113.0,131.8595107811792
111.0,132.71180391477765
109.0,130.00943853027314
110.0,130.7154461768668
116.0,129.69664936683415
126.0,127.54319272812593
136.0,125.44061789854814
143.0,124.43556350278031
151.0,124.45395465062796
155.0,124.35875792221674
164.0,125.20443302505994
170.0,130.89227151054075
175.0,147.79072228127905
181.0,132.2454592745293
190.0,128.33869287739753
193.0,132.4786291769154
193.0,138.21236661607784
190.0,150.32657790664211
190.0,162.92560890672087
188.0,167.38194923460702
185.0,172.04043240811046
183.0,173.11371701084963
183.0,178.93000758389888
182.0,183.60237025715134
182.0,185.24848448377188
182.0,187.8696851645499
179.0,194.33764211125202
176.0,193.1990368382557
172.0,188.50069420077486
166.0,183.89092840572675
168.0,182.4774115617435
168.0,182.1435902333126
166.0,177.85057393325584
163.0,176.16466179974742
162.0,170.86811000072078
162.0,170.66199131034608
163.0,170.59324819299817
164.0,161.73748240172182
164.0,160.87194999681648
166.0,160.74336149103996
167.0,158.34493609847638
165.0,181.99119823071783
162.0,174.26431870021813
159.0,175.6843604397854
155.0,172.37606796158437
150.0,168.48995850088005
147.0,166.9015441841202
145.0,166.49379382785105
143.0,165.6130832935944
141.0,161.10751362035367
140.0,161.07986969539263
137.0,164.50122898483622
136.0,164.02758271957845
135.0,168.04613289590733
133.0,162.01940252601733
131.0,160.62379190800294
131.0,153.83543750322133
130.0,147.52758445447336
130.0,144.6628203815435
128.0,143.81711330347807
128.0,144.04227696264255
128.0,139.78871154388122
129.0,139.09134435654042
131.0,133.5678123806617
133.0,133.75486473014854
132.0,134.74642383038054
134.0,126.60131192953233
137.0,126.23997058835495
138.0,127.62054523580181
138.0,127.87652715825143
140.0,128.3091851608616
142.0,127.48675486662147
146.0,127.61160339749202
147.0,129.57434917194783
147.0,131.75502492317335
148.0,134.4355013282967
151.0,137.77714199576155
154.0,142.8395918398303
155.0,140.72404816361984
156.0,145.64396994668536
157.0,147.89367618388042
158.0,149.67326731577472
160.0,152.2274383156737
163.0,155.6840355997664
166.0,160.4616731568203
169.0,162.4194748901553
173.0,160.88692479711887
176.0,162.4730915254028
180.0,165.0533429279944
183.0,167.63970981249244
186.0,167.2328089818228
189.0,168.04199127967837
192.0,168.4386544942774
195.0,168.8213604671524
198.0,169.1885550365819
199.0,172.31266136446607
198.0,175.86973955360853
200.0,178.7569968696771
202.0,181.85280077734802
203.0,186.98646798854858
205.0,190.48395374664184
208.0,193.37860846438664
213.0,195.77046734951205
217.0,198.53240479026766
219.0,201.089823135315
219.0,203.30275687586249
215.0,205.39809590620706
216.0,205.69995894435965
220.0,203.266285862478
223.0,204.40227397088927
225.0,206.33176359726707
227.0,206.9310777456112
233.0,208.22566613842866
236.0,210.85277550748455
236.0,215.58309316362596
235.0,219.2067764389988
233.0,219.94458083245684
235.0,219.29819738117263
240.0,215.96109410269935
241.0,215.7870177123105
242.0,220.64222785687684
243.0,224.7305841960445
244.0,226.14240021167868
244.0,227.27793297041376
246.0,232.0506489597467
247.0,234.47250711836273
248.0,233.1571415208647
250.0,231.29744230678673
250.0,231.09985999192804
253.0,232.94555083624905
254.0,237.31640329757545
253.0,238.11422972039722
253.0,238.0648469855003
254.0,239.0493338470461
254.0,238.4291885073867
255.0,237.47333209677356
259.0,239.99341187713625
260.0,242.14525888863585
260.0,244.08999742363974
261.0,245.61579916027188
262.0,243.93978387809753
263.0,246.6453563794812
263.0,248.16971573471744
265.0,246.66316631988389
265.0,246.02827201084853
263.0,247.8778950283682
262.0,248.0267991323222
262.0,248.45067214153
263.0,252.32346436550773
263.0,253.2237421898556
264.0,253.18484655410265
267.0,252.9686955923687
269.0,253.96959015958188
275.0,255.61411200189912
276.0,255.4312316401025
275.0,256.8939364941678
275.0,257.67002748134837
275.0,255.443015892674
274.0,252.62812921842573
272.0,252.58066871269733
271.0,250.28982758087562
270.0,250.43857057875175
268.0,251.16051624340957
266.0,254.86847178002367
264.0,248.0187478484217
263.0,251.2041035407737
264.0,247.93502958471578
269.0,242.35166433546348
279.0,239.34305296154696
288.0,237.4900958997021
295.0,234.62182575873555
300.0,238.89777811154278
298.0,238.14218459106553
294.0,230.6270777156302
290.0,251.97305663069972
289.0,253.6520942331213
286.0,242.20607007548386
279.0,241.11991073322247
278.0,241.4419705019849
280.0,245.73458405068
287.0,255.4519973458266
289.0,266.1304325999871
289.0,274.77388113516713
287.0,276.7344661191007
284.0,273.5829265910536
284.0,268.7190702480179
282.0,265.1776837058685
278.0,262.4311742713515
273.0,259.04575784045875
270.0,249.29562378518432
270.0,241.7418217961742
269.0,243.4405782150401
265.0,249.7672683845257
262.0,250.53014891628737
254.0,250.66460000018566
245.0,252.41347993609944
242.0,255.61074686778426
241.0,255.9433033712762
240.0,255.2921321340909
239.0,240.6570578376024
239.0,232.01263402963878
240.0,230.17045174440943
241.0,229.80992574013504
239.0,238.04692588075517
238.0,227.0859322584434
239.0,225.17356936336375
239.0,219.86416894987033
240.0,210.93301575425357
241.0,209.10057661597426
241.0,211.57358852276673
239.0,213.5023290495592
237.0,206.14835515133925
234.0,205.34300927721927
230.0,208.47658610001636
229.0,212.40272001485317
227.0,211.93656594098064
223.0,215.76108698611503
219.0,219.77036684898258
217.0,224.0727882811155
217.0,220.54976483008386
218.0,222.85903405286825
214.0,224.48185481888407
213.0,223.94466502114358
215.0,223.88152949787548
217.0,220.84839802876445
217.0,213.89494973185853
212.0,213.43172535253862
208.0,212.23288960260766
206.0,208.79207259971577
205.0,204.238760068374
206.0,202.29947588850578
209.0,209.15582022832587
214.0,211.44407579745214
216.0,208.29760426015173
212.0,206.83360620888965
206.0,210.80767945069383
201.0,213.70600485999995
194.0,213.60356877801138
184.0,211.02463750129778
175.0,201.5726308331567
168.0,186.41997946629508
156.0,180.94863821938756
143.0,179.54811044477526
135.0,183.24581904052923
128.0,188.19119747445984
122.0,188.56086421634524
118.0,188.96104082853708
113.0,198.7363221738806
112.0,211.1779428420022
113.0,204.24887009093948
113.0,190.31304352202758
113.0,182.19128885759233
111.0,171.64013451561323
108.0,160.53739293093412
109.0,145.80224546921417
108.0,137.59439679301596
107.0,134.363511395634
106.0,131.79445320300763
104.0,129.76241971838422
102.0,127.4025595148889
99.0,129.4604885928227
95.0,133.57249590763
93.0,134.7819197412021
93.0,137.53707908664487
94.0,144.40693747869489
95.0,143.2508539331711
94.0,145.43239653369758
92.0,146.3030724660866
91.0,145.7418036841365
90.0,146.52294237608433
91.0,145.61346161697932
92.0,144.20342083486338
96.0,120.00152673548894
98.0,116.99578170890844
101.0,117.0414489046714
104.0,120.39982864363809
106.0,117.85359711806615
109.0,121.34943878794041
111.0,122.62913449751846
113.0,115.60059153264658
116.0,115.5734841824839
120.0,115.47007437903554
124.0,117.44498099490761
128.0,120.67381434178068
131.0,117.77085278124471
134.0,119.92087127027365
137.0,128.22209471179718
140.0,130.63709950032626
144.0,135.4330623401101
147.0,138.4141688728673
152.0,140.47652829836525
157.0,143.08895791085473
163.0,145.23617742830177
165.0,148.9433674315746
164.0,151.2616412126371
164.0,153.95945656430055
164.0,149.31407764743605
164.0,151.0539513260023
160.0,153.4911187856283
160.0,155.502287236403
161.0,158.85645065623905
162.0,161.60318175618548
164.0,165.64366637793617
165.0,173.95380224703942
166.0,179.0147688639117
166.0,180.22653987324293
166.0,178.16555571189622
167.0,177.40341248176378
168.0,177.5913342129266
168.0,177.73361510845186
168.0,173.26755226665728
168.0,172.56567552733515
166.0,167.35690697159117
165.0,168.09507751837424
168.0,168.67544993240944
172.0,169.786583311093
177.0,174.09794294304493
180.0,176.48836009333897
182.0,178.5388460020066
184.0,179.3310222693915
185.0,180.7142935562337
186.0,193.30837206759924
189.0,197.5382448111015
191.0,195.65121198852128
189.0,192.20798109277084
187.0,190.37807809706914
186.0,188.74359786503993
184.0,190.69531880696496
180.0,197.0324451434315
178.0,202.58241995098334
175.0,202.78952281760218
173.0,203.7485438510665
172.0,203.769900529436
171.0,199.84542158232512
167.0,199.7298306666664
161.0,202.32553821555973
156.0,199.0907415846142
157.0,195.58841636978048
158.0,193.81104101425626
159.0,192.04780935261692
159.0,186.15713849057983
160.0,179.95083440400796
163.0,178.510863604102
165.0,177.5907062826658
167.0,176.57381869521384
167.0,179.41741720427595
166.0,157.68938332490637
167.0,152.79936118392595
168.0,148.8630596060046
169.0,151.1985556104137
171.0,155.20658730364275
175.0,152.69645485003156
178.0,153.66840119052856
182.0,155.62539406771344
185.0,159.4131692226657
187.0,163.7866105206273
190.0,171.08778450920883
192.0,169.5251420879175
194.0,160.41797483688552
197.0,161.73745080726113
200.0,164.3654222367918
203.0,166.71824460337106
205.0,170.16989100820248
208.0,176.00776327186696
204.0,180.96152646234623
202.0,187.1604101934118
201.0,190.72597505961505
201.0,193.37886650171478
201.0,197.60489748877438
202.0,202.44589371922467
204.0,199.612084483042
208.0,202.1854964688006
212.0,204.78052914174438
218.0,206.27620532325113
224.0,207.32056923690666
205.0,281.5273293079463
204.0,258.1735707509349
203.0,204.592878443936
204.0,193.82746530391609
203.0,198.50301622583828
202.0,196.5110251260922
203.0,187.10420197032397
203.0,183.15719801003382
199.0,180.85340283689214
196.0,195.14788067104047
195.0,181.05983672202305
197.0,179.225178288989
199.0,183.789971452692
206.0,183.0729814997683
208.0,182.9111956237763
206.0,184.55671005791717
202.0,184.11801676516225
203.0,184.3766306854237
202.0,171.81651468306666
198.0,172.85551711636498
197.0,170.7852089509267
197.0,169.6132738770167
197.0,167.78064655244265
198.0,170.63598652026928
198.0,160.93993879079625
198.0,167.58867165909137
198.0,170.03460289477283
201.0,173.84625740727424
214.0,168.7325128619007
217.0,169.45232769244208
214.0,170.9721640358171
208.0,168.05994666631557
206.0,167.61773299902364
206.0,161.7291807239364
209.0,162.55371865696569
214.0,160.95382458922887
213.0,168.1449715721734
215.0,160.40795945323862
215.0,162.19473740542514
213.0,166.5200081372996
211.0,181.45087310897983
208.0,187.63433502386647
206.0,181.56687618406454
203.0,177.5824916860166
200.0,175.82389001151776
196.0,176.7583864189144
191.0,188.08386394205937
186.0,196.3884368958251
182.0,187.98240291580328
178.0,187.45791046186298
174.0,183.5087177278033
170.0,183.45012854097814
168.0,181.7469196901866
164.0,180.73141763840812
162.0,179.6822858933279
160.0,171.06224127814403
157.0,168.00590928092612
148.0,162.64699208430605
139.0,158.5978848279681
135.0,151.22817846708526
121.0,147.82455641314783
124.0,146.3709483179
125.0,143.73845149393912
123.0,141.21776901757437
121.0,139.4559321404032
123.0,136.75907925811816
126.0,135.7632552044167
122.0,135.79064173457564
121.0,134.9145858044752
119.0,127.89328860744023
115.0,146.31605293742007
116.0,119.78304137604758
111.0,115.1209085046689
113.0,116.51203896487824
113.0,120.50753046399316
108.0,119.7440550471909
104.0,117.29904174691812
105.0,119.48321680416879
108.0,123.55329023043073
111.0,121.6422365211595
111.0,128.96276685676324
107.0,121.28684044333849
105.0,123.24873306944416
103.0,119.2380307940995
102.0,121.59012594603759
101.0,117.16121844722021
98.0,118.80571839493558
96.0,113.0914941905289
96.0,106.63802704464746
94.0,109.5744082444318
91.0,122.50769300678141
92.0,117.42437203024329
97.0,118.44634534252226
105.0,113.80254332051595
111.0,114.33224097798495
115.0,114.79435898377386
117.0,115.89918234249879
117.0,108.48867348347545
123.0,107.15143294343457
128.0,104.68179431319052
129.0,103.86911638724274
130.0,100.81938285015349
135.0,97.07382661499848
140.0,98.89107901213174
144.0,104.97418542871628
148.0,114.15006687543932
151.0,122.59870112853315
151.0,127.7854557593207
156.0,130.04474994346486
159.0,132.96691553297845
162.0,137.6599649377485
163.0,143.75152573854578
165.0,145.37025373373783
166.0,145.38329562868253
169.0,149.08114180089652
173.0,152.13376104979054
172.0,153.94434793638922
171.0,156.8898150835846
172.0,159.62022969961274
169.0,161.0022384150594
172.0,164.58235104760473
172.0,155.31400818073084
170.0,158.0943682405668
167.0,159.24633878948327
166.0,159.35182777779923
165.0,158.9191387792268
163.0,160.90767716894447
166.0,163.95323466312254
160.0,162.26230252268925
162.0,161.81499393777017
178.0,162.47293233859472
180.0,160.05311620995445
180.0,168.43897174955248
184.0,172.40589695287878
190.0,170.4752907637221
190.0,163.43458341564758
188.0,160.2808709713434
188.0,159.37158531709622
189.0,166.17034417515012
186.0,162.27460997161367
185.0,160.49197003071473
183.0,154.45602320220752
177.0,168.07641763392328
162.0,169.8155017385888
157.0,171.86414439777442
153.0,174.82487347601884
148.0,180.95432099685308
146.0,187.46437429276875
147.0,177.12777750358373
149.0,175.09293728651105
149.0,179.31011164494586
151.0,176.565943415366
155.0,168.63235919293044
157.0,162.48609501662096
163.0,151.67478694172647
160.0,136.01352561312717
153.0,129.0534627234109
150.0,128.06888975623343
152.0,125.81282832687359
154.0,124.23575894989446
156.0,120.97649909356606
160.0,125.49424159065387
164.0,125.76309450554305
165.0,127.17716624986893
163.0,132.33500588549072
161.0,144.33602254234424
158.0,156.32550317764577
154.0,153.5205665324832
150.0,146.34022168262482
146.0,143.8713718191607
145.0,146.49346660568656
143.0,152.4197822174449
137.0,149.5493345522822
134.0,153.8013276766724
133.0,156.6638922838238
133.0,158.89791058087175
132.0,157.59206593160042
133.0,151.05798370775142
136.0,151.4186521434511
136.0,149.639221436458
141.0,139.05809360673706
145.0,128.794993884593
147.0,128.33840657001446
149.0,126.15420085981592
155.0,111.71217387679619
163.0,107.8579762917806
170.0,108.83161411996612
176.0,110.30188411778451
178.0,109.71351120117163
182.0,114.47893882404335
185.0,118.71534128996582
186.0,120.68796135507199
188.0,127.01294026996999
190.0,136.09586161571156
195.0,139.9426154076547
195.0,142.40513398750633
194.0,153.67262752689936
196.0,161.99184882118314
198.0,169.25142443487783
194.0,173.90709527686192
185.0,173.76620214245017
181.0,177.52669150658062
176.0,179.43392781847666
173.0,179.3632643204593
167.0,185.57627766101604
160.0,188.40795606679868
151.0,197.68763523251903
141.0,186.5631335656686
133.0,177.45890198262535
125.0,176.4132132794407
118.0,177.52385811430767
114.0,171.5951732803462
111.0,160.74636249672167
110.0,157.23436158919043
111.0,147.56937250654266
112.0,145.5816345770931
113.0,139.1407204686279
114.0,133.43352553005556
115.0,127.18160380968547
116.0,115.46602655340078
117.0,109.38165036039288
119.0,103.69282600107981
122.0,108.30825314548767
125.0,97.51394283478427
127.0,96.42005940767928
129.0,95.9921046089689
130.0,98.60620763599012
132.0,101.28256378897026
132.0,103.79105602077479
132.0,107.13422460564338
133.0,109.83220717903168
133.0,117.05146905808584
134.0,124.28954056942118
134.0,126.91956004484695
135.0,130.83290294625883
136.0,134.50670545984752
139.0,137.05208830424385
142.0,139.36323284331345
147.0,141.09204862139913
153.0,143.67534554245887
161.0,144.5180967231157
138.0,145.063242407768
144.0,147.21230536413606
149.0,145.65129745812933
152.0,165.0832638515982
151.0,156.8469539058588
146.0,157.6522208986495
143.0,158.44459729326937
136.0,161.73174596765594
126.0,164.5901084640259
121.0,171.46194495071913
120.0,167.5609525232577
122.0,166.7753925489529
124.0,141.53707129346938
126.0,141.71419694056067
129.0,152.94532443443984
132.0,155.66254295964865
137.0,152.91180878152576
158.0,146.7044009381414
163.0,137.7071703816551
168.0,130.07115365488235
171.0,125.17474260622005
174.0,109.72555998161201
179.0,116.74423888696427
182.0,118.25051593377462
182.0,118.21792655077647
184.0,119.0172914142926
187.0,121.98187538628228
191.0,134.07264346345673
195.0,129.37602192469296
193.0,150.60711853467618
191.0,160.64051391893966
191.0,161.85293390672763
192.0,162.2258226703532
193.0,162.70754213432795
193.0,169.77268524516958
195.0,170.39362352239374
199.0,170.1482481844826
201.0,171.46503499125922
204.0,175.1110225368075
204.0,171.42501858466906
207.0,170.1891474349312
209.0,167.42035080201703
213.0,164.72755848610657
215.0,165.5346156259867
214.0,167.0547459089618
213.0,168.95341335350332
215.0,166.81389316582388
218.0,180.58948372088852
222.0,171.256718697471
232.0,179.7292084208472
238.0,181.57062813161554
241.0,183.28918608892275
243.0,186.52054573634965
250.0,188.84529558895966
253.0,192.11294603203453
252.0,193.5463757945352
252.0,192.4411412293291
250.0,190.99590788355266
246.0,194.57272144033857
241.0,198.2600641303838
238.0,201.22596214186606
236.0,211.56255383301803
232.0,216.82393149295257
231.0,217.95119188528895
225.0,221.35267479197068
221.0,219.43684522810162
217.0,220.29794739052144
215.0,216.9160888015474
211.0,213.88811927280898
207.0,210.94430612051042
205.0,206.25701885136198
204.0,197.75963724778833
202.0,194.0567685843093
200.0,186.8616959860349
197.0,184.71899905326526
195.0,182.52169850764602
193.0,178.12119138996027
192.0,172.3236555753193
192.0,169.488263021533
194.0,168.51710831732885
194.0,166.81081863442267
191.0,164.98783323818697
189.0,164.6731614026122
189.0,172.4931342771858
189.0,164.20265325062752
191.0,161.75315094452495
194.0,160.67895777471358
197.0,159.7378025578364
198.0,159.21769783810362
196.0,161.01970160562365
193.0,162.15837403057907
192.0,165.79382094907828
191.0,166.8005336705514
190.0,163.7842699370486
187.0,162.53114224299222
185.0,163.9909038759927
186.0,166.03663274989498
188.0,169.22016544445387
189.0,173.8938223426403
188.0,177.97691117444262
185.0,181.89019190395334
183.0,180.57849585364863
186.0,177.6699555017904
188.0,178.62583540821257
191.0,180.13389039843423
192.0,178.04188441236798
205.0,172.19042573892452
216.0,170.6480774354576
227.0,172.36111376262994
234.0,174.6225107446959
246.0,176.46241204411604
243.0,176.57486457634462
253.0,175.52608746029978
254.0,175.79596400089804
253.0,179.37636648311724
252.0,182.69254737378625
248.0,191.96807343660697
241.0,183.26187147937281
236.0,195.38975608450613
235.0,211.13944437600873
240.0,215.66382799559
248.0,218.12362099965603
247.0,234.55147814365762
251.0,222.63977007789498
252.0,226.85648348726994
249.0,245.08877948093817
248.0,226.99577880614382
250.0,233.56224521740785
252.0,218.59670677524696
249.0,207.15464824921455
248.0,199.95912167876816
243.0,193.3939316331668
237.0,196.2370736540097
239.0,208.06475093483127
236.0,203.76074745958576
228.0,203.3665152008593
227.0,207.84599732011367
227.0,217.0074981880225
224.0,208.4959025124836
222.0,213.84183753665647
221.0,215.61128850609524
219.0,216.09840712527378
215.0,213.2329843349247
224.0,199.75621504378066
225.0,195.4455334904918
221.0,196.96064990419472
218.0,195.073815105384
213.0,191.8308032916412
212.0,191.1237199828127
209.0,192.46385164760184
204.0,184.12771850522512
199.0,182.55837524970946
193.0,185.5810262042228
187.0,184.16737697724213
181.0,183.83093150150881
175.0,192.39569131846343
172.0,196.05236865357872
167.0,193.7780311148104
162.0,194.94879448209332
150.0,185.96918943785863
147.0,185.12653104306472
141.0,184.6791191943363
135.0,180.27821743821298
134.0,176.64675616718375
130.0,171.5920024359135
125.0,165.17902284771242
117.0,160.12955331531674
116.0,157.79377627513952
110.0,149.04390005994495
105.0,146.64179210292608
105.0,141.04472843828526
100.0,130.87917926408633
96.0,126.57299743541301
93.0,122.19811285166199
92.0,114.70683331686826
87.0,114.69291991387391
84.0,115.46834207592158
79.0,112.35890222849898
76.0,103.98471956540948
73.0,109.1827570969256
71.0,105.38505043596527
67.0,103.78111017636016
67.0,104.40039378620827
67.0,103.16649472410961
71.0,100.4892491640546
76.0,105.06903789846635
79.0,97.97241669017495
80.0,94.77645650115517
81.0,93.63998022345582
80.0,89.06743068460096
79.0,87.32888137745586
79.0,86.5281439208928
78.0,83.84265580911212
77.0,81.66532572660083
76.0,82.7617242179238
75.0,85.59074147697534
77.0,89.50505131361247
79.0,96.76418413157853
83.0,100.63877989559239
89.0,109.14185759098837
94.0,110.33423269060143
99.0,110.52261701960657
101.0,109.998087685196
105.0,111.39080991651512
111.0,110.59036941074545
118.0,110.33878674533595
125.0,103.94026565949389
135.0,100.38341546663429
120.0,102.0468364913263
130.0,105.0760665283706
138.0,109.0679528076921
146.0,118.0881368231901
151.0,127.52609510230947
156.0,131.00663182644973
161.0,131.79879430188487
166.0,133.91121088153517
170.0,142.86970965639284
175.0,140.4172398346521
178.0,161.78576558659543
182.0,156.68390685294884
184.0,138.38187104710198
185.0,142.25049904548013
188.0,160.0652827466766
189.0,157.81140312518917
188.0,160.3821797795324
187.0,163.31838289142505
189.0,166.91708661717993
186.0,162.44764827788862
184.0,163.74524878659219
189.0,159.35120055360045
189.0,169.6411855027872
188.0,170.2076984642188
186.0,169.86099129766876
182.0,169.09777935173213
179.0,171.69257845828466
177.0,171.59209991222687
176.0,169.7461478465367
175.0,167.82946887990468
181.0,179.30753899092608
186.0,168.76246450009512
183.0,165.97927316141545
182.0,171.80214226042494
186.0,168.05126773415097
190.0,162.10643077243552
195.0,161.59513322014618
195.0,157.83967928340735
192.0,151.55026149528769
188.0,151.69971011481894
185.0,150.90427682411618
180.0,151.94381524340486
176.0,159.6911986575225
173.0,165.35390730280923
169.0,161.75298053287116
165.0,162.74766273723142
159.0,167.65702880067582
152.0,171.83849070729417
148.0,176.821208815923
143.0,176.87302692162365
164.0,173.83511858326503
164.0,170.14114393669152
165.0,166.14074637078315
166.0,160.80276129432704
167.0,155.7509328468595
169.0,155.4360719476772
170.0,152.24988369315875
168.0,150.48595630704398
166.0,143.55247127089885
166.0,135.5406229063079
162.0,140.3035152825387
159.0,137.56879941917126
153.0,150.5984099455174
147.0,155.94112865666594
141.0,152.19913291159588
137.0,153.7272931489071
133.0,158.6915383090898
131.0,157.56436774420678
131.0,158.5768103322125
131.0,158.81443366952587
132.0,157.43322168573525
139.0,161.04268625956186
140.0,146.6137437249308
143.0,140.69965070197932
147.0,134.13422670100593
151.0,129.11661479911237
154.0,124.73322745782224
157.0,121.88151316217962
158.0,119.17289312632016
159.0,120.39368709672303
161.0,121.26443569980182
164.0,147.39132154197247
167.0,134.42182445214706
167.0,140.70289495266863
168.0,142.7304990687182
169.0,152.05421965805115
169.0,155.64337567812007
169.0,159.50665444571777
169.0,162.09966401565848
172.0,164.0552066653106
174.0,164.30227473775645
174.0,160.32263090896717
174.0,162.28101559064964
175.0,162.68071070768667
175.0,161.61961501649063
174.0,160.72402061240237
174.0,168.20938130695617
173.0,160.40336720405088
173.0,159.3726832557147
172.0,158.2765643994832
175.0,158.24461237130566
181.0,161.1219069986149
179.0,162.9898045258784
174.0,161.6412336475812
172.0,160.32241305108957
172.0,162.03359659698347
172.0,158.49050837347167
172.0,157.20257580066684
169.0,157.84459758906235
166.0,155.56354940389656
165.0,152.2564339914845
164.0,150.92339037018002
162.0,161.47719713181087
160.0,159.4324817207165
159.0,159.315204659442
162.0,156.64053814950438
163.0,154.32555144106288
160.0,153.56786480188336
158.0,144.9969388058555
158.0,145.35361387478906
158.0,140.33010301732156
158.0,141.22020994259384
154.0,140.19920733703316
152.0,137.50384339289462
151.0,136.88010107719424
149.0,134.6259682715267
146.0,134.65432445606527
146.0,140.93462067851874
146.0,142.3885640525211
146.0,138.72691277679883
145.0,137.51024264478684
144.0,138.88310148848973
143.0,139.87777018000685
141.0,137.47534016853217
141.0,136.77533081314144
141.0,133.26028192337003
140.0,133.81044554131256
139.0,133.97103707060867
139.0,130.9842469047754
138.0,133.00807737833952
137.0,135.3919857183905
137.0,135.86835992311836
138.0,135.36839880892373
137.0,134.62279616648422
135.0,136.24335316678247
135.0,137.69612552202952
135.0,137.85904007230727
134.0,139.4934375420987
134.0,140.5635659855777
134.0,136.75627456816426
134.0,137.33401078797783
134.0,137.2773126186317
134.0,137.51560992522758
135.0,138.46453202521747
136.0,140.59453323742872
137.0,141.23453060830525
138.0,139.63717247602494
138.0,139.427430644709
138.0,141.0203756561147
137.0,140.86404739915267
139.0,140.92655128866198
140.0,143.64047486019481
140.0,144.29179251583565
141.0,144.0613936282343
142.0,145.45715352380205
143.0,146.6754938650377
144.0,148.76066089805107
144.0,151.7856611246317
144.0,154.60061207882572
144.0,154.9120117863956
143.0,154.63025568444823
142.0,153.41129244993942
140.0,155.01985115574072
140.0,156.70929215543728
140.0,156.72695339029423
142.0,156.87814197234928
144.0,157.6832122539749
143.0,158.32584156050854
144.0,158.6326628763391
145.0,158.61420153256378
146.0,158.38703293254545
146.0,158.90054362088506
147.0,157.20489939532183
148.0,155.62936122112188
149.0,151.70421619840874
150.0,149.17242811321753
150.0,147.27963986480134
151.0,149.1090343933512
152.0,151.4030330407917
153.0,150.7618435363797
153.0,155.45549565037328
155.0,156.72091256469707
155.0,160.2052248607398
155.0,160.17379530325272
158.0,161.64977784515054
160.0,162.8692680638941
162.0,163.83925906484598
165.0,164.02367000729495
169.0,163.07526806242603
172.0,171.64795881722375
173.0,172.48158183092676
174.0,173.11462696423317
174.0,172.7708756828192
175.0,174.7212496365779
180.0,174.77146406878222
186.0,173.95527875151402
200.0,176.52567062924476
211.0,178.8203052919871
220.0,180.88890687812554
225.0,183.4319637279126
229.0,187.25429017936872
236.0,189.68867133539604
237.0,190.28749529758642
235.0,190.01345133566255
232.0,190.07228421820267
231.0,191.74414863923926
226.0,184.59048766432127
217.0,204.6664735319852
206.0,197.84255634416758
197.0,204.38185572970048
192.0,207.44145718133836
189.0,215.2180062366419
191.0,208.7489708451378
189.0,213.5246473323088
183.0,213.28675173251168
178.0,209.90568134962987
173.0,205.3513862350515
169.0,204.2917754164052
166.0,193.71016203666267
163.0,182.29070719395082
158.0,164.17078038674535
152.0,157.0528811157194
148.0,154.8917368312042
145.0,152.45081032913387
142.0,154.01390430634956
141.0,154.59862868047946
137.0,149.64382113351513
134.0,144.53615789970502
131.0,141.70187078916513
128.0,141.4304108373935
129.0,144.8604070318893
130.0,145.07016926994825
127.0,139.17663615897936
123.0,134.09154497793148
120.0,128.74939720175826
119.0,126.61520256895562
118.0,128.154414727834
116.0,121.56527297253967
116.0,120.55789727095758
116.0,119.10499812107395
117.0,117.81725108538777
118.0,116.15296654439379
120.0,116.73288836813498
119.0,121.8834124395919
120.0,121.3405913631772
120.0,118.8368525298805
120.0,117.46245535514197
120.0,117.37918783938791
119.0,116.3932835184706
121.0,122.04217192676849
123.0,123.70695715070099
122.0,126.76821869663804
121.0,127.96743295720606
120.0,128.76111560324875
124.0,133.68730951756544
130.0,137.01689955784934
141.0,142.66385464601962
154.0,144.04743671529084
167.0,144.46855357813283
177.0,145.44439736616738
185.0,145.41805991162272
189.0,146.69578978125486
195.0,164.2043383183169
199.0,155.77266500741345
203.0,143.2011871936665
209.0,139.40413463669768
216.0,138.84176748413952
221.0,141.17203454155975
228.0,154.82728731468225
234.0,165.66317539232335
241.0,175.62986103240155
245.0,180.37870547019727
244.0,183.29257025150554
244.0,184.8291875427746
241.0,188.81834788902228
236.0,200.42694344312503
234.0,192.5985947951027
232.0,196.57680061670357
230.0,200.2343387993804
228.0,200.77466782749443
228.0,202.8207854632742
225.0,205.78421295025052
225.0,209.88540227670666
225.0,212.8077291590665
225.0,209.6319870238149
228.0,208.66230889920075
229.0,205.95308020015662
229.0,196.60896702598097
229.0,194.33889251280766
231.0,194.29045655523475
233.0,186.48005761989694
234.0,185.35644169409238
233.0,185.4414050577518
235.0,183.42009691054616
240.0,185.24258295256837
244.0,186.83616284860963
251.0,195.41388552325586
257.0,187.72053982419737
251.0,188.26314088488104
244.0,188.45095381728768
240.0,189.3698789576013
238.0,193.34378782361426
233.0,194.74500529400467
228.0,196.1967517558128
223.0,194.95300987008358
218.0,197.18977029449917
215.0,203.45849786231787
215.0,206.30360317542988
214.0,212.3401687657256
216.0,211.72405289419603
223.0,204.73157779555999
234.0,194.37314150374314
244.0,189.93098829593018
253.0,189.59840575513476
259.0,182.50829185366206
266.0,175.80206100410427
270.0,171.21123816689493
273.0,167.201650957481
274.0,163.16442838916834
273.0,161.70190746952292
270.0,164.5471437478626
262.0,196.41135894163116
258.0,197.03813176725916
254.0,208.54857665964843
220.0,229.9201517688786
217.0,235.00104791780953
221.0,238.97105476769622
219.0,244.03409184686927
213.0,246.209584438048
205.0,246.20442537220066
194.0,245.61895498820945
181.0,243.02232702978608
171.0,237.55827094038966
164.0,228.49061743646828
159.0,215.70442577451317
154.0,204.96404671767112
149.0,171.80894334864823
146.0,162.92407041468823
138.0,174.01731077769597
131.0,174.5007072195582
130.0,167.05597179088485
128.0,159.52463357011055
129.0,150.9511978932837
129.0,140.47540768967897
128.0,131.4106053837068
129.0,127.92058421897217
129.0,126.93319967549972
131.0,123.40246897376925
132.0,115.3561758106784
132.0,115.28870207276688
133.0,109.41315947577687
134.0,103.57152018195835
135.0,105.56056254692797
136.0,108.71146396297641
135.0,114.00231155675381
134.0,116.01095320846417
135.0,115.93526618860119
135.0,118.50832196232611
136.0,120.75804015637485
139.0,123.52115453944978
140.0,132.25514888386644
140.0,136.96377926295392
141.0,137.9742914923647
142.0,140.547416454878
145.0,142.37872154576806
149.0,144.86334324044648
151.0,145.97099297455352
153.0,145.59811980355087
156.0,148.25191950564619
156.0,145.13716945745662
153.0,141.24178216223618
149.0,148.81302843122458
145.0,142.929771828115
143.0,143.5121955695909
140.0,142.04385508957702
139.0,140.36986092599264
139.0,141.67423797123791
139.0,144.44317338353562
139.0,144.3472632150319
139.0,144.98982545194923
139.0,147.2298942453746
139.0,145.84009545476653
139.0,143.5909542011259
165.0,46.60016608501694
162.0,43.02162174930338
156.0,43.02162174930338
149.0,43.02162174930338
143.0,43.02162174930338
148.0,51.00906917877893
144.0,194.06230453119483
137.0,185.86488002921988
141.0,158.9505902533813
140.0,156.1946870500266
140.0,161.63492331437993
140.0,162.00666825416954
137.0,154.64690614475074
134.0,155.27607023878454
132.0,154.87691296422716
130.0,161.34835013465
128.0,154.91398395578594
125.0,158.1394353290719
122.0,157.91039743529112
121.0,148.9695206955271
117.0,151.1841864980124
112.0,152.4466100357265
111.0,153.22801371729378
113.0,153.05752026794664
113.0,136.36509974697583
111.0,132.51219798388718
109.0,132.91386655878358
109.0,128.9376035970789
109.0,128.46944434314253
109.0,129.47203895025422
112.0,117.92675628684697
114.0,118.06196477922384
114.0,115.45869009772079
121.0,109.98269438854544
139.0,110.04039248386631
152.0,114.09840060555824
166.0,122.2436416143646
163.0,123.5668300910927
172.0,122.27546356415075
183.0,123.79092814245669
194.0,125.5451763642605
209.0,132.40406912411177
221.0,147.74479598067896
223.0,132.84206774875048
203.0,133.81017824563085
206.0,141.98191118353753
210.0,159.17372910330155
212.0,172.2365673106949
210.0,182.193156579735
211.0,175.37539877731672
214.0,179.7093763025671
214.0,191.1850498228497
215.0,198.81257025044226
215.0,210.6039355648358
211.0,227.96402421404355
209.0,218.11415002003588
209.0,187.49376817136724
203.0,183.06346614361124
201.0,186.05360005293005
199.0,191.23469891042546
199.0,186.2127792280886
203.0,184.63622181840972
205.0,181.5451411428499
204.0,178.13498492678715
207.0,181.4352280795113
209.0,180.9095136724938
213.0,187.57046865166245
216.0,183.12027046606534
217.0,181.0852296352044
221.0,172.26060473764323
228.0,171.98992167270197
232.0,171.60004863725297
234.0,171.3166381518948
243.0,184.24536628078567
253.0,181.25950734440553
262.0,178.66706414793987
267.0,181.29874176659476
267.0,187.02432342703548
263.0,190.19410117682813
268.0,195.27245738126555
275.0,196.20931346702352
283.0,199.4951562651597
291.0,214.51283286219524
295.0,209.86052346846543
301.0,203.35583150765385
304.0,211.70616249974105
306.0,215.7692140931456
305.0,222.62053357505835
303.0,224.08083369445927
297.0,221.23414651755473
290.0,216.6980189999858
287.0,217.95395910172635
279.0,223.8839956899191
268.0,230.5870179312828
266.0,245.8675377148984
265.0,235.65228406666643
277.0,237.32977610010283
276.0,244.6961965675872
276.0,241.98375699430753
275.0,240.71687807248918
273.0,240.8919673316371
271.0,234.3561938785233
269.0,226.1409450264938
270.0,223.67406510250493
268.0,209.06375654737573
263.0,206.60753104269523
263.0,197.46575330513411
258.0,199.12186800445477
248.0,216.27007962772336
239.0,217.31945697660865
232.0,206.4480695952771
237.0,206.73334995089772
237.0,206.63400783389835
232.0,210.93406874333587
225.0,210.770513181007
222.0,216.34516629545544
217.0,208.4484073177457
210.0,204.05975811347508
212.0,196.65446949197644
217.0,193.93313033008752
221.0,184.03552709476978
223.0,175.72826133490085
219.0,178.24307775326807
213.0,185.80925255298501
208.0,189.1674555952751
202.0,183.5269445160177
202.0,176.58644517139632
201.0,176.27520865422696
200.0,172.60985568706553
200.0,167.0802484077188
199.0,174.81341610783775
195.0,183.43394239806406
190.0,190.39142035484105
190.0,189.17375253510954
186.0,179.9295872467795
181.0,179.8112157834369
183.0,180.03655937298095
182.0,176.6124953912923
184.0,173.19120531533736
187.0,177.91584723204693
195.0,178.68301890885272
202.0,178.3786793039976
210.0,175.5806515740433
216.0,175.59414092505617
220.0,173.08603610979694
221.0,175.0488324294015
222.0,166.78599660691324
223.0,159.30088009429
225.0,158.61653318213664
227.0,157.78656892558507
232.0,158.93583839273043
231.0,160.8600300908691
231.0,168.4506692126023
229.0,176.7194884321363
227.0,192.51177083107584
228.0,196.26653093042177
228.0,195.0295436350899
223.0,196.63001886756382
217.0,189.5015360528567
212.0,190.4478070196973
207.0,191.63525021211095
204.0,193.59658833306992
202.0,204.20202205028238
201.0,194.71054388518127
200.0,191.39941096872778
199.0,188.05621292139932
198.0,184.78851327964028
195.0,186.2824187124793
192.0,186.9244244679283
188.0,179.84545347764453
186.0,174.1764176821548
182.0,170.17298576033417
180.0,164.76043706219457
175.0,163.63123993342867
168.0,163.30935228374815
163.0,159.79608878041495
159.0,160.7586572719306
155.0,159.6735468643447
151.0,158.14342636227602
149.0,156.51247085474705
151.0,154.70037838462028
151.0,152.31084519556364
145.0,154.4561714298534
138.0,144.4195999844291
132.0,142.98725198148082
127.0,138.59994407009546
123.0,131.20530818837852
119.0,131.05774056148417
118.0,128.0641067332021
122.0,125.89290258524159
122.0,123.18067175784971
117.0,122.94246512964403
115.0,129.05083650082756
114.0,131.35504445206018
115.0,129.2923702150014
118.0,121.7245624671771
122.0,118.28513020246653
120.0,115.40798184440837
119.0,112.78410791110818
123.0,105.78452219961511
129.0,106.55720745140205
127.0,112.51372807930773
126.0,112.53664211921802
118.0,106.48036549770183
115.0,105.79166496642435
116.0,108.5703552106821
116.0,112.36116441425183
116.0,118.46179920578587
117.0,124.57722720545934
116.0,125.05971289944411
116.0,126.23010103467254
115.0,136.31764433314206
114.0,143.4773593956095
113.0,144.35262296180693
118.0,142.84573193519637
119.0,136.23751231005733
116.0,131.97421845429764
114.0,126.85759461885615
108.0,126.9559796645162
105.0,127.50611131627252
111.0,130.0994504244253
111.0,129.32021926661002
109.0,126.87692032836318
107.0,127.04387835351785
102.0,130.12302805726864
97.0,129.49586402552868
99.0,133.11565110046763
101.0,134.80356865447595
108.0,135.03549107157394
112.0,133.62812452971482
111.0,122.6047667584467
110.0,119.32917527724368
109.0,122.89572164207057
109.0,126.03493612823198
109.0,123.44428756215402
109.0,121.24479379780084
110.0,114.24756052604295
109.0,107.92581958372041
109.0,110.28564750788948
117.0,114.97493044777121
117.0,124.29236416013276
118.0,130.8732939040032
118.0,128.84175494675296
116.0,130.62882865246033
108.0,129.63520475366352
115.0,129.67068158479563
121.0,131.16685882003685
125.0,133.3492186328085
128.0,131.75171469931954
127.0,126.4161227572794
125.0,124.94517525807919
129.0,131.63787807393945
133.0,134.27178248294095
135.0,138.42826325382745
134.0,139.0420091312649
130.0,137.33012673486732
131.0,128.38134656618394
132.0,133.4481661718797
133.0,137.79620548059467
133.0,139.9463926902775
137.0,149.38173276521286
136.0,145.2102806655264
134.0,143.14160354130192
133.0,146.3708375901685
134.0,158.50669681133502
138.0,160.457321685225
144.0,162.7472656064633
145.0,156.01293961476898
142.0,154.34954305105484
143.0,155.1202701382461
143.0,155.50364889896423
144.0,156.28020178820603
147.0,157.45514322574044
148.0,154.34264507750197
148.0,157.0748123987383
149.0,154.5288019940666
153.0,156.1006382531946
156.0,160.11667856179733
156.0,166.18988885697308
151.0,169.41887574092007
150.0,165.77846994889757
147.0,166.2607788021154
152.0,165.3801911062738
159.0,166.33784914651068
165.0,170.15020139214727
172.0,172.41823321209358
179.0,172.09101480876572
183.0,171.463770692104
186.0,173.03540241838172
188.0,194.45207523751037
190.0,184.90828674070815
191.0,177.67316681112794
193.0,165.58405419961872
192.0,160.23889391499787
192.0,162.69330512333602
190.0,162.62360674313882
188.0,169.403773282074
185.0,178.72592523402233
176.0,182.67009038754327
168.0,183.9209262021019
164.0,184.63515976151072
168.0,187.48468963504817
168.0,196.54766063273564
170.0,191.2179489864978
173.0,187.44012739944228
169.0,184.33130495689676
169.0,182.69259382489292
172.0,179.388218777209
176.0,175.68836744547107
179.0,172.87975806955677
182.0,157.74287068926287
184.0,150.4304797113642
184.0,140.24083383783545
184.0,146.2545570375066
185.0,140.73929130642304
188.0,141.25859944384575
191.0,148.81928768707846
191.0,146.23526026041273
185.0,145.92913566537777
181.0,154.26958810069956
183.0,164.09066820358814
183.0,169.31678138633671
185.0,172.94824981028123
185.0,172.93189735746117
187.0,178.7418625310849
188.0,178.09059036828933
188.0,176.01256316795718
187.0,183.2899156308956
189.0,183.67729944241322
194.0,183.75963762101995
204.0,177.2791710853846
196.0,173.27151975720042
198.0,174.6559946370594
198.0,172.723869444191
197.0,176.06198095320946
196.0,178.92420453691628
195.0,200.36656472177992
196.0,187.85915897402532
193.0,191.69825649247784
192.0,189.42074385052996
181.0,197.30386705553317
171.0,194.64425460603192
177.0,199.64401752777232
174.0,188.75323494465246
174.0,185.31284127872345
173.0,186.03852519645372
173.0,183.58011788445086
175.0,181.20912640332836
177.0,180.28130841219507
179.0,183.31126123824635
182.0,173.7229419977785
182.0,174.42157079127196
176.0,157.30162111378164
178.0,146.78834561863218
180.0,153.8327141219024
174.0,154.01528767866324
171.0,153.4519104116697
170.0,153.42765737400697
175.0,154.61962847853908
175.0,156.10634711139323
182.0,158.16352244315186
186.0,162.0471069872708
188.0,164.01654600654518
189.0,172.99226660956953
185.0,163.55745571901696
178.0,169.6669008765249
180.0,173.1895424208088
176.0,168.67224717307946
176.0,165.13934331694236
176.0,158.73987713838346
172.0,165.56499506143578
179.0,167.2552291422302
183.0,168.6090597631148
186.0,171.1062459167651
189.0,182.6528706968331
190.0,182.78492995631623
190.0,178.2530306717114
188.0,170.28481942219364
186.0,173.95449845697576
184.0,174.6240105573945
181.0,167.09985774394684
180.0,169.52110603635828
178.0,165.24527418603873
176.0,171.09138197823196
175.0,177.52793347142347
174.0,183.24370103727443
172.0,189.7148939122327
173.0,194.15219921516362
173.0,193.28266986271777
174.0,194.56631892744218
174.0,191.49239075369337
174.0,189.16552900312828
178.0,188.7049689541742
174.0,178.7248595337847
177.0,176.24111069450746
181.0,174.21236149804352
178.0,175.96878922930762
180.0,175.12846090089909
172.0,173.11891454564014
170.0,174.4319956066326
171.0,176.16643707926534
174.0,177.39799203304386
171.0,178.2062221798632
167.0,178.0952578572853
163.0,184.52177109205346
160.0,181.95328857194244
155.0,187.92525188048674
148.0,193.2010790990518
141.0,182.2063499203042
136.0,177.31907431787968
141.0,167.3096294537176
143.0,161.3907183987176
142.0,155.40801465740955
142.0,158.8099433490552
140.0,153.71633131068634
138.0,150.56822761852192
139.0,146.42567492626725
144.0,141.86365510576672
146.0,138.7366192647045
149.0,130.30531313362218
151.0,144.04067484454953
150.0,123.79099383147908
149.0,128.9140484900936
148.0,131.17144784908643
146.0,130.27297888874304
145.0,130.7938836318071
146.0,138.22061541677576
147.0,128.86469170492865
148.0,132.70638989880513
150.0,144.25512939688286
151.0,141.19643699199946
153.0,148.54699114921428
155.0,151.4309811854362
156.0,148.52038980929547
157.0,147.75058498796622
159.0,146.60601600968522
160.0,145.68482504744003
161.0,145.8448851057957
164.0,143.60839663409445
170.0,139.925899009203
175.0,140.70429404834547
182.0,141.9556225986656
191.0,144.93841077815745
195.0,151.82956088598203
196.0,148.41051458423289
196.0,147.07087531592705
189.0,148.61463408643857
200.0,150.71783798487533
200.0,151.59686814158647
192.0,158.88294714443714
184.0,154.40652092330353
175.0,160.67894422276333
168.0,164.3581218410515
158.0,168.53402144326543
149.0,175.06720776591393
142.0,176.8600034707839
136.0,176.27976506231659
131.0,181.51937861713745
127.0,167.61478599924726
124.0,178.1034475367606
120.0,179.98705892062375
115.0,168.92195101252025
111.0,155.39030517114912
107.0,138.5940624203694
103.0,131.13107365890318
100.0,121.89595155043384
100.0,114.81740937143607
102.0,110.15060870070093
101.0,109.82402406782026
97.0,100.43851958916503
94.0,93.47469180078173
92.0,93.93964410327975
90.0,92.42890474093198
86.0,89.83739691173929
87.0,91.03668629495986
86.0,91.1532642942513
81.0,89.97939792657117
81.0,87.702428805305
88.0,88.92631911061191
88.0,92.98311100239259
88.0,96.4036378487466
87.0,92.83570007520618
80.0,93.62774368573976
78.0,93.29512049943436
78.0,93.19740581105755
82.0,91.41565998317225
86.0,90.62125152453096
88.0,93.35673005519205
90.0,89.58846674058557
89.0,89.11720953220801
89.0,98.73422496011244
89.0,102.60808111221874
87.0,102.54453852794724
84.0,109.09107807095194
86.0,98.27884488838093
87.0,97.1831473338811
92.0,95.08829055417183
95.0,98.1701099590932
96.0,107.93936935380557
98.0,110.87738810157458
107.0,109.72571786360376
122.0,113.24013010767712
117.0,114.49422588859406
122.0,114.13221507453595
129.0,114.53611991471794
137.0,112.23335294488251
146.0,113.88052842433424
153.0,110.19416763370285
163.0,112.97325657707658
171.0,116.01874880544767
176.0,121.9414375904062
180.0,123.53296355015206
183.0,132.7770332369311
186.0,148.15164235467992
192.0,143.04981333396722
190.0,144.1126602358618
189.0,151.51694105114055
189.0,159.6693705321938
188.0,166.18657249669693
192.0,171.8008026672817
190.0,185.5606800538719
187.0,182.93049506769492
184.0,180.11989410892267
182.0,174.02238089799337
184.0,176.9188187759384
187.0,177.2692942022575
184.0,179.64985281817957
180.0,175.09808173058056
176.0,170.73784755189394
170.0,170.91618554664151
168.0,168.7517947303188
166.0,170.85322479272304
171.0,170.187633153413
170.0,165.6447254203928
164.0,156.9830532267687
166.0,156.352881556209
164.0,157.54400447534846
162.0,162.85112593857372
161.0,161.7756906221229
159.0,157.80111995972703
155.0,155.7002199419183
153.0,149.49856172138897
151.0,149.07293339561042
150.0,150.026044494877
157.0,157.14832743705574
170.0,159.98903729114247
174.0,152.37260334933066
177.0,151.8769503092905
179.0,152.76488776496765
180.0,151.58933030351326
177.0,150.957355063059
170.0,152.1646445176895
165.0,156.8050559698528
159.0,156.18052780769196
153.0,158.4465785022759
155.0,148.30029595810632
155.0,155.81796311803885
154.0,165.95709140245287
151.0,169.00624056070072
147.0,175.5174491552274
144.0,175.3703775226832
145.0,175.12618894288872
141.0,171.8462594389756
135.0,164.38925554126183
136.0,160.45501332211097
137.0,152.52763534260828
137.0,143.7791670198455
140.0,140.43562054436023
141.0,141.66503171134997
143.0,149.50909734581109
146.0,138.93068087479708
149.0,134.18064472473222
152.0,131.8487196184467
153.0,134.94786110132134
152.0,132.40115265822237
151.0,126.51372380101367
153.0,129.11009010952554
154.0,130.38880317537593
154.0,130.14245690911943
161.0,134.54797777927647
167.0,136.6388273475166
166.0,139.1659021178558
167.0,142.98353653423678
168.0,149.1711396885964
167.0,152.92062577458358
169.0,155.76314086245003
171.0,154.01984401004125
176.0,152.85532583670823
178.0,155.8774915346925
180.0,157.2319819936581
183.0,157.69039519769325
187.0,162.55549676965722
190.0,169.22697478601424
188.0,167.58842968098088
189.0,167.8498961779121
193.0,169.19411046737008
197.0,169.36605370780376
200.0,171.3690439132964
204.0,173.81822933681374
206.0,179.90434269411938
206.0,176.03924132400064
208.0,176.01859444561032
212.0,177.84789271876681
212.0,184.61494212672187
218.0,188.3262885992749
221.0,186.37469818883991
225.0,186.2474073823674
222.0,191.51491109148037
229.0,196.91294611266346
234.0,198.75450068159896
231.0,202.44503911715236
221.0,205.38757635420728
214.0,211.04076678764375
210.0,212.24568014354912
209.0,216.05816011144594
211.0,218.27120304081478
213.0,223.76197964621923
217.0,227.01162666852633
214.0,245.85559792417135
217.0,210.6929082929856
226.0,209.4778858417011
235.0,211.89865083000313
245.0,205.67310230146927
256.0,192.78608303104852
258.0,183.5990795494829
257.0,177.77074206421838
255.0,173.77304387762334
254.0,176.48599771046204
253.0,178.3703707920077
249.0,185.04289103489728
242.0,180.27743237351092
235.0,176.31231636636178
228.0,188.7196461443035
222.0,213.79832052331744
213.0,217.12939978700638
209.0,226.4037042056794
203.0,225.83179517849652
199.0,221.0119787823205
197.0,216.65168014920155
192.0,213.6849055327154
188.0,214.58865506873525
188.0,211.05861124210844
190.0,202.20345399486075
191.0,190.0470495710058
190.0,182.3066922194197
186.0,174.25301646778203
177.0,163.9333988987689
178.0,162.61459492421653
178.0,160.638603846878
177.0,158.31530982948482
176.0,157.38596521154474
172.0,154.44140562537945
170.0,152.39223714856294
169.0,154.42602576249996
167.0,159.99444761780723
167.0,158.9835973211809
166.0,160.77957432551574
166.0,157.43624744539773
168.0,152.7106618729855
174.0,153.7312724904129
179.0,150.3332086169002
179.0,151.82625160871072
180.0,153.23269907135588
181.0,150.36011178739614
183.0,148.42543948892845
186.0,148.46748998729825
189.0,148.9073663625351
193.0,152.82373955560521
204.0,157.2688626951251
209.0,157.9585330128359
183.0,158.08196896809977
183.0,165.7136988543876
182.0,172.26646352565257
182.0,180.86265375603278
182.0,181.62492110577998
177.0,183.50162532987363
174.0,187.07484772888915
173.0,190.15587163172253
171.0,193.48881136147494
167.0,194.89673935052298
159.0,194.01093348999032
152.0,192.60996953490218
149.0,163.25839376161179
148.0,157.7185819666495
146.0,160.81798089113752
143.0,158.89465873352398
140.0,157.56705329814608
138.0,152.3345079696848
136.0,149.89410716082472
135.0,148.83321419267227
134.0,143.3871585553264
133.0,135.85832206601629
133.0,154.058241713715
132.0,128.915810846206
132.0,125.90667159977458
133.0,125.61319689622124
134.0,123.29321777925018
134.0,121.95194723381483
133.0,119.58550204930296
132.0,117.55317131712881
136.0,117.52375506871608
138.0,117.27855727768977
139.0,119.08140558681254
140.0,120.53030755454253
144.0,125.27716616170441
147.0,124.65587965066177
151.0,127.25828336917411
155.0,129.48753601315542
159.0,131.77027215113253
162.0,132.61514580388646
164.0,134.97238731460692
178.0,137.60082085061214
182.0,140.80686185714123
185.0,144.378786474125
187.0,149.78307210038443
189.0,151.80802239493622
190.0,152.635848876245
192.0,154.6926582664315
193.0,159.91444024397626
194.0,164.64798524062292
195.0,169.02803260323964
195.0,178.26380558919794
194.0,168.6256698615832
198.0,178.4577523681813
200.0,180.7194453069627
203.0,178.1503061164127
207.0,175.66142051659145
209.0,175.39081610565287
209.0,196.7269623152161
206.0,187.87153771358632
201.0,187.89934254570642
195.0,188.56011684761737
188.0,186.3636767970413
182.0,181.99568756949327
175.0,179.45493830250402
166.0,183.97823133671528
160.0,193.82624579300492
157.0,189.03354996145669
153.0,191.81043148094844
147.0,192.49685667053217
143.0,191.14308191087008
144.0,186.04788711516144
143.0,180.57386344843297
142.0,175.12978772559052
140.0,167.90027630147202
144.0,157.74958392134386
145.0,153.65478397160572
142.0,145.2284109406887
138.0,139.09708683499863
136.0,132.7445236463396
134.0,129.87566630888048
132.0,124.97786033859256
131.0,122.93042357777415
130.0,118.08728397241114
130.0,119.79893435283928
128.0,119.47087306896069
128.0,118.57251386621124
133.0,125.13408227812681
136.0,127.3252589797306
135.0,123.80678606224373
135.0,126.83418836915641
134.0,124.71711273524434
131.0,125.12813673483691
131.0,122.76418285314318
132.0,122.71362108627203
134.0,121.23177827227505
132.0,123.85545404427683
133.0,121.74604990236728
136.0,125.1810349960175
139.0,133.42420803568027
139.0,140.91820446489322
141.0,145.5775859166548
145.0,148.74824428790745
145.0,145.1619508057467
141.0,143.18988170631076
140.0,143.60401375484435
142.0,145.77000484683745
142.0,140.42345638144928
146.0,139.56618546221412
152.0,140.6120053573878
154.0,141.4765846475191
163.0,147.5828772210559
170.0,152.09814754198752
175.0,154.01773241594594
180.0,160.5036637712855
180.0,163.50695115055103
179.0,157.913141908094
182.0,154.7534477620184
185.0,158.4418166505843
187.0,157.07281569597396
193.0,161.64531006788005
195.0,165.39208795095016
196.0,168.20944288883953
197.0,177.64180862834328
198.0,183.25791956619244
199.0,186.98837558931174
201.0,192.46919782909285
198.0,192.44568245707367
197.0,189.5516715691741
202.0,192.40761843512817
209.0,195.50157856120214
214.0,195.49563528299726
220.0,201.60086945490065
223.0,202.02263634207367
224.0,200.5549373997428
225.0,200.5086686225353
228.0,200.20883863664076
230.0,201.93609791351352
230.0,204.8021127264592
230.0,201.34817818210286
233.0,199.1003082501553
235.0,204.6546625356074
236.0,209.23199820162418
238.0,216.3487712455679
240.0,221.72531260031332
241.0,224.9596156032492
243.0,225.4567826355557
246.0,225.66614726102713
250.0,227.3906380260018
254.0,230.9996556656685
257.0,231.31222043829735
258.0,229.57383456890898
254.0,230.69713386804582
246.0,232.2441446310134
238.0,231.29755011000998
232.0,232.23631458974995
230.0,234.57871144085527
224.0,236.15106496592813
226.0,236.8958676839478
223.0,235.85680141248062
218.0,227.15077776521406
207.0,224.9406610964564
201.0,223.00061711310053
193.0,220.11491694671568
189.0,214.27913019596912
185.0,204.68296803013814
181.0,195.88501145704248
174.0,213.3798700629709
161.0,185.0237252096331
166.0,179.93379970998936
163.0,188.07944990386804
157.0,185.73418876491348
148.0,176.3660660657509
152.0,164.63210162682716
155.0,159.5726575344095
157.0,156.08384942068037
157.0,154.66496165175485
155.0,153.4708775428892
157.0,149.84604398172016
160.0,145.6366553010972
163.0,130.16731596946937
169.0,135.1046595864892
172.0,136.56093127748758
178.0,133.79820812088727
180.0,128.73976504495872
185.0,135.2952934532534
194.0,149.47639064598897
202.0,143.98945353619774
211.0,143.34897106525423
221.0,142.68772393640396
227.0,149.92686387742677
235.0,150.35535372596132
245.0,158.46878708080308
255.0,165.7872659924043
265.0,171.82058178448207
271.0,175.11614120233057
274.0,172.57650350954748
284.0,176.42728144131598
293.0,185.8025419503392
301.0,191.7229689239352
300.0,206.05905850091116
303.0,206.26846332117844
312.0,217.75650780751394
313.0,214.2423386010415
306.0,219.7233734191184
309.0,224.66641285336752
304.0,231.3516166894118
300.0,234.04864220721777
297.0,234.67655902446108
291.0,241.5228543161925
285.0,248.26353357218053
278.0,254.14340191379813
272.0,250.90023110482704
264.0,248.7165012325473
257.0,256.689677739123
254.0,251.37744811682484
249.0,240.7303908509875
245.0,250.2456281937267
238.0,235.4084101272205
230.0,228.74623360753657
220.0,224.64896290189557
213.0,211.92723230749533
206.0,208.92313369802991
200.0,201.08099000112148
196.0,193.30587389980727
184.0,189.28172072610232
180.0,187.60180653357028
159.0,188.95825669214395
154.0,187.13517963907907
149.0,184.97315682438716
142.0,180.1088856715209
146.0,174.10399838626796
135.0,165.76195670210927
123.0,160.93383563532024
120.0,157.11998764573462
124.0,155.50979882538653
129.0,154.66224105099505
138.0,141.15027109869135
149.0,136.98326638632733
161.0,122.46233617408507
173.0,110.78301097731747
183.0,111.06499351372574
188.0,131.24821545444897
194.0,129.6648307454963
199.0,122.14448115175948
204.0,110.08233206521481
218.0,106.83304450425328
225.0,117.07293260064881
224.0,122.48021189090369
225.0,139.7805512227054
230.0,151.5291697761637
226.0,165.23174686089988
218.0,179.627314312559
211.0,183.37883243979408
206.0,191.73974604391682
200.0,193.32776297508278
195.0,197.6830386666088
192.0,200.30046406836573
190.0,211.36126390640203
193.0,214.8488765645684
196.0,207.6009655805428
194.0,202.72347739383514
189.0,204.76449491122025
185.0,199.2684590577007
187.0,193.56145628104585
189.0,185.8537469497815
189.0,181.45661211718573
188.0,162.7016859518296
190.0,154.57191678174868
192.0,151.9198512662668
191.0,153.96387973594605
191.0,159.30525058954768
184.0,162.1826217980459
180.0,162.34474219064998
180.0,160.44696744385195
181.0,159.42891830220046
179.0,158.9591836212594
178.0,163.8135259984264
180.0,159.57731608074485
180.0,160.1079872358684
181.0,163.12931608465973
181.0,164.92259866418473
184.0,166.32352789426452
186.0,168.7442158261703
188.0,164.85324205027183
194.0,163.36827184382807
199.0,158.73526934938278
203.0,162.25748303797565
206.0,165.63330761137706
207.0,166.32179868845122
209.0,169.08822206431557
210.0,164.32462060080863
210.0,166.92111834826747
205.0,170.20196083661216
197.0,179.23006475106453
187.0,181.4581705065674
179.0,187.61932122279313
169.0,193.55344263719553
157.0,200.86570473615672
144.0,205.10665360526704
130.0,207.10604799455731
117.0,208.160417677117
106.0,214.44325360321824
95.0,217.94937265247285
87.0,215.28036809974589
80.0,197.22207823103628
75.0,183.2966887290298
71.0,169.10646767945502
71.0,152.1080128422985
75.0,142.05508442953004
81.0,129.29494717076727
85.0,116.77765745858143
89.0,103.34434282912639
87.0,91.38736385708403
82.0,81.35486182653301
76.0,73.10998149088749
72.0,68.3145058130643
68.0,63.01323420501649
65.0,60.4226253838431
64.0,59.28789656956927
62.0,62.297509034271414
62.0,69.6666356937761
64.0,78.8165893948866
66.0,85.14303486816065
68.0,90.05547991827622
65.0,96.61202877840168
66.0,91.70537322966696
72.0,86.93993761070536
72.0,84.88079776241045
74.0,84.36672267504105
78.0,78.95951541470099
91.0,79.18379128619564
106.0,77.81524254482375
116.0,78.9840912892704
125.0,82.25411313325785
127.0,87.74814492699457
126.0,93.70927911402337
122.0,94.6706514306401
118.0,103.40555040466754
113.0,109.55240605014303
110.0,113.23818992644064
111.0,110.75291857095857
113.0,114.80212157496774
114.0,127.8319418105257
115.0,142.1709938722491
115.0,168.2537070664178
113.0,156.05563438268535
114.0,156.54999132768592
113.0,152.79199307493906
100.0,144.06940476815998
100.0,135.4875695365452
101.0,131.09065832750912
104.0,128.7267446144045
107.0,122.74086249813797
111.0,122.16222900793319
114.0,122.3882285226876
107.0,121.53942736863652
102.0,121.98658905453739
108.0,125.75884639592056
111.0,125.30728466166812
118.0,123.838750246926
123.0,111.18496690197112
127.0,105.410255217737
130.0,106.3555680817615
132.0,109.18878376351695
134.0,112.11876437058741
139.0,116.22389990428228
144.0,119.9259388811898
143.0,112.94430573464714
142.0,111.59680488831816
143.0,113.58381593492649
144.0,119.442796006101
146.0,127.06188709816821
148.0,131.10231242178153
151.0,133.06888697702334
155.0,134.25947609684735
154.0,133.28931532013976
153.0,132.2483811774552
152.0,138.99862983154287
154.0,147.41474716107052
156.0,143.81224586072474
166.0,141.47750357964543
175.0,140.31085488021566
182.0,142.4114064597422
185.0,143.90579425994605
184.0,146.5319332123011
185.0,153.78078894172933
186.0,159.18169639057777
185.0,157.48290139918532
188.0,154.85179334332125
189.0,155.28603824102476
191.0,159.2174464374866
196.0,162.6187422306644
196.0,173.61644389362618
192.0,183.20089214795556
194.0,188.3360227891169
199.0,190.0849413139282
202.0,187.05545824283695
206.0,188.5282522912367
206.0,190.83149033541196
207.0,191.0376307944723
211.0,193.76090575477573
213.0,196.53804963122897
210.0,195.53283651571277
211.0,198.25048288933374
212.0,196.91474305715326
209.0,192.18930539723442
206.0,196.78024102240022
204.0,192.18152599022721
202.0,190.39719830062592
201.0,191.26205133701598
200.0,186.89112290637405
198.0,185.438699283415
197.0,187.98344502231245
195.0,187.6511991225614
193.0,184.12290728914294
191.0,186.92801271843254
190.0,189.0257473341531
189.0,184.63312186452345
188.0,180.4449343661288
185.0,176.0014614144224
181.0,169.1554149463339
182.0,168.78776310206473
181.0,167.27734809188402
179.0,165.60188167124764
177.0,166.6413857026652
176.0,164.92654726875793
176.0,162.60519486522293
175.0,161.92685175705884
175.0,163.25872055518178
177.0,164.50960730061712
178.0,165.3270106497427
176.0,164.74660844770202
174.0,161.42575679175548
174.0,163.2177898054691
174.0,163.90307985141723
172.0,162.8952292477665
172.0,161.73686708074067
171.0,162.26406635486384
171.0,163.9676475555951
169.0,164.3266207192867
169.0,164.6969421322846
168.0,168.69600315974589
167.0,172.67003874968935
166.0,168.80139913652783
163.0,171.5621740471688
157.0,170.88019005662045
149.0,170.87796510986013
140.0,171.9389307040329
123.0,171.71923967215292
139.0,170.26740139995638
148.0,171.12829953126854
143.0,168.62610373563328
140.0,167.76920462478014
134.0,168.40155275070612
143.0,168.54235601588692
154.0,187.10139292762668
150.0,174.50878190381346
156.0,175.68661703896217
146.0,166.22869486092574
149.0,156.47625647948107
147.0,137.86492807504524
129.0,142.99661466246127
124.0,154.63413825652793
129.0,146.58254019817525
142.0,139.3037230184913
151.0,133.5513910417728
156.0,143.06609539200656
160.0,155.87514782978778
160.0,159.20255013710462
161.0,171.9220680367886
145.0,164.85182095698627
125.0,159.6454951383692
111.0,154.23692013054625
118.0,133.68734644523167
132.0,129.10643866216444
134.0,134.49934516253927
125.0,147.4160236444032
120.0,151.31597764845287
115.0,157.4105197406517
113.0,162.70752222563567
111.0,157.9165092276745
124.0,155.91144409887502
135.0,132.81548549536674
137.0,119.56393051230134
133.0,110.52045260995533
142.0,115.87017695795745
148.0,129.347617173419
149.0,128.63837324763233
143.0,117.06736073648457
137.0,110.24161267802948
135.0,106.9113631347953
133.0,103.6412900880836
125.0,111.57519547591932
117.0,124.84331701550502
115.0,148.6606888261521
112.0,145.80294945939818
108.0,139.6643971201431
103.0,142.72736726380407
103.0,154.96838094152
103.0,156.2415747520451
103.0,150.5851469271247
81.0,145.6306587050126
77.0,147.62367861246244
70.0,137.62061496646382
69.0,127.9657908905926
70.0,105.86717138329325
75.0,104.85847938821334
79.0,103.04716787428646
80.0,99.05183242126967
85.0,97.54453603175125
91.0,99.97225143518497
93.0,103.39229607761197
102.0,104.20621672030526
109.0,83.19981818269282
115.0,75.86423863820097
120.0,75.23454969732411
127.0,73.51621321900879
127.0,81.20436544512764
129.0,91.69512859020836
136.0,99.04936564673329
144.0,99.22593116265986
150.0,102.10467109038689
152.0,116.60083727472158
154.0,137.3789432097193
157.0,130.61283431625534
159.0,138.68198926902792
159.0,142.57740433469434
158.0,145.1775696453877
153.0,148.95289336237244
150.0,146.26297504133328
145.0,145.8913491123531
139.0,151.9450716521458
136.0,157.59144201435376
133.0,162.61453693822727
131.0,159.5350148972304
130.0,154.25043555018576
126.0,154.56943751733354
122.0,155.6875272948419
116.0,153.26144845536595
114.0,153.60194299229667
114.0,150.25598122066762
108.0,146.78397449803646
109.0,139.4139978827892
112.0,129.30702158072683
117.0,128.5884164352497
123.0,128.46907053686738
128.0,127.92205940663332
129.0,131.69127813434451
126.0,124.59806922793405
125.0,121.5489135859012
123.0,117.90349822696962
120.0,116.74899400845268
114.0,118.70969452299505
108.0,115.07850276419825
116.0,115.91129290112549
121.0,120.95989872110191
121.0,126.36586062519984
119.0,131.7089354927028
120.0,142.18892812913666
122.0,142.8108760450209
123.0,139.9173839506596
122.0,139.5608302338634
117.0,138.13058627596286
114.0,138.31855387974426
119.0,133.3258012692754
122.0,114.65429155605047
122.0,123.27771557016179
121.0,131.21216193129544
119.0,130.30348792597633
120.0,127.25146061294495
119.0,129.85261805555
119.0,137.385229734193
118.0,141.2341611928204
115.0,140.0118275830158
112.0,136.12879049047658
112.0,132.47154320938796
114.0,129.7605528122721
114.0,132.34093227724446
114.0,134.62715953328373
114.0,134.10629511799837
117.0,131.7829958519781
122.0,131.58511695151898
124.0,134.82739944198067
122.0,134.64371884206824
125.0,131.12620514765257
132.0,127.22449133219469
138.0,121.94324326624647
147.0,120.84285067280521
144.0,123.99470740977048
146.0,129.1001690492705
148.0,129.35944337302456
152.0,128.55807062380185
156.0,132.13471766241807
159.0,139.94538076111036
159.0,146.28161773249994
160.0,143.99101647430086
163.0,146.9378755452757
168.0,154.90452397428302
166.0,160.34665828276346
167.0,168.23294171969297
174.0,165.0274077864541
172.0,164.33623782342787
173.0,166.35128168788748
179.0,168.63026556954782
187.0,172.05068656799335
195.0,176.07609990776172
198.0,175.59018264336635
193.0,173.81715359294134
189.0,175.7546898036492
187.0,177.91562663839278
185.0,178.29647757128524
187.0,177.75979021288083
189.0,185.32499474321315
188.0,184.03159100469085
189.0,182.2705831357106
188.0,187.98700719894495
188.0,197.93849420829022
188.0,205.76520657398387
184.0,207.7207031505351
182.0,200.15243202232307
177.0,195.99293290406547
195.0,194.652913375031
225.0,190.34110468810337
244.0,193.47244320519016
253.0,191.19077199749955
244.0,189.31450846775894
235.0,187.54676598051861
242.0,184.30468915528013
258.0,185.37559696144817
254.0,190.01317622101828
245.0,189.5803950891931
253.0,185.32030455604018
259.0,177.4402546859203
265.0,193.94950758693267
273.0,227.80343469020056
282.0,240.75935917044126
278.0,236.56020839461314
267.0,238.57028826752844
271.0,210.09592724192936
271.0,214.65564897614414
269.0,232.75979951452365
253.0,227.78020039210008
239.0,218.39540941040605
247.0,222.65195962210043
243.0,215.5142864375129
235.0,221.15010199640884
246.0,224.30978024793433
248.0,234.53032159720988
248.0,234.8600896498645
247.0,219.948428472644
246.0,211.9828779362703
245.0,216.71929631694817
243.0,218.59106193707547
241.0,207.48401744478616
236.0,179.29631339923515
232.0,191.18105124238522
227.0,191.3832823621476
216.0,178.9467516505695
212.0,190.37825293507817
208.0,203.46936512227026
204.0,199.79586419518924
199.0,196.03989964327297
193.0,198.58881257620186
187.0,198.5131671346859
184.0,205.1247629192095
181.0,198.31902549579456
177.0,185.5413517384622
176.0,186.4463918178978
176.0,176.9731494028004
177.0,166.27916443669366
176.0,163.90485783938902
175.0,160.51918316221682
175.0,159.06995172384947
174.0,157.9694352329222
174.0,145.29581750005343
174.0,141.22561265919347
174.0,140.2257259990388
174.0,140.8434991216018
176.0,142.06482316646827
180.0,145.37044878398765
184.0,148.35880120737184
177.0,152.09462368369617
174.0,151.86868225995792
173.0,153.60273489328648
177.0,155.98218077837106
181.0,158.15333375146162
184.0,160.6111903141426
183.0,161.98889999752373
184.0,164.02648333162628
183.0,165.91237180020508
175.0,166.3142987157263
169.0,173.66613666946904
156.0,182.0476110637344
150.0,179.8568647243258
163.0,175.37960821326539
174.0,176.53838552873748
179.0,177.81708921613438
179.0,183.65706055287185
179.0,189.40147810223866
179.0,189.3108096618951
179.0,186.96974886035554
179.0,189.6360653054876
179.0,180.69189095329926
180.0,175.4894969376446
180.0,157.11248509852422
184.0,149.27597450055498
184.0,161.54223897560345
183.0,175.97340673478357
181.0,179.79881954196054
183.0,178.39752129017194
183.0,183.34011810443997
179.0,183.17731343182442
184.0,185.0516821863058
190.0,185.683233223739
191.0,189.89570368912803
190.0,193.86580565667035
188.0,184.4692751020777
191.0,186.69571366324155
193.0,186.3233665953553
195.0,187.33150612227567
196.0,185.45314312490447
196.0,187.23548866183455
194.0,188.75433164288285
193.0,184.68898991560306
191.0,187.9811446108268
188.0,188.5847996688735
187.0,192.26248050971705
185.0,193.95491924188462
183.0,180.7489670870891
182.0,180.1245458133532
182.0,181.31313873038732
181.0,179.25085039070558
180.0,177.92923219334858
177.0,178.67423995200252
171.0,174.26250408775525
169.0,169.93805817527848
165.0,168.22109608368623
162.0,166.31910206769612
156.0,160.42561918942917
155.0,158.33623428385528
155.0,154.31711218442504
152.0,153.21960177432925
150.0,153.8611103699047
148.0,153.74979607106982
144.0,154.1257604895082
143.0,159.09605401930364
140.0,153.96192999198416
139.0,152.96071588281293
136.0,150.28713856213972
135.0,147.84230917417182
133.0,143.37741432998715
130.0,143.16238829113394
127.0,146.80156309107434
125.0,144.93872011366201
123.0,142.9947340519921
121.0,142.34418451245512
120.0,141.22712530114535
117.0,140.2117685695599
116.0,139.70494893347276
113.0,139.7640480457758
110.0,140.25584758841126
108.0,139.60308815873557
108.0,138.0064098759448
108.0,136.4143825655571
108.0,132.5470134456439
106.0,131.3545665225986
106.0,131.7177204849275
105.0,130.38009646158616
104.0,130.78163809825335
104.0,128.39693156373016
105.0,128.46518881800665
107.0,126.44919104820005
102.0,123.64315134731419
97.0,122.68167356941932
93.0,124.22443836575027
99.0,125.39803076287711
105.0,127.09337570561456
110.0,125.69358178984226
116.0,125.01125133657473
122.0,125.22751028225892
125.0,123.89618263727985
127.0,124.27474547883125
126.0,126.7433498110804
122.0,129.56222116412994
126.0,124.81926444143272
128.0,122.35448617191024
129.0,113.54485991475431
124.0,140.2443280560728
124.0,131.42201722856115
122.0,136.67988796373257
119.0,144.82953070774946
115.0,155.12787212041954
111.0,157.05656138810429
101.0,153.04416329793565
95.0,142.51496694837522
99.0,136.1212734001723
104.0,139.34703096657827
107.0,138.44134380238827
110.0,135.5963091622561
113.0,128.134022651726
118.0,125.35001285180667
123.0,115.888306707082
128.0,112.42557957599692
133.0,110.74853666084503
131.0,105.91261389366849
122.0,105.09178277969478
128.0,96.35727025036446
136.0,101.2468173241506
144.0,108.03548836266036
141.0,113.39011890628154
115.0,115.88084834236126
106.0,119.46566693928622
117.0,124.72954123721759
129.0,134.8741762785937
109.0,139.38383271112966
112.0,147.03251260034344
133.0,146.86880666627982
144.0,135.4587526829793
146.0,139.9642835980078
155.0,150.85219479381723
163.0,158.61268451262654
163.0,179.1097282754365
162.0,133.96467767980513
146.0,120.471633812841
140.0,134.1099899494606
140.0,139.58567765938048
139.0,117.9592347944899
144.0,121.1226600247154
147.0,145.3947472566095
156.0,155.1566057189369
163.0,153.8274573749303
156.0,158.6109369714532
151.0,177.16081105371134
133.0,178.64151326793865
124.0,166.25818907682748
129.0,144.2311309268114
150.0,146.31705952204692
161.0,146.94433745590803
194.0,132.8143124482672
224.0,134.60833828586428
220.0,141.42426607602516
157.0,148.98136562538005
109.0,152.86640071036118
161.0,150.3357370492626
155.0,143.34913011751394
127.0,132.51292336801816
159.0,121.3587469538715
145.0,122.47240657782916
109.0,147.54066494138306
100.0,160.67484342653458
182.0,197.98805891282922
215.0,223.15749140515123
186.0,207.6956349673771
155.0,132.97171323181576
154.0,79.75937409971499
196.0,146.4950038791426
241.0,153.4334738999547
273.0,115.81061971232162
286.0,129.58202974628804
277.0,128.96331344439082
274.0,77.17605493307015
276.0,48.2193689805773
279.0,138.11770673056049
281.0,199.7280261374281
281.0,184.13114952825796
279.0,116.10909762972787
277.0,117.82792219991401
275.0,181.86870889558134
273.0,209.85657889761382
263.0,236.76123666890925
260.0,266.5517621642176
255.0,258.35676685173155
250.0,219.4067449382434
245.0,203.56800408979836
240.0,218.1311167671017
234.0,237.56924335274923
230.0,238.85889864628416
225.0,231.4716512439564
222.0,213.90419869136474
219.0,209.54802795086647
213.0,209.2061416764508
211.0,195.17895854690568
208.0,193.75608838621764
203.0,190.08059127086483
196.0,188.307179742511
190.0,184.27895680247482
185.0,185.77228770725293
178.0,168.14799652448934
171.0,166.88118892111106
165.0,166.87045877539344
159.0,166.70909047296195
152.0,168.49155095786992
141.0,162.47816624243572
125.0,154.83166211146906
106.0,152.7987042819943
92.0,153.19058876898814
85.0,147.01575800576444
83.0,142.00897201087486
81.0,141.19868016264
78.0,137.46207937366717
73.0,131.54750547301504
70.0,126.9509352725737
70.0,124.1541304780124
72.0,118.60958530964345
74.0,108.6756769418978
77.0,99.57341438139548
79.0,82.77722716078256
78.0,67.68103829537839
76.0,63.83805970107899
78.0,66.13186966111542
79.0,67.99408624957947
81.0,68.66829933818907
83.0,64.93134374368887
83.0,62.78245689175772
82.0,65.24164530485606
80.0,71.52657927828784
79.0,79.174008034417
79.0,81.42737917329437
81.0,85.08477726287565
85.0,88.62918863342573
87.0,90.9654533343529
91.0,93.84481830994518
93.0,104.22381796492235
89.0,98.91550964911536
86.0,100.9479238722384
87.0,96.56651511268754
88.0,95.09896175772978
90.0,92.67843598705262
90.0,92.72294677674556
90.0,98.99299040921755
90.0,100.56268145279068
90.0,103.33775226656641
93.0,105.1364549713778
96.0,113.40085036746098
98.0,112.98434851143787
98.0,103.67612928173637
98.0,98.87549875495868
96.0,100.08438853305239
97.0,101.42928013642356
100.0,102.03009562022409
104.0,98.00878137344344
106.0,93.1967769432818
108.0,90.32426537626925
111.0,93.79683001920225
115.0,98.2666673776053
120.0,103.68882486672294
124.0,107.09962815380985
129.0,110.38816023338157
133.0,109.78216559555028
135.0,106.99584521449054
136.0,107.85739030029887
138.0,111.69020311876935
140.0,116.36326742880185
144.0,119.25863275893161
150.0,120.49405199982999
153.0,122.93448896301982
155.0,126.27712005750553
160.0,131.08845232820912
147.0,134.77157029822726
152.0,136.4273304815678
157.0,140.7878096782482
161.0,145.2335306742836
168.0,145.36561399702885
174.0,147.26696183221438
175.0,149.93726216811353
175.0,154.2174380978826
174.0,160.76989850573125
173.0,169.83988641374793
172.0,161.7328818418612
173.0,162.65821558974122
172.0,147.2361696514529
167.0,149.3858025543886
164.0,156.51413611897883
163.0,159.63587822081317
164.0,164.79325189900507
173.0,169.15576079936062
187.0,167.9518326378099
183.0,165.9202084735112
187.0,164.5416636718955
189.0,161.30378391554328
191.0,166.56371959001564
192.0,167.07614906218808
192.0,165.4685162779056
195.0,155.9729240789727
198.0,148.8328335731979
200.0,147.0804760521397
193.0,149.54379750791887
199.0,159.6820302413433
206.0,177.02747329495554
205.0,175.72628464320985
204.0,180.99987350302104
203.0,184.12209677238147
203.0,186.2981209274375
203.0,188.38809279574934
203.0,190.2646868494058
204.0,194.93542626379954
202.0,199.5416234704683
187.0,199.4997467424361
177.0,186.9444418613291
184.0,194.22000726125134
187.0,203.87476641626395
196.0,203.02896602743147
209.0,200.27355816630163
215.0,199.69022679051946
217.0,200.64363432037388
218.0,199.77137770405673
215.0,198.64896021413557
212.0,200.3200536649286
209.0,196.72743209782433
207.0,182.58584905695005
212.0,165.38629317606004
217.0,174.67632172099732
218.0,182.64241826982584
217.0,191.60275827081279
213.0,205.6060335259827
209.0,212.1285885975711
204.0,206.64755542502033
200.0,198.40901354104994
193.0,190.70163864471297
184.0,189.34768990388991
182.0,188.99549755830128
182.0,183.08668440522277
181.0,183.38622184678306
178.0,185.02799770758295
170.0,181.10779248714158
166.0,179.71748098797485
162.0,179.79600252413323
156.0,176.38882588814718
149.0,170.95446389490192
144.0,168.27509497295512
145.0,156.8903164842587
145.0,149.4810057600534
145.0,146.46836927181445
143.0,154.76462324884005
141.0,155.5070395663411
140.0,153.30373560362375
151.0,147.5395602377802
154.0,144.43502436469944
152.0,142.81831519354478
151.0,138.16224319835737
149.0,134.93786204557006
149.0,133.30344896644453
145.0,136.07383343261003
137.0,137.39251382624917
136.0,137.90707984296745
139.0,136.82321599023243
144.0,137.82933431934106
140.0,138.16189000458323
145.0,150.6550858178574
195.0,316.8980965355744
189.0,298.67394033516143
185.0,237.7115999663734
179.0,222.82418942969485
154.0,220.77105951622275
138.0,213.8791238831147
151.0,201.21074594134072
146.0,191.10543645107072
141.0,183.15394899984142
135.0,198.99029636445684
130.0,168.36953223123328
126.0,162.97487044022262
123.0,164.57374825158604
121.0,160.1980757254391
121.0,159.7789260894181
119.0,157.0500469068739
115.0,133.20670408633518
95.0,119.01732693890219
89.0,121.67439570682342
98.0,124.36243912843227
98.0,118.26050156493172
98.0,114.19302572757704
96.0,112.86853923934287
94.0,111.1264885741075
94.0,93.70384758570496
94.0,92.17345652441628
94.0,101.16346017167405
94.0,106.60994545698347
93.0,95.65943165333034
91.0,77.0998096805737
90.0,71.21804347574655
91.0,86.02414626526846
91.0,90.40077820175297
91.0,89.98457368775578
90.0,90.1162773526453
90.0,98.39581563610398
88.0,89.42211220310469
82.0,91.46961205299577
79.0,95.57145744703051
78.0,96.86442319263466
76.0,100.60259030901756
74.0,94.62088683029631
71.0,92.20779094556663
69.0,95.70682969804444
68.0,96.83018870694866
56.0,97.72097669601587
43.0,96.86802160535537
47.0,104.29842040623585
55.0,102.36270258764884
51.0,97.39240769277873
50.0,90.97484232153865
54.0,91.18874420859385
64.0,91.7204851327662
59.0,90.57877638114502
59.0,87.69953571374212
59.0,84.80877316034831
60.0,84.02028626912936
74.0,71.93587753223338
89.0,56.25719598836319
97.0,61.05766725780458
100.0,74.09791239933486
91.0,70.80659822423868
83.0,66.99391501256736
82.0,71.94046057152983
85.0,84.11039618867066
83.0,80.86953062749373
81.0,82.7769822322806
90.0,87.8612267261457
106.0,94.82610945651406
124.0,106.70809128514756
141.0,120.11638091551946
156.0,145.0723730042983
172.0,137.51468859955233
185.0,124.55120244474591
192.0,108.32196392686794
194.0,108.83973463154365
206.0,140.5413092991491
216.0,116.24059023795951
223.0,106.35870513738865
223.0,111.18345880308519
226.0,123.0248638821154
218.0,139.41206780593285
186.0,155.1377069856034
155.0,169.6695192086658
132.0,184.92673539307802
119.0,194.98218990884556
109.0,197.3456871305355
102.0,197.08741137552022
102.0,209.30731732869967
104.0,217.03163394005935
99.0,218.5878911374249
89.0,213.8068037490667
83.0,213.66736029441523
79.0,204.53435880515897
76.0,168.19651003539798
73.0,133.28737984509164
71.0,108.29776836130442
73.0,103.69069071539931
79.0,95.87643943268006
80.0,89.95508744076994
86.0,92.03612071299018
113.0,94.90954822264517
141.0,89.20743842366305
156.0,78.31834889911498
162.0,81.41052166053237
161.0,88.33835674281151
156.0,90.86851028305298
145.0,88.78236950880154
131.0,87.30649868996656
123.0,90.60353197878217
115.0,95.32626162787533
109.0,94.45674168591779
103.0,100.22790924212018
99.0,133.3793262522078
103.0,169.11741540228707
109.0,184.3428827165007
110.0,186.87153416081398
110.0,185.17533572521293
114.0,181.70936933586998
112.0,162.87468032779287
114.0,152.43411315294594
116.0,156.0853370554534
113.0,126.99615727278555
109.0,113.21992618300806
106.0,98.15052782892933
104.0,89.97082353517314
102.0,93.41181593760146
100.0,100.59979272691231
98.0,101.56873930251126
96.0,102.8046794963935
95.0,111.87974160591858
93.0,122.35888796462811
91.0,126.18826946643006
89.0,129.26598367435312
88.0,128.83666307062018
86.0,126.90580457780769
86.0,123.76772214932765
85.0,116.24383091801806
85.0,112.00568876842598
85.0,110.55487625578206
85.0,107.6273174189293
81.0,107.94596212550871
84.0,107.95739575255385
86.0,106.81358477943101
85.0,107.1890394708161
87.0,107.80431901413914
87.0,105.59274190331388
85.0,104.74561411640809
83.0,105.47882071204333
82.0,105.87477085769422
83.0,106.23951785319366
72.0,106.63878783149616
65.0,106.51810692714753
64.0,102.71715469781
70.0,104.31351316930073
72.0,108.12445600529024
69.0,107.35312243109607
70.0,113.10795157788925
68.0,111.38392797050864
69.0,114.66787662508457
70.0,112.58550355194173
69.0,112.13068230228419
70.0,109.51463396875982
72.0,105.6268085167998
73.0,105.96608884815996
71.0,90.34843417216418
72.0,97.66542228569625
66.0,98.70501237801409
56.0,93.61644970376462
58.0,94.58870632029635
68.0,92.61472854314412
77.0,93.18343182955276
87.0,98.74147578424585
91.0,109.3131121263055
96.0,100.29644071471924
99.0,100.36965125417119
104.0,101.8211406794934
111.0,100.66946077972054
118.0,102.42067071185647
126.0,90.13207948918266
133.0,80.32065398463374
145.0,75.49636239111364
157.0,88.13199417920063
162.0,99.16239922462613
165.0,107.23827024451964
170.0,115.73129423201408
176.0,117.68581627364692
178.0,120.2844241724865
155.0,123.8543446549634
133.0,126.39742752164888
119.0,136.5770258798173
109.0,150.9240035550016
101.0,145.45906071018032
99.0,153.48539384676604
126.0,161.55811753466648
155.0,164.2319368728844
170.0,163.74435876814732
211.0,167.9963086510368
207.0,173.8922142281398
210.0,173.70355063529635
200.0,147.54536325419613
159.0,120.09904339970593
120.0,101.68663832359638
123.0,98.20229108871506
141.0,97.25374820765175
158.0,110.03809166554419
172.0,129.25855918477325
177.0,160.6052838948824
180.0,169.18043961659774
177.0,206.3390228248149
174.0,205.2562055705169
175.0,204.4147760291393
174.0,195.64383293614597
169.0,154.32158771680503
162.0,116.98955315529614
152.0,127.502791538401
140.0,141.55389782951917
115.0,147.7978741442824
102.0,159.4894946447155
97.0,148.9947602497651
93.0,153.6982968789474
87.0,153.8220017867495
83.0,148.97963845054372
78.0,163.01410858613306
72.0,177.5768659082678
70.0,170.62295019616687
67.0,157.0277007966421
59.0,135.53872094805106
44.0,122.47069309858787
46.0,102.08121384154425
58.0,83.7328811625202
66.0,86.46753653352707
57.0,88.9808157576229
47.0,81.04985179758289
58.0,76.2547493444457
68.0,72.93930642062722
81.0,68.49063250262934
87.0,70.60337068673444
92.0,72.2510611713176
94.0,72.69998847589761
96.0,59.80083409647271
97.0,56.42307308545173
91.0,69.32771923523926
85.0,80.73280906379784
93.0,71.29140964718586
100.0,59.24038571632305
105.0,72.17293598893187
115.0,87.07129951082518
120.0,106.73583182418392
124.0,116.32968068168981
117.0,127.72370829213914
110.0,126.83066499228605
102.0,124.67565304068154
108.0,125.64518317141355
125.0,121.92583599715098
142.0,119.68362142578977
157.0,123.35754319339102
165.0,124.1675415592471
167.0,129.26169286780382
177.0,137.7643121210618
193.0,140.51367880969954
200.0,141.03565952476671
180.0,131.72485621555168
177.0,121.50742611910891
159.0,115.88480649957705
138.0,125.86643852159025
152.0,136.63185924622533
176.0,154.3886748350688
184.0,175.1955159759088
184.0,179.86789053333632
183.0,179.4722790316898
179.0,186.0691382569433
176.0,205.3310104547179
175.0,219.51271513970025
177.0,189.59470448409613
180.0,175.76449603495874
184.0,154.0893457558256
189.0,124.09822968297254
196.0,126.06475767847544
198.0,155.21617750520295
201.0,166.48368938374023
205.0,159.45419843344752
209.0,158.77408997379942
211.0,151.7007532584061
207.0,155.50227592374318
215.0,153.20785611426203
221.0,160.40200077233249
217.0,173.42421041387476
208.0,172.54217709110455
193.0,168.98950651098292
209.0,178.16594805069963
214.0,183.2509379597377
213.0,186.6911910516987
214.0,192.3178638835425
217.0,198.43396218934637
209.0,201.3506860835766
208.0,194.98704046884959
207.0,200.19771401922375
201.0,208.6148228361643
199.0,203.021740675153
195.0,190.98375167117155
189.0,177.63871250928239
193.0,190.5506777636231
200.0,199.73355719073527
207.0,202.5124451421271
213.0,197.56899191666727
222.0,203.13849650787617
223.0,194.0702919383117
225.0,194.00958666325303
225.0,196.69823377899374
223.0,190.0302165631374
221.0,192.8030707663744
216.0,183.96430533311735
219.0,176.607551091578
221.0,182.07089929493333
222.0,192.3812800606269
216.0,198.39306331722742
185.0,207.75831424740915
200.0,223.54458497770443
203.0,225.45336123238678
208.0,226.3697727297957
211.0,225.3210461384433
212.0,223.8274173216496
213.0,223.79598407526385
215.0,217.80642663499307
217.0,219.49688269405488
220.0,214.37049874847395
224.0,214.09683526964693
224.0,205.17371998993735
223.0,173.40149831805374
225.0,181.81753644358295
227.0,195.75824053680736
226.0,199.98864064597933
235.0,202.48956281035953
236.0,206.06493590628406
236.0,206.01678983465692
218.0,205.31785184541573
211.0,213.2533044768657
218.0,216.10152889991966
216.0,234.08555589127087
209.0,227.7199343515766
210.0,223.89608226895726
210.0,224.10840921917432
198.0,225.5411075065636
174.0,224.04136551147548
162.0,231.89127129526565
173.0,234.4470949747859
185.0,234.03332624809073
186.0,214.12635498110507
179.0,201.32771148899363
174.0,203.6833125877547
169.0,205.799811925358
164.0,196.72069874871457
163.0,197.28702214227553
162.0,201.7156837622676
161.0,186.44804709145976
159.0,163.71946014729198
152.0,136.99546686223238
151.0,154.25681331431295
154.0,179.42197895153578
149.0,173.32985497369802
145.0,161.72845534863418
139.0,157.43697026545803
110.0,150.2653439767283
111.0,144.44293997004172
119.0,150.26503268460644
106.0,153.6915760077671
92.0,158.50929726012833
90.0,151.69287795169805
97.0,138.50896010598737
101.0,136.43969840973796
104.0,143.31380737227246
108.0,142.13251997629095
92.0,138.98744728433763
68.0,135.99747387815168
57.0,108.45372004668982
57.0,103.71507645359165
57.0,117.51467160385008
57.0,107.61301431981451
57.0,100.28048085785909
57.0,111.00973767296651
57.0,107.68664402663211
78.0,47.68705033969252
78.0,48.57054289149107
79.0,47.06824569663743
80.0,42.094137787942486
77.0,41.95455173119446
74.0,41.95455173119446
71.0,118.81684135060544
68.0,125.48792599313452
67.0,105.05251603180636
68.0,102.48585543833377
64.0,104.0444208880608
67.0,105.76743397186323
78.0,107.71122134210664
85.0,106.81859931197641
91.0,106.94776477062595
99.0,117.3077287039428
106.0,134.12113356921935
109.0,121.46336421387808
111.0,121.55813041585412
116.0,122.22164489340942
122.0,108.48256656127126
126.0,107.88922552990256
129.0,101.53199917731924
131.0,103.03525230631351
132.0,109.87398442397657
135.0,116.4129934893615
140.0,127.32226960937646
145.0,133.98436130296648
147.0,140.43943791669025
146.0,142.2840118738306
148.0,138.0492768132449
143.0,141.37290185026004
140.0,147.4540007524794
142.0,150.23809850463905
146.0,148.483685223904
154.0,148.33762765978372
162.0,148.16137544045506
170.0,149.0843556547818
178.0,152.30516480091345
181.0,156.9658822647302
186.0,153.12546369929183
190.0,143.63680082785407
187.0,144.2171308465712
192.0,140.30950653290648
194.0,138.55760429207774
191.0,142.10280660644068
187.0,145.04278925019224
185.0,152.47740647199376
188.0,162.59957959080242
188.0,173.79716692857636
195.0,181.11226191491144
200.0,184.695315367601
198.0,187.82324776709177
205.0,191.54284459251463
213.0,190.2813607745162
258.0,193.81240839494214
252.0,195.24261834805793
250.0,190.28676764815114
249.0,184.03831186438057
249.0,181.6400218611146
250.0,182.7848597516831
251.0,180.6134230728585
255.0,191.30213113370968
262.0,192.95051698337159
277.0,201.3432986435675
284.0,205.41713101892464
291.0,201.41589834191248
291.0,241.18441301069055
281.0,234.81110460351013
277.0,220.52229513004838
277.0,216.31336727343702
275.0,217.20864888322583
278.0,215.24971694459532
271.0,212.59447737020287
262.0,220.36703251841067
257.0,220.7522363795729
252.0,242.83354155028394
256.0,230.59357985697312
259.0,235.8276405594794
260.0,236.97014888252903
263.0,225.96537632702885
259.0,221.471690037666
253.0,224.33401144022963
249.0,225.52161440502508
244.0,224.89221745855116
239.0,215.4573297258056
233.0,203.4996092794662
229.0,199.4859853957107
223.0,196.49632862555222
216.0,203.09816158782584
210.0,215.527960555944
206.0,218.40899810518695
199.0,221.64326064666704
195.0,219.41507154445088
190.0,214.91524462707784
182.0,215.3054206288406
173.0,213.07427295727052
168.0,206.41531663240218
160.0,204.92177723836244
152.0,200.43691768809595
147.0,193.87120804713487
144.0,187.6186265738228
139.0,178.55361957089866
130.0,177.3621551803116
131.0,175.35092440221706
130.0,173.07624358188423
129.0,170.771231475662
126.0,164.30467588895766
119.0,156.17243926429188
114.0,152.04855429007569
121.0,146.86202077945904
113.0,140.44846745738965
111.0,132.84863710299751
109.0,131.0980100544937
106.0,129.82480652903303
104.0,120.28855005914983
104.0,120.60204867412534
108.0,124.12134168695884
113.0,125.6435911093811
115.0,122.88955231271949
113.0,123.09841938632849
109.0,129.58168002635344
111.0,120.15342247580563
99.0,112.81077557233263
93.0,107.210930043047
94.0,108.86888348460525
94.0,105.18239171882377
95.0,102.07348831190859
98.0,101.93369641604275
99.0,107.60373385004974
101.0,115.86755207441206
102.0,120.14963653081988
102.0,120.62073554636302
104.0,118.73137272172269
107.0,121.81260953832972
109.0,111.60912519678146
108.0,104.54651946513485
108.0,101.33613141135238
110.0,104.51884467048856
112.0,104.92770334620621
112.0,105.42559850018448
112.0,106.74502432017371
115.0,108.91082412841587
116.0,113.86200916841723
112.0,116.70018035794311
105.0,123.4254253105806
101.0,125.21250911803797
98.0,126.82697925539708
96.0,135.59956195086284
95.0,126.47725982223442
93.0,127.1509722897017
91.0,129.26068372201883
92.0,127.40053241613056
93.0,126.23548118467946
92.0,128.77089145500122
91.0,128.8114640311257
90.0,123.05122549296534
91.0,113.77043631890832
93.0,109.44006526588407
95.0,102.31564843657313
102.0,100.79280173905539
102.0,99.81042529116968
101.0,99.35530803957168
103.0,98.49342466133551
105.0,98.61105829535086
108.0,99.8754219867834
112.0,100.26093249941334
115.0,101.34163802141849
118.0,101.48573960160425
118.0,103.62021189278967
119.0,105.42598753030882
119.0,109.8051837931989
119.0,119.41711323405035
118.0,123.60281546171484
116.0,120.81953566072607
115.0,122.0665384310274
113.0,125.36917340731628
111.0,128.899158233494
110.0,133.26254477940063
108.0,136.51383277465396
107.0,139.2151683786827
107.0,139.21764501056924
106.0,136.72863989139577
105.0,136.89334810899012
103.0,144.69718104430947
102.0,134.3348581149244
102.0,130.67270730154652
101.0,128.13088201704235
101.0,117.55423813857851
100.0,113.9217036215122
100.0,111.25250817071222
99.0,109.71881655835384
99.0,108.67267062852923
99.0,109.45165413084727
99.0,109.42886443274531
99.0,108.89448860490701
100.0,107.71001303081671
102.0,106.84907474107561
103.0,107.84674556713033
103.0,107.95577855146405
102.0,107.94600264393407
99.0,107.80415802402338
98.0,107.92254734786431
100.0,106.85510355899885
99.0,106.90589941869007
96.0,107.50330706786855
95.0,108.51340318505399
93.0,109.3348801306888
95.0,110.66821260421769
94.0,116.20814811763998
89.0,117.80569412165094
87.0,122.68775306221771
86.0,121.81650916476565
87.0,119.53072706440227
104.0,118.59862567570181
111.0,117.00983837882575
106.0,114.95868139466525
109.0,111.77386331930566
108.0,110.06293048319569
106.0,108.02711351476373
104.0,124.01464985627737
101.0,114.98566955400356
99.0,108.81168898201688
99.0,105.98108516691414
103.0,105.01696339796284
104.0,104.49708534869063
114.0,120.80703837558445
116.0,130.76422470267292
112.0,129.02383910623325
125.0,129.4687901787348
140.0,128.9410821096126
153.0,126.0886746323168
169.0,124.75017961563884
178.0,122.66621464793735
181.0,117.53314903174311
183.0,117.07011812244006
189.0,115.67468464220798
191.0,115.17274871312085
192.0,153.94061646591348
193.0,134.50383999509475
193.0,133.90712741840184
190.0,145.05114888758055
189.0,160.69780252447015
189.0,171.2828110193665
185.0,181.86973505763856
179.0,187.53999816912625
176.0,185.96044419597789
167.0,185.86149894389453
163.0,187.91058754389454
156.0,189.5937623889273
145.0,193.15809864872088
142.0,189.4439942744441
147.0,186.31886877230409
150.0,181.41974188061923
159.0,176.2946066135686
170.0,175.94878178797913
180.0,168.9444577441571
189.0,162.18136098187705
197.0,159.75448723446732
203.0,153.05472556255154
207.0,150.04715601178464
208.0,145.76027704070566
206.0,137.0662682006301
206.0,132.77363477844324
202.0,142.13986385542506
197.0,148.0288962763567
196.0,157.7742717197822
194.0,171.51348682165204
189.0,173.84911157379082
186.0,190.93062794227131
183.0,198.1446773028248
180.0,204.60200112315766
175.0,210.50974025494264
172.0,211.0788465591633
169.0,206.55837422685013
163.0,203.16704699750684
156.0,197.89142019991868
156.0,190.95737310128501
146.0,189.2205126882939
141.0,180.75505529815467
146.0,181.46795386885773
151.0,177.86926029941347
149.0,175.74305234153934
145.0,173.6564589290698
140.0,170.06912825355724
140.0,166.80603954786918
135.0,166.5307826573653
125.0,162.55065298628028
123.0,155.2303691630408
128.0,155.4670883544724
123.0,149.1545469006613
118.0,142.33672277188674
115.0,148.10549971074232
114.0,155.85301444163358
111.0,155.19937094851346
107.0,149.53297227582576
102.0,144.17969670154397
106.0,145.1965562571595
106.0,143.53634159297283
110.0,136.94460929813087
117.0,124.79412848312714
118.0,150.58482464944865
117.0,128.9484885261222
115.0,117.95408850641812
114.0,114.83137478526814
116.0,115.9720483857748
114.0,115.03346771712359
110.0,109.33729631953787
104.0,106.18072023191742
100.0,114.39975182611724
99.0,116.32308259291403
100.0,116.27695211965187
104.0,123.87337923165481
107.0,126.82289474060877
110.0,132.18428353621383
111.0,129.03665729032286
112.0,128.50925967442322
113.0,131.91402653538114
114.0,132.65198472140696
116.0,126.50562686989493
117.0,115.33244737731368
117.0,111.48882151517077
119.0,117.3596661309596
119.0,112.14531083879208
122.0,118.93826729916975
126.0,122.89437558665252
120.0,122.51287260931267
121.0,121.6817928596497
126.0,122.42258488245895
124.0,123.42928394045549
121.0,125.24386016841845
110.0,128.28055663121447
108.0,129.9415183260656
108.0,129.15468663843345
108.0,129.7128274402849
109.0,128.92680327880515
111.0,129.09624730905128
113.0,133.6516144366734
114.0,127.04407440174268
115.0,126.77538656465147
114.0,140.95991924748355
112.0,131.50840188755052
115.0,126.39761193362436
120.0,115.6543514068117
131.0,108.01861516630598
134.0,108.40579413674564
135.0,108.24562156556833
139.0,107.53926463510108
144.0,113.66624108925453
144.0,116.37883826877668
139.0,113.56738626215068
139.0,121.21887140711004
143.0,124.53898131609293
147.0,126.20101557272241
155.0,129.48903725770683
162.0,134.8733816130017
167.0,146.56442070887445
170.0,149.62694563539716
175.0,147.57127592381823
179.0,149.98933244922182
180.0,180.10892404353288
181.0,159.20095970656314
186.0,151.16329959663884
186.0,150.16964237132822
189.0,152.81257249933677
192.0,155.51719702687558
197.0,157.8475337160542
208.0,163.28623047288605
215.0,167.30059726417005
219.0,167.74669384143303
222.0,170.01456952051632
216.0,173.81414739860173
212.0,176.36325164457867
213.0,175.4854727832694
208.0,179.14185782000993
202.0,179.16661381812503
199.0,179.64400206658388
202.0,181.33750962840992
208.0,185.82977477254894
213.0,197.08169231056448
213.0,202.8882471506955
212.0,204.47354569248864
213.0,206.72821427982208
213.0,201.41948565365163
255.0,195.2106193691135
247.0,193.5164320868198
244.0,190.84270933559898
241.0,185.49099197577428
239.0,176.78058074764868
236.0,179.3865055811484
230.0,186.30063650822416
225.0,192.3799519553238
217.0,192.62921784616827
210.0,197.1652073933921
197.0,211.6769685062111
192.0,202.81630209464385
195.0,243.82035484237403
201.0,236.50002442088294
200.0,222.46779464797697
198.0,216.41416677285412
192.0,208.39305272685218
190.0,203.1946597675588
185.0,196.40532688721294
178.0,194.28820295044835
177.0,182.80330342063826
182.0,180.25584227096044
187.0,151.4925138007678
185.0,150.67703789733045
177.0,159.05961478076117
168.0,167.4809217761397
162.0,168.47835429207058
159.0,166.52288309151925
158.0,163.39003854483266
158.0,162.6624481362918
159.0,158.31437553763666
160.0,152.75072468086648
168.0,156.55629609811513
184.0,165.90732183856457
196.0,171.92906076712927
203.0,167.82574201210676
205.0,157.40081409809994
205.0,149.16301319640044
204.0,145.40760576766388
204.0,143.630097855157
204.0,145.45494242587776
205.0,149.80857092732927
205.0,152.7794037355442
205.0,152.78723795356433
205.0,165.7571560695793
204.0,174.65714719217385
204.0,195.53645356518547
204.0,201.05326347271395
204.0,199.681979476291
203.0,196.29285571996388
199.0,192.13044828535504
197.0,189.12638135583637
196.0,200.3079207690861
195.0,193.61513828858173
194.0,192.7691298325482
193.0,187.92550608662776
192.0,180.44999772541007
193.0,177.2619158560547
195.0,179.0609332212816
194.0,177.6467834393425
194.0,178.70802665464345
193.0,178.70568689574355
193.0,175.4828423230814
192.0,170.84869020508668
192.0,171.03506095430154
192.0,171.25901002276976
190.0,171.73271983045066
189.0,173.00836169052474
188.0,173.94223559656507
187.0,176.40010227800082
187.0,179.1748591065866
186.0,178.74242238260155
185.0,182.23515633089266
185.0,182.67685462262955
184.0,183.40476727611446
184.0,183.44783707180818
184.0,186.23472309286393
188.0,185.21919394385898
191.0,181.8903334368294
194.0,180.56871636531005
200.0,179.68001453401823
202.0,180.2396746340337
201.0,181.00650109074923
202.0,181.3726708820902
203.0,180.87150932042996
203.0,181.82912945500578
203.0,181.75429512993
205.0,181.66815674126983
205.0,189.32426305008366
205.0,184.50731085670475
202.0,186.47038341142056
202.0,194.23000932565063
199.0,197.34513405466407
193.0,197.9770918940036
189.0,194.19213090924637
187.0,192.43822358668865
187.0,193.19543419650998
187.0,193.10271330788942
188.0,193.3121412085838
192.0,194.1001552337992
195.0,193.89539902158444
197.0,193.3257912136799
198.0,188.86689846545198
201.0,188.487983153084
205.0,183.39995894527794
202.0,177.6177929322362
200.0,171.54937906082418
200.0,171.1621373579417
200.0,173.05305197398656
200.0,173.51354555649542
200.0,175.40167202112292
200.0,180.49170686131947
199.0,186.2426008009056
195.0,190.36522126367964
192.0,196.22294089376655
192.0,201.36932325686837
204.0,206.9077048674623
210.0,204.5800534734064
208.0,201.20874231116392
200.0,201.75914598563384
201.0,202.96364685557174
194.0,202.041408907705
191.0,201.42545552536606
189.0,197.3307756417849
185.0,208.8174289868562
183.0,194.994736248706
192.0,190.2772925609931
190.0,188.25421296473266
185.0,207.09645160420177
183.0,204.92164329290466
187.0,204.88331373885376
192.0,193.15200657690545
192.0,191.87774636570748
200.0,185.76565563702277
213.0,180.7180141349312
226.0,180.62210127591248
237.0,172.071641398182
246.0,171.11310159463545
256.0,176.0551122979021
263.0,173.59619339391008
268.0,167.26896276148142
274.0,193.7025902126618
273.0,176.78183920561696
268.0,183.95702200196646
263.0,189.73002353357228
259.0,195.5205537378527
253.0,204.5417995571186
246.0,221.05731550316668
237.0,223.4749921523396
230.0,229.67648863493184
223.0,239.04989262640788
215.0,244.99530172747836
204.0,245.2925622853511
192.0,247.72291483952353
180.0,245.78769161464618
169.0,238.67728936560763
160.0,229.63840613214813
156.0,224.34904294723202
151.0,218.3354974573736
146.0,205.0799351332217
141.0,196.03177276608204
138.0,189.9592703853933
134.0,185.26554790475774
126.0,177.90258799107522
126.0,169.85685553367375
123.0,161.86418340921438
122.0,150.21605729593327
123.0,142.28121638352218
120.0,136.53295365445797
116.0,135.58481030125336
114.0,134.88031838530736
110.0,131.5252518817416
109.0,120.77550266869267
109.0,120.03826321470521
108.0,119.4848527764239
107.0,114.02658843023954
106.0,115.87384018883793
109.0,117.88755133223495
112.0,116.34359389306995
113.0,118.69767986161946
114.0,118.18763016986965
117.0,115.56026341834752
117.0,115.16920318267307
118.0,113.38845821519202
118.0,119.79417174373725
117.0,124.73307701687976
115.0,124.53046380651548
113.0,124.8679874836392
107.0,125.09693016345224
94.0,128.24908191102
87.0,133.13622965118628
85.0,138.3671200248529
83.0,143.90252527191396
80.0,148.31916680445212
80.0,148.85233322143986
76.0,148.6783081975721
74.0,148.7815941619689
69.0,147.5369137531135
67.0,145.70639739944386
66.0,142.51667110259348
68.0,132.87704010484228
72.0,114.63395026433778
74.0,104.60430944362028
74.0,101.84084009474515
71.0,101.46354308973615
71.0,98.05154199139406
71.0,97.57375874511249
74.0,94.84992382336594
74.0,91.75713952733697
74.0,86.53317302932724
75.0,84.4465577849389
74.0,108.41992729679855
74.0,96.19873321095733
77.0,100.41787603408117
82.0,102.43777061887889
91.0,102.61669171925706
97.0,100.472842363748
98.0,105.03799696569915
104.0,105.8799214882481
110.0,110.97525297224234
111.0,112.43730178538681
119.0,112.66076996175289
118.0,109.3675494792128
112.0,107.99159985142173
111.0,112.44440888903648
112.0,117.48432533938377
115.0,132.90112584731426
119.0,133.99799651351836
123.0,138.89167206104395
125.0,135.65940954872923
128.0,137.5866897132252
131.0,141.67440530464324
133.0,133.0510713288558
134.0,138.20222603349026
136.0,137.17383150393556
140.0,128.69006431915096
154.0,122.84008535631614
176.0,122.25004701431689
166.0,124.75526888356384
168.0,129.9522270374493
168.0,133.61146888732412
169.0,130.05577409173407
171.0,138.3987961329435
175.0,138.8572186151161
178.0,148.8031753305678
173.0,144.27699290785003
174.0,146.29453998964564
180.0,150.38333394904012
182.0,162.42530522326143
191.0,183.22529284689446
204.0,170.52144431487034
214.0,165.18070737762923
225.0,166.33940103111607
238.0,167.69298283318895
248.0,169.27201106710817
256.0,173.61158780723025
263.0,182.11758210004658
267.0,171.93959774308877
267.0,172.52392210967014
269.0,171.21269844998213
273.0,179.1942376816398
277.0,187.6164052856918
277.0,201.61548545603324
276.0,218.63332253914734
273.0,218.74504484523118
266.0,226.42981249329858
265.0,231.35472566430303
259.0,236.0397412659858
255.0,239.89644556929898
254.0,239.15801913150403
262.0,237.40208159007062
257.0,236.20512852642747
251.0,236.62981906877386
246.0,238.22574675122124
242.0,236.08063877031208
242.0,232.5761840549883
241.0,227.7592827599245
237.0,220.29523052303406
234.0,218.8430008946418
232.0,208.08753698921726
222.0,212.44994774888283
211.0,204.9507192085026
204.0,212.4137030026949
201.0,224.58907254388248
198.0,203.63511728522633
201.0,199.49130135191695
196.0,196.9171985684351
184.0,200.06759998078635
180.0,200.13718876698158
181.0,198.3403715978651
175.0,196.55180448438136
174.0,195.2513814743724
169.0,181.3829780197429
167.0,169.36387533262427
160.0,165.55219966002446
158.0,166.50685205306883
157.0,166.08119526028815
150.0,169.6347502413279
145.0,166.56370905639184
138.0,155.2992750939002
137.0,149.8203844472068
139.0,153.4350375461005
137.0,152.52606853468836
144.0,154.68132660532146
146.0,149.82669713776977
138.0,150.04026535420746
131.0,144.5161929485328
136.0,140.3810753414846
138.0,137.01896231743166
141.0,135.644366605166
140.0,131.6023521377866
137.0,124.43566307415142
135.0,126.95435806579076
136.0,131.25035441554797
141.0,131.95418386425663
146.0,138.50220022494253
149.0,145.5997438384309
151.0,137.04393028747302
150.0,132.31049581820113
155.0,137.54735580186366
156.0,140.97449914830264
152.0,145.63545363715386
149.0,176.7375471675488
146.0,141.95758509864945
145.0,139.00180761208054
144.0,137.1537934947192
144.0,143.54638984322128
145.0,145.94986715064925
145.0,155.37832659008168
145.0,155.06535958182084
151.0,152.61277583075417
151.0,155.25793286780592
150.0,155.19921330947037
147.0,150.61688654004521
148.0,147.5453165772832
150.0,145.6638127863488
144.0,139.90823595968592
136.0,135.21149605400404
131.0,135.16358516219535
132.0,135.80037971087458
131.0,148.15850048847304
131.0,138.8206138163605
133.0,144.67809826724064
129.0,149.25260539270897
125.0,151.71708118163073
122.0,148.6698272512201
120.0,149.5385353963274
118.0,150.95399928661422
119.0,145.25171733997396
121.0,136.06329466523925
130.0,125.34326161338359
133.0,128.45456331753172
130.0,126.6225436540244
133.0,126.48047047354007
137.0,129.8932013952713
135.0,128.16094690846288
133.0,122.90724621094412
129.0,118.65383908857386
126.0,119.42276829531647
124.0,119.80018907806999
123.0,122.7143196149809
122.0,125.2634701963037
121.0,135.33996393881898
121.0,140.2436003137904
121.0,141.48891031597054
120.0,144.5800845572378
119.0,151.41904144031287
117.0,151.05502855083216
115.0,148.1203949001403
114.0,145.4404839772924
114.0,142.56949917951232
118.0,134.1296818765631
128.0,130.81884770950555
128.0,130.3153632165321
121.0,132.10094877181257
115.0,131.70966301147936
115.0,137.3192931072854
114.0,128.30850755297487
109.0,126.03330644252071
108.0,124.05250245185499
107.0,120.841685769006
103.0,118.81065940783958
100.0,118.33948294001141
97.0,121.7117068703743
95.0,131.86767665158064
92.0,132.6463263604439
90.0,129.57502769522304
90.0,122.41254499569223
90.0,123.59356471822522
87.0,122.21757605085119
83.0,117.63172477609325
80.0,112.344395182721
79.0,113.64658755457985
84.0,109.8748113860399
85.0,102.33374128504266
75.0,99.67765996984949
74.0,101.09291099373725
74.0,101.06743896100934
78.0,98.80769469549836
86.0,99.16129289573908
93.0,101.75200419425431
97.0,99.22654139022751
101.0,93.72417350526102
105.0,91.76761656843499
107.0,92.19626724304625
107.0,98.82925146717062
106.0,101.445467051283
106.0,91.53964019246207
106.0,108.28521782508173
102.0,92.25700136618157
97.0,96.94084826505839
93.0,106.64595586356155
90.0,132.7618341462942
88.0,133.48079155617341
86.0,136.28236895632872
83.0,136.66695503189945
83.0,135.5572673334645
83.0,137.5487778530266
83.0,135.06717462042104
83.0,134.16211044245256
82.0,132.96108207662368
81.0,126.15096569749826
80.0,118.8192970598954
80.0,107.66201196571942
82.0,104.42153914976102
82.0,102.67800741990345
81.0,101.38477107637931
80.0,99.56204111145635
80.0,100.56813431136757
79.0,101.00907050826561
77.0,100.5608420023668
77.0,102.25781906345813
77.0,103.3904258176457
78.0,102.08400530213606
80.0,102.28931965118517
79.0,102.92843728343252
79.0,105.4241736020388
78.0,107.01945335215979
77.0,107.56175754546466
76.0,106.33095904991421
74.0,106.63170423967127
73.0,106.15365738799534
74.0,104.71760105510307
75.0,105.30900408340335
75.0,104.54956488819329
76.0,106.19878463610613
81.0,108.50990956592565
88.0,108.44282361634286
99.0,110.88912120574761
113.0,110.56536403220647
127.0,114.06292304855103
136.0,111.3670105509575
143.0,107.85779845833906
151.0,103.94529297415215
144.0,111.02044509261685
145.0,122.79877030195786
146.0,106.94126192330503
149.0,106.0339646281132
152.0,109.55582277125143
154.0,118.13697326791362
149.0,124.44856042137914
144.0,135.93908472994173
141.0,147.26094134960397
135.0,152.9693716194699
126.0,155.812563276972
121.0,160.9062560247645
114.0,152.7943846244619
108.0,150.5235888318113
103.0,152.28749236991246
100.0,155.06519822896968
99.0,156.3678314180815
93.0,155.40281947086063
88.0,153.54336301505197
84.0,146.81528694125026
81.0,144.44604507508774
73.0,133.44053426668296
69.0,127.46057408392333
66.0,124.41920455331245
62.0,120.53002786929756
61.0,116.26048848502332
61.0,107.05195270673823
62.0,105.23093600715602
64.0,108.00604944384398
66.0,105.08443606839423
66.0,100.62121203871916
67.0,98.14143071282197
69.0,97.90178886782276
71.0,90.38097113871713
72.0,86.19764070245299
78.0,105.18806320546625
85.0,86.00351579021417
97.0,91.36403440828693
107.0,81.30916438760498
114.0,83.58446179136529
123.0,86.3760709415043
128.0,88.35361577205043
129.0,88.22746092052898
129.0,93.61926406474893
129.0,101.22133028125577
123.0,104.25451611314367
117.0,107.24589436715645
109.0,114.00350649034063
97.0,122.25295205290332
85.0,134.9160021540055
76.0,142.20443166319507
70.0,146.47814203256178
64.0,152.6782029847206
60.0,155.23445045955933
58.0,152.7265273622153
58.0,149.75347888234188
61.0,149.1755555758895
63.0,142.07787932004152
65.0,134.35782307463924
64.0,124.2368128518096
64.0,102.5520917805803
71.0,90.92137109915838
79.0,81.96710305731273
87.0,77.69932734493487
94.0,74.5467320400557
98.0,72.16850394267651
100.0,64.95223392534137
99.0,67.6506971791512
97.0,93.25867141287593
99.0,80.11212219631442
98.0,84.88035224529696
108.0,86.59320465384317
123.0,91.18623624251877
119.0,100.39991287196824
117.0,109.580438856921
117.0,117.88836502556248
118.0,124.1519261590296
122.0,127.4926157569195
132.0,134.81527562309458
141.0,124.12159645643692
158.0,119.76541335231477
164.0,121.96417341929185
171.0,122.22867272935635
178.0,129.43127097788584
185.0,142.61239523028743
197.0,135.58517386790282
202.0,126.99748369126185
204.0,125.99198040323108
204.0,127.77989765546523
205.0,139.26650569327296
200.0,167.10832742495202
186.0,161.525895416159
182.0,176.98927620532191
180.0,175.0722831713873
173.0,171.30955985501834
165.0,178.54880761831586
166.0,185.72643895322318
172.0,196.62414757466706
165.0,200.63719158203466
164.0,200.36884347254477
164.0,196.66566776181241
161.0,195.6601169623648
162.0,183.16695320339355
163.0,169.007864100399
168.0,165.2682895567337
176.0,159.00886547900043
178.0,153.74581464207284
177.0,142.70878839218062
186.0,143.70602715433108
193.0,153.26082880381387
196.0,148.09762648649905
196.0,145.58879407668445
195.0,149.5551338411942
193.0,154.23009353726516
191.0,157.3205344738551
187.0,153.37658649009418
181.0,160.96685871490487
180.0,171.8731308805292
177.0,180.0151744760708
169.0,181.40336145198853
160.0,204.79767900566736
152.0,196.27996429796906
146.0,195.67285515881696
141.0,192.59881148959667
137.0,189.01362436637254
135.0,185.90741937693278
135.0,180.056056016293
135.0,172.1012620703462
131.0,167.47636308395377
125.0,162.74523075401805
116.0,158.78439041325348
122.0,149.77886441815332
132.0,139.66171003804465
130.0,133.38179039618186
128.0,129.25551715375937
129.0,125.74422083544883
132.0,123.09852886785737
135.0,123.48406109715394
137.0,123.42485755863919
138.0,122.61905286633504
138.0,118.89706341323271
137.0,114.37896763243248
137.0,107.98963954028076
131.0,116.0506782421036
126.0,130.88740143625867
129.0,127.55605464041628
127.0,124.43157729051129
123.0,126.1646807101842
116.0,130.33397662378644
111.0,139.89057204310453
104.0,143.30233774267094
95.0,147.26635188343874
88.0,152.61401798269972
84.0,150.1082975597734
78.0,146.22367561511646
77.0,142.90262271534561
74.0,138.5834310285745
80.0,135.33024143093562
85.0,135.51528253517085
91.0,130.67546063853536
96.0,123.35066405616668
102.0,117.59421163943806
110.0,109.95859530052337
120.0,100.27248535258363
130.0,91.82282918955451
137.0,89.70534307366792
145.0,86.53232856989787
151.0,82.49895814888467
156.0,81.04473563988648
160.0,86.85410492279533
163.0,96.03034771643692
166.0,102.79523041368951
172.0,108.95838640160582
174.0,123.38401444007805
175.0,143.18559796689044
173.0,144.23720743043086
167.0,154.28235671892384
159.0,159.04884477564013
161.0,165.43732247050482
163.0,166.7928315077297
163.0,167.41101350088277
162.0,166.93657578061558
169.0,166.99900074810685
170.0,167.88571500378043
171.0,171.98230365053385
173.0,171.19825766415
173.0,169.01027174868597
173.0,165.61606919914607
175.0,158.36538750279115
166.0,149.7912239842256
159.0,152.3379858803139
156.0,151.07721939454822
153.0,152.82492087356232
154.0,152.80148954497926
156.0,159.5337509316527
157.0,163.62868302190208
157.0,170.96837094981186
157.0,174.6068049626264
160.0,178.33730632408725
161.0,182.5714294369647
160.0,184.11084422076627
159.0,175.41222141882722
156.0,166.4861573438495
154.0,158.44880989401852
154.0,153.89299835924447
154.0,154.76211310407427
153.0,157.83542746088273
154.0,159.20151689909784
153.0,158.43860513976168
149.0,157.7231584384301
146.0,165.41586880569474
148.0,165.2350771363407
148.0,166.4671590113473
146.0,164.23981625246563
147.0,160.53431174697533
145.0,156.3563720003057
142.0,150.14132124280783
141.0,147.17745174969832
139.0,145.38584029773594
137.0,146.99480407341824
136.0,145.96191743754176
132.0,141.22423460741157
127.0,138.07709981917037
122.0,140.3775891788556
125.0,142.60976292230606
126.0,142.00959824450192
125.0,143.32721144489972
125.0,142.55773600948856
121.0,139.90127663575373
111.0,138.03713857021654
104.0,136.97075735196447
111.0,136.6510478426742
114.0,137.3087580782408
113.0,133.16627941888567
112.0,127.32354050910938
112.0,123.11589756804818
107.0,125.53827362780234
95.0,129.5577203637229
93.0,130.08260743975558
91.0,130.22546655303103
95.0,127.51620206475597
106.0,117.5186241951522
108.0,108.3031126835318
112.0,116.67383174498173
118.0,124.67560368837451
127.0,125.44699931368609
137.0,136.87067831386193
149.0,127.60931617998074
155.0,122.38710002377988
156.0,112.10441023144196
154.0,116.60819663567032
147.0,124.87308243173416
142.0,118.40042786433285
136.0,126.00232236416996
135.0,125.92741590135223
131.0,127.68832805740433
124.0,137.0837673923174
123.0,146.85434707658098
124.0,156.1920009284067
127.0,170.73423828201925
123.0,174.75097561957094
118.0,172.1229563010316
114.0,166.78313205219217
108.0,153.23306157336128
106.0,147.970185918087
102.0,143.09770146738293
104.0,142.77118665596544
104.0,132.58168073153448
97.0,124.12077949525326
89.0,120.68254347852925
84.0,122.12812684214785
84.0,126.2161527545411
83.0,123.71190003618628
84.0,150.04995997076628
86.0,123.1496843458869
87.0,121.4418732771586
88.0,114.42912770242505
88.0,111.79547171976965
91.0,116.415227916382
91.0,117.60508070481819
89.0,109.64338409081721
94.0,98.90827922924755
96.0,94.97043674060369
106.0,96.99692598364057
124.0,97.43390725303688
111.0,100.46730889196084
103.0,103.37641993038727
96.0,105.53526441937268
95.0,103.82939817448946
95.0,103.00604212634423
93.0,114.9653194372479
93.0,118.79009615690649
94.0,118.71136824375547
97.0,123.47194527463614
98.0,119.97680401774042
97.0,129.53580322305768
96.0,147.7608080486403
94.0,135.45861374938008
91.0,119.68052663290348
85.0,115.29797846171508
80.0,113.49907875500129
77.0,114.78768615237581
76.0,109.78897941750346
77.0,106.74810015793486
74.0,109.32864423732087
75.0,110.71928009116922
75.0,109.94801864116707
73.0,118.06128481967814
76.0,121.91769722512385
87.0,122.04106521106485
85.0,117.98807417972832
84.0,129.00001099224832
89.0,112.80096578902766
91.0,100.86484401772145
98.0,97.42166497395931
103.0,97.40757356181332
112.0,93.83578352398862
118.0,94.03841656601423
111.0,94.16542646758539
109.0,91.38580681138676
117.0,93.22201370287723
121.0,107.89044173055544
123.0,110.79056428811722
127.0,112.33125119915996
124.0,117.3678821904949
120.0,118.66702251495846
119.0,125.8318438734995
124.0,129.99416551605376
124.0,137.93830558020244
123.0,144.59744341018188
113.0,135.5407259818012
119.0,126.64579755946103
120.0,136.70493967445165
116.0,143.75238337740578
115.0,142.66375783140006
119.0,146.3357714882139
124.0,138.38822967177515
129.0,134.1432241027935
132.0,130.83459125122167
131.0,134.6548331647671
130.0,140.59761416339808
135.0,141.67845387342675
140.0,127.55267576115848
148.0,128.20689366408064
155.0,133.66975571949126
154.0,130.42308125186085
158.0,132.15562133403077
164.0,135.46097771531217
168.0,150.35975036275443
164.0,144.56586967384212
161.0,179.27259525284435
168.0,152.79700470715665
172.0,152.57752528770482
181.0,152.11982020055723
193.0,148.7066471408742
194.0,156.27513668240647
196.0,161.4973000994135
192.0,156.45678885633868
182.0,156.28511821550188
174.0,159.97084465732593
165.0,161.54976505495083
158.0,156.65207674085997
153.0,153.89615301540172
145.0,159.65482924995052
134.0,164.7666997820397
125.0,170.1972349808069
115.0,187.29901245847182
103.0,180.75489174409896
101.0,179.94061373995612
107.0,174.15233475435952
112.0,162.9605653288255
113.0,157.05801003219688
115.0,152.26330962319065
117.0,138.50250702585663
117.0,135.00143495153398
126.0,125.12380403727934
122.0,111.75206871734429
129.0,104.48208219841986
131.0,99.77698105117534
134.0,89.72896950703752
133.0,90.97771590908167
134.0,101.48641829044507
153.0,110.49384344397927
148.0,112.01944689881124
144.0,112.69951438155343
135.0,143.7672923183324
129.0,127.40241868464302
119.0,137.6941575504079
116.0,135.8165108610508
115.0,142.91268330130316
114.0,145.18599643984297
112.0,144.18562629368782
110.0,140.11434011196744
108.0,140.57484100787389
106.0,160.8580081230899
102.0,157.71243297152145
96.0,151.10648747994134
96.0,139.69348786979802
101.0,136.25160214867594
95.0,123.21250607968477
89.0,115.8181162066798
87.0,117.26377203287996
87.0,118.85150091024062
78.0,118.86649970578497
73.0,109.13799762261831
66.0,109.23892517866985
60.0,109.28128285623413
54.0,108.0585911175626
50.0,103.53183243127027
47.0,106.81336505624714
47.0,110.31981790534095
49.0,104.57276915063987
56.0,95.77667947398703
64.0,94.2055278048274
68.0,96.15301057220503
73.0,88.83792276031798
77.0,82.31579403722525
83.0,78.21301764070132
90.0,74.02262422142704
92.0,68.89835963398687
107.0,62.696141601918114
128.0,63.56524435977323
130.0,64.05423945774342
136.0,68.23813553674141
143.0,74.89345361247275
153.0,87.25059902753794
153.0,95.26565181627146
148.0,118.85079571351366
148.0,109.11462754487404
158.0,114.89454220360828
168.0,120.93932501201184
172.0,121.73501179050919
163.0,133.81711550899
148.0,153.87821662737016
140.0,149.70562006766042
136.0,146.79994690056375
137.0,151.39552464691457
137.0,158.6228807895315
135.0,155.27011247662168
132.0,145.31090226532908
129.0,143.63170757444578
126.0,157.071331708645
126.0,165.01985905079363
128.0,160.5598192335053
128.0,152.66043864922352
128.0,137.78965802654733
129.0,130.86568116946825
127.0,123.66756824275868
128.0,126.5051802207901
128.0,133.02941338030658
127.0,134.32027024869157
127.0,130.4286371828941
128.0,120.84890820728785
131.0,117.63147153656763
132.0,121.4631331082321
134.0,130.25670152472551
138.0,133.81494890846304
139.0,134.54006101527645
140.0,134.43762459386724
141.0,131.38905149631623
143.0,133.23420127838776
146.0,135.83723462637
146.0,148.32671012098314
147.0,136.00033438347816
147.0,134.81870430844566
149.0,135.8642930635366
145.0,135.28574982385436
145.0,139.832882462937
143.0,144.14445687894548
142.0,148.31675476930525
143.0,148.6076575533473
142.0,149.77840993985666
140.0,152.24414509076928
140.0,154.95324472294038
139.0,154.56908036973303
138.0,154.43155687770377
137.0,153.19832084116865
136.0,155.19314888639602
133.0,150.14703436360622
131.0,148.81721783530878
132.0,148.13140381507708
131.0,143.63380834825958
122.0,142.65314481974633
117.0,141.6872581880379
116.0,140.550532886511
115.0,140.7958042664929
114.0,141.1538982984316
114.0,139.80810221583693
114.0,141.06845086831467
112.0,140.640140390117
116.0,138.69866351466968
130.0,136.9463215883919
144.0,137.67389139573888
158.0,137.79915127310133
171.0,129.52205548461131
178.0,122.09458465207348
184.0,122.01624423132083
186.0,122.32345921379573
184.0,128.61174285679047
179.0,119.80033553389885
165.0,120.13493922466145
157.0,117.84319714706942
148.0,119.33951428530924
155.0,132.53394125015345
161.0,152.32936169509202
160.0,169.98467337068826
154.0,179.2547567774862
145.0,183.1788427887231
136.0,186.3097078610084
130.0,185.64624457731097
126.0,181.72323680513944
125.0,177.11830471459552
128.0,163.5450305917365
130.0,151.36600843300283
130.0,134.98111321686855
130.0,140.27084537335534
128.0,146.9802251125475
128.0,145.7867888464323
128.0,138.45515749179773
158.0,129.69150245112309
166.0,122.36018814578819
169.0,117.73535949706982
166.0,120.00015333775883
161.0,122.83975363008372
162.0,131.07814323654617
162.0,132.354679585051
160.0,130.01675934512915
158.0,129.7679250927483
158.0,129.2990225214305
153.0,140.48650281262212
146.0,139.1984942090331
142.0,168.94039054880258
137.0,177.92566864575096
134.0,177.95665108143413
136.0,184.00144161333694
127.0,167.50809683655478
118.0,167.5560886477201
115.0,167.01254295918397
111.0,166.38295689013194
106.0,164.71455736045147
111.0,160.73905710060902
112.0,144.93941324168406
107.0,134.49893741388448
103.0,131.010978250466
100.0,129.38230173653065
116.0,156.250880330771
118.0,136.0319122830712
112.0,127.82963202635176
113.0,118.58260856640922
113.0,114.3435029232678
116.0,110.93490866410772
120.0,107.03798283113403
119.0,114.17807322290871
110.0,118.26849882939516
107.0,114.39699874978345
104.0,108.87868809154423
104.0,103.86601424822757
105.0,122.74348029922083
107.0,128.71397947749125
108.0,127.28470252836725
104.0,127.89615887011769
103.0,127.78145062840521
104.0,133.31418311346135
108.0,136.11977665867633
112.0,137.36611714794824
111.0,130.74958711148926
113.0,128.2162399573499
113.0,117.11154705252457
104.0,117.61776885216324
111.0,123.31907397352497
125.0,122.37343815334741
134.0,124.94555659824903
136.0,121.04134750356135
139.0,117.77477301376625
146.0,119.51307502501797
152.0,128.98148772200153
164.0,133.60120290454762
176.0,138.02331091380074
176.0,139.7417781377991
185.0,140.00813213568762
194.0,130.1401184667072
197.0,133.55007229154876
190.0,138.10909143319014
186.0,154.99100691976304
199.0,154.62157346761484
205.0,154.8594409773805
206.0,160.50220288863716
204.0,167.06594025797708
204.0,177.11701215497422
204.0,189.44298780104845
203.0,193.89394948257876
203.0,198.79304959346513
201.0,203.8732907266248
200.0,204.06719452624714
212.0,201.08573263793366
213.0,195.1934982337105
210.0,207.93417645718753
200.0,217.82126390631944
203.0,215.09201227944055
207.0,208.03873459774462
197.0,209.8256756717621
199.0,208.77786183715943
198.0,204.96979700046833
190.0,204.53032027597843
180.0,207.55894972475375
160.0,203.84482141605784
159.0,211.11224007027687
154.0,212.70148021622768
165.0,214.96272961844974
168.0,205.15610353515314
168.0,207.06518730616813
171.0,207.73870648592157
173.0,205.79197323124038
173.0,204.7301810489866
168.0,200.3994442729927
167.0,193.7695295351765
174.0,175.99601330968633
180.0,154.62305267046042
187.0,159.5546501397559
188.0,154.44490867877963
180.0,161.2698059535585
170.0,162.77625210721465
165.0,187.60991815606192
164.0,168.23463980002919
165.0,165.1144313340068
166.0,170.82893644675596
163.0,164.93977662070955
164.0,170.23049112300527
166.0,176.59125040581358
168.0,180.24164520394913
171.0,185.27731210452606
162.0,183.398454548375
158.0,175.1384616873313
170.0,163.93540201323063
171.0,159.11593474078379
161.0,159.06384881174583
160.0,165.6957103743565
158.0,160.81611604761787
155.0,155.46763307634848
153.0,155.1475443156415
151.0,155.98275625915116
150.0,157.94501563297413
159.0,161.32716817979988
170.0,158.4797790380403
181.0,154.82177759347653
192.0,161.55269665750447
182.0,164.31099963179955
177.0,152.1215058192483
189.0,150.6691348734491
201.0,144.51865347633972
213.0,141.99849715794193
221.0,139.87023634079128
224.0,136.9890090343427
214.0,140.53732633235597
203.0,160.08455489086828
195.0,159.43532396563734
191.0,171.65803430440658
188.0,190.34746606373133
187.0,178.43686726696384
189.0,165.27287786420044
190.0,178.26470465948114
190.0,193.84422360798163
190.0,204.67509326629664
190.0,210.9164134416448
269.0,210.42153238504255
277.0,196.79718210059696
276.0,185.2520166035219
275.0,173.86088924316718
275.0,177.218208934262
279.0,173.48071509228748
269.0,170.44323586206698
255.0,170.8195562306697
232.0,170.1781976471614
243.0,174.46412981498926
235.0,164.19860284517088
217.0,165.89430420546913
200.0,249.51574565915342
192.0,269.9910471801013
185.0,250.53964658897021
179.0,243.03921513522846
173.0,242.50915019131997
171.0,243.6620344662885
173.0,230.84071552756527
171.0,218.57390418515723
159.0,195.06460210829115
142.0,213.1525242407363
129.0,204.80241942290925
118.0,167.2327401367421
110.0,153.11723501839919
106.0,149.47930823820454
107.0,147.3487703462221
111.0,139.90450744448975
111.0,138.99248202645578
111.0,142.6819668370498
111.0,151.61242540667698
111.0,143.7671068129342
111.0,132.44020780904802
111.0,120.32365338179875
64.0,45.45320868201712
71.0,45.36007026683821
79.0,45.41349009333176
86.0,45.10996504940117
89.0,65.43183789696083
91.0,50.12169611310672
92.0,109.24653428188442
93.0,112.96500078407533
93.0,99.26926408442489
93.0,98.25477288801403
93.0,104.83604051077646
95.0,93.15490289570647
96.0,92.3713783373637
96.0,98.13410799914907
97.0,108.42961060127999
97.0,119.13444006951548
98.0,129.0676882779676
99.0,131.43681208061892
101.0,134.4979383428088
103.0,135.88853987676924
103.0,133.46643982673612
103.0,132.53237438982512
103.0,132.55862885175526
103.0,132.89138402818395
102.0,128.5856010930043
102.0,126.58063488617552
102.0,127.07354971139222
101.0,126.9386074063689
100.0,127.38494253858548
99.0,124.70264143971688
97.0,123.61799558623864
95.0,126.14371026917641
95.0,126.74225080978078
97.0,126.36933936821737
99.0,126.97373280911782
97.0,128.21015005790275
92.0,127.9144096256655
89.0,128.83864364517478
85.0,127.4871561554422
82.0,124.53112723050054
78.0,123.03474720665318
75.0,118.2395324995827
71.0,116.66891351309043
69.0,114.41715967235746
67.0,114.02433929552305
65.0,115.94064790724052
64.0,118.55341106867962
63.0,116.16508877133708
66.0,111.82747779686852
66.0,105.54088733103389
65.0,101.8673905318116
63.0,98.46040730671265
61.0,94.73315538762353
60.0,91.12102184674669
58.0,87.36266899972728
56.0,84.06021748394242
54.0,81.43426422314826
53.0,79.91151552691002
58.0,80.61909104800402
63.0,80.51921603249934
67.0,84.68537504717023
66.0,86.2455865855425
64.0,85.65348507025395
60.0,83.68831663564352
58.0,82.58212884526839
58.0,81.9263587834409
59.0,80.7243624403151
59.0,79.23752101520198
60.0,77.5044642081835
70.0,77.02770574790273
84.0,81.02722906791115
93.0,87.8187258278906
106.0,93.1510229247404
104.0,99.46107152766386
103.0,97.44721085608059
108.0,93.50774091384181
113.0,91.84482400114928
117.0,93.03664493344426
120.0,90.92245910729457
121.0,89.9334757972455
125.0,89.13423733346788
129.0,97.52907412880543
130.0,111.10617684325638
130.0,125.80809501523485
126.0,135.78226940117963
124.0,133.24453180503812
121.0,128.71505960191314
119.0,139.7879908769993
118.0,145.1385885474319
117.0,148.96902617267693
123.0,152.1367386806154
130.0,151.3270855236046
129.0,151.4235561975664
132.0,154.91622122361764
133.0,151.9265914684222
133.0,153.25318124349457
135.0,151.11607768067458
143.0,147.63323329219014
151.0,144.41840654324824
159.0,141.76440349583996
161.0,134.32273049720408
174.0,134.86625368825082
173.0,140.58381040255995
172.0,149.30139093623856
174.0,150.08783493645615
185.0,158.36990828408207
197.0,162.15246608244564
202.0,162.4014775875817
216.0,164.27220684989837
228.0,172.9452686687506
236.0,204.03481870211243
245.0,187.95263970136799
246.0,181.6201821320096
245.0,186.40259036417945
246.0,182.92587461401814
250.0,175.6060512419089
249.0,174.89007407588937
245.0,185.86271489525194
234.0,197.44397375423532
232.0,197.57469401893275
229.0,207.26653949433074
219.0,215.5017799631508
214.0,221.92656503549748
199.0,221.37872622665412
183.0,222.32653881930975
168.0,222.3073619852014
154.0,223.8925282336922
127.0,225.78446809030396
114.0,222.12901750630078
101.0,218.6286152666831
91.0,205.8835770551583
82.0,197.6562644974249
74.0,195.75655378562632
72.0,185.93266075735465
69.0,183.02847340107172
65.0,161.1857573615605
64.0,146.6775832752619
64.0,132.31568449422255
62.0,121.4455663257568
64.0,98.3838298662191
72.0,89.18095937852421
82.0,79.90283271896686
93.0,70.7905132345851
104.0,66.05057313605018
113.0,58.04494796436816
119.0,80.29675985594476
126.0,67.05777484935021
133.0,68.16852498372295
136.0,68.6001825235437
140.0,77.29731706395715
143.0,77.70925544853331
146.0,80.96513577114011
152.0,91.2010498592641
158.0,104.63298734610895
163.0,125.33339910325027
170.0,135.96802342831512
175.0,145.40685255584316
185.0,153.52148254042606
192.0,160.19102100145798
204.0,167.58703917561382
210.0,172.61214045208362
213.0,176.36428566518921
216.0,177.66211808963513
213.0,181.94907730783055
213.0,194.11839306347508
212.0,180.80631816932345
214.0,179.96860551276632
217.0,181.68843566080145
220.0,182.4832191172022
220.0,187.8780691920946
220.0,189.12228316609034
224.0,198.34874083865105
224.0,202.4655911961524
225.0,203.26358940994962
231.0,204.31840041201292
237.0,200.93405500706598
237.0,199.45308339781263
241.0,198.78952127680446
237.0,202.17821786939137
258.0,204.31984359288126
263.0,207.30591420880714
262.0,204.41934590014876
258.0,202.0252637254037
261.0,206.33940999232442
256.0,206.2406246392073
257.0,208.62450867665007
254.0,215.59997353024377
249.0,223.42056774505977
244.0,231.68367556902058
237.0,220.1588674909789
231.0,215.6301370296868
219.0,235.57726199084237
213.0,242.19104750126104
210.0,235.05333377376948
205.0,228.04089095825253
204.0,224.72746553083363
198.0,219.0566363786934
190.0,216.13310188954827
187.0,215.70523349853102
186.0,205.8473918433133
184.0,202.3126531797701
182.0,186.89062017443007
182.0,181.26018661798057
182.0,172.7763782373957
184.0,169.9768914054608
185.0,168.75555660472736
187.0,168.97739883105524
188.0,169.09335883831594
193.0,166.64992580464897
196.0,159.29355336035326
192.0,157.04090233124367
188.0,159.7957922410748
184.0,161.6098929156404
184.0,162.0338212676211
187.0,164.7104955725277
189.0,164.89502656816384
192.0,168.35706922045094
194.0,169.59547189746013
196.0,178.8958565191429
202.0,198.01038789410245
209.0,190.22498567712296
211.0,191.25562151092376
210.0,184.5196797856506
203.0,178.44234252572366
196.0,173.92979879986842
194.0,173.60806373181825
192.0,170.2998286270935
186.0,173.85628225300576
180.0,176.6573642935686
175.0,178.6055676235656
168.0,180.97251657051896
163.0,187.96768359595302
158.0,196.52024543592455
153.0,198.86524334684663
147.0,197.36901272719743
140.0,189.74460269834807
134.0,181.33556494386414
130.0,180.48815664304644
126.0,175.1840248457655
120.0,168.38679362578677
114.0,163.78568991433616
112.0,159.29404566874848
108.0,151.76712467262576
101.0,147.25813349512887
83.0,139.23154035500554
80.0,137.53631566138532
79.0,134.90304506688184
78.0,128.78079361065045
78.0,123.3910161384529
79.0,121.7703537822566
82.0,120.25118915669282
86.0,115.84023531232413
92.0,111.60012470543192
98.0,111.23060217395059
105.0,109.84057870217637
110.0,102.13242838516513
116.0,83.34743784779458
123.0,79.27039784936085
127.0,83.63722826698992
131.0,84.95738528037481
136.0,86.19925738130391
143.0,89.66537550297073
153.0,95.72635421001728
164.0,100.306595220428
175.0,109.37297066526384
179.0,121.4753604235461
186.0,135.5803039347932
187.0,137.71286181645536
189.0,141.3882524773732
191.0,148.4638896105458
195.0,152.3932891951285
199.0,155.24666986651104
204.0,159.00657085171986
210.0,169.38596518096585
213.0,167.4810912876026
210.0,172.34995859452692
200.0,177.0782203022965
193.0,175.1386880772667
189.0,175.42613958355454
188.0,171.59062617439497
187.0,170.7118907011746
185.0,171.49704098961925
182.0,174.8982863632694
180.0,178.54038188556643
178.0,181.35338501553758
176.0,185.541212483397
175.0,184.83791401023012
173.0,182.0481072688996
172.0,170.68357889966092
174.0,165.14444988164468
175.0,164.10030112102083
175.0,159.07478930703587
175.0,159.4008432792158
176.0,158.0635579767012
177.0,155.3095818356529
179.0,152.91471315887003
180.0,151.1800667093799
181.0,151.37117510474832
181.0,155.81857676836083
180.0,157.07894214726468
180.0,157.45347558297595
181.0,159.65279081289825
181.0,161.17469306489807
182.0,164.1780945447908
181.0,165.00256498314496
180.0,169.40074620566813
180.0,171.9591574575967
179.0,179.0085575103948
179.0,180.39605741521677
180.0,181.99293761400733
180.0,182.00725317030543
181.0,181.47746276912315
181.0,182.95743016934665
182.0,185.64277880568278
183.0,186.85314746198995
183.0,187.7700247597862
183.0,185.18040280133263
182.0,183.8738608398672
182.0,181.7911800644183
183.0,180.92626345360975
183.0,180.84767904638989
184.0,180.50776281440253
184.0,181.44546291451155
183.0,181.5710353071478
184.0,184.2213113785241
184.0,186.85567569440053
183.0,188.41379553502483
183.0,190.80810779939276
182.0,190.4690287058595
182.0,189.98621309957525
183.0,190.01359916804986
183.0,188.5067356266615
183.0,188.86129637537573
184.0,189.2122305437927
185.0,187.3314861117811
185.0,188.20199056636125
186.0,188.47867649088528
184.0,189.04250962194436
182.0,190.07498802112255
182.0,187.72213738626573
178.0,184.9169247696504
182.0,184.3754497046515
188.0,183.4885098509148
195.0,185.7448151178149
194.0,185.52197488397402
192.0,187.04016364094906
191.0,187.9396588994293
192.0,189.99442212347356
193.0,193.31027035503038
193.0,191.30818201380706
192.0,189.02018285218625
190.0,186.58052357532685
188.0,180.5403522894397
185.0,181.42350853099188
178.0,189.19695577519366
175.0,196.4044425237457
172.0,201.1265961752306
169.0,197.21201504391357
165.0,195.33451554081722
165.0,197.0339196142586
170.0,198.93149485346038
178.0,198.43958914507408
177.0,199.53965754666692
175.0,189.71332927622217
173.0,185.67600574248766
172.0,180.07922593385874
172.0,173.5741606189312
172.0,170.97441389849092
172.0,169.44167769526356
171.0,166.19217702110856
169.0,161.85908195972834
166.0,161.25219909522957
164.0,167.27313343799793
164.0,176.68401872245778
162.0,176.9097152323525
162.0,187.0528785468149
161.0,187.19276067131312
161.0,186.5195269271163
162.0,186.52836758865533
165.0,186.74585673210484
167.0,188.5533470344764
166.0,181.6253733001716
166.0,178.03378585014832
173.0,171.55576302406917
176.0,170.15335242206956
177.0,171.3828930293643
176.0,170.86452667206336
172.0,170.76039862416698
172.0,170.5970337546205
170.0,170.6934397794414
168.0,171.9638477374766
167.0,174.94124346455504
168.0,184.67203767194982
167.0,179.762389151567
165.0,179.88215713443478
162.0,184.73727079727422
158.0,187.03294903535925
154.0,184.15356321475986
149.0,180.93929377747486
145.0,175.34821965833714
141.0,174.02485159225594
139.0,171.72201591265855
137.0,169.53283018534393
137.0,162.746775843516
138.0,165.43369662283524
148.0,162.52482263854108
156.0,159.68487988445744
163.0,157.03252885923462
171.0,153.88953953348044
179.0,151.724141708105
191.0,146.88318275425436
197.0,168.6629077121345
200.0,144.81150261938794
203.0,141.17875273643727
195.0,137.6754166013291
186.0,136.43101262075567
180.0,137.3927855895892
176.0,147.91911588754738
172.0,156.79947810112276
166.0,168.8089166086865
165.0,176.17025709028496
162.0,183.8120253552167
161.0,194.8554270135088
164.0,191.31551615036364
165.0,190.3856349629621
164.0,191.8514119463932
163.0,183.97912899249746
158.0,170.71286250542806
153.0,163.60105214181806
143.0,160.50153945764023
132.0,150.3760506307602
125.0,144.57327029338197
118.0,141.91020376977795
110.0,140.27351968045875
104.0,140.36268496498803
99.0,149.08422520441073
94.0,150.35005097613626
89.0,153.08475485758248
87.0,154.18787540537053
86.0,151.02947779481454
83.0,146.99730435667084
81.0,140.29605773722398
79.0,129.4948850631463
77.0,123.92456455414342
76.0,119.4749430513946
74.0,110.92198715878361
73.0,104.17310174146101
73.0,100.30982458517505
72.0,92.9393668265275
72.0,89.70451475747156
77.0,89.34047498634155
80.0,92.86222915775862
83.0,94.03708276669039
85.0,93.03222822012165
88.0,92.92068126467632
90.0,93.71243848250921
92.0,93.74302465696081
94.0,93.08328591710807
100.0,92.92437039264915
101.0,94.35132942302647
100.0,93.40275272177026
100.0,92.77283192520581
100.0,99.16232186831222
103.0,104.93730984174391
106.0,113.30319564945776
107.0,119.2253117554882
110.0,123.57844172540652
114.0,127.53697988057684
114.0,130.11505145039038
113.0,132.35644443718527
111.0,138.94599538244975
110.0,140.81241763456472
110.0,159.6507229750336
113.0,139.69056275769856
114.0,135.2726300806567
111.0,135.25241299828556
107.0,134.96679697682586
102.0,133.49321701852594
100.0,134.5063221722228
102.0,137.54226015759025
104.0,134.44877500370137
105.0,132.15518230966336
109.0,130.92282819064224
112.0,124.42679621438867
113.0,125.76584607480292
114.0,126.92100782971664
118.0,123.84006422262465
121.0,121.34326765420103
123.0,116.7014143604932
125.0,109.12374563010661
123.0,108.50660316964773
119.0,112.35820735477614
115.0,116.46019872795277
114.0,118.17528983776961
113.0,122.1502135236538
109.0,124.24275745174275
111.0,130.69007634787363
114.0,125.42508010018406
119.0,130.70958643097578
123.0,135.67318864364395
126.0,137.7538358919277
128.0,138.3982815785309
127.0,135.6861956142722
124.0,131.23775849289308
120.0,126.26361375927632
117.0,125.63499556340267
113.0,119.99679218863044
110.0,121.18284471002868
109.0,122.33351440073602
107.0,121.7410215251677
105.0,127.10773412933641
106.0,131.00691055994025
106.0,141.5128716202729
106.0,145.14731309312788
108.0,145.80909955113052
107.0,143.11003105003303
106.0,139.56442409961312
103.0,138.5359924333116
102.0,132.5532806434208
101.0,124.32024655958207
100.0,122.72057792858544
100.0,119.67547645761043
99.0,116.9128552217985
98.0,117.02457354929524
97.0,118.01253430260707
93.0,118.79764093116182
92.0,121.70063544142667
91.0,121.8523363590237
87.0,123.39432236466092
87.0,120.87324602498802
86.0,121.25036147163514
88.0,116.63815875703048
92.0,116.38095099623315
96.0,115.84482246906109
98.0,121.51784927897984
101.0,131.1408745522306
104.0,111.22344010343438
104.0,106.11303775849098
105.0,103.1784734871504
105.0,103.22950059886787
102.0,99.43317251722961
98.0,98.66478550409428
96.0,98.96264693055909
91.0,100.93567011552851
87.0,105.5442664659602
85.0,109.95933114892381
84.0,113.92865969770457
83.0,121.1866130793309
81.0,123.98754950707423
78.0,123.1496479802786
75.0,124.40532105827435
71.0,124.11740475175097
68.0,121.6338003030069
66.0,117.1291003558789
65.0,114.47291352916918
66.0,99.07557631379233
67.0,95.26494828073217
65.0,93.69929886496836
67.0,93.31982882558457
70.0,94.05075910670816
73.0,89.14650398213513
79.0,86.25512399175955
84.0,84.00769301887794
88.0,81.38233713709887
93.0,78.54787193598665
99.0,78.3275372284528
105.0,79.06353539822628
111.0,80.90641033722059
117.0,82.3142826615963
124.0,80.3020371544226
131.0,82.08762412749398
138.0,85.99835844225531
144.0,111.46790667303515
149.0,108.80153397880846
150.0,115.29765081097278
149.0,119.66273953653636
148.0,124.69682871671061
147.0,130.46035183896439
145.0,141.92175199906515
146.0,138.9271825599098
150.0,140.67420622574502
153.0,143.48117986484388
158.0,146.41825524157858
162.0,148.81131597215608
165.0,149.6853378122539
169.0,151.41994648145817
172.0,149.6689075260789
175.0,146.64625276314987
177.0,144.74646769303473
178.0,143.45888170968325
179.0,141.75523695925006
179.0,144.40240661823046
180.0,146.67525887315455
180.0,145.68900603605468
180.0,152.19535937042238
182.0,160.04117891688827
186.0,163.5750600436711
190.0,164.44994283369562
192.0,168.47035158974109
194.0,172.18322661078912
198.0,175.6780206614728
202.0,177.23028123712925
205.0,177.77326246093958
209.0,178.4318703466178
213.0,178.90254058605862
216.0,179.06111590696622
218.0,179.19445646059208
220.0,180.8950080513606
221.0,185.16779987659945
222.0,187.82357860749696
223.0,189.5529002543019
223.0,191.61361541148798
224.0,195.561071328043
224.0,200.44637420528463
223.0,203.67536571828572
222.0,207.23450450711988
223.0,212.82588191409425
224.0,216.16998731321206
224.0,217.5417119639771
224.0,218.74825635290875
225.0,220.22431716096997
224.0,220.2363107688563
224.0,220.67736969967515
224.0,219.9800409002567
224.0,220.80574455425113
224.0,220.3630811705881
225.0,218.51130417628247
225.0,217.1840608585522
229.0,218.31345182998274
232.0,215.4560035573214
234.0,215.90981973254034
235.0,218.20313669078303
235.0,217.21220155606494
236.0,217.01173184803287
236.0,220.88397114842076
237.0,221.4251836296054
237.0,220.11666116211336
237.0,218.68407892394572
238.0,219.5583635495397
237.0,219.4327608881273
235.0,223.31859238960203
236.0,229.0931691565053
237.0,232.13616301498132
238.0,232.873245690408
237.0,232.56312398432465
237.0,233.33125417309566
240.0,233.13822158417884
242.0,233.870929488258
237.0,233.70291626879126
256.0,234.11593150827952
253.0,233.94563982357735
250.0,232.3846296264324
245.0,229.7890812573184
241.0,228.3179068362794
238.0,228.33734153555554
236.0,229.35183655072348
226.0,228.51177081907286
216.0,230.22692126543333
209.0,234.77899267502147
207.0,226.13917150827285
194.0,219.4652356269885
181.0,233.62398822749796
173.0,226.42311319208306
169.0,227.7292772602699
165.0,219.7367992452197
161.0,214.4962852410556
156.0,212.0968458832406
153.0,205.9460594058358
151.0,198.64522948411684
154.0,182.9978554361884
155.0,180.92198645668077
152.0,171.52347645385967
150.0,161.55734262986044
147.0,148.5276099096951
142.0,143.1342583375278
145.0,142.56571300188384
146.0,140.91367120041855
151.0,136.939249535164
162.0,136.1896080906193
171.0,135.7683280067531
182.0,136.72408624147462
195.0,139.36763095742515
201.0,145.53675727234727
206.0,153.8932916383479
209.0,163.6523725927711
208.0,145.56167720442153
205.0,140.1055387525855
206.0,141.97656220542606
212.0,145.16167221604402
211.0,149.8566003761218
203.0,161.51888498280252
194.0,171.4236698078254
190.0,185.00458010221044
179.0,197.97486153310112
167.0,202.88712160467207
156.0,204.40259270936312
148.0,206.83107398128328
134.0,203.60077526993837
129.0,199.42583150268842
124.0,198.770423095644
119.0,202.44500797420318
115.0,200.46107268909265
110.0,189.36725183278884
108.0,176.7387055826598
105.0,167.92323743580513
102.0,159.16795992566972
99.0,147.4904875942861
99.0,140.28111053954214
97.0,137.732594435386
93.0,121.86366751300721
91.0,114.6986403786614
89.0,104.91947717481781
87.0,104.11432354706423
86.0,103.65483304972639
85.0,99.19043240297887
84.0,100.31039498827815
82.0,101.27402440957503
80.0,100.22407096762296
77.0,97.5510574741277
77.0,101.64172168314039
75.0,100.19105764615873
72.0,95.38742089057871
71.0,94.26834707983298
72.0,99.9999220445247
72.0,99.73551739471722
70.0,99.48002203957077
67.0,100.7093792748224
66.0,102.49867795534885
64.0,102.4876439693704
61.0,101.23539673388726
59.0,99.9166804353172
56.0,102.13968780323393
54.0,103.07092009284528
53.0,99.63032900230606
52.0,98.89899871875544
54.0,100.52958549173422
56.0,101.30467983627656
59.0,98.62627327725008
66.0,95.52818256129584
80.0,94.28964332015005
95.0,93.05747147045885
109.0,88.8759793305833
122.0,92.91200507824969
131.0,102.0450038249895
134.0,87.5723425233108
134.0,85.51091886892665
132.0,83.64716972715418
133.0,85.53515869198478
133.0,88.67538604279581
133.0,91.04608004353308
133.0,97.93334563336182
135.0,119.04980220699802
137.0,133.55377473076777
137.0,144.76064300607305
137.0,153.38423838306517
139.0,156.32741507401903
140.0,155.64237738598823
142.0,151.96395990013372
145.0,148.58218200873438
147.0,149.29289664394966
150.0,149.3007292214779
152.0,146.55081024112684
154.0,144.07686357020594
157.0,144.32753214789227
160.0,140.5354979215902
161.0,141.73148950131116
162.0,145.10778254115772
163.0,150.4573636549293
164.0,148.43452259092933
165.0,151.2713986149388
167.0,155.58532853599982
169.0,152.96489736220488
171.0,157.44703059474008
173.0,160.64607834712044
175.0,163.92408497790606
177.0,169.12055415597288
179.0,173.82240268480305
181.0,174.66271082074013
183.0,175.28279235961324
186.0,174.57220253510337
187.0,172.71880481965286
189.0,173.24945153676816
191.0,174.38719551506668
193.0,175.77570573917228
193.0,177.22313183428085
192.0,178.15981156264985
191.0,179.40383653075202
192.0,181.86260299296447
192.0,184.00336045414676
191.0,186.37000855109005
194.0,189.07608382545334
198.0,193.35439898325396
213.0,192.381332004887
219.0,193.54202932661337
222.0,195.22930121891235
225.0,200.8917699946507
228.0,200.44445571756356
230.0,198.70651241766288
228.0,197.2616405819427
226.0,198.11255622300078
230.0,198.4363790208818
231.0,196.45126569702333
225.0,197.1292213937874
222.0,197.45815985182696
217.0,216.2729311647235
213.0,224.97170001114245
211.0,230.74744331959437
208.0,222.39076380299585
200.0,221.5793695821117
197.0,219.50692060734454
194.0,213.1587706290861
190.0,209.07275126259168
189.0,211.07537792290844
186.0,211.77773798321783
184.0,199.3444744843302
184.0,194.01815229611583
182.0,184.4281354988292
178.0,180.5902576918289
176.0,179.01260954141048
171.0,176.29122579908176
166.0,170.54432241835076
164.0,169.22047389959747
163.0,166.28063402909964
160.0,162.54472822057036
159.0,164.66166852778895
159.0,164.14652821579173
156.0,164.34633397167664
154.0,166.34151501638246
152.0,165.27357433289967
150.0,161.68035565154898
149.0,162.14935134495062
148.0,158.75736273534656
151.0,154.11007655009624
149.0,153.6367453352624
144.0,154.01400029316258
183.0,256.2076326749173
179.0,238.22365823066417
180.0,191.9667937006935
177.0,177.9942746276344
174.0,181.39551711668472
173.0,189.3226889246828
173.0,175.97476155336537
171.0,175.62315037317353
169.0,172.29917322110782
167.0,186.76471928908185
162.0,178.6575634560084
160.0,165.78775944654112
158.0,162.72606299303092
156.0,161.97205012603206
155.0,165.32075795086953
154.0,163.67846547748965
153.0,159.93733231422755
153.0,159.25696341615645
153.0,147.60295088964074
153.0,145.2479826962329
152.0,143.97534062013355
151.0,146.06050305420587
150.0,143.52364915305003
148.0,142.28318604644073
148.0,128.81625070197387
148.0,127.79365488830193
147.0,127.85530550509681
146.0,127.57540025959077
145.0,126.77436544602227
145.0,127.760339947396
146.0,128.89034424395754
148.0,129.13934478159373
147.0,129.63460446707853
146.0,129.0529376755786
146.0,129.06558692004435
146.0,128.54160045735648
146.0,128.88989646523046
145.0,129.3839121448339
145.0,128.5103261771716
143.0,127.54518133193717
142.0,126.91086014058767
142.0,126.76884288192277
142.0,127.66765820240678
142.0,132.5192799173194
141.0,131.44629358143803
141.0,132.58530254707938
141.0,132.7620233524852
140.0,155.0144297722737
141.0,157.65395684550458
141.0,157.17392756758383
141.0,155.1210974152356
144.0,151.3320200936603
146.0,149.50069816054503
146.0,148.6488288639247
146.0,149.26419898811773
147.0,149.60057674955186
147.0,148.49600208173618
147.0,148.1684909661946
148.0,148.45169041405777
149.0,147.91385335618966
150.0,150.27038897948503
150.0,149.0889712671088
150.0,151.56015277786244
150.0,154.37977191183242
150.0,156.99422766441248
150.0,160.96200714670957
150.0,167.7661661214994
150.0,159.88645793752832
148.0,158.7026110430961
148.0,157.78294821685571
148.0,156.81516846906783
148.0,156.86009171521943
149.0,164.11633506350682
150.0,161.89066826063856
152.0,160.34645969727248
154.0,160.5687531767419
155.0,161.06390542968794
156.0,160.75139417742557
156.0,161.08945848547702
156.0,159.25356192435447
157.0,155.2666106256674
157.0,154.90943669922552
156.0,153.19953371600045
155.0,153.9287596027776
155.0,155.25505413038238
156.0,156.99314349132376
157.0,161.85281543961878
158.0,164.3191209246701
159.0,169.8354501251802
160.0,170.7050532067339
163.0,171.81053792955728
163.0,171.94730415461888
162.0,173.1369061441557
164.0,173.72780160537536
166.0,172.49980262914633
171.0,171.31003428168657
173.0,168.76194776907278
175.0,167.46447096557299
179.0,168.84417052725252
183.0,170.02641305100363
185.0,171.3485790182615
191.0,174.7761000144527
199.0,179.50683312829764
202.0,179.54316210818806
208.0,178.42521471525043
171.0,180.6184355184892
179.0,183.5883603901553
188.0,188.23786410801821
197.0,196.94223060922067
204.0,189.17128473096366
212.0,190.7732077956364
219.0,192.95884242901286
224.0,191.18287542192218
230.0,194.49443806527734
235.0,226.01017027955038
241.0,204.86703757513507
248.0,205.74856327442924
252.0,165.2101758353001
255.0,166.29932637164788
257.0,176.14010867618197
258.0,176.65838222167372
257.0,179.81992906648458
261.0,186.74595113055952
261.0,199.4906090181997
260.0,199.15333920103123
257.0,202.0917232220671
252.0,200.8431956226598
246.0,220.5198631331163
240.0,223.98953386143768
236.0,223.14391843705025
233.0,222.91235634656164
230.0,222.94746830759408
226.0,227.838661182256
224.0,225.83879466387478
221.0,229.41187242869916
217.0,231.98611646128182
212.0,230.4717401836691
204.0,227.09980433619054
198.0,221.4525543748889
196.0,207.531090301665
197.0,200.05702010329645
203.0,199.84390968006366
205.0,199.63578140152768
204.0,200.2992091993209
211.0,204.4901836345021
215.0,195.74305172188434
218.0,194.51118334982087
220.0,199.45178573137986
222.0,207.21761892699712
235.0,196.18853211025476
242.0,190.44161742997215
251.0,185.51206400229387
257.0,186.61104946732925
265.0,192.813142973945
267.0,196.03471510787688
268.0,194.12173900076482
267.0,208.99449357620588
266.0,209.33913254402304
265.0,216.12022726148678
262.0,219.34249086076497
259.0,228.60031088084207
257.0,233.34468909458866
255.0,238.8336921044596
256.0,241.26306634471504
253.0,243.60249416757188
246.0,250.01545238882375
229.0,247.15638595131523
218.0,243.9125897290536
213.0,241.17672718222764
210.0,239.49931143965983
207.0,239.43445391430475
209.0,232.10160949928655
216.0,228.61979792954077
216.0,205.955934540372
216.0,204.33145307990168
217.0,204.24019023803535
221.0,202.76109108402284
225.0,196.60364226221074
228.0,181.5737179815679
229.0,172.0187234486032
227.0,164.7330163043224
229.0,165.8614159707805
231.0,165.78600476008108
230.0,169.73124008382914
229.0,179.737486050391
229.0,178.47075063147838
227.0,177.55447345948684
222.0,179.75572805458617
221.0,203.96035150662192
221.0,224.02748703746633
224.0,208.91565557589175
232.0,209.18401801338163
235.0,214.61102660154683
230.0,206.35519175147044
224.0,204.6611211064908
221.0,203.0748491683321
218.0,202.36596650031876
219.0,197.46025104683608
219.0,192.95188809392346
222.0,184.2542648176779
226.0,182.84019971286332
234.0,181.6659120913305
239.0,187.38425357440622
240.0,195.71156507544853
245.0,202.69955353876708
250.0,203.82040154495638
254.0,217.92324720334594
253.0,203.134236725106
248.0,202.09598253738187
241.0,203.0588118089617
233.0,203.0011768763588
225.0,207.07918484019376
218.0,211.80828011605348
208.0,217.8933643522388
199.0,232.44191116360486
192.0,224.44407362213542
183.0,227.01321439002663
175.0,230.31591992575898
166.0,231.5832691212006
158.0,226.93509147772113
152.0,220.23013675720614
146.0,211.1106173208532
137.0,202.41464811578913
132.0,191.4804262168332
126.0,180.94073568731832
122.0,173.21466143662397
120.0,163.45241885841534
120.0,154.29032347986876
114.0,145.43918563842095
107.0,138.3764651182569
102.0,132.35421808954408
100.0,122.0874636191142
97.0,119.49836729627737
99.0,116.97052946770108
98.0,110.16293804406259
96.0,107.698132458528
95.0,105.41509821885109
96.0,103.4159282521761
98.0,104.02945596893564
101.0,108.61595994851456
104.0,113.50380384135254
108.0,99.56650079026576
110.0,95.31832658668813
109.0,93.67145481863137
78.0,94.57139814964779
81.0,97.77955605653696
80.0,100.26310832114211
81.0,99.82721202274479
81.0,99.67652912864973
80.0,101.22786270121617
78.0,106.50049430812814
78.0,110.42544985843
78.0,116.22355697706702
77.0,123.01333022054403
76.0,126.96412474076087
78.0,123.28543812635859
80.0,92.52753644591445
81.0,89.89913373845498
80.0,91.05704334382452
82.0,92.81007906559645
84.0,92.57661505644892
90.0,91.42933100349711
93.0,90.0359208875144
95.0,88.51816275596381
96.0,90.13302678296051
99.0,85.18405884249626
103.0,96.73098788477029
105.0,96.4546954793353
108.0,98.01230250564927
108.0,97.85425790056951
111.0,102.5831399145745
113.0,103.93251042298397
114.0,107.07542913305696
112.0,132.4814745295242
109.0,120.34089933712755
107.0,127.74574553162
105.0,119.5393253776858
104.0,119.06817335821097
102.0,120.8596243113017
101.0,120.84196384383091
101.0,124.43930048788549
100.0,122.4333477590671
100.0,123.6407314096027
99.0,123.1239813268164
100.0,122.70185916745072
100.0,120.08020983313476
101.0,116.94526093290294
101.0,114.97610762228004
102.0,122.90026145032672
102.0,112.54733512788465
103.0,108.36873076119733
102.0,108.27332869554232
100.0,108.12162675195773
98.0,107.13346745067295
96.0,107.13962252835782
94.0,107.36433228482197
93.0,109.72818998210553
91.0,111.00274890495729
91.0,110.08377498568447
90.0,112.76436715150277
90.0,114.71826007570981
91.0,117.11511157018913
90.0,119.71464348969897
90.0,119.30935036127542
88.0,117.03734952769474
86.0,115.55895055500116
85.0,108.97595067011585
85.0,105.16517259110705
84.0,104.28643449662496
83.0,103.64288728174827
82.0,103.18460027424183
80.0,103.49085554844517
80.0,102.71408948069933
79.0,104.89214790697072
78.0,105.30187338706989
78.0,105.9827500328555
77.0,104.90949912765609
75.0,105.56448037147737
74.0,102.37997740845279
74.0,103.38834287361954
73.0,102.4134752693015
73.0,101.5956214142733
72.0,100.04988269587453
72.0,97.76370104771567
72.0,105.73721424571123
71.0,96.58706256984631
71.0,95.34497305805485
70.0,95.5860667690242
70.0,94.58177866382589
69.0,91.76742464543595
68.0,90.25770784106581
67.0,90.36481003191504
66.0,89.66442694585331
65.0,90.21021622975813
65.0,89.45504229646852
65.0,89.59438056643701
64.0,90.06385270725539
62.0,88.72574019449338
60.0,88.77046629034622
59.0,88.74433571878382
59.0,89.17817940365312
59.0,88.54528359569507
58.0,87.88989182934245
58.0,86.9992232221508
57.0,86.66267238270495
55.0,85.9810451554065
54.0,86.09898352923844
54.0,87.18950790176464
53.0,86.2183269357189
53.0,84.6531267933244
54.0,82.36390114116098
53.0,81.47424474426441
54.0,82.05724285397666
56.0,82.75271260911137
55.0,89.85820002246668
55.0,89.5726241997045
56.0,80.24001842561253
56.0,77.15646671327673
56.0,75.27091961704011
58.0,75.49315502351534
59.0,82.15041254687532
59.0,81.59571984666047
59.0,82.46488974315469
60.0,81.56044066167533
71.0,82.553078148215
73.0,84.84464143378955
76.0,86.59747602400304
81.0,90.98560821249743
87.0,92.49134588305061
93.0,92.7964899566834
100.0,92.99162089483315
104.0,95.05074390281486
106.0,95.99958728846991
110.0,96.7342931771868
113.0,103.94719107503323
117.0,116.05969087411803
121.0,123.30255949975765
124.0,116.72101868384007
128.0,115.48202617659817
132.0,118.83987825175143
130.0,123.91292221758181
130.0,127.46131692173104
133.0,131.92666745072285
132.0,134.79879447590847
133.0,135.79808577270225
135.0,139.70332819353723
133.0,138.545348603139
130.0,141.12779432838803
126.0,144.99151139543815
126.0,146.4741132477744
122.0,149.08301333242437
118.0,151.81483881107042
116.0,148.00945797717137
115.0,147.10590623640152
112.0,151.18548208536177
109.0,150.9589426159638
108.0,159.62569483813175
105.0,154.25824074602596
103.0,152.65919186399083
101.0,150.44886207462437
100.0,140.0681418416414
99.0,135.51493490030475
98.0,132.1221986182379
98.0,128.84045604351675
98.0,126.65728385323638
98.0,127.6554016970913
99.0,125.3754038304324
100.0,121.2629569338761
97.0,113.72392628770214
95.0,111.68030093930572
95.0,110.60613981754602
93.0,106.68130648445722
92.0,105.0217728199783
91.0,105.1415192250941
91.0,104.23551491641354
91.0,103.92684222751267
90.0,105.48549229489703
90.0,107.14772022860751
91.0,108.7546577371225
92.0,111.41722407228849
93.0,117.65528283642361
93.0,118.05096429619229
94.0,116.79576297720476
95.0,114.80839642033934
96.0,112.69312954729551
98.0,112.44450190570652
98.0,113.3143226710192
99.0,114.39687258255816
101.0,113.44407154034786
101.0,112.89012012108404
101.0,115.54813280642654
102.0,117.79906192861746
103.0,128.18534489113196
103.0,122.49216176888325
104.0,125.1414239033017
105.0,126.01774836602698
106.0,126.02456167488616
106.0,126.67395385343384
107.0,126.52674228171227
107.0,126.45698803684947
108.0,127.47024680925787
108.0,126.9576404232529
109.0,125.96150577434992
109.0,126.77104233481191
107.0,127.69423523609801
108.0,127.5531107123436
110.0,128.25410055103578
111.0,128.8436827577803
116.0,130.15475242783035
123.0,130.1005129890849
132.0,130.35838573635348
142.0,130.99165227390935
152.0,132.3825663535618
161.0,132.6122839261913
167.0,133.5261124495907
172.0,134.25007728172997
176.0,151.51911575152025
181.0,139.81753545618292
185.0,137.97179673573805
189.0,141.87383004645855
193.0,148.53228622232538
195.0,156.06120913444695
195.0,164.48732961712307
194.0,173.7638993586859
195.0,182.15679636728638
196.0,189.69409121089018
194.0,195.13423993251894
187.0,198.3642818400223
185.0,194.50044535003897
184.0,201.86038206145298
181.0,193.461400028164
177.0,190.68533346992967
170.0,189.34059311996938
166.0,186.08787819381115
162.0,181.74528064441122
158.0,177.44146157359006
154.0,177.07949481560004
152.0,177.83903048981193
148.0,175.73741947369393
144.0,168.23833503923618
140.0,171.83290168248092
138.0,154.9617019027857
136.0,150.82917946789047
131.0,147.47765364727482
126.0,142.56116949092694
124.0,141.00595291110238
122.0,138.97007175018143
117.0,135.68146105915372
115.0,132.9528626141612
114.0,134.3260338268519
113.0,131.58977772939338
109.0,127.20329590390703
106.0,128.13783917180356
106.0,125.66010720679023
102.0,127.83833084174562
100.0,123.65773983807458
99.0,119.50747405298009
102.0,119.60784484156144
101.0,120.03491536374065
98.0,115.77362747189895
95.0,114.83054364400678
95.0,116.33375613967517
96.0,118.05456588967574
96.0,115.34107020698704
96.0,112.23204509691315
95.0,113.10948153105556
96.0,110.70145496622271
119.0,108.63818902828504
127.0,109.02969334730582
134.0,114.93377873563652
141.0,115.84335214129358
144.0,112.36056072766195
145.0,109.17573742902994
152.0,110.65592626857479
161.0,133.40996935614623
168.0,117.70697039351779
172.0,126.36742708783008
173.0,124.30889654584043
178.0,117.2473571915591
182.0,136.91928962518747
182.0,150.6561703636352
183.0,154.51441635374556
185.0,158.45311022388745
188.0,158.60829324008452
192.0,155.85145160517567
194.0,159.78847501647218
199.0,168.2981910165758
202.0,174.12375554729402
204.0,177.3459395131712
205.0,168.44647307937254
205.0,170.3388553180624
207.0,173.60696950258364
202.0,171.3895971749048
192.0,171.84181805129208
192.0,183.14455036829676
188.0,178.09972368355835
184.0,179.0863504285532
180.0,198.34824385425628
177.0,193.84206853186532
173.0,193.9168871990397
170.0,189.64751297691976
165.0,189.55257998811493
158.0,191.72906868515616
152.0,194.18146424736008
148.0,189.23076279700376
147.0,178.2586055258455
146.0,177.9517521925343
144.0,168.3742240879048
143.0,163.64348011309698
142.0,159.7177545879201
139.0,157.86575927863464
135.0,153.93331946248222
135.0,151.23033133429388
131.0,145.22487027950243
128.0,138.3344414639443
126.0,137.62205885757197
125.0,134.05552511942585
122.0,135.33458306927852
117.0,136.9532192198872
116.0,138.58261712876117
115.0,138.29893991841243
116.0,138.7507191947275
114.0,128.3470034855344
112.0,124.75191550765774
112.0,126.70975548183343
112.0,126.35160073200024
112.0,125.0963516862426
112.0,124.06156408048503
111.0,124.49625267878216
111.0,123.87238726068463
110.0,119.2010737084489
109.0,116.55984175365836
108.0,118.59350873171007
105.0,122.38180350416752
103.0,118.78913630654816
102.0,118.09820171593985
101.0,129.9579825747642
101.0,123.17150200159347
100.0,122.91485405551782
100.0,122.95717768662756
100.0,123.4413999472863
100.0,123.28169314533287
100.0,121.5332358020601
99.0,122.61938051373858
98.0,119.47605444616758
97.0,117.24073366167164
97.0,112.51953994239517
95.0,111.78840706502439
94.0,111.13430716051272
93.0,111.21300900792798
93.0,111.35451781440308
92.0,111.42699940727958
92.0,112.28302874582914
91.0,112.94606515564045
90.0,113.32861055299018
90.0,113.34172370164296
88.0,114.88471043471186
87.0,111.6306440099581
86.0,112.12014042131833
85.0,110.50859483545051
85.0,109.18285869421084
85.0,108.58040851779515
85.0,108.67814143803812
85.0,108.13127052156443
85.0,107.87312860580033
85.0,107.61543306945288
85.0,107.10573578320103
84.0,107.53971385575957
84.0,105.77510223688
84.0,105.20395676993715
85.0,104.77251740752392
85.0,104.2418742250504
86.0,103.89039876362718
87.0,104.22251961069858
89.0,104.2483696370496
91.0,104.44953225928282
91.0,104.75464993883648
92.0,104.46139934398029
92.0,107.22641209715988
93.0,106.53405031013853
94.0,106.41768896184497
94.0,107.13380775868976
94.0,108.14580832771684
94.0,108.54371882685544
95.0,109.32574452689931
94.0,110.68200520848839
94.0,114.91437954605532
94.0,119.24193568940439
94.0,118.94720056314682
95.0,119.73615958041033
95.0,119.58818357144828
95.0,120.13089008596296
96.0,120.65810536176987
97.0,120.57255388455879
98.0,119.93211860500847
98.0,119.70216898077565
99.0,120.01226882247988
99.0,118.45539091163354
100.0,118.24426206250902
100.0,116.03191447905797
100.0,114.1041931691781
101.0,114.92488540070293
101.0,122.36032598558063
101.0,116.28833747483975
102.0,114.41206784207121
102.0,117.23887037873962
103.0,119.11550154724968
106.0,118.72577916618846
107.0,126.25588941108356
107.0,125.82865903523587
107.0,126.37655894649694
107.0,126.04574785072398
107.0,126.11498841412009
107.0,127.2589334947654
138.0,127.20214856425268
143.0,126.74716954435263
145.0,127.48444318597319
149.0,127.93959569787114
155.0,128.59903746990292
164.0,131.8258688342122
169.0,132.56436938360164
170.0,132.33568851150125
173.0,132.47107581418214
178.0,132.55576913240364
182.0,138.890084790658
184.0,130.36824893908846
187.0,177.96507770452203
190.0,169.50649867424698
195.0,165.2403454324544
197.0,164.48121552190113
200.0,169.29324519794005
201.0,176.64717540678666
202.0,178.57318510210382
202.0,178.33762670009062
202.0,181.19021924589694
203.0,189.14529916324608
203.0,180.99793634909764
206.0,179.5894832270295
208.0,183.59802643600878
206.0,186.51759994088613
205.0,190.7159018357619
205.0,190.47054175702658
203.0,192.41876811239968
201.0,194.90275408468418
198.0,202.49004922573505
194.0,194.20856054430692
193.0,194.43027128350997
190.0,196.90783222901487
189.0,197.80945311272683
187.0,202.6102508975232
185.0,203.51723685982552
184.0,195.56355059731962
182.0,193.5456262261871
181.0,194.38680669729322
180.0,193.50581717129788
179.0,192.0822725109893
176.0,178.47288197063833
176.0,172.93273420326113
177.0,172.95456258806246
177.0,170.3458712692345
177.0,168.73290294880854
177.0,166.94418039549598
178.0,167.7620284758754
180.0,165.80436468963936
181.0,165.42340395284918
183.0,165.46175168522734
185.0,166.25023639625746
188.0,167.88211809249265
189.0,172.06152362968575
191.0,173.65330862927155
194.0,176.7582750181717
198.0,178.12131504616116
200.0,179.01029486388987
203.0,180.29421126044232
205.0,182.3033860282803
208.0,183.57355810961096
210.0,191.85544202272555
211.0,194.1564736286019
211.0,197.77595539633054
212.0,201.08013957571103
211.0,209.34188572978235
212.0,202.37087217468178
214.0,204.61776619130703
214.0,207.95332623806036
215.0,208.22980661884262
217.0,208.43671361370383
223.0,209.0770423071869
223.0,209.97131832515475
223.0,210.38929547775575
227.0,209.73491372059328
232.0,209.6514344503218
237.0,210.1210366746966
242.0,208.99600173462449
246.0,208.901079320204
252.0,211.61921687459636
263.0,211.65305754335128
267.0,212.60028506345972
268.0,214.52802830627468
267.0,220.90031605482875
272.0,221.67419809260474
276.0,221.25375492157292
282.0,225.3496701307542
287.0,232.26677439447133
290.0,237.4173575938367
296.0,241.44751962654058
301.0,245.7103111211558
308.0,251.49220507455243
315.0,262.1949366475776
317.0,264.1548151752919
324.0,263.6237901524155
331.0,262.73812140148476
334.0,266.6938354308305
337.0,270.556072080469
339.0,275.23217061579913
338.0,279.44756565921415
338.0,298.7978383390651
339.0,282.53804647121865
342.0,269.6074458129697
340.0,267.20471825056427
340.0,269.4628844471703
338.0,267.89596698919377
333.0,270.018245717165
332.0,274.2488780582993
331.0,273.72536322071505
329.0,273.4913217381077
325.0,274.61770899622525
319.0,272.3945588841535
318.0,271.3643285686163
315.0,279.6860212722811
308.0,271.261992203497
305.0,270.4915594532665
302.0,268.50293172097184
300.0,265.5654353789546
296.0,259.09392064991766
293.0,256.5664624364947
290.0,254.70176841166065
286.0,254.75666857934317
282.0,252.26452145935647
279.0,248.09447459398302
277.0,247.80214587624064
271.0,245.85936788868477
267.0,242.36201814633637
263.0,240.9921265586232
261.0,243.02614412147372
259.0,243.04925094108484
259.0,240.0552482721106
259.0,238.1854326456886
260.0,238.10863537664605
260.0,238.2518200988367
259.0,236.0817594513867
260.0,234.88672195927643
260.0,237.21164114006734
258.0,231.45483205614914
258.0,226.1613328339699
259.0,224.65443086734734
262.0,225.95409393252856
262.0,227.52886274339085
262.0,229.8122393082243
262.0,233.27926168775957
262.0,237.85509207900043
262.0,240.07162029612363
262.0,239.56999679757322
267.0,112.59546705526759
258.0,106.61391449122407
253.0,107.69507628605976
248.0,181.0998828708078
239.0,194.65868514848734
225.0,185.34056082066564
211.0,425.1677996208695
197.0,285.7711109274561
182.0,232.1326802391988
171.0,213.26433542561722
161.0,218.15012534038158
154.0,213.30841174333722
146.0,198.33021046939194
140.0,191.29149136864564
137.0,192.74898951133983
131.0,218.16308379898697
125.0,203.87485823923313
122.0,189.15165792467477
115.0,179.66089970731406
106.0,167.16471501659262
98.0,153.3505569459442
92.0,155.73590141369317
88.0,149.90660595134239
86.0,147.9460618092979
84.0,127.83786677226755
81.0,123.44120513581413
77.0,123.08969188544374
75.0,122.59890697184542
74.0,122.59023087232217
72.0,116.29708188362832
69.0,101.85997478948815
63.0,94.78000620407335
57.0,88.41365101144103
52.0,84.1311743528819
50.0,82.95449874461393
51.0,83.28453229452975
55.0,83.19216508526395
59.0,82.86518623355055
62.0,80.69465485004413
68.0,79.1347087881123
73.0,78.66254609163761
77.0,78.71989641597771
76.0,79.31005265096096
76.0,96.62934237591136
77.0,75.87155576224468
76.0,71.57540968416595
77.0,70.42047930553821
78.0,75.77215565851625
77.0,82.33583627902102
75.0,88.29843898697686
75.0,112.06763143283038
76.0,100.91766838894173
77.0,115.1343083088939
80.0,118.29783713711477
82.0,118.80533911585076
85.0,119.67481739975568
88.0,121.99449936083892
91.0,121.01444831426527
93.0,120.02296160463386
94.0,119.68035204925005
95.0,118.23192001780609
97.0,111.72018545923305
99.0,109.71107757768452
100.0,107.24674734648994
99.0,106.28389912341922
98.0,110.60805459879748
96.0,111.51389651291026
95.0,118.608169937059
94.0,118.16336230755326
93.0,120.54606319345737
92.0,122.86857797404602
91.0,124.49341516195008
91.0,125.94038039555672
90.0,128.0796277010099
89.0,130.55209573688288
88.0,128.86704858810555
88.0,127.38476907061579
88.0,125.34235349327082
87.0,122.98195098212469
87.0,121.38392438529439
87.0,117.22334853538646
87.0,111.99579152162235
87.0,110.91129756070337
87.0,109.01160330968764
87.0,108.43211560073684
86.0,107.43728585405833
86.0,106.85363406845633
85.0,105.9499681706739
84.0,107.24953915921316
82.0,108.1638072147332
81.0,107.6575117552956
81.0,107.73734856573935
80.0,107.26383733312018
79.0,107.44237619782285
78.0,107.0838522288793
77.0,109.16534507143899
76.0,109.34805416411967
75.0,108.38960329928832
75.0,107.70240595185378
74.0,106.01883018264172
74.0,105.234576745207
74.0,101.18222840503248
73.0,100.14805746571801
73.0,100.43029224996755
73.0,99.88707260886059
73.0,98.81436740982434
73.0,97.7758609215943
73.0,97.12846503592303
73.0,95.96553991977831
72.0,95.14726511898735
72.0,95.26802337920651
71.0,95.09892115834501
71.0,94.9575791120759
71.0,94.80286002008285
71.0,94.12052131048365
71.0,94.00975566221398
72.0,94.34035505251478
73.0,94.63338680337995
74.0,94.84222813862277
74.0,104.65256346971853
75.0,104.53805626888027
77.0,103.97791163412487
78.0,103.71314865061903
80.0,103.03302069746674
83.0,103.33874019021242
86.0,101.5693760777028
89.0,101.76177237965564
79.0,101.83397300148086
81.0,102.88608956331704
84.0,106.4233089135987
89.0,107.32685781012461
98.0,111.77881796057086
114.0,112.3640660470459
130.0,114.7494394525573
142.0,115.48256322884363
152.0,116.75530879886291
163.0,119.398352299963
174.0,122.23650364177334
184.0,124.23736530702004
194.0,113.54569773139389
201.0,131.684429849257
205.0,126.35856134792436
208.0,131.70220640419973
208.0,139.8697196618274
209.0,160.78759848168178
208.0,166.65246801570544
205.0,171.69231850647083
201.0,175.1293722692946
196.0,179.39372572439726
193.0,191.22242763197687
191.0,197.06865206433702
187.0,202.86806675606516
183.0,206.84159485920958
179.0,207.46721294312712
175.0,205.1573532457985
171.0,200.37545551523448
164.0,199.15415339014027
159.0,196.70284341055066
153.0,192.64238808397266
147.0,187.65996505186382
142.0,182.38872720049994
137.0,172.24195571241978
133.0,170.46147486014442
128.0,168.21805397523147
124.0,165.61531622631878
119.0,158.52756796227206
116.0,156.9686033126121
112.0,148.10767067304303
109.0,144.31219489574812
106.0,142.96253505535265
102.0,140.38785436654322
98.0,136.34615126565993
95.0,131.7949468176587
93.0,128.2370189720918
90.0,125.25152538803488
88.0,121.17809041954436
85.0,117.87510445671333
83.0,112.05967869109969
80.0,111.02554810460272
78.0,114.91591464136565
76.0,114.0207284534192
74.0,111.48220898017948
72.0,109.31049738303341
70.0,107.18253576761313
68.0,105.97028617339774
66.0,105.90839998260493
63.0,104.5378017486104
62.0,104.17152493621678
61.0,102.50605846389833
59.0,99.8305761594705
58.0,97.94065136823565
58.0,96.22007808962636
59.0,95.84225356434601
62.0,96.13496909703106
71.0,95.14107506796387
79.0,93.76426623578364
92.0,92.85486068273289
104.0,91.36829508433286
118.0,89.15458845948687
134.0,88.30040523707105
146.0,88.73942558906585
156.0,87.47520526734495
172.0,86.49970775111224
188.0,86.99146253909208
204.0,88.9345799758987
217.0,92.58079209506246
228.0,102.62468381744839
238.0,114.70916796041502
245.0,132.57499486226092
251.0,144.7493262055226
254.0,156.83261396909566
254.0,171.23242023135856
251.0,180.56240691112032
247.0,186.4253135815169
243.0,199.20935857938812
234.0,213.85640699315448
225.0,225.3121594477074
217.0,222.49068441823823
208.0,222.3393987564645
199.0,224.96141495895577
190.0,224.7611778232867
180.0,223.85750647540772
170.0,223.08745594537737
162.0,221.45679486156004
152.0,215.05715337167578
143.0,208.79885412435112
135.0,203.24027345618424
127.0,187.75892052976897
119.0,172.3621192854675
110.0,162.8558750745107
101.0,156.39405725422958
93.0,149.4359093247655
86.0,142.7336889421076
79.0,135.83872270783888
72.0,129.20004382636566
66.0,124.41937857498431
61.0,117.06016772067858
56.0,111.52901707120495
52.0,106.57436339149616
49.0,100.37640049324062
46.0,94.22879603692431
46.0,89.31943165389407
48.0,82.34897108871442
53.0,76.96511406642013
57.0,73.22977206243107
59.0,67.59885453022777
64.0,62.8990823006705
68.0,59.17564167634255
72.0,56.58547115327687
75.0,74.15605922264591
78.0,57.2126772635214
81.0,61.315251332127445
86.0,61.6440779652674
91.0,61.52479123163515
96.0,66.51363930110873
101.0,74.294426586521
105.0,81.25104338941098
107.0,85.04579070140782
109.0,97.79329591904074
112.0,104.16092147139705
114.0,109.93766932249062
114.0,114.19970774067818
115.0,118.86225406646527
116.0,122.92910501275416
117.0,128.56491095120538
117.0,134.70571199174
117.0,138.62016608308647
117.0,142.9295972898146
118.0,144.09299120892987
118.0,143.17354789623158
118.0,142.1088761818901
118.0,142.88629592853692
128.0,143.310542434296
136.0,141.79608342582884
145.0,137.26096642231096
154.0,137.6530888980966
161.0,138.42813522944033
168.0,138.01911134237483
175.0,137.8789951239034
181.0,138.9957481275143
188.0,141.05232455449877
195.0,162.07567072058959
200.0,151.83053761159005
204.0,152.9495072545519
206.0,161.1027275366954
206.0,170.49170703233867
207.0,179.22608196310327
205.0,190.03826641214994
203.0,184.84841287017508
201.0,185.27673564155293
199.0,186.80674361255905
195.0,188.54220025837418
193.0,192.13267658550023
196.0,197.24012056854892
199.0,196.61725065278407
201.0,196.43671620465338
202.0,195.2210373769366
200.0,192.48570808569087
196.0,190.8063292950196
193.0,183.88208628771855
191.0,179.07181396673462
188.0,177.519747748105
188.0,175.33021150199457
191.0,164.63798792250566
192.0,162.92911181658698
193.0,167.07275810056177
192.0,165.6228753457838
188.0,169.43445571596763
184.0,171.0080508968632
177.0,173.1355639862218
168.0,175.1170914756839
161.0,173.7664780545418
158.0,175.45151448718178
158.0,168.89121029488058
163.0,171.09180611981702
172.0,195.04268369235274
178.0,178.52039181362613
185.0,178.6971225451837
190.0,175.26345890356015
194.0,173.98307321124187
198.0,174.03313517619105
204.0,166.46824166407353
209.0,156.0927847022377
213.0,150.71409077399503
216.0,147.62887287384027
219.0,148.10077084199003
220.0,154.47209623956525
220.0,165.38265375574312
219.0,173.00743794373483
218.0,180.63792166521327
216.0,191.08349600492028
214.0,196.37748714152394
211.0,202.03081967396747
210.0,209.58512998019242
209.0,215.4796579736755
208.0,222.05453769178598
208.0,223.98008238222792
206.0,223.45101740401378
205.0,222.67118815055977
204.0,220.23542849046373
202.0,216.20077861636946
199.0,214.66292039328806
198.0,212.40197651954517
197.0,209.07250586814396
196.0,200.74664121432065
195.0,196.8747769949688
194.0,196.6299169960032
192.0,195.62592766037898
191.0,196.5123116966365
189.0,195.913037814334
186.0,195.85957945303127
184.0,195.85110572356632
182.0,194.51057239623353
181.0,192.31267313858365
180.0,192.4209488169164
179.0,192.40272340233173
179.0,191.87527673574192
178.0,191.17073085861313
178.0,189.944107622424
178.0,188.42437083370592
179.0,186.94436030390855
180.0,184.7219103920363
181.0,181.9423632826172
183.0,180.88856641536242
184.0,178.97014483170014
184.0,178.39094993036005
184.0,177.7832936437899
184.0,177.19553954718444
183.0,177.51821521644172
182.0,177.4615402382587
182.0,177.37625937222745
182.0,177.93814138504467
182.0,179.7929068461361
181.0,181.46514769378672
181.0,185.03860250688416
181.0,189.21621208498217
181.0,192.7501962062405
181.0,192.90164117278988
181.0,192.3441746718812
182.0,192.68748465168696
182.0,191.85596877865004
183.0,190.67337017973918
184.0,190.43464857569012
185.0,186.0582337274439
186.0,183.72168188261207
187.0,182.23046150585563
187.0,181.8417782605694
187.0,182.24938536182887
188.0,182.32167771987312
188.0,184.43987163442418
188.0,184.67837199416704
187.0,186.01404923013672
187.0,186.0389297452775
186.0,188.79405193071563
186.0,189.76519080472448
184.0,193.24394820795226
184.0,194.09220936592942
185.0,194.95099348230934
188.0,195.0018213706483
189.0,194.64699193776295
190.0,195.59226102144206
190.0,195.33255642978173
191.0,195.21368255411085
193.0,193.97215446765574
194.0,193.56809128965838
195.0,188.2642008956693
197.0,187.81595064627933
199.0,192.97390913898047
200.0,190.57311073228797
202.0,192.26597286358322
202.0,195.27808464656943
203.0,196.7760895960278
204.0,201.5623429638747
204.0,204.0635987600028
204.0,204.7094787168802
204.0,207.05402346104566
204.0,207.8941705358334
204.0,209.4059080977791
204.0,211.30540931302392
270.0,213.9445093379266
272.0,213.74461045402813
267.0,214.54645640251903
265.0,215.37978091729624
268.0,214.42541355992978
267.0,213.91669934467265
266.0,213.4996811811821
274.0,232.26402752873932
273.0,2.7532278004478883
269.0,53.35664388833
261.0,363.03968111509937
256.0,308.398980185735
249.0,242.25921684426882
244.0,226.7118692441719
242.0,240.7742324122927
239.0,243.54258853620036
235.0,231.84277331602385
230.0,218.9732118720954
223.0,191.58081279419366
216.0,221.36538129901294
209.0,217.3676879896595
203.0,216.11309606639432
193.0,217.20993427813474
182.0,213.15721565662568
171.0,203.86659878627955
162.0,200.42294604008202
155.0,213.10859947988146
150.0,213.78345228287014
146.0,197.9313282157939
143.0,191.67281781543167
139.0,187.7390262735772
135.0,184.77160783776068
130.0,183.27693972978875
125.0,179.8670327639208
121.0,160.08540539067982
116.0,150.5759930467241
109.0,140.6035799711559
105.0,132.79522196604958
100.0,128.1089279897301
95.0,125.80219031532306
90.0,125.74042481525933
86.0,125.61502171652195
81.0,124.45672174006305
77.0,121.34251507950297
72.0,121.73539490739293
67.0,119.93499617184091
61.0,119.61542608446848
58.0,117.83066733614379
54.0,112.8782159997935
51.0,109.7717063706655
49.0,106.7145149093426
48.0,102.39687375151087
48.0,98.28025037231262
48.0,95.48844627671593
50.0,92.4978365233096
57.0,89.80864488624059
65.0,85.72105450433384
69.0,81.50225634066285
75.0,78.04215858610142
80.0,75.68150586020963
91.0,74.0684891260856
106.0,72.26027285729931
117.0,71.57395449544711
127.0,71.43273663407355
134.0,72.70974200701292
139.0,93.60476737590369
146.0,82.28278554239141
153.0,90.66979971422317
153.0,101.37275802091409
150.0,119.40630055537687
145.0,116.71351050936423
139.0,121.33427966507591
132.0,131.49663232643144
126.0,145.14043797625007
121.0,153.37708011674607
118.0,158.74768392407086
116.0,161.18773402259518
117.0,160.03993872473575
116.0,161.45556195484338
115.0,165.50384127841923
116.0,161.95676756474205
118.0,157.09797968868114
121.0,149.3038148307541
125.0,140.5358271775199
129.0,133.05624100808552
134.0,122.6388803437824
138.0,117.10950712508247
138.0,116.88968822963544
138.0,116.46444519813468
136.0,118.03417899863639
136.0,116.13344925579123
136.0,117.5663326920328
135.0,115.32428458644739
135.0,120.77952585446897
134.0,127.61455236325828
133.0,136.3374999458047
133.0,146.703344429501
132.0,151.98542585789264
132.0,156.163500782677
132.0,154.42419930083554
133.0,153.1370696176673
133.0,151.1668776085063
131.0,149.06640113808234
132.0,148.63047423698453
133.0,147.15430174488515
134.0,146.34527737407515
134.0,137.95100370283603
134.0,135.94972710166581
135.0,135.54889976015443
134.0,136.62890201538968
135.0,137.33245607686843
137.0,138.70871895730113
137.0,140.1742712550219
138.0,140.53530056899913
139.0,140.01466417464513
140.0,140.5869071190691
140.0,144.2671235442008
140.0,148.33687565779942
139.0,151.23111132131461
139.0,154.20413928972823
140.0,153.19042657679066
140.0,152.30333892875277
140.0,154.39387000150128
140.0,156.58531682665236
140.0,157.8531105794152
140.0,158.03270521562743
140.0,158.5653953321359
141.0,159.0277686554152
142.0,158.5483118281538
143.0,158.14551866590404
144.0,156.57752491116148
145.0,156.95505160546853
144.0,158.20225223754065
144.0,155.58883736058064
146.0,155.5999488313915
146.0,153.2030173099938
146.0,153.02410384176937
146.0,152.73368258168298
145.0,155.07013617889538
143.0,156.24569159876123
142.0,155.5649622652452
133.0,158.73514655708857
134.0,161.4641210130798
132.0,162.43215713750004
131.0,161.38668202575317
132.0,160.95130233443547
131.0,163.1916424134769
130.0,163.66403583126456
128.0,163.40450020622936
127.0,163.05697489426026
124.0,161.86859212204413
124.0,157.23098666521713
123.0,155.57197691109596
125.0,144.47214571557308
127.0,141.81460224933753
129.0,142.2656722647075
130.0,140.07121989106872
133.0,141.02989808130783
139.0,140.69387818296863
141.0,139.43165503905482
142.0,137.20162001106107
142.0,136.41483151063977
143.0,155.92571745247903
142.0,138.23599601443343
142.0,129.42113290543395
144.0,129.65055553250724
145.0,130.66949706607605
147.0,130.62200670481135
151.0,133.0400718344999
153.0,139.5657825681679
154.0,145.60195913022733
160.0,147.69454591242993
165.0,148.37939696260744
171.0,147.57092076059877
180.0,148.98214100249746
187.0,145.58746961371187
192.0,144.5985248158238
196.0,146.86943875712348
199.0,148.40070310160024
201.0,149.80847513604277
197.0,151.8275541086503
188.0,173.91314820646235
178.0,163.97271702383924
167.0,169.84523724994636
154.0,174.84685430013917
143.0,180.76832045411294
134.0,189.81515902883007
123.0,190.85786804314486
112.0,194.5595580183308
106.0,197.59143127285415
101.0,199.16779773254285
99.0,200.98823963611824
101.0,197.9933833513699
103.0,187.8412521242347
102.0,177.8959326013721
105.0,165.97440435477165
112.0,148.1132954718394
119.0,137.12706890411297
125.0,129.72354174875983
130.0,116.75369084130747
136.0,109.43839295735091
142.0,102.89961232912245
148.0,100.74368999027064
154.0,101.77508669054521
159.0,106.68237323089713
164.0,112.21248886019131
167.0,108.2930144145314
169.0,112.538658829759
170.0,121.34325257514391
170.0,133.1710208758747
168.0,145.71984844725137
166.0,150.201543929157
162.0,156.57497449647042
156.0,162.81380149707948
151.0,167.50422677398595
148.0,172.31917983495896
145.0,178.50196380284044
143.0,183.71527687225972
139.0,183.44929983118163
135.0,183.66881594310243
132.0,183.2658518321226
130.0,182.20244561503432
128.0,178.58319319011778
125.0,175.0595649793252
123.0,170.50524571925666
119.0,163.65406754024715
116.0,150.87728444034573
115.0,147.21420586027818
115.0,144.78482957958164
115.0,143.4559994799812
117.0,139.0198605503475
118.0,135.88740339754344
118.0,134.0819290265706
118.0,133.08492205057917
118.0,132.5291806478426
119.0,131.35946585794377
120.0,130.24814283159623
121.0,126.62695381709142
121.0,123.1832224103762
122.0,121.66389225282344
122.0,122.61348495763846
123.0,123.39311974841362
124.0,125.60364510616179
123.0,127.35994093068476
123.0,127.7213367026048
123.0,130.4118926734325
124.0,135.1014015728963
123.0,137.4322645973664
122.0,139.92423294698645
120.0,141.8580106568568
119.0,142.35501619231616
118.0,143.6327335908378
117.0,143.45284774107665
117.0,144.11150461060168
116.0,145.6738923260052
115.0,145.08119687469082
114.0,144.78543204722797
113.0,144.4108950253859
112.0,144.92835116156726
112.0,141.3214940760317
111.0,141.66270762753803
112.0,134.8782414195405
112.0,131.60503790598588
113.0,130.43282745552867
114.0,128.8938601154874
115.0,129.22374266358221
116.0,128.4068854669253
119.0,127.14647449240698
121.0,125.53047846683486
123.0,124.66697270311107
126.0,123.79535349065301
129.0,124.29069681035108
131.0,130.8856484911339
133.0,131.74756141392533
136.0,132.47916969591964
136.0,133.04010113852888
134.0,134.34170095240657
139.0,137.74038972827606
147.0,143.2719128565792
154.0,146.52692333047045
160.0,149.27708090649872
168.0,150.82688351109567
173.0,154.02499290224202
178.0,161.23865908123346
182.0,152.72945939217368
181.0,150.5423006986651
180.0,169.72702370253538
182.0,154.34722973258073
186.0,150.12957180559954
188.0,152.72882897653028
190.0,160.26053681215654
192.0,165.53506215440711
192.0,168.8402399505324
191.0,174.6445726823728
190.0,178.11985990836257
188.0,181.06028872409453
183.0,181.5171513155974
178.0,179.99758260249976
173.0,180.1791168143368
167.0,181.71847740611915
160.0,184.68674152845952
154.0,185.56270052639482
148.0,186.73529042647445
144.0,187.41457764070842
139.0,187.3393474917408
136.0,186.1351013021133
131.0,185.29416461032122
127.0,185.70997204727306
122.0,183.58190357369767
116.0,174.85122989397416
111.0,168.13403478528465
107.0,158.289753424113
103.0,152.73033944497948
100.0,147.82956036743352
100.0,143.92749389847225
100.0,142.04710395829434
98.0,138.88629419904356
95.0,136.32661014884974
90.0,133.4431900612151
88.0,130.68460020413784
86.0,118.06395089167177
83.0,113.28258887733844
80.0,110.03417449815382
77.0,106.175255061054
75.0,103.91046271529729
71.0,101.52620348415493
70.0,103.24179827865638
66.0,104.82265926227262
64.0,104.53269948088183
63.0,102.28748608121106
61.0,98.62070752514887
61.0,97.83690482121585
61.0,104.87310295624565
61.0,103.08115926688433
61.0,101.22271004283613
61.0,98.09420575778518
61.0,96.42318360113761
130.0,94.60258105897401
135.0,71.59721635209304
140.0,71.64230030528448
144.0,72.05550117550004
148.0,80.00423037275827
155.0,72.37466723602539
165.0,166.1358881009805
175.0,132.74123289522876
183.0,113.56824955316551
191.0,115.93976240121881
200.0,125.77733003758918
208.0,132.67894349217266
215.0,134.636349246
221.0,145.0944205342322
229.0,151.7970527912717
238.0,159.49488517182982
245.0,181.71667376450335
252.0,185.9250725475376
256.0,196.44011463634553
256.0,203.02538577285216
255.0,199.79719595546646
251.0,202.59378568936745
247.0,207.9622044214339
247.0,212.58340524096965
245.0,210.20494779616493
243.0,208.74134801088877
243.0,215.5200456652305
243.0,222.5520592068632
242.0,226.22087614982257
240.0,230.4799727417834
238.0,227.42555796606112
237.0,226.8267537365042
237.0,224.55635330591076
236.0,220.81494767000027
233.0,217.42662845313112
231.0,219.01818113751295
229.0,218.7551506453001
228.0,208.46532841745483
226.0,209.24240764390316
225.0,210.24618627393716
224.0,210.49112295179003
222.0,209.20758239150544
221.0,209.77044988829525
221.0,212.372566224951
220.0,220.4832874724637
219.0,220.32937180353173
218.0,218.82396457583724
218.0,218.27823173639595
216.0,217.3735888757625
214.0,214.88151285310406
214.0,213.71897133270429
213.0,213.1295521398153
212.0,213.13659003653348
212.0,211.95882770834942
211.0,210.31055548028786
212.0,210.684839898176
211.0,210.90477851586502
211.0,210.48112776794892
211.0,210.4887244378535
210.0,210.9707013149329
209.0,210.31056836443852
208.0,208.12436229355632
206.0,207.93000964381832
205.0,208.11558555957845
205.0,207.32215695984235
205.0,207.0733363541691
205.0,206.7370471155856
205.0,207.60402902930753
205.0,207.0540489005893
184.0,206.5182679254309
182.0,207.5611775189034
180.0,207.4029416916428
177.0,208.16259483857692
174.0,205.05109795580776
170.0,203.4417581997866
167.0,201.81614217868776
165.0,202.35966548546622
161.0,202.2218528373085
157.0,209.36872841578523
154.0,200.23297235384948
151.0,197.66471162825343
149.0,175.32139109008378
146.0,167.6193468566326
144.0,165.7912908801911
145.0,163.0606641992545
152.0,158.60631043480225
162.0,154.10549005665513
171.0,151.7971768743463
182.0,149.91910522779457
197.0,145.84559978018655
210.0,139.86551425774394
223.0,144.99987154572875
233.0,138.7044247664544
237.0,154.69974237983416
233.0,167.04295479755422
229.0,165.7247258869092
219.0,168.33156707645057
206.0,176.96436227262302
193.0,188.19738415026336
180.0,199.6167505838232
166.0,224.36020388610714
151.0,233.48951335632523
138.0,235.32379839426088
127.0,241.7318485273006
115.0,246.10161799526264
105.0,246.00730160508795
93.0,237.66608154349643
88.0,229.05308151666594
80.0,216.20161079443886
74.0,201.65813771512904
67.0,188.41746982843085
62.0,168.2301109037781
60.0,154.83548782622495
59.0,139.54724482500774
58.0,123.93454368801358
59.0,114.8111913492305
58.0,106.75687638521063
58.0,99.03774680420193
61.0,69.68964005595694
65.0,69.21650468143004
61.0,66.61393027331432
55.0,63.32310923575422
53.0,59.82328086459029
52.0,58.56106223088102
52.0,60.11882055022126
56.0,61.7721783002298
61.0,66.84548726659926
66.0,90.04831794404444
70.0,82.03831106999765
73.0,81.818215144366
77.0,80.2750409341058
81.0,86.4828624391252
85.0,89.85176055626994
89.0,87.76482109757384
94.0,88.04578437363394
99.0,83.8702544259239
104.0,87.21739047358491
108.0,92.8473860677397
113.0,98.44707171042208
118.0,106.48460896098216
123.0,113.72136096948142
129.0,120.51145644356909
133.0,120.43441414045259
131.0,126.52384839172865
124.0,130.46180001486337
121.0,133.07061256981987
121.0,136.29849552809267
126.0,138.017803597096
131.0,138.93859868236422
133.0,139.78413675539872
135.0,144.32530710526572
140.0,148.01689377771643
146.0,146.57282973823263
150.0,150.7382901180247
155.0,153.55200427878364
158.0,150.16637174064135
159.0,141.19370949019395
162.0,136.8786232783016
164.0,137.8351546517064
166.0,144.2047221592189
168.0,143.9358256041481
170.0,146.2655371123772
172.0,147.72817164345486
174.0,158.0630143836977
176.0,161.71264790947302
177.0,166.31567235729213
178.0,173.52413359684755
179.0,177.93463292309843
179.0,178.94398424798015
178.0,179.87165496147327
177.0,180.47238660971317
175.0,182.04962470697575
173.0,183.38919675581795
171.0,184.182168048943
172.0,184.7869272533956
171.0,186.0218263850744
172.0,184.94458261942893
175.0,184.48100821564086
177.0,184.93358389926973
177.0,185.05659453283135
176.0,184.98287658611346
178.0,183.72037351025287
179.0,182.47505506933766
182.0,180.62763600465743
185.0,176.28009253845184
188.0,170.05059366297982
190.0,171.37987793908036
194.0,171.6862002526499
197.0,172.47913267637864
200.0,175.7903587106425
204.0,178.5035060229946
207.0,180.91655005641394
213.0,183.920777438087
219.0,186.0987170625027
226.0,188.01985732746306
230.0,191.48422677338326
231.0,193.95084671664583
233.0,196.9954651311731
233.0,198.28584747775244
233.0,200.4979174280635
233.0,209.9479927822833
232.0,212.45063620262246
232.0,216.82202883283378
231.0,219.0412856541462
231.0,224.2586579761733
230.0,229.62443664615822
229.0,235.35513163989617
228.0,238.1358783999519
227.0,238.04409378087414
227.0,238.44545747162596
226.0,238.05820696204836
226.0,237.35881382547475
226.0,236.37580412042516
226.0,235.50341714323102
226.0,234.25557118870734
226.0,232.52732974752018
226.0,228.8530144552511
280.0,221.47350545787418
277.0,222.09928539862523
273.0,221.56149911847106
250.0,223.23945656727966
244.0,223.70032881887158
238.0,226.3776143920294
232.0,4.0246110374237105
227.0,54.951344058401986
221.0,95.06988770389137
216.0,379.8940786566676
211.0,316.01234150205744
211.0,250.75150792543886
211.0,236.79969066494118
211.0,238.47301543474993
211.0,228.29340247705653
211.0,198.53479675316663
211.0,185.1368516859608
155.0,47.98758344100797
152.0,47.98758344100797
150.0,47.98758344100797
148.0,47.98758344100797
143.0,47.98758344100797
139.0,47.847997384259926
134.0,231.13499570747078
132.0,245.5941522301606
132.0,199.29966045103762
131.0,186.60434046814905
130.0,186.11377523096806
129.0,180.06339650973428
128.0,169.41884402075556
124.0,168.68821510166669
117.0,166.4080696996711
112.0,178.62627068803283
111.0,158.29685778966362
115.0,148.30247764149556
111.0,148.37673586958428
108.0,147.4516547931502
106.0,148.27069410839314
105.0,149.8693550733074
102.0,150.48717780751085
101.0,150.04004616088733
100.0,138.71251750777662
99.0,134.95266427965672
96.0,128.66869080785156
93.0,123.91974473530908
92.0,124.85777026769006
93.0,130.52384033186252
102.0,118.2622066028202
114.0,114.05277374627747
121.0,111.3942141520825
127.0,111.31833028146467
130.0,108.83985348934465
132.0,108.41471831521875
145.0,130.79347683170454
149.0,113.4656160367389
144.0,110.53568820952981
144.0,104.53137231825605
144.0,125.58828722772716
140.0,113.16284363196704
137.0,123.2263534306544
144.0,136.5714166225974
144.0,151.4285375364995
142.0,155.82412948247205
139.0,157.62950481683404
127.0,157.84528014117055
134.0,170.27490787276076
136.0,176.40959910824074
139.0,169.37695943651067
141.0,166.91404420442677
141.0,165.32518223706938
132.0,157.09689548513776
129.0,151.15888543174123
125.0,157.34393286285683
113.0,153.67180464649078
107.0,151.51770242778576
103.0,145.85648638051782
105.0,130.86479866078062
113.0,138.76311339230665
122.0,143.05602853418836
135.0,145.63116140764012
150.0,149.77458433230842
155.0,152.67843956931227
168.0,142.76650587517614
172.0,141.77430654688013
180.0,160.71158345833555
195.0,143.09834221451672
204.0,140.32753572707577
205.0,134.4192350605703
217.0,136.49356948881425
225.0,144.07545370722312
235.0,152.14636574431918
235.0,164.7289532190599
232.0,183.03397861665837
225.0,193.83814021282092
216.0,192.05264199040886
208.0,193.96108036603906
201.0,197.365972518362
199.0,209.32394269311996
201.0,214.44033517687842
196.0,208.75623597094892
193.0,216.2355224189793
192.0,220.2054202339736
193.0,222.32024622982016
204.0,220.58044387051018
209.0,212.07080534673165
210.0,205.66257556481662
210.0,188.36850152419672
210.0,177.3831561222492
199.0,165.9875841625802
185.0,153.90552937402776
178.0,155.71033567309337
175.0,152.13525345395453
186.0,146.92694095379625
192.0,149.00428484269014
193.0,153.48106933055044
188.0,167.45985508024597
183.0,176.76806045135896
179.0,186.5139154637242
174.0,191.2859398039382
169.0,192.12885873488221
165.0,179.9775117599251
163.0,162.51225259038344
156.0,157.5935128161505
151.0,151.68560545219424
144.0,164.77027397448958
139.0,169.80557525986723
137.0,169.40047915481534
138.0,171.05937682756354
138.0,158.6225835047974
135.0,177.70060148515606
133.0,158.20748804679084
134.0,157.48385023362383
136.0,148.62058168592546
139.0,144.0483994160537
141.0,132.65589566570628
140.0,124.57397708579342
135.0,118.16600608653283
128.0,115.30350710772582
128.0,115.93847993770879
126.0,118.60004750945403
123.0,118.68998353844438
119.0,117.18616243652866
114.0,121.05004038602539
110.0,122.06376699149651
107.0,127.26156153161293
104.0,132.23307366165218
101.0,138.75471316573527
103.0,141.4222320565488
104.0,138.31429620825486
107.0,130.37053816848902
110.0,130.39910998086853
109.0,125.60361896754111
108.0,126.0783371109836
106.0,122.43552223235449
105.0,113.44268938011415
105.0,109.23504758592495
104.0,106.6804510000081
105.0,104.78392137976613
109.0,104.30927107708098
111.0,110.04327884833816
113.0,112.7677265405197
114.0,115.99870047786402
116.0,119.66824228045957
116.0,119.38857505133747
115.0,123.52790483105073
112.0,122.69388361677889
110.0,121.32077247513135
109.0,122.94713996664078
108.0,121.18819315830021
105.0,116.87062234464149
103.0,121.64353193207626
101.0,124.43071020383344
100.0,130.3964091990822
99.0,135.26923063173362
96.0,137.58553874548517
96.0,138.85058230073244
99.0,139.0738576780606
100.0,135.6225475170188
100.0,132.39385585217968
99.0,129.31472926940913
103.0,122.61937928306585
106.0,119.27356782875344
106.0,116.40359237189514
106.0,114.48802383729142
102.0,112.73126921837851
95.0,111.73029931058818
92.0,108.54607937852201
95.0,108.66046523786679
103.0,112.57751711930203
105.0,114.4607971497395
106.0,113.76328168276527
107.0,115.41588172916258
107.0,119.61101952407219
105.0,124.05745522591613
104.0,128.05477502919604
104.0,127.19797788183163
105.0,124.34441961544454
105.0,116.70119797808754
105.0,111.37143588106531
105.0,108.34545515983606
104.0,118.33149403313519
103.0,122.86635580862838
111.0,121.36473942358137
113.0,123.18946075965636
111.0,127.85330017056354
100.0,125.05610532102268
97.0,124.0673523513247
97.0,126.92191385073042
96.0,127.38442486240213
103.0,124.64479234937195
110.0,121.16955800827449
112.0,118.36025895771937
112.0,117.27132549814186
112.0,117.87042215163773
112.0,133.05546988634632
112.0,138.20580081479932
112.0,139.56242606357827
112.0,127.09817220785759
77.0,116.2112196868778
79.0,123.1884057325259
81.0,133.02271746882352
80.0,137.10756550803634
80.0,136.59238483794934
79.0,140.34912127477716
79.0,141.03981559769167
77.0,140.77418626763355
77.0,31.649280331133554
77.0,42.196835664341435
76.0,141.72530546027812
74.0,118.47076714043796
76.0,100.76514025481663
76.0,98.46085257354831
75.0,104.32134924561163
74.0,103.33067339363714
75.0,101.54139458024119
71.0,91.12594789184541
72.0,107.99434512626499
76.0,106.8513057691526
79.0,102.0054163037846
83.0,101.51766303368424
86.0,101.30446895900837
90.0,98.97394759083228
91.0,99.99330183531177
93.0,100.69824678967484
98.0,105.53721622950184
102.0,106.76844953742618
109.0,101.06081426216542
109.0,98.47548214784183
118.0,100.37518230745378
122.0,103.87321301135106
122.0,116.64281049929026
123.0,123.43629187135535
123.0,125.76488514565204
123.0,129.01104090069094
122.0,129.49997497457753
120.0,130.2678505755423
119.0,133.44709945430037
116.0,138.6121168780067
114.0,136.60194002131794
115.0,134.62281909097726
118.0,140.3107402985483
120.0,143.83465686726032
121.0,141.4849566883615
119.0,140.1020734781519
118.0,140.42428133122223
120.0,141.09954234335044
124.0,138.7131304759306
124.0,136.2218909959059
129.0,133.3422390216637
136.0,145.8192022400032
140.0,128.18942533147697
139.0,128.6769975633053
143.0,133.81806662198778
147.0,136.89262462532434
151.0,138.16717831163348
143.0,138.60623917111147
148.0,141.7858440189186
153.0,145.0303624104391
151.0,149.6014488043265
145.0,151.19032122558713
131.0,177.07762774017183
112.0,179.27022713905768
100.0,181.63492767473704
96.0,178.2370585349493
122.0,179.64958026888272
162.0,184.7812336855961
185.0,188.49019990853827
193.0,180.67249850397786
191.0,171.17570025833191
184.0,175.35169399859754
174.0,169.35729444854815
165.0,157.420798825864
158.0,141.35060214319182
149.0,117.96238422046622
141.0,105.3562734355423
131.0,102.85505317939644
124.0,129.27904131738782
109.0,176.610557977646
109.0,195.05023251401641
112.0,197.54223691563294
110.0,187.17833571007554
108.0,178.92083980057242
105.0,170.82339288586473
101.0,167.79459798904415
97.0,166.77932514694754
94.0,154.75928374397893
91.0,134.22219476543955
88.0,112.82248878312438
85.0,101.07901287919081
84.0,87.4885128043167
84.0,90.29593083166918
83.0,101.18833490781029
85.0,106.55759819406148
89.0,106.54888307514707
94.0,104.16637972982181
100.0,101.38511818368403
107.0,98.64382163377707
115.0,96.56592146196725
120.0,90.12508475579376
126.0,94.60354516227301
132.0,112.3390124730116
137.0,92.09869032848394
140.0,92.23574538195741
140.0,92.05943959859334
139.0,92.7903324661762
137.0,99.8805824605906
135.0,107.96271257483026
135.0,121.05203898515914
136.0,131.76089156487726
139.0,138.7668186353397
143.0,145.5673828458008
147.0,151.83577985964442
151.0,157.5949981534112
156.0,163.36222543531045
160.0,164.5410121552301
159.0,161.5575749601561
157.0,158.9251994964403
158.0,174.9595574571373
160.0,161.35084938663226
162.0,159.0013764079218
162.0,159.72420448595437
160.0,155.75265687039806
157.0,163.23913737938142
154.0,168.43603631840278
149.0,178.62580035990715
145.0,170.1422569584516
149.0,170.3918012363401
151.0,167.36165508711807
142.0,163.8697686621936
129.0,164.45269829570424
119.0,166.89615442366983
106.0,168.22963143227304
96.0,167.04258604461813
91.0,164.45394906100827
97.0,161.08372461032081
102.0,155.05442203000436
105.0,147.24790134822018
107.0,138.95467965891024
109.0,144.7488792961729
110.0,147.79037424510966
134.0,137.61147973021883
134.0,122.62819963945483
133.0,106.32857985070713
137.0,96.09255713503774
136.0,87.76745776934564
134.0,84.57727353969717
131.0,94.2562949481914
125.0,103.45289678288822
132.0,104.13507239611366
135.0,104.32643289530121
150.0,108.33945444511085
152.0,117.68458674325898
144.0,145.09375456201883
148.0,151.66978127806908
151.0,146.70215166487796
153.0,151.85346566465134
154.0,149.88823182251545
148.0,145.59500378674707
142.0,141.64691747651813
148.0,137.57566827277523
145.0,139.2678985196323
134.0,146.51534859568295
129.0,154.14682429044126
123.0,157.01923960584236
118.0,155.35822548979115
111.0,155.5006379930564
104.0,159.46670181439288
97.0,162.94430544123426
90.0,164.64533421492547
82.0,184.45449842150649
69.0,149.5244057120532
63.0,146.12183388916492
56.0,138.24927118949307
56.0,127.00061168039387
51.0,123.2156635881937
40.0,118.66418237141744
40.0,112.94126297230166
40.0,105.8951816602444
40.0,98.59386220879546
40.0,94.77283750646416
54.0,90.59019257127487
61.0,80.10779094485692
62.0,65.83304253215381
61.0,63.70707355854044
60.0,59.43227936632235
54.0,60.99406116559578
40.0,57.69292981277934
40.0,48.10439798839839
40.0,49.59658441930094
40.0,52.8247347734611
41.0,54.29422976787913
46.0,76.16044469418716
48.0,83.7863820793593
53.0,94.27307680261191
57.0,96.96634266194168
56.0,92.74471813241583
56.0,92.89297828559695
62.0,92.85993607160175
74.0,78.61651294931582
88.0,78.8721585393089
96.0,77.696440796011
99.0,81.5114179761957
85.0,79.28343401626063
69.0,83.74568196681842
63.0,88.73490163376933
59.0,95.50375180995098
72.0,108.35398297051661
109.0,108.29603897252615
135.0,112.14294620291793
152.0,116.84918271419195
162.0,127.46810044659222
170.0,140.09393828992089
175.0,145.21883620160133
179.0,142.80252268314678
177.0,126.10608373128287
161.0,105.05451197777036
147.0,90.4245099508156
141.0,89.28738991618476
141.0,96.51040964015192
145.0,136.05167239199227
150.0,163.99028763455917
170.0,178.53476944341938
190.0,182.33296171396634
203.0,186.20809150131237
210.0,194.1735474258591
215.0,202.4229681613738
221.0,202.23475998405368
227.0,188.7561647380766
232.0,168.7287782881146
235.0,151.88582953913837
234.0,141.19081431544282
230.0,144.68362834622008
227.0,151.9071154778285
233.0,173.58335572579858
232.0,197.45817913181423
232.0,215.25808574179405
230.0,217.33185529115102
227.0,222.8311522423201
227.0,231.59255962489166
221.0,238.69187726470835
205.0,241.76787175164264
191.0,244.72034419440718
183.0,244.7503315016113
180.0,234.47435672772036
180.0,224.5338120879835
181.0,227.95552360148653
180.0,228.35873004444142
177.0,226.37568919878248
173.0,218.7567315133574
173.0,211.80319223766094
197.0,210.20330621803134
225.0,203.4868531919728
232.0,188.81569841927845
222.0,171.90691766939497
214.0,166.98121795350303
218.0,165.78222968863324
237.0,169.7795167728151
250.0,172.47235491871106
255.0,172.43903755588843
257.0,169.6508104258751
257.0,163.70900617037478
257.0,163.60856015590053
257.0,192.59419794830322
257.0,229.18202147756696
257.0,245.24847040734332
257.0,229.53273009430364
257.0,215.83508712535297
257.0,218.9342836598018
257.0,239.21876579344521
259.0,256.27170144529657
261.0,261.74620361850543
262.0,264.4712251245188
254.0,256.4675625991253
255.0,244.99153779382243
251.0,241.4952095702009
251.0,246.23192255318813
259.0,251.39676715797577
263.0,252.49654201348662
264.0,254.35446568098104
256.0,246.74276233093565
258.0,245.56353330756735
238.0,246.82676182691523
238.0,250.15767332734896
238.0,257.44625153564016
230.0,251.2725152074853
206.0,251.57553269272557
197.0,242.97823390025854
211.0,241.49200892396354
216.0,249.97115337239086
212.0,256.9389819999601
259.0,258.322453296856
290.0,253.62335089836296
260.0,255.22630735123286
240.0,234.24501530954717
221.0,233.23607672573695
209.0,234.56351917407744
204.0,209.54365627297446
211.0,181.1241468437304
230.0,165.46242480786367
256.0,180.88506239747883
239.0,187.47959981434536
202.0,183.1525604543446
177.0,224.82191259314945
189.0,268.42020468975363
239.0,234.86752532229627
290.0,200.14708737289214
329.0,185.9818569809279
333.0,185.24279025308377
329.0,185.9600992204501
328.0,183.27067779485694
318.0,205.09093505835932
281.0,239.89955175601412
247.0,204.5014004438521
237.0,151.76087839626928
235.0,139.26699819528864
237.0,158.08360629818105
231.0,220.42074827110116
224.0,277.7113900692668
212.0,320.90824464063337
207.0,315.41002657912406
229.0,289.07815391904944
262.0,272.4508436901908
278.0,269.1185741084913
275.0,246.49139995368387
263.0,223.42383363327548
245.0,213.4830617157338
229.0,196.61737264725838
219.0,185.9448289134957
215.0,170.69622300245402
208.0,165.94975433763054
211.0,161.5893298973676
222.0,157.62005798186306
234.0,183.14763284615765
244.0,234.1006283300753
269.0,262.16065670869233
286.0,259.7960929395035
282.0,242.09819845406602
270.0,223.00539696333476
261.0,215.91263664859449
256.0,209.3293662638086
260.0,207.20018509795125
268.0,204.66977314826215
285.0,201.7161351260852
298.0,204.94545865075156
304.0,212.32608405447897
306.0,223.4357397499154
304.0,258.25980427722976
299.0,286.4269586185119
286.0,286.6275836316216
240.0,271.3876078642967
226.0,258.394927844155
241.0,255.29465507452824
226.0,259.58310430028246
212.0,266.8672734160251
205.0,277.1973701877066
188.0,292.92897597282706
183.0,296.41923399513985
164.0,288.1216947316549
184.0,285.6456780765323
224.0,284.67106459252943
260.0,273.72297123775706
280.0,228.81435241918098
288.0,204.77165077664952
291.0,221.78944003823386
292.0,210.17898461735763
292.0,186.25214049775533
292.0,179.34460199137982
289.0,167.20841977288907
285.0,158.94832217310432
283.0,141.579865944916
271.0,157.37822980747953
269.0,221.38228566596882
278.0,266.60505723144036
212.0,281.1188264182192
206.0,287.82962934167966
193.0,292.07319263344965
188.0,289.3472897533169
185.0,291.61562713872695
187.0,289.80399897312986
177.0,297.59663229585396
181.0,288.7025726725125
189.0,272.1914569368951
186.0,244.00560001515453
165.0,251.57559332678275
138.0,237.96576921190723
127.0,171.1955468245076
132.0,146.5861768509124
140.0,145.58851188319838
157.0,142.6543211960946
164.0,139.847419478042
197.0,142.9478183873735
214.0,136.6190226183432
212.0,143.35316079916
193.0,155.45276217549667
147.0,142.4547205846063
125.0,144.03480283256613
168.0,112.2964073158939
169.0,102.50383462365096
157.0,112.04583437142304
152.0,123.22037901000814
173.0,138.23970578810574
198.0,149.71305122759276
205.0,177.58520013220948
197.0,196.58349344870066
210.0,192.17690023306633
221.0,174.5393594351644
225.0,137.39282142107842
221.0,119.27067362521998
209.0,154.9960200140115
205.0,171.8955584407098
195.0,151.03727190712476
179.0,144.85025304755067
168.0,159.46609354563515
161.0,182.86738732235148
159.0,194.01219291294706
158.0,186.80539529756828
163.0,213.89106429564157
159.0,238.29410836716698
150.0,219.2956813459332
148.0,210.8445918733865
152.0,200.10724107923116
147.0,203.53908368490156
144.0,190.3214457762475
142.0,167.4621164115448
138.0,150.88995979422512
136.0,154.37670220382844
131.0,147.80608127741945
128.0,144.29681510202323
126.0,149.68650473441352
126.0,150.32099655179508
126.0,145.43933432010903
123.0,142.77119701946714
126.0,148.65570393292896
139.0,150.65147228515042
129.0,147.86340527338697
127.0,147.70805133582763
135.0,143.50563161980966
147.0,139.98180399506032
148.0,132.4737825192068
135.0,130.1031760993347
124.0,131.38929761917728
118.0,132.17796321499844
117.0,130.30695917141054
118.0,129.68327579948195
117.0,133.7156691196956
115.0,148.45954878684523
126.0,142.72432490049795
137.0,143.57158768226145
141.0,155.46941857008682
141.0,169.52061328345044
133.0,173.3047853680739
134.0,156.87931619884094
139.0,142.46544529204527
139.0,131.9382171977037
144.0,131.35134796125658
145.0,126.42046124480865
140.0,130.5708240217964
148.0,130.8364366358434
158.0,134.59735078141992
163.0,143.77048386213843
158.0,174.0508000862683
148.0,159.41251490290236
155.0,149.91137556430056
170.0,148.61578300306178
181.0,153.4221952793386
176.0,151.8674678378782
174.0,155.02777313901603
175.0,157.25764331888388
165.0,147.76328023771111
153.0,150.74113610888986
148.0,162.00204212488623
140.0,165.68012362953476
133.0,161.36715099960148
127.0,146.67031091070078
123.0,151.9176446981395
131.0,170.77891147927542
140.0,179.23922296626094
148.0,170.33668328063712
154.0,169.31241024884352
159.0,169.8879829387153
169.0,158.08478408938512
167.0,143.6411728393336
160.0,142.1419566479664
162.0,136.8077578241867
169.0,150.14814571357005
171.0,114.64471224841603
171.0,109.41219954494639
176.0,121.71756558924595
177.0,133.6016968451602
172.0,139.8281851282781
165.0,148.0452022374079
159.0,163.67468792236286
153.0,173.72361338100148
148.0,172.99784652714706
138.0,167.65405755187254
116.0,170.58869352893043
112.0,182.51237082101264
117.0,178.56190059234166
116.0,175.316111490201
109.0,186.18525491820506
103.0,179.3320087835359
95.0,172.54769251650015
99.0,159.8802784682505
99.0,153.93399914641063
93.0,145.77629466769184
87.0,140.16488865838141
80.0,127.36675608127761
73.0,105.18333450437441
72.0,101.37360430462627
80.0,107.82372456259166
86.0,108.91910567437012
93.0,102.94009120718957
96.0,98.53841816914867
97.0,92.90872441396428
97.0,96.68795235501977
97.0,98.73162008948734
97.0,93.33518425446051
98.0,94.13576864128636
98.0,88.44427164027668
98.0,78.19727046916405
97.0,76.0655304389805
96.0,87.67112525600893
95.0,97.76444426189423
94.0,107.44573982103549
94.0,108.94958107359852
96.0,116.47226084237218
96.0,118.50769348117365
96.0,119.79385729760905
96.0,122.3452852009026
96.0,126.78703602332138
95.0,129.28113957999457
94.0,128.7141054482934
90.0,126.03129220435137
87.0,119.73140131254691
87.0,115.97817252794499
88.0,115.49285613694789
90.0,113.40654525831435
91.0,115.94889125436566
91.0,115.79902359406896
90.0,113.81344705834158
91.0,115.11896123566996
91.0,114.1191822887356
91.0,115.07774547064511
91.0,117.23302126206787
92.0,111.9960267867985
92.0,105.09226635653519
92.0,105.4757131942328
92.0,106.25729167401134
91.0,108.6906215628961
91.0,110.04597304492238
90.0,109.96110745930376
88.0,108.54722467351016
87.0,113.78740517435575
87.0,116.27898239036398
87.0,117.12699512096057
87.0,117.89373602360871
87.0,116.24475565100633
88.0,113.91718073945016
88.0,115.21160364431043
89.0,116.99875330501655
90.0,113.91009120315445
92.0,114.12841002263228
94.0,110.92160330114518
96.0,108.93814647933264
96.0,105.58365156602284
97.0,105.90827204414964
98.0,113.0218766488243
98.0,113.04395386302264
99.0,113.37892818843054
99.0,114.56070539937326
99.0,115.12173031264338
98.0,117.86086432510652
98.0,121.2665595932838
95.0,126.04129896478474
89.0,128.32194658854206
89.0,129.9758193707493
91.0,129.60596968378638
85.0,129.87775948543648
88.0,130.66960218095423
100.0,130.06158689090464
89.0,130.8120915403047
96.0,130.7745159408089
102.0,130.48904710936122
107.0,128.86870766052286
111.0,128.1523577360906
110.0,122.63860468664426
114.0,114.21385911324235
121.0,111.22048636335458
130.0,114.49932650152097
115.0,109.61341816229464
107.0,110.09778451455179
101.0,124.09344443361448
110.0,115.81811324790345
123.0,124.01097537683663
132.0,128.7675072372061
128.0,139.40722293723414
124.0,144.26015867955624
126.0,142.06559867354386
128.0,143.82145797194894
130.0,153.78028987895797
124.0,162.32781790417272
120.0,141.12955866043143
117.0,132.91156763335132
118.0,126.52471416495324
119.0,127.92021821804111
123.0,142.71925545121303
129.0,151.45724092054914
139.0,155.3400908702447
157.0,147.48482554536557
