y_true,y_pred
204.0,209.9459801198592
209.0,206.58442096115715
211.0,191.26668912399117
211.0,185.44752913891472
211.0,187.254411765874
215.0,184.6607529739701
225.0,184.23282135829805
233.0,186.5758050036553
237.0,187.62908689599615
241.0,203.59700506382597
246.0,220.4439217127802
248.0,222.69607503225893
250.0,236.02579781711367
252.0,243.87285740992263
256.0,246.7719293875619
259.0,249.3120020785774
262.0,252.57673954670378
266.0,252.33807437477145
269.0,238.14906380371613
272.0,240.28360732173599
275.0,245.15643482633976
279.0,247.6425850675669
281.0,246.65668787827644
283.0,247.6985180343425
286.0,243.20656793016315
289.0,245.40173650079907
292.0,246.76317436680256
294.0,250.968938120619
299.0,253.1564729349296
301.0,254.79392635012414
304.0,255.96056213408144
307.0,257.9911052195699
309.0,260.60591590455476
311.0,261.68399054920656
313.0,266.37325606364857
313.0,268.3155936721471
314.0,270.18673393582145
314.0,271.8154202198184
315.0,273.5587149665921
317.0,275.3056563372168
318.0,276.4269496085394
319.0,275.7909607535222
321.0,276.0480778362262
321.0,275.12858661240904
321.0,274.41670256018625
322.0,276.43014675992856
326.0,277.1939374269483
326.0,304.51228144465574
326.0,314.3156997060943
325.0,304.9229087571143
324.0,302.4365105846938
322.0,302.44697302019665
320.0,304.64522187208036
318.0,304.0228825957425
316.0,302.18200982013934
314.0,299.1558068368745
308.0,297.2922149267815
304.0,295.232880527776
301.0,292.48310046641296
298.0,289.20498227066764
296.0,287.087886887904
294.0,285.3663519309746
293.0,277.8219428633806
291.0,273.9384117038061
273.0,271.66022064263893
270.0,269.69281292542985
276.0,276.44801214133906
265.0,266.7803587652757
251.0,265.75382727330236
251.0,270.2230142440224
251.0,249.41452053494982
249.0,243.48507551457902
255.0,256.1733225331853
294.0,246.86457719714994
306.0,230.8000756965575
316.0,231.41881387898943
322.0,233.90766924206832
311.0,239.64924866689017
298.0,237.92607999294796
293.0,275.86498002097886
288.0,298.96917372322696
291.0,308.36213525206733
289.0,305.2170297537403
285.0,295.34647908503194
289.0,284.98094403787366
300.0,276.81880001063325
307.0,273.03562499864324
296.0,278.33408843160146
291.0,280.8452775684323
275.0,260.3900759061446
270.0,258.03845584362256
272.0,269.1567624171634
269.0,274.4078495744152
251.0,269.63906946153423
241.0,266.3725928651596
244.0,251.7444620151968
239.0,247.23438535432126
237.0,242.96461724071753
233.0,242.4524362940415
228.0,227.54928067721517
222.0,215.8582699234092
218.0,217.24838313063506
214.0,210.94251907093656
210.0,212.8593886063822
209.0,209.94706857551728
205.0,211.29356586087815
204.0,205.3032015777825
204.0,198.16332895251384
198.0,193.16855832330842
197.0,196.3032494156334
195.0,199.74817215082635
194.0,193.2347139432901
190.0,193.94142816010003
189.0,195.73124221259656
180.0,189.45752122297532
177.0,188.69024783051108
176.0,188.93521214890464
172.0,190.4963811414347
168.0,186.75920430308125
165.0,186.5565521166465
162.0,173.52690035890697
159.0,170.88394570728153
156.0,170.47962123602733
151.0,166.06810496853123
150.0,164.61010151758245
146.0,161.36150353700353
140.0,160.13140225375025
140.0,156.3366081432668
138.0,154.00393633307198
140.0,147.76944419403813
139.0,156.00955351513934
141.0,149.98904670671288
139.0,153.0332123380468
144.0,144.18012090818772
152.0,150.41499249101588
160.0,143.9564525355319
167.0,142.0897212111912
176.0,143.19336983486977
179.0,141.16941875966808
177.0,146.8052716695214
172.0,155.19319242452872
158.0,166.1396981004601
145.0,175.7535740582012
138.0,183.80359363094158
136.0,187.36070747646332
134.0,182.21035844144046
128.0,176.49364094932034
123.0,159.3716873524358
121.0,147.29810888507288
123.0,136.9423163728486
121.0,134.51145555679264
117.0,131.8227046953406
112.0,125.31228203587598
109.0,117.02955901615678
110.0,114.10697443468838
114.0,115.07852928687196
126.0,114.2670309595563
142.0,114.4085931911143
155.0,113.37719704970257
163.0,111.39573977694425
159.0,111.36464945651348
153.0,114.56672832520053
152.0,129.29079084613022
151.0,148.76955476514536
145.0,166.3692030805241
141.0,173.00327957737707
141.0,168.5928318572251
143.0,161.0051203660593
145.0,160.5230961671204
146.0,161.4296350389546
149.0,156.50174608365944
151.0,152.45502149114898
152.0,148.06279782881978
153.0,145.86178318133895
154.0,144.46228259253618
154.0,143.06466204081215
154.0,149.33964148425588
156.0,155.4451609327041
155.0,159.22438236228078
153.0,158.35776327382177
147.0,158.7738188152223
142.0,159.84619657005922
142.0,159.1548727652473
143.0,161.29141336561548
138.0,161.14740125542906
137.0,160.2952197070247
135.0,153.284246595547
130.0,144.70261101747056
131.0,143.6902440637792
132.0,145.25636378314266
133.0,140.3414755461227
135.0,138.8109308643127
135.0,145.62202103782334
137.0,130.17720723041856
140.0,129.77343437604475
145.0,130.86727765982127
149.0,133.4779975307599
150.0,136.69261459967902
149.0,135.71132955394592
146.0,135.4389053559441
146.0,151.17461918707065
149.0,147.98632481603346
155.0,-3.7423161852301803
157.0,57.883914461644636
156.0,72.46438173292728
158.0,87.94524649562985
163.0,79.4676338417281
164.0,236.72979162137395
173.0,187.76573763618723
179.0,177.2216831539087
182.0,173.42887786313068
183.0,159.24083940732098
183.0,154.94120732309605
184.0,151.68234075158435
184.0,156.73770404680647
183.0,161.09507772412647
189.0,175.45796876803433
195.0,192.1438034362396
199.0,188.45169288242136
198.0,198.81988843887973
199.0,203.9404476559894
198.0,201.19897341279292
198.0,204.5147110096362
197.0,211.94601106643842
198.0,212.55654885769297
195.0,196.37743673933514
192.0,201.1221992750726
187.0,199.72470842069131
181.0,199.87728419324577
184.0,198.59586362990578
183.0,208.3402842792635
180.0,194.1040451226393
179.0,184.45468920443426
177.0,176.15490068987006
172.0,168.82806042848568
167.0,170.87146615889864
166.0,170.85222061643435
163.0,168.70983629641273
159.0,167.38779523468216
157.0,166.23274844707166
154.0,159.71419536822447
151.0,154.70038661494618
149.0,161.57089314101674
148.0,151.36817204319257
147.0,150.42360781342788
146.0,146.35231423580808
144.0,143.15528392694816
139.0,140.054798836155
133.0,137.30347920530522
129.0,136.5214404893371
126.0,137.30326628198688
124.0,138.52075288131968
124.0,136.46007613873297
123.0,131.41130882451318
124.0,125.98859504976025
125.0,121.69506021728776
127.0,118.86837472463164
129.0,118.20218354554157
131.0,119.51015291236256
133.0,118.10412878114758
134.0,119.21837491268184
134.0,120.469130444759
134.0,122.85282122971806
134.0,126.5836335955239
135.0,132.82571730142044
136.0,137.14977617352943
137.0,138.9941248517568
137.0,139.16739370319053
138.0,139.65354982141565
138.0,140.42942557799014
139.0,141.45049404601983
139.0,142.94683298325572
140.0,144.0866742699142
140.0,144.05642963205406
139.0,144.82303897103307
139.0,144.49433718055562
140.0,145.1608042607381
139.0,145.54171629916686
138.0,157.22694747660435
137.0,148.8707336273636
137.0,146.78114001136393
136.0,145.77183432522847
136.0,144.91645316557072
136.0,143.7657735924656
136.0,141.70896305304493
136.0,139.67354641515126
135.0,138.27487944945165
135.0,137.6240418312834
132.0,137.2446289460818
129.0,137.33302102224414
130.0,137.99104203383737
128.0,138.25283582484374
127.0,136.661885607642
126.0,138.09481004871515
124.0,134.57284112981682
122.0,132.64689653974818
121.0,132.4077123048232
119.0,131.43452589570973
118.0,130.32130305655554
117.0,129.38315243431197
117.0,127.44601075791854
116.0,125.23302432473838
115.0,124.51628375772133
113.0,122.23206501445802
112.0,122.1816026124068
111.0,122.79665124012394
110.0,121.72753744911563
109.0,121.4556262614656
108.0,120.5517996918801
107.0,118.42429027734974
107.0,117.83099768999186
105.0,117.45119205385042
104.0,116.57066508396582
104.0,116.36825917228691
103.0,115.30227535063264
103.0,114.51362732469028
102.0,114.20228446918385
101.0,112.5291309257062
101.0,111.54066192004993
100.0,112.42064991976505
99.0,111.698717681536
98.0,111.84980726978566
98.0,111.14796510946101
97.0,110.3187507072519
97.0,110.39309701199329
96.0,109.78847689201137
96.0,116.68775543195979
97.0,107.74908711845683
95.0,107.60382919632809
93.0,112.15547995611152
94.0,109.92668323226445
97.0,108.37009994758014
103.0,108.19360274371077
110.0,109.38208740158652
118.0,106.91886247838708
131.0,105.81811338332739
146.0,106.20612833608392
156.0,109.99103361039526
161.0,116.28063153865114
169.0,125.9082261706408
163.0,135.20392036506044
199.0,148.9167498077915
200.0,163.86967560099026
201.0,172.28880529744887
200.0,184.79551251029585
197.0,192.1417085489555
193.0,175.8312512565243
189.0,209.06440256716314
185.0,211.21173582171863
180.0,206.29038299249711
177.0,205.66019285738798
181.0,198.60175882593873
181.0,188.98747935363923
174.0,181.97613478918112
167.0,177.75149617582295
163.0,168.51761382526598
158.0,175.14930433429782
155.0,163.04897149398633
156.0,165.22015627810265
158.0,160.21229467751212
200.0,153.20668450570713
213.0,151.21823439563738
246.0,149.23003782999515
265.0,147.94818053245982
267.0,152.43593807814406
258.0,155.12420837604327
248.0,199.51438419515534
240.0,214.81141986740738
230.0,248.42835376840247
225.0,271.54370975491224
224.0,274.61588425741354
220.0,260.58334673581226
214.0,248.47879261386066
212.0,241.7145229622352
206.0,232.503423442161
198.0,233.55642456051356
194.0,214.5257940517342
195.0,213.75635142638896
197.0,197.60996826863817
196.0,189.2981873840269
194.0,185.27100680958674
193.0,181.48648943325546
193.0,180.99634060896247
190.0,185.48577793462215
186.0,189.76435721003276
185.0,190.71799377683953
186.0,185.99145364594176
182.0,185.2256671505324
178.0,188.38758390327288
177.0,186.53807758402732
176.0,183.39599944761642
173.0,184.78032399257143
171.0,187.25863576622027
168.0,182.2768271858455
166.0,176.29506632690314
164.0,175.84576750812352
159.0,176.60817612866788
156.0,173.86562408268438
153.0,167.22498984169496
151.0,165.8181246362233
149.0,165.65025475992522
145.0,163.61842945028218
140.0,156.98710891925066
136.0,154.80750084307064
136.0,153.4914396282563
133.0,151.02332393640484
129.0,148.25858893543258
124.0,144.93722069002058
124.0,139.71193578195127
130.0,135.77189633155595
134.0,152.47669858187285
142.0,140.73785123729849
146.0,137.23766817113216
143.0,131.6443162259041
147.0,131.11381841817337
156.0,137.19407852662692
162.0,141.4285148702624
164.0,150.2412206822628
168.0,156.01178218979967
175.0,156.56592547334984
179.0,158.5591216905988
183.0,168.6926775326495
190.0,176.83794430651713
194.0,180.34217829225344
197.0,184.4494690471378
201.0,189.537725499769
206.0,193.4979203768621
208.0,194.0915841628552
208.0,199.32865465980808
208.0,206.85079306563688
212.0,209.16887110841088
209.0,209.7837814273576
205.0,213.3806996744339
208.0,216.04392515866402
204.0,215.2884593509284
201.0,209.1631865826727
201.0,213.11638378799918
203.0,211.73420388377798
203.0,205.33534097322084
199.0,207.45967407361198
200.0,202.90538294381787
202.0,198.8259486785359
202.0,196.6674711162142
197.0,199.80502666840442
197.0,201.42154629894375
199.0,197.92467499701652
198.0,196.07057627340436
204.0,198.9061323241427
205.0,201.96381318113538
204.0,196.1230307004433
210.0,196.94793765833333
212.0,199.4824183960245
212.0,198.71315440461294
212.0,204.22834457005996
210.0,204.49951660786948
208.0,208.51115421184255
206.0,213.79918456695682
208.0,215.16875347598256
205.0,212.38263441423976
204.0,213.40293327510878
199.0,211.32351083332782
197.0,207.64646597560878
191.0,206.80593504388708
182.0,206.50054435019476
180.0,201.14485233516206
176.0,201.40378467579148
174.0,193.8848081471382
179.0,190.89274500397497
178.0,185.24308312334472
172.0,175.2976575392291
169.0,181.59110881866675
165.0,169.36488969045052
162.0,167.21579324052428
162.0,170.2016955230646
166.0,169.915442663287
167.0,161.70987770561308
166.0,158.4208827673305
160.0,153.19093435588937
156.0,150.78315520271605
153.0,154.41115163655064
152.0,158.8395542971375
156.0,161.35744397408502
166.0,162.95567153540844
164.0,87.47779622883019
163.0,88.44394396621898
164.0,99.68737569711965
164.0,141.05547503190616
161.0,150.14717894349286
157.0,142.75911720031309
152.0,294.96409545414747
144.0,181.0334572393458
136.0,162.25060307925867
127.0,149.60946745304275
121.0,146.00131696172508
121.0,138.69518417877555
120.0,132.23030499715537
119.0,126.65845250246453
119.0,120.93958179048352
118.0,145.65872958976811
116.0,124.4841001765287
112.0,123.83388940308083
109.0,127.23356755511213
104.0,125.48555425674346
98.0,126.11939291327144
96.0,132.07822943761332
93.0,130.58460880923946
91.0,128.3660555836224
91.0,113.47991108706174
91.0,111.50941449634627
94.0,107.35273426166702
98.0,101.96784054900635
101.0,99.68221800499245
103.0,98.45991962453215
104.0,92.42169926767136
105.0,93.19470844164711
106.0,94.13820716517357
108.0,100.34511141196936
109.0,104.73099721024295
110.0,111.09020980454784
112.0,114.6812628167796
113.0,116.18584892791817
114.0,118.27312619840667
116.0,120.61952470454858
117.0,122.00301457423262
118.0,123.14588677862747
119.0,124.74917352690979
121.0,124.9035225713331
122.0,126.02776933638492
123.0,127.3823843107952
123.0,128.39423067276667
124.0,129.20463056440911
125.0,129.87639577700682
127.0,131.1123130327293
129.0,131.93742676181768
131.0,131.65025820605587
130.0,130.98656172129273
133.0,132.56616591528456
136.0,133.9372847096227
139.0,135.69588938020163
144.0,137.921577150646
151.0,139.94812219914883
157.0,138.9110495402691
162.0,140.8741945632982
167.0,144.2181989749262
172.0,147.28741835151385
176.0,152.82212910522418
180.0,160.08423607247974
183.0,166.5104522642328
186.0,170.731705206011
188.0,174.76935930164774
191.0,178.67250869459713
193.0,185.6968886130712
195.0,188.55514979937936
196.0,190.8375445944015
197.0,193.53857568404263
199.0,194.5912090346827
200.0,195.42638117666715
202.0,196.20259244759444
204.0,197.44016610803487
204.0,198.0043560567269
207.0,197.95331965797948
210.0,199.59462204484737
213.0,200.2006621358483
216.0,201.81721981445895
218.0,203.5399988895722
219.0,203.9541590330951
220.0,206.30424242640987
223.0,209.798652251607
224.0,213.02604860290916
227.0,216.44481725485983
228.0,218.7532032521362
231.0,219.17172273116645
234.0,220.03466950019552
236.0,222.68141396318106
238.0,223.31501375645578
240.0,226.9365023167286
244.0,227.4477892222277
246.0,229.6265659952536
245.0,232.30469248944036
247.0,233.63739287250263
249.0,235.14197997291296
250.0,237.22157019667029
253.0,241.61875103815862
255.0,243.1520332565709
256.0,242.17411576356324
257.0,242.77403706437696
257.0,245.48877730205663
261.0,245.84469398725537
263.0,247.9837708793441
264.0,250.55003172452768
265.0,251.533544018784
262.0,252.11713365690548
261.0,250.7582860610566
265.0,253.9263818807307
270.0,257.89698733552376
272.0,258.42347550910415
273.0,258.6732235838052
267.0,255.8443116556657
265.0,253.3663950692998
270.0,256.84292411465236
256.0,262.8786301143607
292.0,265.32452060521626
293.0,273.910028904479
284.0,264.48879271002653
277.0,266.61142265557294
284.0,262.0790104116735
289.0,244.6590782675019
276.0,279.26157989560613
277.0,282.0102331252959
277.0,269.7649712875609
273.0,256.4355654902912
263.0,262.2013757439361
248.0,266.9708852937025
245.0,255.4287330101315
253.0,257.4832445237831
251.0,253.32470250782671
245.0,261.80115011361676
238.0,239.8819860812692
233.0,214.41367051613855
230.0,217.64979802179343
227.0,231.5356010744669
223.0,228.135678836433
216.0,217.4968086046585
208.0,220.57654257872935
210.0,215.7102862388353
214.0,207.6915661826821
201.0,205.0095866634398
193.0,203.10059188467338
187.0,203.70718211346679
176.0,196.17504123166162
176.0,192.44193257609135
179.0,197.57969105638858
189.0,186.8115713123142
198.0,179.32287564307015
197.0,175.44920629651716
200.0,165.63093882994653
191.0,166.13267537864604
180.0,171.40030651332322
172.0,184.32801581100097
173.0,197.39962420495164
182.0,195.40525947550364
180.0,195.49982777091026
170.0,191.71168345094523
169.0,181.49871639063622
174.0,172.41043822848007
182.0,185.74767576861709
195.0,186.3759115881968
197.0,184.1341587455012
199.0,167.90328509366913
199.0,159.8893683422416
206.0,166.94853998343334
209.0,171.70106608420306
198.0,190.57384927053926
200.0,199.02009440607446
205.0,202.8146530466558
207.0,200.8502326460788
199.0,200.6926074594281
188.0,203.2982034392768
185.0,195.75350215189178
185.0,197.6452558596822
182.0,203.34785312981978
183.0,205.00606851065078
177.0,191.1327294364878
172.0,179.10574629161385
172.0,172.79632824621973
172.0,174.989181691724
169.0,171.07062725357451
167.0,170.62775838826667
166.0,172.42840361469135
166.0,166.43824169735436
165.0,162.2504856185471
164.0,157.0481012959442
163.0,157.6987764094526
160.0,160.80701321260028
155.0,160.4982922527946
147.0,159.3310793804482
139.0,160.14543368402903
132.0,157.3921045782861
123.0,158.22092144215486
116.0,157.1922280180763
113.0,151.51471561234217
111.0,143.02576014546875
110.0,135.60273561070233
118.0,145.8286542883155
129.0,126.9189028325278
142.0,118.40826706450852
157.0,115.67752634393695
167.0,113.97227192172815
170.0,112.04370553790623
180.0,119.91182707070617
187.0,132.78889099608767
193.0,148.35474116268992
205.0,168.41234378273685
207.0,179.57350551787067
208.0,184.24026637452187
212.0,194.48523952017192
219.0,201.68685285762706
221.0,207.77162187267865
225.0,221.37439684325795
227.0,222.2622265908559
226.0,219.29081598298134
224.0,219.4776547890498
219.0,222.736478561882
228.0,222.84109682908138
227.0,228.15867769371044
233.0,228.4195045915781
235.0,226.52865635591183
234.0,223.80430021900395
228.0,211.18313572478604
222.0,220.93278757475701
223.0,221.65161348456328
230.0,229.5488082690307
230.0,231.6322352972671
232.0,231.6379052589195
233.0,224.3804432209092
233.0,216.86040969396464
235.0,218.12206414990567
231.0,224.70667262859968
225.0,230.7467447490975
221.0,227.9242927463886
216.0,234.66706620842498
205.0,223.35667017997326
152.0,24.32913483582732
154.0,24.32913483582732
154.0,24.32913483582732
155.0,24.32913483582732
154.0,33.1711811779265
153.0,25.232708368725497
152.0,181.25341359529284
151.0,180.5172409185027
149.0,164.10396920397102
147.0,157.6336584544276
146.0,155.43418012058802
143.0,150.2938334462329
141.0,146.34316801472073
158.0,145.73696707414157
169.0,144.293793035131
179.0,157.167943730951
175.0,154.8948912059883
166.0,150.04544927175806
156.0,151.83825630871723
148.0,169.00197078773232
140.0,183.0268060067642
132.0,196.26061949387932
124.0,191.63163592353746
116.0,180.7932311306234
107.0,157.20140775749758
87.0,149.06979461586934
77.0,141.7229769212011
66.0,133.2977657001975
58.0,130.0113555162381
53.0,115.79665084275737
51.0,108.29639551249657
49.0,74.27186518406567
48.0,63.858133673970414
48.0,56.30307165539712
47.0,50.811095010883875
46.0,47.14808143895519
46.0,46.77818496147357
45.0,44.692281606669255
45.0,43.063412350438114
45.0,42.311662769556406
46.0,40.871322384821895
47.0,45.78977489856834
47.0,46.85811940980254
47.0,46.997187172594764
46.0,47.72051955005442
46.0,47.833001974861276
46.0,48.617804627650045
46.0,50.24011633197817
46.0,51.86803261741407
47.0,53.96168110199888
48.0,54.2937293655239
49.0,57.13554174496586
50.0,57.90426361296987
51.0,61.07157689273022
52.0,62.76287840546166
53.0,67.4833125702237
63.0,70.66556360453326
66.0,73.26011157871663
65.0,77.43746918901785
86.0,78.78592413403784
82.0,79.898707403876
76.0,80.28135528513948
78.0,89.55285521325192
83.0,91.89643652091596
86.0,88.22364726788801
87.0,106.82216121204857
89.0,102.43180905702644
88.0,91.33516757131325
87.0,90.86737231271624
91.0,96.81697974497929
92.0,100.16740076704367
95.0,101.65735366485215
97.0,100.00301508403751
91.0,97.7108087500601
84.0,100.99961405030672
81.0,94.37973594624737
86.0,98.74320777640378
92.0,106.84190063257404
92.0,117.75223564886755
99.0,101.45366325821908
116.0,91.60614857585652
129.0,88.46217246314936
139.0,91.19000206659666
148.0,98.19747042124936
154.0,115.87829196471561
163.0,112.53999676318952
173.0,130.47404805462202
189.0,145.68076384784766
195.0,152.02917321747498
194.0,160.27117597328768
196.0,167.30436927316845
212.0,175.80337004637715
218.0,182.6071889576782
219.0,195.23155363683998
223.0,203.1310236237254
230.0,199.70394817679954
226.0,202.95772880008064
229.0,206.69553427694723
235.0,213.32830913845402
233.0,211.88544687890774
234.0,215.1730833896498
245.0,221.4702456526863
265.0,220.27843239284203
255.0,216.38554068837718
250.0,222.08084274972904
241.0,224.53567651005096
231.0,227.6355420247223
224.0,233.52156114022193
224.0,255.90824273515736
223.0,246.64559294048257
225.0,237.97248846318047
228.0,225.07362537323627
223.0,218.47533188769015
218.0,211.77621522773126
217.0,208.2912815562823
216.0,211.45092536147746
210.0,216.52166268545986
210.0,217.63352914539686
217.0,202.5287922479266
221.0,202.2514320285901
226.0,203.9579931136346
229.0,203.94292932071951
226.0,201.3717648251431
225.0,204.60222465148416
230.0,212.29619208208388
231.0,217.30475949916217
226.0,220.0690334450816
218.0,225.0590885280347
209.0,224.32308775578355
200.0,225.5621509144936
194.0,231.16508193483077
191.0,232.81676397057004
193.0,229.8728925223779
199.0,221.6033886387656
203.0,206.8944055633058
205.0,195.10900210739993
207.0,187.57645311487744
208.0,184.26632075573949
200.0,189.0286355375231
193.0,197.6152393086129
191.0,200.40759931145521
192.0,200.87107615017086
188.0,203.35619779743658
201.0,208.982139837444
200.0,202.23554751374644
202.0,196.03417834129198
201.0,195.7123234512064
201.0,195.84549935972822
201.0,191.1316220367218
196.0,201.18898658804628
190.0,197.43766206369503
189.0,198.2822393441627
182.0,197.63178570025985
178.0,198.1992085434422
179.0,201.23513707808206
178.0,198.9459274219337
170.0,192.69323256714677
169.0,186.90328983129788
168.0,183.6947311446645
167.0,172.36034350485363
167.0,174.4876358773247
166.0,174.03791157044776
165.0,183.40990255793383
174.0,169.56010549464798
194.0,167.17753416959908
216.0,166.56184512671757
232.0,167.70203627811998
242.0,163.62961538128113
253.0,164.38381800229044
274.0,174.37777780560248
288.0,194.36403680715622
297.0,220.15326418078664
308.0,240.78689489965237
311.0,249.3594631669373
310.0,258.82483022192673
308.0,278.6429236877738
307.0,293.164743539146
295.0,301.80160470988756
281.0,313.979885489691
267.0,315.98485839818846
256.0,308.21026811550996
239.0,298.18260928604076
219.0,293.96300790082466
198.0,282.350900708427
186.0,267.3702243689752
174.0,244.69326600478345
160.0,232.02397974692934
148.0,213.48768552730272
141.0,189.2464158414883
135.0,167.30620386258374
134.0,156.60350010772493
141.0,147.2901490310915
147.0,132.592937292314
147.0,123.34233542329926
144.0,120.15035802076699
137.0,117.34339259456787
130.0,115.88049985740292
121.0,126.53454970858394
114.0,138.48737284331196
105.0,142.89318940761342
95.0,139.05152804600363
88.0,133.26001643124908
80.0,130.03634261892708
75.0,123.42882369243087
73.0,114.21319292087134
85.0,107.75599487020929
90.0,99.10777433428916
85.0,89.68553370345735
91.0,79.21527535308749
105.0,74.34255599432774
123.0,71.5677482334928
139.0,86.69241143058272
148.0,95.99897889663336
147.0,93.19704488999821
144.0,98.22440531469192
139.0,114.47289660690923
132.0,138.95327629110136
122.0,156.54211778511825
113.0,167.91605169355003
107.0,167.40695242489676
100.0,163.26129291418994
95.0,150.22596460159943
90.0,147.19515780383156
90.0,132.3158978716295
90.0,122.48028007022691
70.0,110.07077460681276
69.0,98.02340705256734
72.0,87.965864932356
80.0,80.34325850848742
88.0,81.01878184253509
92.0,82.59244154855759
97.0,64.17535543136168
100.0,62.37766674417004
103.0,69.5217067266027
106.0,82.0821098240403
112.0,90.11297533174874
120.0,95.85790000645639
130.0,102.24687831995189
139.0,109.27854213303571
150.0,110.47946341576365
160.0,116.18988489373109
169.0,131.01933246664447
180.0,140.62123859438503
188.0,150.66654221989782
198.0,158.30447560175736
209.0,167.00913214822322
217.0,177.39553414486653
225.0,184.50693211706962
236.0,194.2465181536526
242.0,209.56190401362838
244.0,210.5162966319677
247.0,217.42821156642904
247.0,221.3790934799735
245.0,224.06352679122023
243.0,232.03609520390148
245.0,235.43711431919758
247.0,234.69870338619066
246.0,236.13422028647665
246.0,233.88362198371777
246.0,230.78358444896762
245.0,227.1054542894567
243.0,227.2226373618266
239.0,227.00084536910248
235.0,225.98789363804656
229.0,223.4514940287294
223.0,218.66891291978123
216.0,218.9913512272158
210.0,217.68990073620333
203.0,215.347764040244
198.0,210.07765197154896
193.0,206.18844942734964
189.0,200.3075056155317
185.0,192.64367101132748
181.0,188.320999237375
177.0,182.3382640138705
174.0,177.42674949521825
170.0,173.51969299602908
166.0,169.3964258473418
166.0,166.8269924255561
166.0,163.5247061095282
161.0,161.12111356205307
157.0,159.76205860189543
154.0,164.85453705263816
154.0,153.3740058871584
153.0,154.60968751022557
154.0,155.4643832044331
153.0,149.63604479917726
152.0,145.18316066437404
151.0,142.6601345970928
150.0,142.369894509827
148.0,142.51482473333476
145.0,144.19061301962745
142.0,145.00797811308612
143.0,145.5150536498918
144.0,143.6569456935108
144.0,141.14129745711628
142.0,141.197733649543
140.0,139.7408862293707
139.0,139.1860942063075
137.0,140.0078422939914
136.0,142.217552866134
136.0,141.9480681722303
137.0,140.0832684271676
137.0,138.11375594968752
137.0,137.59998098421306
136.0,135.91784468745263
135.0,135.46423179664532
134.0,136.55925508917443
133.0,139.3234645430178
132.0,138.79449463219945
132.0,138.0942001045233
131.0,136.85028319963524
130.0,136.40228079205048
129.0,136.9703812035583
127.0,136.12695077378305
125.0,135.12384524591005
124.0,135.7598460869356
123.0,134.7773681745766
122.0,135.33826533767967
121.0,134.0328977072856
121.0,132.02224304993794
119.0,130.23569512970067
118.0,129.56544077724575
116.0,128.97027455480602
114.0,128.2179326689651
113.0,127.47915789003878
113.0,127.07649904289886
112.0,125.2541030712185
112.0,124.04019643912466
112.0,121.98884157511827
112.0,120.2497790971332
114.0,119.94277097734125
115.0,120.03478784863736
114.0,119.32947135242557
114.0,119.30547456682721
113.0,119.69586397192316
112.0,119.24578129267526
112.0,121.8828365626602
111.0,123.35861233707578
111.0,124.82958534351596
111.0,126.1330805227248
112.0,125.49309221207054
112.0,123.96510752810335
112.0,123.39007502143437
115.0,121.59840336265435
118.0,120.7684388529353
116.0,121.18485967279051
117.0,121.54847087533574
118.0,121.2798885971909
115.0,122.80275125260022
112.0,125.73245140064206
110.0,129.66839207297681
109.0,129.92446192197363
107.0,129.96950625579416
105.0,131.49018486528647
103.0,128.11380337314807
102.0,124.19068355862768
100.0,121.5978857959807
99.0,118.08437424870537
98.0,116.68018319948207
101.0,113.45976437067813
103.0,109.71976490808743
100.0,109.9772737248606
99.0,107.54079378721497
98.0,105.15765219111242
98.0,105.1423187571275
97.0,109.18827168619488
112.0,63.68022744276551
117.0,66.19751197190655
120.0,91.12833712119163
122.0,91.44407036038493
124.0,91.57327976138983
127.0,82.01819547783266
130.0,197.16203998402582
133.0,139.67139370290857
137.0,129.44867631095443
140.0,124.46926110518643
144.0,124.8888860956773
149.0,123.98225265398207
151.0,123.57695351932982
152.0,125.19223721613058
153.0,138.12551085551254
155.0,150.87212841684268
157.0,169.3058543387196
159.0,173.05389290480463
166.0,177.7974075569569
170.0,179.68863731623347
176.0,184.83577382650424
196.0,186.17586733818837
208.0,187.71885846705948
209.0,188.33747385844194
208.0,193.37139363159326
209.0,188.4959336860368
210.0,192.0673260395469
212.0,209.6439624585329
216.0,221.74239908399568
222.0,220.1633187529159
231.0,211.24352333475585
234.0,209.8387379917368
230.0,209.89656050159414
227.0,211.9247511369635
239.0,214.48262799562457
245.0,220.93197967439448
242.0,231.73547430557937
243.0,233.67110060866383
246.0,220.94137220333187
248.0,218.40155621606954
249.0,232.79421740441873
248.0,241.22544362234748
247.0,238.31551588369382
249.0,239.13948675334495
259.0,242.94908341290062
264.0,243.48408255021766
267.0,240.82298922698396
271.0,239.81911352582466
274.0,243.01570652276558
279.0,249.48004155378146
285.0,255.85819919738668
287.0,259.37937358542047
290.0,264.6759869251235
291.0,268.97307924326367
287.0,270.9053830192325
286.0,271.36702555214936
288.0,278.3620512803085
281.0,287.1944969658979
274.0,280.9238836017645
272.0,278.2027672201556
262.0,267.68568718218
258.0,262.33269083966115
242.0,262.44507248219827
223.0,254.84505144797882
207.0,245.98454961820937
195.0,240.0640808045925
185.0,229.2594958638403
175.0,227.21575613654028
164.0,210.0667037169892
156.0,189.85674894657777
150.0,173.76914585906212
138.0,163.32283844382363
124.0,152.20330973009402
112.0,151.61306269072793
105.0,142.3329365254859
100.0,133.10319070630052
96.0,130.28753095314622
90.0,116.50464950302506
85.0,105.63806868216582
80.0,98.60413201190846
76.0,95.20787635947838
73.0,92.99136547120072
72.0,90.86182492072754
72.0,86.2340557343236
73.0,83.78703965627814
74.0,79.24105074368713
73.0,74.16878056560255
72.0,74.13255209602632
73.0,77.4106693991207
75.0,80.97709489972475
78.0,83.16330479901174
80.0,84.66325315935015
87.0,84.05906842427709
95.0,84.2925838923618
98.0,84.9702614377556
99.0,89.95239036639599
99.0,96.1381747961945
100.0,101.25023893368953
102.0,106.27804381772836
108.0,115.87608414831541
113.0,119.69560857172722
116.0,120.55339293819412
121.0,121.41364539689087
126.0,123.0766788391644
130.0,124.6526269880288
135.0,130.26799717862008
141.0,136.13891932263093
148.0,139.01179173754042
156.0,140.75976605629904
159.0,141.9802559169609
161.0,143.6926043014638
163.0,148.2722816707667
164.0,154.74002224874982
168.0,162.11087652568793
172.0,170.20327357431034
175.0,169.1682097958091
180.0,168.73399863865274
184.0,170.09133980255913
184.0,170.27350660660255
184.0,173.527786531487
184.0,178.39022057850116
183.0,181.79484290944714
183.0,184.8206194629572
185.0,187.40526564463462
187.0,184.6770835995677
187.0,183.98972327391763
187.0,184.2624596511933
184.0,183.2956733507086
182.0,184.21805091802918
180.0,185.7684864242975
174.0,187.5245910819495
171.0,186.8287162252876
168.0,186.1247314824986
164.0,181.89974968769502
162.0,180.5203545182418
159.0,178.37563370813584
156.0,171.8252918769673
151.0,167.97104884135356
148.0,165.33708646626053
147.0,162.15799693169856
148.0,158.77821369644622
146.0,155.98906953191104
142.0,152.85321266018673
138.0,148.69695681542018
134.0,145.63992354327857
130.0,144.48120227036318
128.0,147.68296887668885
129.0,146.13003295309497
134.0,141.80263822466262
140.0,138.41495527534013
143.0,133.90434963789107
144.0,136.44333597558335
144.0,132.48876521621824
145.0,135.43821304293493
149.0,142.3440405277887
151.0,149.49170240657838
155.0,151.979104899688
157.0,155.9674452278524
161.0,156.75823261217056
162.0,158.52485305542004
163.0,163.70241012279368
162.0,167.95242169611888
89.0,67.36711955737114
91.0,67.40673417530002
92.0,67.41477541280074
95.0,39.492436357235036
100.0,38.22334236357979
104.0,37.36608556896995
108.0,128.95933647890226
112.0,125.94215646694248
115.0,117.31057472040479
116.0,115.95105737781154
117.0,119.30623667631058
117.0,118.18251559922248
118.0,117.58749708564858
118.0,118.39896909399275
117.0,119.62854530959736
116.0,125.83523092451676
115.0,141.0735358822899
116.0,139.9475667872198
116.0,142.82897236134215
116.0,142.48765000614745
117.0,139.87290672819003
117.0,137.86474180464643
118.0,136.01425258805725
118.0,134.12810148378728
118.0,125.2175139896059
117.0,126.13203867177243
116.0,126.04313547066502
116.0,126.32421815646119
116.0,129.40497637468025
115.0,130.04787300601157
114.0,127.7867157160818
113.0,127.32016434893553
112.0,127.09675799892676
112.0,126.0720285838033
110.0,125.64630283474949
110.0,125.27598600133788
109.0,122.90535666565698
109.0,122.11441821851494
108.0,120.64241706509983
108.0,120.5874500315286
109.0,118.4487997657605
113.0,118.43591056251566
111.0,117.9089633032281
106.0,117.59117164686901
103.0,116.19173741952136
100.0,116.32352268546057
97.0,117.62636774201508
95.0,122.06694909319063
93.0,121.8305826044465
92.0,117.48972800814853
91.0,114.53559454039271
90.0,108.34550030761173
89.0,105.22474362193645
88.0,102.8474847536196
87.0,101.55973695478039
87.0,100.74304764239174
86.0,99.53200261718496
86.0,95.92146946889596
85.0,95.22252020324201
84.0,96.07348253169097
84.0,95.58196902749901
85.0,95.93165440672902
86.0,95.80172729751648
86.0,95.87206021905816
86.0,95.18943213647947
86.0,93.61730799472691
86.0,93.68230203284307
87.0,95.26460939372592
87.0,96.86595069185543
87.0,97.27951165471282
86.0,98.59442024078965
86.0,98.30976360234803
86.0,100.01617894925683
85.0,102.16619959014427
85.0,102.96468605776903
85.0,103.7117997488701
85.0,101.93920797556667
84.0,101.5638822257981
83.0,100.38398831716854
82.0,99.49557065181395
82.0,99.52991621548301
83.0,98.74722647468775
83.0,98.9999110149445
83.0,97.43491203533645
83.0,97.01029670724711
82.0,94.63797497954931
82.0,94.8158232996584
80.0,95.71328718414259
78.0,95.56707007990812
79.0,95.94410251218082
79.0,95.80705703715819
78.0,95.42073199559968
77.0,94.89207834712498
75.0,93.14960020501204
74.0,91.18961291442693
73.0,91.46822942395075
72.0,91.88027779444542
72.0,90.26951285832347
71.0,89.00848751388764
71.0,86.94207721820102
72.0,89.38674256018979
73.0,88.71374264349957
73.0,87.35679494883996
75.0,88.03921737449569
77.0,88.09578064120157
76.0,87.08030660950745
76.0,87.79206435969722
77.0,89.28724252283081
76.0,89.41864460809812
77.0,93.04526096920446
80.0,96.45732799226428
81.0,96.69128673576085
83.0,104.59613033486679
85.0,97.57341310605273
87.0,96.11352119658972
88.0,96.46697694397028
90.0,98.84222939358361
87.0,99.52152116666998
83.0,107.6583402386935
81.0,105.82265410215965
79.0,106.4909309768954
77.0,107.69036711534369
77.0,109.53076830230395
73.0,105.5821506693832
86.0,101.47191079397271
83.0,97.1382361440592
85.0,92.47939108190145
87.0,89.78809230582412
88.0,89.70340908521756
88.0,86.02335523976949
88.0,98.79793317640778
92.0,97.31056507667472
99.0,99.91970475140889
106.0,103.10767734678183
112.0,105.9408265656649
114.0,106.07802539401109
115.0,106.08632217985692
112.0,111.59635993975576
109.0,118.90725179837574
110.0,130.08512392194365
110.0,128.96927603630738
111.0,132.71215624957006
104.0,132.9948195195321
95.0,126.58424397500625
90.0,122.6590204260047
89.0,124.22114414041127
92.0,125.79120498609326
98.0,126.88529062806214
104.0,110.16044594261032
112.0,97.81087501006509
119.0,90.55768756235528
122.0,90.19173648439842
128.0,94.26061495679711
131.0,103.62853874126075
137.0,112.68573964230325
144.0,120.07022836990285
151.0,127.94216623713024
159.0,130.61293679170876
164.0,137.781465247583
169.0,144.61087916126274
171.0,154.37230452094323
169.0,163.3364432278873
170.0,169.9891226439607
173.0,175.85270213012922
176.0,179.11567397105495
179.0,180.83429339158198
179.0,180.62397993218508
181.0,177.96102525724723
187.0,176.79495989642038
189.0,180.25806889097512
191.0,182.5461975227363
188.0,183.76606687381621
187.0,182.47911397350865
187.0,182.12318236879685
187.0,187.9792240018818
187.0,190.29321469570422
193.0,192.08685419893382
206.0,191.44369006654057
220.0,190.44789789602353
221.0,189.60186589921983
217.0,189.0801273793725
217.0,188.50840905570035
215.0,194.10710311946457
211.0,208.2463051918504
209.0,224.7741702557201
207.0,226.35068986147178
205.0,219.2751645799625
204.0,225.48732310592152
205.0,221.87354051555124
207.0,216.83349378649024
209.0,215.0988865108148
212.0,215.56423738467413
221.0,210.23329634876222
227.0,205.00045404837275
233.0,200.42152171612963
238.0,209.0288463971449
243.0,205.56713628832605
247.0,205.75880412571973
247.0,214.51819134656478
249.0,223.2494905909516
250.0,227.98624110717185
248.0,231.57219276836574
245.0,235.47479149208795
243.0,239.40985522065228
243.0,239.11449456578652
242.0,240.48582098836732
237.0,241.52811902643938
224.0,239.45350692269187
216.0,228.0801982647255
211.0,224.93715287942499
207.0,224.62635845770217
203.0,220.48129946670073
201.0,212.1861860842247
200.0,197.8246240593609
199.0,190.39666748144128
197.0,185.89163539219555
201.0,182.03116072058305
203.0,179.67432933014587
203.0,180.04459928353927
195.0,181.15627152345584
193.0,179.8864315564339
190.0,177.23539655815776
184.0,181.9246404141318
185.0,189.48470663131735
184.0,190.76564168826778
184.0,184.0092256603258
187.0,183.80725823997977
189.0,179.77729012640984
190.0,174.29266597227456
193.0,175.05565654667086
196.0,175.71221473502646
198.0,178.55543560392448
195.0,180.89647171530493
194.0,183.00104690384637
191.0,183.89900247600485
190.0,192.10007521467426
185.0,197.06532303816527
180.0,199.80211094693402
179.0,199.66500012747332
180.0,197.27185942284888
178.0,194.09026241398072
177.0,193.03151212251845
175.0,185.8429198354308
173.0,178.44752247081212
170.0,178.61514946493878
165.0,179.36663954545344
157.0,176.70196445496308
150.0,173.75201334346968
145.0,173.25562445083975
142.0,171.18767292858303
141.0,168.5378897651953
142.0,162.52087812297367
143.0,155.57330020100622
145.0,149.47477657941133
146.0,143.87024141223557
149.0,139.41261890511646
148.0,139.2030281749294
144.0,140.48043447279304
141.0,142.28602554293312
142.0,144.21640519117236
147.0,145.53269657867224
147.0,149.39672436418834
145.0,152.66750656513724
149.0,150.65369516604184
155.0,148.08355484458048
155.0,149.66374753931802
155.0,152.7648753919378
155.0,153.0234259528373
197.0,152.33757804321235
200.0,153.6973081298001
201.0,161.10152173935592
199.0,163.14957716631574
196.0,170.71639055797118
193.0,163.64073062388997
190.0,207.29756647824536
186.0,213.76818015411197
181.0,205.74518302610062
176.0,199.8017336698869
172.0,196.67155040361303
170.0,189.79292502777813
168.0,180.85152931627474
165.0,179.23930365841824
168.0,174.018950695129
164.0,175.03601714830668
156.0,151.02799667442278
150.0,149.25935789303037
145.0,150.23989515184667
142.0,148.79202073920362
141.0,153.47858304044684
143.0,151.84028355617656
148.0,144.18081009536488
151.0,138.9787064043025
153.0,132.40665549324538
153.0,131.34591025191338
153.0,140.23698565332617
153.0,135.69547087241048
152.0,141.25515043176776
150.0,145.80228695141267
147.0,142.84813968093786
144.0,144.23110917220373
139.0,147.3632891216032
135.0,148.62823094143232
133.0,148.88122655671336
131.0,147.83235266774096
129.0,145.46374454490524
126.0,140.39027841809215
122.0,132.3167650638955
117.0,126.14448481590063
112.0,124.61874032405697
106.0,123.61610821620775
100.0,122.41832389588654
95.0,119.61012370487859
89.0,115.56267835556372
84.0,110.57871358132275
80.0,105.61223830578278
76.0,99.65372960879324
73.0,106.41236987540026
69.0,93.94648539772136
66.0,87.95072731517871
65.0,82.69932490967503
64.0,78.2872488197695
63.0,74.64221110514569
62.0,71.9162946180816
61.0,68.6267939863239
60.0,66.183697756488
59.0,66.37713531677862
59.0,66.80676170462681
58.0,66.31492606111453
58.0,66.36233775181917
57.0,66.03911211763834
56.0,65.58918542589632
56.0,64.70399541817905
56.0,65.17094283791576
56.0,65.63356049089649
58.0,66.83826889394769
61.0,66.21237055669528
63.0,65.7926393320338
67.0,66.60426962668348
71.0,67.6498553687573
73.0,68.76123881596016
74.0,71.80901885403632
76.0,76.5283622902807
79.0,80.50023926639425
82.0,88.20360713105771
86.0,92.82803606676175
92.0,95.36869620831087
97.0,96.18773769931323
101.0,97.54216338502104
106.0,100.07547020683836
110.0,102.78661876805293
113.0,105.46559062591466
117.0,110.00561546474414
122.0,114.42264553766802
128.0,116.40724751421169
133.0,119.23657550741399
138.0,122.52425502499052
143.0,125.31801965005525
148.0,128.77640252048462
152.0,133.2117472272201
157.0,139.11598317506636
161.0,143.99831346918313
165.0,147.47158675972724
170.0,151.6136475161947
172.0,156.68228548983512
176.0,168.35764768961582
183.0,164.05170587456297
192.0,167.7481426772714
205.0,170.73518482135248
210.0,180.52082432178673
208.0,179.325805847867
224.0,181.75010309434975
244.0,187.97133153152302
263.0,204.58051536919683
279.0,209.42861304137955
298.0,213.58414306594128
314.0,208.31245768972806
334.0,221.5940177855082
351.0,241.84442812654498
359.0,259.38361006315614
362.0,274.6226795563808
364.0,292.7234791751538
370.0,306.7852986368059
378.0,332.2018978039681
386.0,335.39183386973343
393.0,341.4511491780105
400.0,345.9169755771977
400.0,342.56489298902045
400.0,342.7065704568745
400.0,350.9276939423389
400.0,357.392898169119
400.0,360.95167199892956
400.0,365.98726817209035
400.0,361.87949574689367
400.0,355.1633747080581
400.0,354.5649350156692
400.0,355.2870604413565
400.0,357.3166659965706
400.0,357.38446837190213
400.0,356.93703724687737
400.0,355.26978391356835
400.0,354.55695229178156
400.0,352.40316634915894
400.0,354.48318139285766
400.0,356.8449213716403
400.0,358.62174717422215
400.0,359.06832625094336
400.0,359.65521220082013
400.0,359.89701839455415
400.0,360.7872818201449
400.0,361.2508771195081
400.0,362.82511190113894
400.0,364.06309222723786
400.0,365.3224950068447
400.0,366.81443837293955
400.0,368.13425044896275
400.0,369.36178956750973
400.0,370.6375334192097
398.0,370.52071633616595
392.0,371.6778558031495
386.0,372.34484188569803
383.0,373.3262014360737
380.0,374.72920309203465
374.0,375.286389196393
371.0,373.60855191151836
368.0,367.4892116597
361.0,360.1898538953154
351.0,357.2452250722646
352.0,354.63886285706633
350.0,348.75471691007556
339.0,345.49094705430105
332.0,342.96576706465504
328.0,336.0554497013229
330.0,324.5073681485825
334.0,324.8430668124155
336.0,326.06372875984084
332.0,316.60602748416784
324.0,304.09150384886067
316.0,300.21756427078014
311.0,304.5615105443773
307.0,309.34554743289317
305.0,311.6544725022807
304.0,309.2815579479077
301.0,304.4770015427711
294.0,293.1928623838322
289.0,285.9886119504067
290.0,286.237446210433
292.0,287.1018344399194
297.0,287.953485682717
300.0,300.4966916629129
303.0,277.86546065457554
304.0,269.0320163829143
305.0,269.00895373518244
301.0,272.3339483372862
295.0,279.35644536139637
293.0,282.9122130134345
287.0,285.6394383433461
280.0,286.1983287316792
271.0,287.1290024921218
260.0,282.57204310892064
252.0,278.1416557490822
243.0,278.6605783921946
235.0,269.91061763356447
226.0,262.3337567879621
221.0,251.41499979089332
214.0,239.70211032764058
210.0,230.58464574212445
206.0,221.78100572480673
203.0,213.48827460459393
200.0,206.26558404305268
194.0,203.55717311708096
187.0,196.2205968316639
182.0,193.00159830832624
179.0,190.50063527254449
173.0,188.08349050893653
165.0,188.15570472117466
159.0,182.93101722889358
155.0,177.10569447250896
151.0,173.0580264430805
150.0,172.32423794992485
153.0,166.80929610008067
153.0,160.26342026694712
154.0,154.6501658060476
156.0,151.73068752508925
156.0,148.12580824798872
157.0,147.06360570283405
159.0,151.5340916200242
161.0,154.67976056559021
160.0,156.4486889151791
162.0,158.29822744000685
164.0,159.4573548970878
165.0,164.27247518129437
166.0,168.54560104155576
166.0,171.2674806834204
168.0,171.59795097643695
170.0,173.82161229519525
172.0,174.49343684299652
168.0,173.36667420155482
168.0,173.99273905387176
171.0,173.4880004862163
172.0,176.12388198045045
172.0,178.50173019459902
174.0,180.08446538949283
177.0,174.93581296272524
183.0,174.63661342598573
192.0,177.47158903333178
202.0,178.04167529026307
213.0,177.46568877033445
219.0,179.17049093363403
220.0,188.80650685834226
222.0,185.44825188760538
164.0,102.38443046934562
164.0,103.59379311106437
160.0,110.06083282340848
159.0,167.03577437784767
158.0,166.83133503639854
164.0,166.76152672096657
173.0,314.05696723639204
172.0,197.21744998525168
168.0,169.27473801392392
169.0,148.80914639715226
167.0,146.8547300883458
166.0,154.10645271796508
169.0,161.96015127906327
172.0,149.0567078674418
175.0,144.61857040539948
178.0,180.24182407916496
179.0,179.10430301289261
179.0,175.9023080801387
173.0,184.34224187991674
165.0,188.44795934022994
161.0,189.34613910943003
155.0,199.58829082822726
150.0,197.89271676306657
145.0,197.8893578737588
137.0,179.99395970442043
132.0,167.73648412877077
127.0,164.56187864762495
122.0,157.2719767397165
117.0,151.27341153625136
108.0,145.04291072523614
106.0,129.5803112062804
108.0,122.97275800608739
109.0,118.95350821468021
112.0,113.61546226869777
114.0,110.6807273345574
114.0,104.55431792196859
113.0,100.23634484176512
116.0,104.17122380102911
117.0,106.62798787069096
115.0,109.84612037344652
113.0,114.47577119163498
112.0,115.18446507019993
109.0,114.54030218578833
105.0,128.38972207142731
103.0,122.09516635520029
104.0,123.52320036998401
105.0,121.6334233672618
105.0,119.19877362166496
103.0,113.95034846858412
101.0,106.59595863208193
102.0,103.94924445938712
102.0,106.11217024676317
100.0,109.33514452248663
99.0,109.15969291238704
99.0,106.80492720201177
103.0,105.10551346049984
107.0,106.25438883262197
115.0,106.09512904766105
122.0,105.45178617763963
128.0,104.95852542145423
135.0,105.17373079328013
141.0,109.33004324986689
144.0,112.8837271945068
146.0,123.78019773329173
147.0,132.12889129492288
148.0,139.10914821889287
148.0,145.21854694129183
147.0,150.6258599976434
147.0,153.8023496484426
147.0,155.20749668576894
148.0,156.11350533308294
148.0,155.4563298371589
149.0,154.97540881892263
148.0,151.80908939435423
145.0,150.13738370457364
144.0,149.6233576523381
144.0,149.5094453989318
145.0,147.4417461148301
146.0,148.57328899682327
147.0,157.38901252928696
148.0,146.23128119782595
148.0,144.13179210889803
149.0,142.36203328586924
150.0,144.17373378781292
151.0,145.43053984121536
152.0,146.71915262637862
153.0,147.60944539719227
153.0,148.81942835345257
154.0,151.3332271713303
155.0,153.00925205428493
154.0,155.6614769603812
154.0,157.1865285225138
154.0,158.18816854256798
156.0,157.8729082078772
157.0,158.39688628777927
157.0,159.26374378199327
157.0,157.84134521312268
158.0,158.07189710640452
158.0,158.2860538293627
158.0,160.44792103647103
159.0,160.75456589389586
159.0,161.6082340434928
159.0,161.34031536268273
160.0,162.79464895858544
161.0,162.82417640855675
161.0,162.4090603020711
161.0,164.32675168883898
162.0,164.79530468701606
162.0,165.0904023852987
162.0,165.36607230842722
163.0,166.3166531910908
163.0,166.8323419881307
161.0,167.02588378495523
162.0,167.63541663455638
163.0,168.06754565978918
164.0,168.1495939298971
167.0,168.63204106356952
169.0,168.90318405285257
171.0,166.9647685631897
174.0,167.4399109059469
175.0,166.6798677509149
176.0,168.04172158122304
177.0,172.45585795817638
179.0,175.38820785180582
180.0,177.38824333125507
181.0,180.53696735942967
181.0,181.15611724961747
182.0,189.78162638741972
183.0,182.898357457821
184.0,183.71782587265145
185.0,183.702941697632
186.0,183.60351791473127
188.0,181.7454637364433
188.0,181.42136740245823
190.0,181.4718132040068
191.0,181.12739032172644
193.0,182.39124460365971
195.0,183.58685916246714
195.0,185.63812648301064
197.0,185.22770905340124
205.0,186.61137405978513
216.0,187.78661664104771
202.0,190.4540523638537
210.0,192.56163186877424
217.0,192.74505569610233
223.0,208.59305023652874
227.0,207.20055556537264
231.0,217.4205772286689
233.0,201.14511778426052
235.0,205.6898277575625
239.0,213.07758888508295
245.0,222.57864345805854
248.0,224.7416185739815
251.0,227.54769570297987
255.0,230.48250166910242
257.0,231.98641955192798
256.0,233.00950590391608
253.0,233.0238038916052
249.0,243.3996695149484
249.0,243.79655245833618
251.0,245.0644564237859
251.0,245.89870250883695
249.0,244.23342096586526
249.0,240.37851989230063
246.0,235.94662473383576
243.0,236.127798785296
241.0,239.19960899400155
239.0,236.22122740863296
239.0,234.58244133606934
236.0,235.0874270587541
233.0,229.0751309574977
234.0,225.32631185997724
231.0,225.0622524642421
228.0,225.12809635615938
226.0,227.730513294842
223.0,225.11150923250395
218.0,221.3642087238984
212.0,222.61369216610743
208.0,221.60929823257396
209.0,217.99182064114697
209.0,217.2066795003434
208.0,215.97370183174127
208.0,209.93991455809373
209.0,204.35381194880162
209.0,199.64856532320474
211.0,202.33500098471904
214.0,204.69627736585053
213.0,202.49910915293134
213.0,203.64143780171509
211.0,206.08328201062142
210.0,206.23574629494414
210.0,208.53630532487767
209.0,215.0704269616109
203.0,217.6758382709154
200.0,218.77566124660882
198.0,215.32425645138755
199.0,213.67760274419197
201.0,214.17229683291572
200.0,212.47009038680707
200.0,200.89111977654744
197.0,196.85663909335287
196.0,194.79961100865074
196.0,194.6875402280236
196.0,197.6174976047299
195.0,196.81397107750908
194.0,197.3498644501341
192.0,194.45499952921583
190.0,192.25159652021287
187.0,191.7245520610439
184.0,194.034922395899
180.0,193.65714102448294
176.0,203.4217496589821
174.0,191.58603762684294
173.0,186.83128316257273
172.0,183.08021055786153
171.0,178.0744261839718
167.0,174.08545837235846
164.0,169.8635577866756
162.0,167.1148424981147
162.0,165.84780516193652
163.0,165.1124398297891
158.0,164.1460644198415
156.0,160.53442416417127
156.0,157.36301326154634
156.0,155.84327255160298
156.0,156.69722241982274
157.0,159.00268344538193
154.0,155.35985081622962
152.0,153.21001680307987
152.0,159.6775725666131
153.0,155.81583635024504
158.0,155.73154324741193
163.0,158.56935701780094
166.0,157.12781176531132
167.0,155.55724659947094
172.0,155.64096951150978
174.0,155.83327431906937
174.0,163.57401161222927
175.0,170.51263923867708
177.0,176.59357651261269
176.0,177.60073132397994
174.0,182.5493878333052
170.0,184.0978066916098
168.0,184.8248949176181
168.0,186.2516169602832
168.0,188.78741544635284
168.0,188.28798413802673
166.0,183.8572175910638
164.0,177.55282607372274
164.0,174.47430860088687
165.0,172.354124130265
165.0,171.32229817199416
164.0,171.2826013188366
165.0,170.16177040486232
162.0,166.97642688968264
160.0,165.43180296460932
159.0,166.63799881908326
157.0,167.41167827655573
157.0,168.2132282217056
154.0,167.57676745668073
152.0,164.73843091136928
152.0,162.76287781482856
149.0,160.12342716986882
145.0,158.7394143532868
143.0,159.5684941455941
141.0,156.53841428854747
138.0,153.4529435253676
137.0,153.35678306220413
139.0,150.96040075453547
138.0,145.27437086542955
137.0,143.92776918814224
133.0,151.19034544189967
129.0,139.12739418534832
127.0,137.664720330183
124.0,138.55503579195718
121.0,138.09240739873866
121.0,136.66808593096425
121.0,130.79501785356888
119.0,126.31752565258107
118.0,125.21004599774305
117.0,122.42708762213618
115.0,119.71885089120201
113.0,120.78179434789261
122.0,71.48789280562266
129.0,100.7561480272115
133.0,101.00621806387731
135.0,101.0684019555551
138.0,98.90277718325333
141.0,91.63733854965224
142.0,217.24046494314632
143.0,144.04160981511723
144.0,131.9149035766242
144.0,124.99736521767323
145.0,125.48252475471716
146.0,123.17375733331745
148.0,119.77814981339071
151.0,129.0692787239028
152.0,131.62174360873928
154.0,143.52022312666713
155.0,157.4945120870273
154.0,154.7634211319052
153.0,159.4354960096014
153.0,168.051917405117
156.0,168.90167520621034
161.0,169.9056225531043
169.0,171.13867368613683
180.0,170.12979103986083
192.0,158.55929033744263
204.0,158.6097892709184
214.0,161.78913408072873
224.0,167.52595314097027
233.0,175.9677689650573
243.0,186.62969949580238
251.0,194.8481173204189
259.0,213.4851973218144
265.0,214.0041909369849
269.0,231.3744451103915
276.0,231.6672218984964
282.0,239.70555916034405
288.0,245.34752739985876
294.0,250.4673320456125
299.0,253.43835779711299
303.0,253.4532986707494
304.0,256.67709683256805
302.0,259.1946906823532
300.0,263.5266372603849
296.0,267.65575039616397
291.0,270.94792446145334
283.0,272.86895766053544
273.0,270.8894129116994
264.0,267.0671700183025
257.0,264.127319678516
251.0,261.07466904787543
244.0,255.3818669403858
238.0,247.23446106943146
233.0,234.30657712247984
227.0,225.53472014185866
220.0,218.701282139686
212.0,212.86449622797295
210.0,206.99346812689566
205.0,203.1121412527441
200.0,199.04267513578475
194.0,194.42882275452328
184.0,188.45083987898556
173.0,182.17080464711339
165.0,183.168070977461
159.0,181.25716212485298
157.0,177.76514210073327
155.0,173.06510649235594
155.0,165.07378316671623
159.0,156.64790568574224
164.0,148.5501040101285
166.0,144.32987873732208
166.0,144.25165080176282
162.0,146.255535619485
158.0,146.2596117386134
153.0,151.79220714573475
147.0,158.54524700122073
141.0,161.62091055616844
136.0,164.71292089630867
131.0,165.57373671958817
126.0,162.71937868056938
121.0,158.9066091672959
117.0,152.43790667674077
112.0,143.96652605210858
108.0,139.9370690631373
104.0,133.60209693935926
100.0,126.65323754919756
97.0,121.1241157987473
94.0,116.75054408721144
91.0,113.0495782082077
88.0,109.39946490906485
85.0,106.08515819975918
82.0,102.95249082568748
80.0,100.24151468941946
77.0,97.09034034642875
75.0,94.29994245739402
73.0,91.46262036575024
71.0,89.08949185077195
69.0,86.02878869687734
68.0,84.5967379980085
66.0,81.82782694875011
64.0,80.10761193453467
63.0,78.88012868044777
61.0,77.24934296503547
60.0,75.75709147974581
58.0,75.41574846069871
57.0,74.2799643330311
56.0,72.8924654064334
54.0,72.67860249824358
53.0,71.0763984409715
51.0,70.92937667789971
50.0,69.41334014297321
51.0,68.72344284211957
55.0,68.22543212433894
62.0,66.68858720466635
68.0,65.43126166820831
74.0,63.902758168403736
81.0,63.161019815626204
86.0,64.18234059158404
91.0,69.23605750743677
96.0,77.1849911422013
99.0,85.82714575497404
104.0,94.30202434160904
107.0,101.3165503529791
107.0,106.81870244132034
107.0,110.94981512551288
108.0,115.62684305938515
109.0,118.34544155945022
110.0,122.24384986928278
109.0,123.59899322660456
109.0,120.37267176879422
110.0,117.85707850013492
110.0,117.393799870632
111.0,116.61482253402463
111.0,117.00657558106101
109.0,115.57170917511925
110.0,114.57567044654418
112.0,122.21266300547643
114.0,118.40817617790711
120.0,118.96426212293082
133.0,120.52985873431766
150.0,123.77583216583639
162.0,124.46530533949795
183.0,126.77653633573951
181.0,24.967440136898432
181.0,27.049205696623943
175.0,27.049205696623943
171.0,27.049205696623943
170.0,35.89125203872318
169.0,27.608560740799078
167.0,213.84876592862543
165.0,216.6003435278348
162.0,190.852595515127
158.0,178.3352671193865
154.0,177.13985070326865
149.0,170.8692448129489
140.0,164.90472038918648
136.0,163.76982528068052
133.0,161.16870604783244
131.0,176.24272332815133
130.0,161.8522819293603
127.0,155.43528836639126
125.0,153.44834577765567
119.0,150.3938849492621
109.0,147.5711857992821
109.0,145.6946921798514
105.0,145.3281736894012
106.0,142.86480319476993
107.0,126.18716488444434
105.0,120.85185724626963
101.0,111.28504627060644
94.0,111.68957990683177
88.0,112.16293002778805
86.0,113.9979704102872
85.0,109.40818869518168
84.0,114.34743280185887
83.0,105.63715038514998
78.0,98.63024176035347
80.0,91.6855719307363
83.0,90.86031837167616
77.0,95.33858954630321
73.0,93.53482013951317
78.0,94.22587878765292
82.0,88.5470654163056
83.0,88.6667509837704
83.0,92.47218371623258
84.0,87.63414955554522
87.0,84.62712090974314
84.0,92.40908222415301
85.0,97.85766980580556
88.0,98.90842148726261
93.0,101.28893636740864
92.0,102.07174729395119
92.0,103.80395793754437
92.0,101.92165302983327
90.0,99.94535360429025
88.0,106.76577267896579
84.0,115.44120883024529
75.0,112.41196076698466
73.0,109.9696501561705
71.0,108.95610144277194
72.0,107.6168899143463
78.0,104.71293088244974
78.0,98.23115657835248
77.0,89.11739870821931
70.0,85.26411784642994
71.0,82.41213793962342
75.0,80.92171379266684
77.0,88.12890310952069
78.0,89.28638735808879
82.0,87.28370086968937
86.0,79.78460998763629
92.0,82.18643632177671
98.0,84.22085418508465
105.0,91.35872604424932
107.0,94.08598069748221
108.0,96.97299388180839
108.0,102.92283438806751
112.0,107.62689450868547
122.0,113.75996120383402
126.0,120.89155287024488
124.0,126.512166535988
127.0,126.83242440309223
122.0,123.98776149617933
126.0,126.45637064534394
134.0,137.26351762261643
137.0,140.5069440680443
141.0,136.9200600450476
149.0,137.48008672936368
158.0,131.82129943655053
168.0,132.38925247116592
178.0,141.32161662926666
187.0,152.57776005366748
194.0,156.57054435224785
202.0,164.60041043585696
211.0,170.93435912203563
219.0,179.97850386451418
228.0,192.51561809793455
236.0,206.09394893969838
237.0,207.90350807113876
71.0,25.18792886970226
71.0,25.09442652773825
72.0,25.09442652773825
74.0,25.09442652773825
78.0,25.09442652773825
81.0,31.104840396031705
86.0,101.75726092018743
89.0,104.77989503542426
91.0,98.68249799897862
94.0,96.9384872127981
97.0,99.91932419252944
101.0,99.20165953949697
106.0,101.3541097470004
112.0,101.8906108810325
117.0,103.91801082472686
124.0,112.48312111887878
127.0,126.02484888995957
180.0,130.0896878523132
182.0,136.6672859525493
184.0,150.95537706109442
184.0,146.11495001376264
182.0,151.52473428919538
180.0,152.04392995733383
178.0,204.00489684008198
175.0,203.61820780976407
173.0,201.86886978578718
170.0,197.5786617357168
169.0,193.44647841747525
169.0,188.28761808178118
169.0,183.5515305102811
168.0,176.66907294640527
167.0,172.35815287833896
165.0,176.4625450834677
164.0,151.60001366737524
163.0,154.50484750737672
163.0,158.23609077008177
163.0,158.42506755743577
162.0,159.53781005994858
163.0,159.46192579004642
164.0,159.82128467262814
164.0,161.3748880354863
164.0,159.13170540726531
162.0,161.17794653659465
161.0,161.88138454520464
161.0,163.91856603910463
162.0,166.27354148244734
162.0,168.22651521381786
162.0,167.64074580667312
162.0,167.53616792423932
162.0,166.5463679536302
162.0,166.42566912477855
163.0,167.89042637598607
162.0,167.32663996354106
162.0,168.1344465629578
161.0,167.23990952144356
161.0,166.9547009160657
161.0,167.85877002953487
160.0,169.8278447285347
162.0,170.03646860191628
161.0,171.00349054573445
160.0,169.146897099816
159.0,168.52693203813047
159.0,168.56543619727393
157.0,167.57130729020318
154.0,169.5312970929937
151.0,167.96444026696093
150.0,167.8472248659463
155.0,166.1256800687076
170.0,166.90214938285666
185.0,163.7243639592267
194.0,160.70182210731954
200.0,157.2926135253194
204.0,155.9719834457464
205.0,157.87077369367634
205.0,173.10231924162636
206.0,190.70088231076033
207.0,203.6456431686645
207.0,208.8205282896069
208.0,211.1141651061084
208.0,211.10840683284505
209.0,210.61542950641572
208.0,212.4344320296943
208.0,214.9043480985115
208.0,214.95342611333442
207.0,211.12341429304576
206.0,208.47359653642675
204.0,207.52472093333313
202.0,205.9077105968571
202.0,205.21715385155784
201.0,206.11764474368522
200.0,205.32883295624947
227.0,204.16360010430682
223.0,206.63701448039564
222.0,199.63726450011313
220.0,205.2824788276087
219.0,196.33423234627435
219.0,193.00045893967444
219.0,220.5774755961865
217.0,218.24213942426806
216.0,215.29550337710208
217.0,211.39893959815976
217.0,209.74756633456104
216.0,209.35832153557868
214.0,209.88977399164534
212.0,208.78342821596328
210.0,206.03893974917608
207.0,211.33657358783267
203.0,195.6864882518712
198.0,197.45305308862223
193.0,197.2247146576592
187.0,196.45206029650979
182.0,195.56156134870326
177.0,192.8717955870641
171.0,189.09373784540588
166.0,185.4663834294393
162.0,179.2290489062424
158.0,173.50374388563665
153.0,167.7889417639876
148.0,163.97103007735237
143.0,159.25800318958807
139.0,155.05341383064598
136.0,150.6770592745726
134.0,147.57777067267065
131.0,143.47974709686417
129.0,139.47575876822563
125.0,135.42150121642226
123.0,132.9935008837232
121.0,131.22808164411603
120.0,130.19034799676706
118.0,128.43382565262536
116.0,127.46616266128903
115.0,123.22590139797043
112.0,121.70328988509377
109.0,118.87708904136008
105.0,119.3819742340163
102.0,118.79642311553454
100.0,117.72377054846942
101.0,117.56160024268547
104.0,114.85075993109376
106.0,112.30055050759151
108.0,108.3042591732561
110.0,106.09275723677057
112.0,104.6333522284743
113.0,107.26690526679592
113.0,110.80557899296112
113.0,113.71675061015435
111.0,116.30165577678741
112.0,118.1208465038624
115.0,123.6787956164905
118.0,125.36675935079217
119.0,126.34729280853665
120.0,127.07314138054599
123.0,125.74691983858258
124.0,126.18965019600468
125.0,128.41450034386168
125.0,131.45910125707942
128.0,132.24733321005556
131.0,140.32692727747587
135.0,141.50324165608185
140.0,142.44046335037586
144.0,143.1594364038054
146.0,142.56704865339609
151.0,146.36683492628768
157.0,149.52484373735803
162.0,152.4717302070148
168.0,156.59635385987042
172.0,160.9006145667456
177.0,162.95787016165653
181.0,166.34398511178586
185.0,172.52339194018037
188.0,177.81690398646302
192.0,184.29380724205
195.0,187.41550723370472
199.0,191.41292285734698
202.0,194.56717592156923
205.0,202.85757011713395
208.0,196.028762618018
210.0,197.84885261103165
212.0,198.3250419528848
213.0,199.17801728321115
214.0,200.48784340614432
214.0,201.1827391381592
214.0,200.41860576163486
213.0,201.0132255918415
212.0,202.33806696205247
210.0,203.07119889748185
209.0,203.86644512348582
207.0,203.15885775691018
206.0,200.61440506135045
204.0,198.85986215965283
203.0,197.79606464995865
201.0,195.91905812339795
199.0,192.83556182320265
198.0,190.14024934517468
196.0,188.3238220843358
195.0,186.80778788602933
193.0,186.18217470184948
192.0,184.87133803045597
191.0,183.36762269433876
190.0,183.34715817945246
190.0,182.15364325924665
189.0,182.12666225530967
189.0,180.6841556816217
188.0,180.66396175084807
188.0,180.13139176348108
187.0,178.545505926975
187.0,177.92300386889974
185.0,178.0977421408378
181.0,179.30877775346502
180.0,178.77306588440538
178.0,179.72324444880434
178.0,179.3686465833646
179.0,179.3195834428356
181.0,178.13370479399507
182.0,174.54054649585927
184.0,174.22035824880362
187.0,172.618253514276
188.0,172.93745685697624
188.0,181.0411700744574
187.0,175.2699747293817
186.0,174.1284658251283
186.0,174.86277903654863
186.0,177.90840206849504
187.0,179.16472580803259
188.0,180.76652056349823
187.0,178.86940670726855
103.0,155.9976440219394
98.0,146.57666894459186
95.0,129.01529878059318
93.0,118.25151498164657
93.0,115.61563896408407
89.0,111.4002441964532
87.0,106.40554930814052
85.0,102.88015833974698
82.0,101.28072520159907
80.0,113.40874071352368
78.0,96.06686445291481
76.0,93.59802146367318
74.0,96.29490539878165
83.0,96.23302286102223
86.0,94.13066915149409
91.0,91.69280168102826
99.0,89.98757692850846
107.0,89.71365413069957
117.0,77.68103218938221
125.0,87.59892871888874
130.0,91.12461897587679
132.0,97.64137128320012
134.0,109.18293148971196
138.0,117.7364285903246
150.0,123.62320416392845
157.0,131.87341225469322
155.0,136.9105794001312
154.0,138.56137816536258
154.0,141.1936811916441
154.0,140.49137824593092
153.0,151.95683091078993
151.0,158.77565758355354
150.0,153.54660477146965
156.0,149.3264587837018
156.0,146.15685490135462
151.0,144.00381355677712
147.0,141.98233617133783
144.0,140.23781676044663
143.0,140.59744198943136
141.0,144.92097426353897
140.0,141.3707445351828
140.0,136.31151637439146
139.0,134.42752802183279
139.0,129.63591423347523
140.0,129.78810066529948
140.0,128.99508369201402
140.0,129.61175112669008
141.0,143.55628755099693
144.0,143.29974504981087
147.0,139.5240639212392
149.0,140.27459969235133
151.0,142.9556470594104
153.0,144.2889661899055
155.0,146.90491169761617
159.0,149.5976767958478
160.0,154.40651908558058
162.0,157.82539288146842
166.0,158.91579031933188
165.0,161.28358023328371
163.0,163.66255183468004
162.0,167.3455470145943
161.0,169.02652642347834
161.0,171.0471491875334
160.0,174.95500533215773
160.0,173.1951103031824
159.0,169.47869145860372
159.0,167.764485802398
161.0,166.55839753768694
161.0,166.08634460927738
155.0,164.22878966500565
155.0,162.06407933042857
163.0,160.57878788582244
162.0,164.24875279958428
162.0,164.46249231331078
161.0,165.40348281063362
160.0,161.2659344356708
161.0,160.7794013373678
164.0,169.2264860369903
167.0,169.28725496031387
169.0,171.66528889310644
167.0,170.4740853439984
164.0,168.83769306346318
162.0,168.8429206391732
159.0,172.90930663464835
157.0,176.2259559064895
156.0,180.830120689372
155.0,180.3501133548549
152.0,172.01085716442367
150.0,170.1729453448492
148.0,167.44794861569048
146.0,164.7236686675581
140.0,162.6125571072201
139.0,168.19356575585581
141.0,160.39264786176855
140.0,164.86408802278459
140.0,152.22487301063816
140.0,149.53849817335092
137.0,143.3525174407088
142.0,141.0604440325326
145.0,143.96202339382884
148.0,143.2186286665806
151.0,141.75570977752076
149.0,141.04729237140577
145.0,138.75765451189733
141.0,143.96929567732414
143.0,148.18068966248097
140.0,154.23970098334001
138.0,159.13980612777877
142.0,157.46400388295754
152.0,151.24800568194487
161.0,147.2141184196528
166.0,149.7661996741805
166.0,145.71293159707187
173.0,145.1734170145965
180.0,147.87678493566935
181.0,158.91382847670292
176.0,168.532374316743
167.0,174.04905764625664
167.0,174.40183229681156
164.0,182.0413213513097
159.0,187.25310063286832
156.0,186.70596851526665
161.0,181.42225815119087
167.0,173.0074148997517
164.0,171.79343973898398
158.0,165.16855341067202
153.0,157.61649134808064
144.0,152.39308914782677
140.0,160.75346593868855
132.0,165.90543562367435
130.0,160.42315407285886
131.0,153.44373079998644
130.0,150.52781857789336
125.0,144.97644485335104
123.0,138.56345751427548
125.0,131.03524282374048
135.0,131.5509249178034
140.0,135.14098905472102
154.0,144.48758725399477
172.0,127.9618598432589
188.0,124.41459593431415
199.0,127.99005995607646
209.0,138.17190290874956
218.0,146.7493684011985
227.0,163.2756299925686
230.0,185.02810698847676
230.0,200.859156644952
234.0,208.83280555204965
233.0,216.57454136171827
230.0,226.72020171805002
232.0,235.79537644787683
235.0,234.52686600597036
233.0,229.28319320774827
229.0,233.3149103584141
224.0,229.28992987745778
219.0,220.19276777432393
213.0,217.81234838132661
208.0,220.83343052229984
199.0,218.17931946555296
197.0,212.7309905549574
192.0,205.35409889646093
186.0,198.41748428012386
172.0,194.4193038427981
168.0,185.30138689747693
168.0,178.1360109213123
164.0,179.7451897990858
162.0,175.7760428229591
156.0,169.02633785266735
156.0,155.52783060380204
151.0,152.09234968985245
148.0,155.29559623694618
145.0,153.05797708749526
140.0,152.38534444213852
139.0,147.31152575950267
135.0,150.12851790982256
133.0,141.17638881859307
127.0,138.34489954694428
118.0,136.27318850417964
114.0,137.80304020084714
111.0,137.96917346596894
103.0,130.46288835161383
103.0,129.60201230831498
98.0,124.06409506925195
91.0,116.74816450403947
88.0,111.09162957455513
97.0,110.19179367046969
101.0,103.92809271896552
112.0,103.7770724156965
122.0,101.0259926128337
126.0,92.66025742761379
126.0,89.41296321904059
125.0,98.57236160269916
125.0,105.25048526363528
125.0,119.43921369782719
123.0,131.20769007070774
120.0,137.97847971104576
113.0,140.05109125161184
109.0,136.02031972564717
106.0,136.50031364039768
103.0,139.24872251012386
100.0,139.86237015150533
98.0,133.15603265563342
96.0,124.97466915227375
92.0,115.03405335982652
90.0,110.48064902787476
88.0,106.59761117333241
86.0,104.54572535909506
87.0,104.14828163209899
101.0,102.44631720456667
121.0,97.0194789449605
136.0,94.60506199196715
140.0,91.97555096542759
139.0,91.67181356166914
142.0,93.46472221671922
136.0,108.93483298590486
130.0,132.32943992081195
136.0,152.67049680945965
142.0,156.24069119919292
155.0,152.67832887588452
164.0,167.19122919572612
178.0,152.66225905784196
199.0,143.70250247361272
217.0,150.4692998154503
231.0,159.57549090474632
233.0,167.04634667351593
233.0,170.93420725139612
239.0,179.19961485800587
245.0,199.81762830439084
248.0,219.25344356846495
239.0,229.8964537323664
236.0,232.58149782490335
238.0,234.58269369729544
242.0,233.2360011549468
247.0,237.825915498084
240.0,236.87426173370287
238.0,227.71825217677008
241.0,223.59962001287988
240.0,221.69388437334666
239.0,223.02685670186526
237.0,225.06854516774723
235.0,219.578660815575
234.0,219.82765845082272
233.0,219.12445448362092
233.0,218.3074117938208
234.0,214.86600238835538
233.0,218.36641662997096
231.0,216.42187898759462
229.0,215.24030742057718
227.0,214.11116296437086
225.0,212.94001307338277
222.0,219.08687291773728
216.0,220.4553238196098
200.0,215.0037239146439
192.0,213.70492011540497
184.0,212.78616392898383
181.0,211.7734265406291
180.0,206.82691227302308
176.0,214.3186740043616
174.0,191.9364624667178
174.0,177.3011477217956
173.0,167.8615501863875
171.0,164.2356927678062
165.0,163.77841447062283
164.0,160.13523391436632
157.0,157.61612138132418
146.0,157.3140077331068
141.0,156.03186789286775
143.0,153.76408378674384
146.0,153.49070325861447
148.0,153.87543446195295
148.0,147.7124724728112
145.0,136.2585681398905
141.0,129.96113540198567
137.0,134.1997754629899
132.0,138.96805702972796
128.0,140.89815001756466
125.0,142.01637241651585
121.0,139.22539861689592
118.0,137.2796212281505
114.0,132.65564930870045
111.0,129.16353561562093
108.0,129.30186864783013
102.0,128.04814361884314
95.0,121.99429421324213
91.0,117.37011551079925
88.0,112.32985568308607
85.0,109.04143611799157
80.0,106.64771577450841
80.0,104.19967327755903
83.0,98.0361561881194
78.0,95.11517428543067
73.0,92.64653175040155
70.0,89.29331751308496
67.0,84.54769501014393
66.0,83.51239044996302
68.0,87.72115075954855
72.0,83.65533815013343
73.0,77.16856497470012
76.0,74.91727235522573
82.0,74.05738669937978
88.0,73.18673405038221
95.0,75.62134645845848
102.0,80.77597501094628
109.0,84.52716308585988
116.0,87.1498950614165
121.0,91.86424976884072
126.0,102.94506835683376
132.0,112.5098837503063
137.0,120.83165944328212
144.0,129.3606505761081
151.0,136.83342491825914
154.0,141.0518981175226
155.0,143.2319303466285
157.0,148.4316120861475
160.0,152.9025967117509
162.0,157.74596938804078
163.0,163.20719508279262
164.0,164.45276080343345
164.0,162.90419334910322
165.0,162.39028194671192
166.0,163.49656312056584
169.0,165.2976184886611
172.0,166.11225954772218
175.0,166.3391598951159
177.0,166.4699652905738
180.0,166.31458283911337
182.0,165.80236102540263
186.0,169.4680170315086
191.0,174.388732615606
198.0,178.3602041919663
210.0,180.33582416478257
218.0,183.29317615333508
223.0,185.89266725293157
223.0,189.76651980557662
224.0,195.5118475416525
226.0,203.17076930933052
228.0,216.2490634193029
231.0,224.52557474212483
233.0,228.30644227710297
234.0,226.3112622104528
235.0,225.66613413485192
235.0,226.47923950775402
235.0,228.75715288824918
236.0,231.49657104985454
237.0,233.33897559340525
239.0,233.49291837881313
241.0,230.46127951669183
240.0,228.29279141655897
242.0,227.18513815762185
241.0,229.60411766783906
242.0,231.76671067159458
241.0,233.9168569962707
238.0,236.28324912917455
236.0,234.6222726762016
234.0,235.47072365846577
232.0,234.76037663694558
231.0,235.6309922702049
230.0,235.65390883651975
229.0,233.29208060677843
227.0,230.98749646729988
239.0,229.7835666805703
244.0,226.96716300858876
243.0,224.87298088129597
240.0,225.3107570745467
237.0,223.59809782172104
237.0,222.28405371299505
236.0,233.92111000673833
232.0,241.13116612601698
229.0,243.67724099014333
227.0,239.76275140451148
224.0,236.41741543932093
220.0,236.77425256099315
214.0,236.06310820254504
207.0,232.6357833803292
203.0,227.02963878928557
202.0,227.7026077320703
200.0,219.43233322474416
196.0,212.90952223136009
192.0,207.53608403067983
190.0,201.58757145238502
188.0,198.3998849060815
182.0,197.13438515696123
185.0,195.39171356815962
193.0,192.89563100498435
192.0,188.2710810612253
189.0,185.64018253065822
184.0,184.0019035606912
180.0,178.48746005500794
176.0,182.60324618138642
175.0,194.19900011053969
175.0,194.81614644268603
176.0,189.88991421882946
178.0,184.97899269239522
175.0,181.3735097666513
171.0,177.06296172851194
183.0,50.14459210100101
195.0,50.14459210100101
204.0,49.47644652547049
215.0,49.47644652547049
228.0,49.47644652547049
239.0,49.47644652547049
242.0,222.11406388756768
246.0,229.04157537344082
249.0,215.84113379160036
246.0,215.42547514661473
245.0,220.69669496197974
245.0,221.8362620350453
241.0,216.33677419785536
236.0,217.58233011823927
232.0,220.84588545274974
227.0,233.95881917419464
225.0,268.37786654232207
225.0,263.650453054621
231.0,261.81766008617774
230.0,254.51645752282212
227.0,245.34663874120213
225.0,234.06005443592733
217.0,233.08146234363682
212.0,242.06743010907047
205.0,224.13274061150582
194.0,224.90228591480016
180.0,221.11665573354261
173.0,216.82759943533006
164.0,208.64370006261495
168.0,203.44781464751634
171.0,190.27524600167422
165.0,178.44451302952677
158.0,164.6568515677549
156.0,157.37884832199836
154.0,144.23678555584647
151.0,148.28772157101935
149.0,154.01192963480528
140.0,148.19914467490008
136.0,142.57612910241025
136.0,140.8596297489135
139.0,139.92988157789523
134.0,139.1255462727887
130.0,141.29124429479504
127.0,133.6438012040816
125.0,132.77567794680687
131.0,129.47889628133797
133.0,132.0597254416655
129.0,129.81759920923665
127.0,127.8093215991687
127.0,125.28579863993278
123.0,123.97627167077164
123.0,131.03791822760192
123.0,134.2858835297041
121.0,133.47031693518534
118.0,131.77024552610501
113.0,133.3351969310962
119.0,127.40123666293476
122.0,129.3993554168167
117.0,130.73591054778416
115.0,129.79077464141227
115.0,127.41736321858043
108.0,119.53295050055037
107.0,123.99535665928977
106.0,130.249266860559
108.0,125.64311309188511
105.0,129.06055847779606
111.0,129.6081815463997
126.0,128.7453718734138
143.0,118.94194075987745
157.0,116.7820432880692
172.0,118.89196081819941
191.0,118.55344360059226
207.0,121.0092867496075
215.0,134.591355952766
214.0,155.21916284050178
225.0,172.02301412837548
228.0,184.10985770417577
228.0,204.9285059087166
224.0,219.18095183284555
224.0,224.77801216034237
225.0,215.41157743378866
221.0,226.9603000157714
218.0,230.15448980048012
214.0,224.62395847371474
222.0,215.09698527576978
232.0,213.73054624633158
242.0,213.29940962764624
246.0,204.65051357937756
239.0,197.54825158923532
229.0,190.97156881077925
218.0,201.27193557243663
208.0,209.2863327914326
202.0,220.05938237624363
195.0,228.65880008862416
192.0,224.16749307188422
195.0,213.19812779902023
197.0,200.70111315965724
196.0,193.22935950308852
196.0,187.67471657741459
191.0,185.54808907233976
187.0,181.66852424772213
190.0,182.186417824893
188.0,180.96997168212587
188.0,176.27129520586058
188.0,176.96260309306828
181.0,175.37441765166514
177.0,174.0480283445146
176.0,180.59656813041386
173.0,180.11771171523856
170.0,181.50700004262333
165.0,182.54390125834976
162.0,174.0808480232333
160.0,168.60416997589928
153.0,169.2351437917667
152.0,165.44894342861625
152.0,164.21336209342346
152.0,162.79942712219648
155.0,157.77324075397618
157.0,156.77175875019765
160.0,149.23162352939087
165.0,146.05882827973085
179.0,149.3832772402365
185.0,157.63218730223807
185.0,157.93215622577299
188.0,156.35926432766544
187.0,157.98911714522012
185.0,163.10059955213015
186.0,179.76017368886554
177.0,185.1223007609685
171.0,186.53811219454136
171.0,188.1809820436925
177.0,186.1538038913036
183.0,183.76208325495338
190.0,183.19649969252492
192.0,174.67772073465923
194.0,166.40455888586052
197.0,164.03751214848717
199.0,166.35182688692691
200.0,171.55582904504834
200.0,182.51003294958124
201.0,183.81887364384107
198.0,188.34830715171705
195.0,191.9633422063455
194.0,192.24464072328277
191.0,196.9637669630441
190.0,199.4724216695617
187.0,201.39028666525692
183.0,196.891361295502
178.0,190.43625509965497
174.0,187.82432167805138
176.0,183.08372908723746
196.0,181.9967400127159
191.0,179.45869594449306
186.0,175.9149280720332
179.0,170.93613542569307
172.0,167.04106066475828
165.0,168.2209723849898
160.0,190.4955583364361
157.0,189.93659199903064
154.0,184.58814977889503
151.0,177.2274920485838
146.0,169.5728401081309
144.0,161.47092833206526
139.0,155.1124277945467
151.0,154.7945493847102
156.0,154.81897178084563
149.0,153.03496457904353
143.0,136.71744214020305
141.0,136.69855961999565
145.0,133.87002817337032
143.0,147.69244975312085
139.0,158.10688106101375
136.0,152.3918754179541
136.0,148.4479229958429
133.0,143.08814230319365
129.0,145.90771395621286
125.0,145.02288862647316
122.0,145.65106058718297
121.0,140.44228450767244
119.0,144.63186383611043
119.0,135.980517826849
119.0,127.1955469837551
120.0,126.67619982157314
122.0,126.73451427103046
129.0,126.78426765090202
138.0,122.44550514145892
135.0,122.8041785427493
138.0,124.83524292280734
141.0,125.72176829594946
139.0,126.31367669655671
138.0,134.70696681237845
141.0,147.42214896210535
147.0,147.9379758060634
148.0,149.8025437666374
148.0,152.33442311516606
148.0,150.92621987485234
147.0,148.8501493763202
146.0,151.9624270450275
148.0,159.21828911230978
148.0,160.80874507265256
148.0,158.2605596621255
156.0,153.77980171471694
157.0,155.17771244983368
153.0,152.98703051067926
149.0,153.12307421648146
147.0,155.10946182596146
146.0,155.40675015120405
146.0,161.9223492720303
146.0,161.30123577883657
147.0,157.8283038466121
147.0,153.64264834104318
150.0,155.5714057462724
157.0,154.45213763472987
150.0,155.05020873801672
144.0,153.95763615136644
145.0,155.29731012058073
145.0,156.50300059750964
145.0,155.48974604847993
148.0,162.28668902321863
153.0,160.63268027009127
161.0,154.5144207092962
169.0,155.58957551173955
185.0,153.58005261776043
185.0,153.50892911691545
185.0,156.7365798793773
183.0,161.8295160241211
183.0,171.03912741016921
183.0,182.04569679001446
183.0,194.2946279762153
182.0,198.33955437093041
177.0,199.06685753005397
170.0,194.36378437386094
166.0,193.30846284867678
163.0,193.7423976117077
160.0,193.3878194974818
158.0,191.7416470403798
159.0,181.34224034185598
160.0,173.17554896113356
164.0,162.20769833410597
178.0,160.7232917739686
188.0,159.0884738434936
191.0,158.63925633786826
175.0,159.93053219213198
180.0,161.49569354133604
185.0,165.30307098232674
185.0,179.5549338711167
194.0,192.07107508299995
196.0,200.8633880790966
198.0,184.34147429641254
202.0,186.9607914752554
202.0,194.64486281370665
195.0,195.93776167643622
193.0,203.7005571882835
196.0,208.03706934628755
201.0,210.41265012863627
203.0,208.58649922033067
198.0,204.72206197487793
199.0,194.7602088659095
196.0,200.86942785481972
194.0,198.5228135364054
192.0,199.95468933504804
193.0,204.59345092609615
205.0,197.64281654897832
210.0,202.1426596787872
216.0,193.019815318645
226.0,198.58723478779638
243.0,188.57820192746138
249.0,188.80948621676856
256.0,201.7031777209025
251.0,205.0441429381967
249.0,209.11237476753337
251.0,218.60105481182916
261.0,238.64477753475558
264.0,242.7390034773726
265.0,248.41506786879424
270.0,244.1225918867201
282.0,241.25883531930276
291.0,258.3469442967143
295.0,253.83040753792613
291.0,256.6050782897941
293.0,257.124770776274
299.0,260.12540968351675
310.0,266.14738297804945
322.0,274.68350369601626
332.0,275.1588645295479
336.0,273.39181047053114
338.0,276.0658788555792
344.0,282.87667714019136
348.0,289.6733230422881
352.0,302.3720421979085
354.0,312.2824637012259
352.0,316.49796554076227
351.0,312.8123543051314
352.0,316.1252726950788
352.0,319.96921481238155
349.0,327.4349157847855
337.0,329.17720015495644
334.0,326.5515245780992
328.0,323.0088492625937
324.0,321.55482004569063
312.0,327.4614895596617
304.0,317.08125184541103
305.0,301.58338544076264
304.0,293.76488564056785
292.0,287.87600017028115
287.0,282.4315001764475
276.0,268.57419034744356
263.0,260.42982007189823
247.0,262.92920934002296
225.0,263.08196008255794
207.0,250.87379378263324
198.0,244.6574336466808
183.0,239.3174497047256
170.0,223.9235533264165
156.0,207.286377503347
145.0,185.0814804199362
134.0,171.39127639041894
123.0,166.1105725526535
110.0,150.26971562383707
100.0,132.99174376816433
92.0,124.70829219734597
82.0,113.72572049199266
85.0,104.93450931554247
94.0,96.20420573785375
105.0,86.6627283242199
119.0,82.77569635575041
132.0,78.78542328748372
141.0,67.42155421456249
145.0,73.38763554434394
143.0,85.77202844929937
138.0,100.96545391744792
131.0,117.0568332182096
124.0,132.66573691021998
118.0,147.17550888986267
116.0,153.8314894988382
113.0,152.5442741295665
108.0,148.13708954643067
105.0,144.710129738786
100.0,137.6118601073436
94.0,129.58282036576273
89.0,123.55079584360061
81.0,118.34102418853323
76.0,110.86883393215484
79.0,107.3087087552749
89.0,101.62115293893908
100.0,96.28932827509169
111.0,91.98570121536531
119.0,84.86528768643754
124.0,80.09112055107235
127.0,84.4456593360219
132.0,94.46835798832217
126.0,106.97427014662972
131.0,120.35323957264755
144.0,131.7581568272059
160.0,137.1716911832998
173.0,140.4217910639506
177.0,145.1173609919957
179.0,141.6216173202544
187.0,161.15782171524353
194.0,164.51434185841174
203.0,177.77190061674767
205.0,187.07800694982686
205.0,185.72612030287723
205.0,182.98516503325533
208.0,187.80088034363402
216.0,194.19576129015027
221.0,200.3418467697084
224.0,206.61993827642925
223.0,205.6022136238053
219.0,200.7423343792815
214.0,198.4924572068471
208.0,201.90690894180165
201.0,209.2910915873719
194.0,215.38331593465608
180.0,212.79076336454204
173.0,208.15846203111042
166.0,199.7564353181699
160.0,193.43798534948897
150.0,187.4557833247556
140.0,179.21670158525774
142.0,166.7004235045707
140.0,158.24481949928133
138.0,151.7374872417114
134.0,143.44629533530573
133.0,133.19782693256025
131.0,124.63110284265146
130.0,128.63686945505614
130.0,129.5940288696653
128.0,128.7492210380889
125.0,124.52996974964333
123.0,127.84002577638726
111.0,125.1186470523491
105.0,124.59159159524734
99.0,125.3033262702995
98.0,126.40693270842338
93.0,131.80588202031365
94.0,122.46581351288788
99.0,110.46176759228092
103.0,104.3158674162112
109.0,100.39086342040801
116.0,99.95812980108434
126.0,96.39117174868034
138.0,98.22298232406757
145.0,104.0565498109024
152.0,109.09302757386678
152.0,116.00807621822887
152.0,122.53081093799646
153.0,140.790755375699
157.0,154.8336650199864
160.0,163.78243272863634
163.0,168.8474725724988
166.0,170.18670543361955
169.0,168.23253593071973
172.0,166.09513682390326
174.0,168.92882910049724
176.0,171.70275630285994
179.0,173.7511666982187
181.0,174.68245328161885
182.0,173.6562997096827
184.0,175.30911542805424
186.0,173.87135867640987
187.0,176.55775043465846
197.0,180.59556022103948
203.0,183.36943800900153
199.0,183.30269044571824
196.0,184.87191769512967
194.0,186.80210772216176
191.0,198.71392673403332
188.0,199.66817307993213
187.0,206.38026481100945
186.0,201.64618952696114
184.0,195.83521537057004
182.0,191.0562046966996
181.0,186.57318819994765
180.0,182.42070033332004
181.0,181.18033653456655
183.0,178.0443691011397
187.0,177.86836379138413
194.0,171.810425765586
190.0,168.02703160452774
188.0,169.38412044104834
186.0,172.1687585564269
184.0,175.14841315735868
184.0,180.69216682514934
185.0,189.39082836464755
184.0,188.863797224934
182.0,184.91177165916136
181.0,182.9818568478708
182.0,182.31424582075027
184.0,182.94216544629987
184.0,184.51322677779532
184.0,182.6031668055616
187.0,180.14109857926462
187.0,177.95891656725837
186.0,175.69382722351227
186.0,180.53589801380474
186.0,182.14333452455443
184.0,183.88543900079043
188.0,188.2386269682558
198.0,188.66500493564928
199.0,188.3593869870607
198.0,188.1239716252228
197.0,188.80081759357068
193.0,187.69966565880958
188.0,191.26849099926
186.0,199.8027443821081
186.0,203.39049253568953
186.0,202.56282290022392
186.0,198.90489296527292
185.0,194.736333413908
185.0,189.61496713232592
183.0,187.28356857064537
182.0,186.03581472924535
181.0,187.45434787469074
181.0,187.060403341901
180.0,189.26328582403468
179.0,179.98340087394595
179.0,177.38449836338066
179.0,174.82717791244903
179.0,173.65477934943232
178.0,174.77511153387542
178.0,173.81550326683146
177.0,171.25545725816605
176.0,169.88848916591414
180.0,169.75330954580238
190.0,170.42047901496034
188.0,169.06779117565145
182.0,170.2355208029879
179.0,169.3294702957803
176.0,168.4562314405897
173.0,172.47183022773555
172.0,183.95091599025017
170.0,185.30412844854743
174.0,179.0031817062619
176.0,175.34196755049877
167.0,172.85562521527274
173.0,170.4333663365855
181.0,167.83837224235972
184.0,166.5531932189761
187.0,176.62018434439503
185.0,178.8823870313642
181.0,164.62975405905866
180.0,170.0970255423324
181.0,183.00841834817803
184.0,188.72038429418672
187.0,193.67662836087095
189.0,193.00078577308062
190.0,188.63295575284104
192.0,187.70676914049915
194.0,186.13154412571924
197.0,188.14588581318608
196.0,204.5770774489774
195.0,196.0623498335466
197.0,192.35256006684054
193.0,194.52577829029522
191.0,193.62777325561015
184.0,196.45087662577555
184.0,196.4167460558701
186.0,194.58881458681572
181.0,211.4178433667774
181.0,194.03629211359578
178.0,189.38811944240163
179.0,180.4529493067185
184.0,177.84013255190382
183.0,179.82644602162762
184.0,175.2822912267207
187.0,173.28468533915324
183.0,170.87890443770124
180.0,172.52847332747024
180.0,175.8730422860275
184.0,176.8711093706702
182.0,178.7112329432048
183.0,182.54295704278542
179.0,181.34564520833084
177.0,175.13257100845536
176.0,177.56026257761187
178.0,181.18437453249624
180.0,179.1449014634696
182.0,182.1803179160529
178.0,174.30624804710428
179.0,173.46300910544502
179.0,172.80314617907635
177.0,173.28669304682202
176.0,178.57931892867987
176.0,182.0828951424519
172.0,178.96588395166572
168.0,178.2493663624912
166.0,175.44058029062427
159.0,174.36946329906692
155.0,175.11317186132115
159.0,174.4187611022399
156.0,171.09197649783033
156.0,166.19250045005882
154.0,163.15590064735485
160.0,154.78488625257089
158.0,152.518499500373
158.0,155.12829536179967
157.0,153.48065444524977
160.0,154.1716630026828
159.0,154.9043303375472
160.0,172.2180561318108
164.0,163.23014018997586
162.0,163.0748136634974
155.0,161.81250758019584
149.0,164.49950210520495
141.0,165.9680363924237
138.0,164.0185203097332
134.0,169.28874078854184
134.0,165.60254707736502
136.0,161.47597820737028
136.0,151.58698400620423
140.0,141.96868476834706
149.0,139.78131308421538
153.0,133.7952007895002
153.0,132.40508945230326
153.0,136.15201928694106
153.0,136.58141723398768
155.0,138.0834471563939
153.0,147.15494900291955
151.0,155.42769776315444
154.0,157.69709600261373
154.0,159.90357842750527
158.0,159.7890233197011
163.0,163.12062147085462
161.0,160.91541781586133
154.0,155.047802655447
152.0,159.3593969828287
153.0,157.43048360490295
153.0,159.95557159884046
155.0,164.85887303618435
153.0,165.13585338394407
151.0,157.75354400646313
149.0,155.49333374376687
149.0,156.41961358860962
148.0,155.44541017070017
146.0,160.24605822905505
142.0,156.271968291234
142.0,152.40379038459582
141.0,149.61977621514038
137.0,147.52468145154728
137.0,148.1720889963024
133.0,149.85080715017352
132.0,146.7109997051833
129.0,145.83951408504686
126.0,145.18832371635395
126.0,139.76558980159143
118.0,139.8867690690229
111.0,134.29711993026646
107.0,134.007104117796
103.0,131.68390143635136
101.0,128.34438551959244
98.0,128.35847931229074
97.0,121.90789874195204
97.0,112.63518806163637
96.0,107.79719260592746
96.0,105.79202100767951
101.0,102.76403050117165
113.0,100.9862562494483
124.0,99.64445661991107
130.0,108.47477548841924
133.0,99.73074076249065
134.0,96.82957770385946
131.0,103.77748057890048
128.0,118.5606695176674
127.0,131.4980036159
126.0,139.9827146925292
125.0,141.56460909510346
123.0,142.32676995291146
120.0,138.41804637732537
116.0,133.8677597083634
113.0,133.79695355213508
108.0,136.32838033408223
105.0,134.73495782928293
102.0,126.41237454593544
100.0,119.90806332599982
98.0,114.51735329749627
92.0,111.19900581259095
85.0,106.16425459168244
82.0,104.83008989557263
88.0,103.84744885325927
95.0,102.13953789367139
95.0,106.29136053885404
98.0,100.21845506655725
109.0,92.82010447485817
112.0,90.12816493983918
126.0,97.96290954735676
141.0,107.15075257993504
159.0,109.27389920464981
175.0,111.78418467856409
190.0,123.64624164066485
200.0,130.65571154764015
210.0,143.74847912094862
222.0,162.50227287820013
233.0,185.0689691746241
241.0,203.23941497463755
244.0,215.05985998370687
245.0,220.5348820014802
243.0,229.99360866498102
238.0,241.69436718184795
232.0,248.34795463006108
226.0,258.1747846104108
220.0,257.98547541677414
206.0,255.13310480095683
212.0,247.79847482060202
218.0,238.38573739453946
227.0,228.98688424172235
236.0,219.0595997714201
244.0,210.81779356525263
251.0,201.10292185128318
252.0,194.97809118688002
249.0,199.58886817819754
244.0,208.50159101845804
240.0,216.88164763836824
239.0,224.80175330523565
236.0,236.12421271277378
232.0,237.445451414133
229.0,234.1191998137185
226.0,228.5036107823491
223.0,230.02570286307613
219.0,224.7246093297009
219.0,220.42686005250687
212.0,210.23058873014267
207.0,205.60353022115248
207.0,201.1557599333608
205.0,195.96585241272504
204.0,192.2112853952155
199.0,194.9407449691401
196.0,190.28540443239245
197.0,186.2333885503433
202.0,186.03414262112898
207.0,184.09630979742428
204.0,184.35747842719243
202.0,180.83009754602807
201.0,178.7707243782363
201.0,181.0472126024522
201.0,188.59942161014618
201.0,193.15559057381645
201.0,192.67477878731336
200.0,194.7854766268287
200.0,191.13687119717582
200.0,193.85033452416397
200.0,194.10405228742218
202.0,196.655083653792
202.0,197.09087038509833
198.0,195.3263810509828
197.0,193.25688652415346
196.0,191.39309271494835
195.0,194.44431568460564
192.0,198.18017585991362
190.0,199.07113053092937
194.0,196.18383388465017
199.0,194.82067683506747
193.0,192.14438512849426
186.0,190.5956247463264
184.0,187.65338621609573
183.0,195.84800153343858
181.0,191.35272843839513
181.0,197.3191095828793
184.0,189.3443721399954
186.0,181.5567486164501
184.0,176.79078991752516
186.0,175.48860200399974
185.0,172.6610766647779
184.0,172.28987366447885
182.0,177.27962288326398
181.0,181.3433970970943
181.0,176.9550294338014
182.0,175.84741000734257
182.0,177.56506677353332
182.0,181.4904013033586
186.0,179.64363637548445
187.0,178.61413800126473
186.0,177.20896522374747
186.0,179.05513120750456
185.0,177.89252990541053
184.0,176.58216665194166
183.0,182.92984931903968
185.0,184.2220475185144
185.0,186.5322592882208
185.0,186.75170517552033
183.0,186.7074583226964
182.0,185.91365551860937
180.0,184.87507552604964
175.0,186.62580420661078
173.0,184.8093141935176
175.0,185.25054771050435
182.0,182.5544882718382
184.0,181.03484229020435
185.0,178.99667638739632
189.0,173.58086095207392
193.0,171.46985733929782
194.0,173.991875169647
194.0,182.52800212211667
193.0,184.53605234723966
193.0,185.9550396638188
195.0,191.60691870160906
193.0,196.8232755122356
191.0,197.6695764114251
194.0,197.26185210942083
194.0,198.34771063746496
194.0,199.22114495538244
194.0,200.63017102074528
195.0,195.72133388249875
196.0,200.5946413881125
197.0,193.53299636430455
198.0,190.60376541257554
199.0,188.57733023456018
200.0,188.1590264882015
200.0,188.56712725076454
203.0,188.26227798193997
203.0,190.04044324911075
204.0,189.32168313264881
211.0,191.34384885201368
209.0,194.00235795901978
207.0,192.35557299740867
204.0,195.65286559785946
202.0,195.65200003208503
200.0,196.9801122878963
198.0,204.2482448164543
196.0,202.59817522620745
195.0,199.62629553054296
194.0,196.41774534188804
194.0,194.31373202084222
195.0,191.51512882559754
195.0,189.63359935494262
192.0,186.21062076063163
192.0,186.36654846908837
192.0,190.72174943351848
191.0,187.3017453547189
189.0,189.8339204394847
187.0,191.32331322345595
185.0,189.48317273345577
183.0,189.88348135235822
186.0,190.6099595748971
192.0,190.42500655622024
192.0,189.0556071832392
194.0,186.7887159630508
194.0,185.36258800730803
194.0,183.47351064925732
194.0,194.42778706833013
192.0,191.90950963254642
193.0,193.08586542012193
192.0,195.09489889509075
185.0,194.6049495813164
185.0,193.4904383212506
179.0,192.94959291492535
176.0,190.6732434709774
182.0,191.80695931327
189.0,190.54758722266075
191.0,183.81110396278723
198.0,192.92846414529822
200.0,175.98816467104962
201.0,171.13909076475954
204.0,177.18188334721
202.0,185.3117599792435
199.0,187.1494458359467
195.0,194.2468911169079
188.0,197.92812630005724
185.0,196.74701772570134
183.0,202.21986511459534
182.0,198.99064509165464
176.0,197.8184154336326
171.0,195.96492947259281
167.0,185.163777283591
166.0,176.43725114110222
163.0,175.69623887875528
159.0,172.87039126025076
153.0,167.46011650958468
153.0,162.59725093921105
148.0,157.77907451324666
145.0,158.13728723860015
143.0,156.03337598665127
145.0,152.4662254974665
139.0,149.49811948406557
134.0,149.81622347913935
137.0,140.67229520214497
135.0,136.4149063367531
134.0,136.27029655264107
131.0,140.1788320654728
131.0,135.83633647674424
133.0,129.20252158452107
133.0,133.16070508487752
131.0,133.26671399930964
126.0,134.25633473074527
122.0,129.83883025903606
127.0,132.01489035621955
135.0,135.67500830896668
142.0,137.9299746238542
143.0,148.36451202019785
143.0,133.72846086711178
147.0,130.74113387444686
149.0,133.01126033918501
152.0,141.80273589355807
152.0,149.43451639898456
155.0,154.1441168679909
166.0,153.08360110745195
166.0,154.78113677952484
169.0,156.5128220252772
174.0,159.65316436237458
174.0,161.51101670623785
174.0,167.058561867293
175.0,174.50939039271643
175.0,171.92570183644324
178.0,170.82587119047608
184.0,175.9431144603171
190.0,176.9683614533711
198.0,174.61759565006147
199.0,175.4277297415174
203.0,175.53540557173085
206.0,179.46702953596505
204.0,186.05983239149876
199.0,187.67486539550742
198.0,197.87601860947268
191.0,198.0937478688916
192.0,199.75405326349733
189.0,203.85273665802183
185.0,202.27475118595092
184.0,196.5037609004481
183.0,196.42199984249223
177.0,189.7664051071151
173.0,187.60134394755082
172.0,184.13654033944943
166.0,177.55836447712542
164.0,178.19907354126917
166.0,177.4818720332993
165.0,168.42048086910972
157.0,164.92765943715872
154.0,166.85081545909782
155.0,160.63922287021316
150.0,161.2539427431184
146.0,162.1474680165454
145.0,162.74014266227104
144.0,155.82091710671588
143.0,151.33154628050445
138.0,152.19080401595764
135.0,147.64124750736454
132.0,143.76553925412102
130.0,142.5288824344737
127.0,144.05921903235654
127.0,143.65516287403292
126.0,136.73774722219574
125.0,132.3911961957678
129.0,132.7644285230499
136.0,132.02063229387804
143.0,127.16676007306077
146.0,128.69894371268745
144.0,130.06187376124524
143.0,136.83546843158535
143.0,131.47892666667641
141.0,137.8494203267753
138.0,147.0832739901951
136.0,152.65963899974977
137.0,149.53071211091216
136.0,147.41989997320317
133.0,147.67119576356944
130.0,144.8901424837139
128.0,141.96193038065383
124.0,141.3937065244179
122.0,139.31778042020775
122.0,138.0843571602951
123.0,131.8669268316782
124.0,127.76745428915872
128.0,127.49175138310763
131.0,124.09928450306691
137.0,121.7170325390303
138.0,122.77683163931007
137.0,125.25794091134546
138.0,133.27677599843656
139.0,135.0583482080985
145.0,138.50646102014377
153.0,146.98286867175727
167.0,151.44070104169126
179.0,150.01840119142008
190.0,158.72689730026963
197.0,153.86315833994917
199.0,158.24023179537102
203.0,165.40849651955534
209.0,179.42348657213574
209.0,189.92507259686428
204.0,199.16759371158966
202.0,201.9345029882774
198.0,201.9025498117436
197.0,205.27951994735204
195.0,210.4757332133633
193.0,210.5694998331498
192.0,203.4755575000721
188.0,195.71973252789002
187.0,188.26461511686156
191.0,184.387209685421
184.0,178.73100201816897
179.0,175.56484221130282
174.0,176.71635384297946
174.0,179.28762053625206
177.0,174.8930871089751
179.0,176.33079220534034
177.0,172.102741837078
176.0,166.69727555702605
179.0,163.30401688728304
183.0,164.52947503992218
189.0,169.06792727543342
195.0,172.4127936049674
196.0,169.79874421611584
197.0,169.9040692571832
200.0,173.62647818958402
205.0,173.5530518725258
207.0,183.57244644412776
208.0,191.78385156161195
210.0,193.0656764520646
211.0,193.46662628004137
207.0,194.67699081365458
204.0,197.18380303318838
204.0,200.90592507713947
201.0,202.64804349098353
199.0,204.82769855992473
197.0,205.80050374655002
195.0,200.4134924078253
196.0,193.9854360592912
194.0,194.84578740862565
191.0,189.2864972741561
187.0,186.13766189344224
182.0,183.18864874066844
176.0,181.7494788877243
170.0,185.3357197581408
164.0,183.12056491948331
156.0,179.3142766431588
150.0,177.6838023988345
145.0,174.42299703348598
142.0,167.51824736591033
139.0,162.22482703986
135.0,155.9040957510316
131.0,147.5270081505343
128.0,141.79407156355788
126.0,135.77229320097396
122.0,133.32611404277333
118.0,131.13283679461355
115.0,127.68052885564944
113.0,124.51191371912452
110.0,122.4239552505858
108.0,121.52185429015995
106.0,118.32974820703757
104.0,115.87343481095712
101.0,114.77373585503298
98.0,113.00109743088032
96.0,112.10273792327746
94.0,110.09848073506313
91.0,109.15183823326082
85.0,108.13848100255643
81.0,105.60765440224125
79.0,102.46524013911807
81.0,101.47450046845
87.0,100.72654591508038
91.0,98.33109187535072
94.0,92.13721566924733
96.0,88.39086599058301
97.0,86.75877568205475
97.0,89.10881359124073
97.0,95.92466531435922
98.0,101.7318482441826
101.0,105.78507572108853
101.0,108.80413600757763
102.0,111.41905260919734
104.0,111.30955775894779
104.0,113.0580873060457
104.0,115.53982306098487
103.0,119.82840491146322
105.0,119.94621678160694
106.0,118.40808904789822
105.0,119.22885126145795
104.0,118.6256313427981
104.0,117.7360739894462
104.0,116.54986888432745
106.0,118.92652005618169
107.0,120.6138500371577
107.0,119.14163230614678
108.0,115.77444933633396
110.0,114.77933547613888
113.0,113.86922812896559
115.0,115.16326190703029
119.0,118.11651335335223
120.0,118.80066122213465
125.0,120.80312949914048
133.0,123.10505686573367
136.0,125.5478726920174
139.0,128.27308054066813
140.0,132.77817805738437
142.0,133.88265442543192
144.0,138.84158427888661
146.0,146.48495955905315
149.0,149.4267323668162
151.0,151.75618475971086
154.0,152.03304937185126
158.0,152.99861143488556
161.0,153.93388304704638
163.0,155.81779415817198
165.0,157.80571744824155
166.0,160.6972306606415
166.0,162.79031608103236
163.0,164.02315165393094
161.0,167.09717310839957
160.0,168.58614075722986
159.0,170.86061148143202
160.0,171.68032624468552
161.0,171.18524613871
162.0,168.04732822669322
162.0,164.93641952515227
166.0,163.7941789885262
168.0,160.9513914125702
170.0,160.42779769862673
179.0,161.6349272675294
182.0,163.21387438958845
183.0,162.99980007153167
183.0,167.55469973037975
182.0,170.84759951860582
179.0,175.08954419923015
181.0,185.1317248263782
180.0,193.33138766348273
181.0,194.11916806392549
181.0,192.89939988392868
181.0,191.11534994450275
183.0,187.32607262119845
181.0,189.59752513341326
185.0,188.01185282021814
185.0,188.90513238562085
186.0,187.19570527025996
190.0,183.6027559994915
206.0,184.71207574928587
215.0,190.89268360082693
220.0,187.74846554503617
221.0,184.8513597023287
223.0,194.0183221111325
223.0,191.1654641706944
222.0,207.65560296581302
225.0,216.50399059683014
228.0,219.86442005184517
231.0,219.74726890936162
231.0,219.54364762732902
227.0,220.7494022768729
229.0,217.40124998486104
225.0,220.46359208636366
223.0,223.94205658521093
222.0,228.0117941448485
223.0,222.0190129096726
219.0,215.1591130967444
217.0,216.23783069706332
215.0,213.94400318757428
214.0,211.4216613014692
210.0,209.783675058849
208.0,212.65570545476632
212.0,208.86247255405388
214.0,205.21718714961855
215.0,203.12449399385224
212.0,202.481158260996
208.0,201.9635169137992
208.0,199.08588449727844
207.0,205.13797921182544
204.0,208.98738604453274
203.0,210.25537551689268
202.0,205.83554887070574
200.0,203.99253288577322
193.0,203.49495733647154
189.0,203.6551899128334
189.0,201.38496488805708
187.0,201.38778366759192
187.0,197.74398055410197
190.0,193.92653227772672
189.0,185.68288797893217
190.0,180.67395229861444
197.0,182.1258850025942
207.0,182.7559138347883
208.0,182.2083450968536
205.0,185.8369295422308
204.0,186.79606888129933
203.0,186.87868375795574
199.0,193.52659532410377
198.0,206.4417167233299
198.0,214.603615862304
197.0,212.11637743457763
194.0,209.17559346341596
188.0,208.17759791313048
185.0,203.98771202258706
181.0,200.74830334957852
178.0,202.43107700609684
176.0,199.95475969346398
178.0,195.06400153409487
180.0,184.3431246333655
179.0,180.61310586425316
174.0,178.7418462832031
179.0,175.6863929944544
188.0,173.26841999083987
190.0,177.6759369402041
191.0,185.3143832008202
193.0,181.864219095804
196.0,171.55770578963757
203.0,175.21856052775848
211.0,186.57044449079325
218.0,190.62753925625915
227.0,192.21387857277017
235.0,194.5166987149754
250.0,197.80757552131354
262.0,203.13963471356098
265.0,210.06839239837362
267.0,217.66926395767985
272.0,230.28992287087442
280.0,233.0411757095313
291.0,243.52350157229074
288.0,255.3952378485987
292.0,257.8605446167594
298.0,257.69388895519626
304.0,261.88100661148314
309.0,268.4950688884595
310.0,278.38932152324196
307.0,274.5953371523607
303.0,275.50358305601475
298.0,282.0570950451489
294.0,284.8933540798002
290.0,286.7509813566061
286.0,286.84321532564513
283.0,285.39916161183294
282.0,280.183519826482
280.0,273.72721949451613
278.0,265.85966871156984
276.0,264.90641028629176
275.0,261.0537657728113
266.0,255.377446343364
259.0,254.3199401427595
253.0,252.38518028344248
248.0,250.96790723921293
247.0,249.20415419471254
243.0,248.35721741893778
243.0,241.87601806600418
244.0,235.63497244623238
240.0,230.89861200102848
237.0,227.41375973609408
234.0,227.4839206807261
228.0,223.95051755005375
221.0,224.7903972768426
221.0,227.25026737246867
219.0,224.10543867205482
221.0,219.5760823201215
217.0,221.23879691603906
213.0,216.16258864804908
210.0,209.7670369733526
208.0,210.85030971885826
207.0,209.10478281875243
204.0,212.6098366608441
199.0,208.64126491677925
197.0,202.2952872694858
197.0,202.09279923385967
198.0,200.86119171956653
195.0,200.12915715955535
191.0,198.90230820204434
190.0,196.3879773578471
189.0,193.0192390254465
187.0,193.53986180283982
184.0,192.62417885811303
179.0,190.97651580113518
171.0,187.76003415767394
174.0,187.07593363237794
183.0,186.77383614813456
191.0,184.4509343472547
193.0,193.19813289221244
200.0,179.12385888890685
211.0,168.24054095445223
223.0,169.16218566771215
235.0,177.1247368102001
242.0,186.42710493422612
238.0,189.40846886516098
240.0,198.11266806337977
240.0,208.89867326938378
239.0,221.08801537418753
236.0,233.21560367591312
236.0,240.72265255701996
236.0,239.29300311830457
233.0,235.7869596406697
229.0,231.9899211262553
225.0,227.73857411358298
223.0,225.68558774839994
220.0,225.22600971374575
217.0,222.4103867091506
214.0,215.0391998732899
211.0,208.10034239898826
208.0,201.8125480295856
205.0,203.40776057850772
203.0,200.34059219239418
200.0,198.3357169831313
197.0,194.62246843851378
194.0,193.98845301102642
191.0,191.25483705591773
186.0,187.377372891101
185.0,186.40143203365125
184.0,186.09538445516768
184.0,184.6348386551059
185.0,196.5867144210886
185.0,181.30912802256069
185.0,175.95957012662146
187.0,172.83468307954243
188.0,172.0214315734236
188.0,170.15691040755024
186.0,171.66002847363018
187.0,171.72638462945122
185.0,172.20988251655154
183.0,174.89753439401284
182.0,177.94052087562974
179.0,180.31456088148255
176.0,180.42651981440846
174.0,180.61224954995265
171.0,178.4010861759562
169.0,176.89259662040484
167.0,173.80834837330315
165.0,170.94949491369636
162.0,168.51265171151655
161.0,165.9997685583537
160.0,163.38238153920204
158.0,161.48216431962987
156.0,160.95416527240812
154.0,158.4056960794206
152.0,156.13443697345136
149.0,155.08062265248628
147.0,154.20874303607897
144.0,152.90027115496827
141.0,151.5665500055611
138.0,149.71167544257167
135.0,148.64903100806748
132.0,145.79448082149304
130.0,144.14836477977644
127.0,141.62198194560833
123.0,139.46785545093448
120.0,136.52336613412808
117.0,133.56476455678862
116.0,130.33188328337175
113.0,128.9142953410381
110.0,128.4566191517103
108.0,124.59436950580996
106.0,122.1494153746269
105.0,119.359587898943
103.0,118.81286373956769
101.0,116.46276422017675
100.0,113.70393173542375
99.0,112.049911466105
97.0,110.61664846398202
95.0,109.4619235496418
94.0,107.9935128001147
93.0,106.85956731592155
91.0,106.20370966037348
90.0,105.97482548859308
89.0,103.49817972151587
88.0,101.96920540871672
88.0,101.81342979060784
88.0,101.16647916434603
88.0,99.61712315908358
88.0,98.5029695524612
87.0,98.14505127220255
86.0,97.87019623602666
86.0,97.79050796707745
86.0,98.00227671522995
85.0,98.67524851905463
85.0,99.37945220587409
85.0,98.48769511986751
85.0,97.27076612039218
85.0,97.92995153303826
85.0,98.32320609307072
85.0,97.5268537905581
86.0,97.76782418265503
87.0,97.86339675325257
88.0,97.88773711490116
89.0,97.83068822656897
90.0,98.63325158436129
91.0,99.01577087849424
93.0,100.5395867937689
94.0,101.71482293872191
95.0,103.66489839059494
96.0,106.1011368252571
97.0,107.07350561353637
98.0,107.95885073370854
99.0,109.8149954837526
100.0,110.86343469640536
102.0,111.61035409823333
103.0,112.44254842702566
104.0,112.85435312174991
105.0,113.28394433985999
106.0,113.8196355844854
107.0,114.4708062812536
109.0,116.20318840853167
110.0,117.18363793695003
111.0,117.3138246622243
112.0,118.10652356381077
114.0,118.92464990818476
117.0,119.70319650110685
118.0,121.55690450403463
120.0,122.62711240090636
122.0,123.47291940001276
123.0,124.424927369819
124.0,125.80466932709518
124.0,128.95366933094513
125.0,130.1022992780334
127.0,131.81168643711447
127.0,133.83008162630364
128.0,134.87132349359229
130.0,134.96375721439696
133.0,134.77984693721316
134.0,135.5713180627559
138.0,137.77956244416933
143.0,137.67024816722775
144.0,141.40130948344884
145.0,143.78643388525714
147.0,146.8125891983408
146.0,147.3251324729204
147.0,151.16309555206095
146.0,156.56756153360902
147.0,158.2304789614282
147.0,158.48231517947792
147.0,159.3689301052667
148.0,158.8718553467648
148.0,159.38859232533403
149.0,158.12204187897837
149.0,158.4500051155173
149.0,159.26142711834075
148.0,158.37733603412056
148.0,157.59525860183672
143.0,162.3379350611445
148.0,161.20155968975257
153.0,159.6279579779803
160.0,161.45061959920022
167.0,167.9419912271858
174.0,159.7704766160297
180.0,152.01321183613442
183.0,154.64104934523618
188.0,159.2718572502014
189.0,166.72956424208493
188.0,175.40518329178974
187.0,181.61188479158324
185.0,186.6947593339048
184.0,188.38329749655043
183.0,192.91638619307253
183.0,192.96125605583103
181.0,194.52357128522436
178.0,190.60545143405346
175.0,187.41061702392338
176.0,184.84768936796658
174.0,182.55563243867218
173.0,180.6222688344961
172.0,176.01771141071058
174.0,173.4111527634523
176.0,169.661730834516
175.0,170.0853545933226
176.0,169.75518502375957
174.0,169.23334281989784
172.0,169.65747385427377
168.0,172.4641851189841
165.0,175.8320082778003
162.0,175.02720242371035
162.0,174.21161423367573
161.0,172.71607243169254
163.0,173.7656797567172
164.0,167.47773517798845
163.0,164.2422216456792
164.0,160.6178801144939
162.0,161.25157233055734
161.0,159.86361924476887
159.0,161.10444806168252
158.0,163.28222227895532
156.0,161.80065842010362
156.0,163.04441757722324
156.0,163.8431543747414
156.0,166.79416634536906
156.0,163.72159029603955
155.0,163.66215095214844
151.0,160.31609730014964
152.0,160.40922063007793
153.0,159.71306120798837
154.0,159.26292235592908
155.0,160.08010414598212
159.0,163.66927706043467
163.0,159.3279130976044
170.0,156.96602970035136
176.0,157.8026685870646
183.0,158.17783252651358
187.0,159.28097148748606
187.0,162.8994566542015
192.0,167.8246696858682
195.0,176.26925119473714
199.0,182.21447728305628
205.0,188.9726780564224
211.0,194.40000835422921
213.0,192.7214088747691
212.0,192.3155206677095
207.0,195.02598827636916
206.0,198.85903176069309
210.0,203.6221871951591
213.0,209.3556081687476
216.0,209.31833618951066
212.0,206.57430986706018
207.0,198.85475180714505
204.0,196.5617420657252
197.0,202.99074217980723
194.0,205.95058944205917
192.0,209.41728088095127
188.0,205.9754491489816
186.0,196.25611577384865
180.0,189.2287541837821
175.0,182.15245804160995
170.0,179.2242184144303
169.0,181.7135439446723
167.0,180.12954436557527
166.0,177.00152597411477
166.0,170.629914967908
162.0,163.2949660436497
163.0,159.6624982502047
164.0,161.08935872765417
161.0,158.2192164975542
161.0,159.62139368934834
161.0,158.60885630476994
164.0,154.38598130601127
165.0,155.74456013354487
161.0,156.67489420650065
160.0,156.12571074949432
157.0,157.60458305085749
155.0,159.6950305358194
156.0,163.11948540454767
155.0,165.0178307751889
153.0,164.1077621453148
153.0,163.77427120512667
150.0,159.04174587620153
153.0,157.44556892427312
153.0,156.77485245310942
149.0,158.31093529350713
145.0,156.28392788498232
144.0,156.35734238210728
141.0,152.08333523718323
139.0,153.7308425909847
138.0,156.60017423148165
136.0,152.11660700841142
134.0,147.8611555456836
132.0,147.48982077543886
130.0,143.52151489037726
128.0,142.35107230220672
127.0,142.0412368661478
127.0,139.45376410442745
124.0,138.94817748252626
123.0,134.9241807451207
124.0,132.05926262283248
127.0,131.39865357159056
128.0,131.49641364047272
129.0,131.19094742207724
129.0,129.15373582445466
127.0,128.1392120194815
125.0,129.22565121185707
125.0,132.5933396157727
122.0,134.23708523711366
117.0,136.6872747251154
117.0,138.30411303923952
121.0,137.5019421582991
133.0,135.3764108073247
142.0,134.5077980628392
151.0,132.1798813546975
166.0,131.95840071233206
177.0,130.83966364866131
181.0,134.3776217635586
188.0,147.52439016474716
194.0,163.68359600034753
193.0,167.94672642021962
193.0,181.29820703890937
192.0,191.48647764961774
185.0,191.43083382579945
175.0,195.85974534662662
162.0,202.8190387289308
156.0,200.7550394599989
151.0,198.46400290216616
147.0,193.13538365848814
146.0,184.36100359683115
147.0,172.92427468648577
146.0,155.16116140782322
145.0,140.39219104609822
144.0,138.14324451956193
144.0,133.9997307880028
146.0,131.84243745145727
146.0,134.8369141508585
143.0,134.46520790040682
141.0,132.61271281763044
141.0,133.19272461209212
137.0,133.22372432912488
137.0,140.61446968074142
139.0,141.6253964604636
140.0,138.30465346839586
147.0,137.6531035260247
147.0,136.6494172633328
147.0,131.5256882264888
148.0,131.90518275144754
149.0,135.38454361805438
150.0,153.08516498409196
150.0,148.0820250173414
152.0,148.1437253076907
152.0,149.48610604057455
150.0,151.69188918803607
148.0,153.9812609416714
146.0,154.17786405975204
148.0,154.32516373368983
144.0,156.68193740697515
133.0,156.18164030044406
125.0,154.33313162117815
120.0,148.5090136272969
125.0,147.08622150267115
127.0,147.57162634190274
131.0,142.72187093611984
135.0,129.75226097254932
138.0,120.21265375244982
144.0,115.50222557358438
148.0,120.20042449726114
152.0,124.7235246341835
156.0,130.24821933052334
159.0,135.83571558701485
161.0,139.9851775841933
163.0,146.52708992979575
164.0,150.94458779035386
165.0,158.07767462988372
165.0,164.70458984547145
166.0,170.14412517025872
167.0,169.33567567185196
166.0,170.677927498092
167.0,172.74613449216045
168.0,172.2495195247439
169.0,172.2753753901901
171.0,172.18692609775806
173.0,173.13662126951922
174.0,171.8276884400359
175.0,171.20137644972905
175.0,171.01090028522523
175.0,171.76342074822753
177.0,173.5411909401867
178.0,176.20366519173464
179.0,177.44212498091713
180.0,178.6883926924455
181.0,178.7075743267613
182.0,178.23403869472315
185.0,181.2494383853097
187.0,182.74365685465332
188.0,183.6188330566319
189.0,184.83478809723385
192.0,185.355223575079
194.0,185.7606338703321
195.0,188.61687467717823
198.0,190.67697149910902
203.0,191.90085956244218
208.0,193.02240254497582
212.0,195.20510349365316
215.0,197.33619351946984
219.0,198.00050813346456
223.0,200.67239158471517
227.0,206.1465320045467
231.0,211.81437350014926
233.0,215.04596753461533
234.0,217.53703237208643
235.0,221.32103810764403
235.0,225.4780993312079
235.0,228.47263490424808
235.0,231.9354007760516
236.0,234.5040582474312
236.0,234.91416311512887
240.0,234.06992300601098
244.0,232.62148433363797
245.0,231.72733485502994
246.0,231.67990515867663
247.0,232.09331916651516
248.0,231.70834203699377
249.0,235.14582532410157
250.0,238.92021367233704
250.0,239.95369393523404
251.0,240.60690791570931
251.0,241.31381709687554
251.0,242.68776270172037
250.0,243.99374731829622
250.0,245.44175633414784
251.0,245.27593496310567
251.0,246.8509783679683
249.0,245.7673508063276
248.0,244.24910180509758
248.0,243.41228339120855
248.0,243.44730456823584
247.0,243.5601045444046
243.0,242.5328065945818
239.0,241.1950454111585
237.0,238.76333913965814
237.0,237.9741157348717
237.0,237.62737456285896
236.0,236.89071105362356
235.0,232.92621489384885
234.0,229.0965003263247
233.0,227.09926301466197
237.0,226.68246745815247
196.0,30.378797593954786
190.0,29.48334954507567
186.0,25.36519034875846
177.0,25.36519034875846
177.0,25.36519034875846
173.0,25.36519034875846
170.0,227.03966668474715
169.0,224.6393094210842
169.0,201.87509626011484
164.0,184.80382530358176
167.0,186.88309196660737
173.0,177.75859393016333
172.0,171.44887076280426
171.0,171.93636372915378
170.0,174.35127711527247
171.0,189.11926333701985
171.0,176.49262282224532
173.0,186.50342817276425
168.0,192.61431961165007
165.0,195.62809827297485
169.0,195.13731325693783
172.0,197.30650991709967
173.0,197.52024755172374
178.0,200.57161827228504
175.0,179.4651652285412
174.0,176.65562104247087
172.0,190.8312960866833
175.0,182.48257678552545
176.0,182.7648612960086
177.0,188.25330375111986
182.0,178.88639867613173
189.0,175.8343808241146
188.0,173.1932676239192
198.0,174.91137416085095
210.0,178.2026541887242
215.0,180.80110808677782
210.0,184.3624876254766
213.0,188.82214270353265
217.0,190.12141913540165
219.0,193.39201207578776
217.0,207.986140089276
213.0,213.09738781758426
210.0,207.93539154855716
210.0,208.3697720123844
211.0,212.56382575983534
211.0,214.87302885745635
213.0,211.24619247267586
210.0,204.04839072954056
203.0,204.78750456539132
193.0,200.14283567226545
188.0,198.3671968815248
187.0,194.10199254513608
196.0,201.11107067584243
191.0,198.40027897456702
190.0,189.2596795033763
187.0,177.72311161694444
185.0,174.2220820158297
186.0,175.70515410796725
186.0,187.24836961197295
187.0,184.51112280903064
192.0,182.76157532596613
194.0,180.01386980556734
194.0,174.1541979843068
189.0,172.9451309080285
183.0,175.42619144823757
181.0,182.2549308286138
182.0,189.30314847267715
176.0,192.87152085616447
171.0,189.8071449066119
169.0,186.779275255274
167.0,180.19718107793815
167.0,178.9095412828001
165.0,179.4550624379878
163.0,174.26076479698082
164.0,169.18873216249042
164.0,168.02794512368797
167.0,163.31133693333842
165.0,162.60306408148972
162.0,160.3000457714564
157.0,160.23119737404903
151.0,163.75830349764524
155.0,164.17194885242964
156.0,164.7027537929232
156.0,165.0020206139881
156.0,163.65792532897356
156.0,156.96975778673735
156.0,152.11598791346745
155.0,155.3925379695716
153.0,158.5724509176044
147.0,159.68879693499866
140.0,158.48678497133648
137.0,159.15798065875393
131.0,157.49298519056245
128.0,157.72976971046387
126.0,158.3728454504543
126.0,151.68583566918664
124.0,146.10021278258233
117.0,140.34326120222363
106.0,133.50211438428346
108.0,130.06629767534994
112.0,127.80533625196978
107.0,127.98765521234765
107.0,125.94449503995477
104.0,118.53165645573728
100.0,106.29704459310966
102.0,108.27635806944929
107.0,115.77949026892104
117.0,117.38946429403461
130.0,118.18174213344926
144.0,123.70579591385393
161.0,111.0327439929122
191.0,109.64834127566066
186.0,113.96958421323251
191.0,126.23371037268356
185.0,145.11133337612233
177.0,160.6754935755075
174.0,174.15915368644616
177.0,206.33639487299916
181.0,199.94466103954846
185.0,200.23164790278258
191.0,194.7619797210079
200.0,185.07726996880382
210.0,179.24087081406583
220.0,180.7059959990985
228.0,183.41503958644037
233.0,182.95857099608963
240.0,186.67115251679618
241.0,183.1229253329855
242.0,202.7189387552059
244.0,211.7876971659636
244.0,222.2487845844012
244.0,231.35467463512515
245.0,236.24912495291858
248.0,236.66237287920288
252.0,234.54900278983283
261.0,235.45305982239387
253.0,237.2612739507021
251.0,236.03395630776055
250.0,243.75562824206963
246.0,237.67879017076893
244.0,238.77396704402742
246.0,245.52749646680292
246.0,234.08430704342294
243.0,229.445182395129
240.0,226.91794890605462
235.0,221.94807729490623
237.0,218.60438071968696
235.0,218.84889285347543
229.0,220.53832135661366
237.0,217.19585374190564
244.0,213.457910905108
239.0,202.10707109286298
237.0,209.00642414808962
233.0,217.77381274445548
226.0,203.238998011862
223.0,212.84240763438396
219.0,220.97825641841297
215.0,214.10124722881648
211.0,212.77019026906066
206.0,208.95484847915873
202.0,201.0246133217562
196.0,198.80396500617894
190.0,193.98314045775905
185.0,191.48422760366157
181.0,192.05449618549991
177.0,183.46184744586668
172.0,174.20621016419824
167.0,171.2658402367221
164.0,165.96910616129023
161.0,162.07763717062107
158.0,163.2638119593234
151.0,159.97710106335933
145.0,156.28989289199131
140.0,151.5462756715907
140.0,148.8438769853907
141.0,147.1244521014248
135.0,144.75633863405417
128.0,139.58501170519787
124.0,135.57936784474154
122.0,131.41672365132192
117.0,132.13418645574967
112.0,134.59604573931574
108.0,130.10351091012956
104.0,123.88698125290585
98.0,119.9183160301805
95.0,118.71098903852784
94.0,113.96406359835314
93.0,111.5614382689042
93.0,109.37810759497454
93.0,107.108264769953
93.0,99.58019520205981
91.0,94.23710813132865
92.0,95.17195111859982
92.0,96.8852129470462
92.0,97.33755045604431
92.0,97.0816777178724
93.0,98.47805461029176
98.0,97.62772097040025
101.0,98.49406972408528
102.0,98.89146468638796
102.0,101.08819890069896
103.0,103.15948854394087
103.0,104.63462520097625
104.0,110.12551874802452
101.0,113.88077865525864
99.0,116.94087000566302
101.0,116.73050039124908
104.0,119.0869932894557
112.0,119.03993619619325
118.0,120.06579350292166
120.0,117.4568308952482
123.0,115.37479771127826
125.0,115.71754099911722
128.0,116.34367276340308
130.0,124.70786220110716
131.0,132.59225824079394
130.0,135.4215694541315
130.0,136.69973748203063
131.0,138.02342849583033
125.0,139.57647019522278
119.0,142.49385804276594
119.0,144.3219157559932
118.0,142.33007806522824
120.0,141.73646932858304
126.0,140.2007962427751
127.0,132.31643483581882
128.0,125.8190099892731
128.0,122.20295187926058
127.0,122.42760670077229
128.0,124.20750517460169
127.0,130.45280730338249
127.0,132.33504212954642
128.0,133.1755458563651
127.0,135.4304651980243
126.0,133.0284983668812
127.0,136.23521103921456
129.0,138.61936588683093
136.0,138.30878116485331
149.0,139.10315168078284
146.0,137.14428665493787
144.0,133.27254850945894
142.0,134.13488060608978
142.0,140.21367222351705
152.0,147.9971186359008
156.0,165.10318298163
160.0,162.18464009242751
169.0,158.29665238559357
180.0,155.2118029859291
195.0,153.5992074016685
204.0,164.2050369599936
210.0,170.83061892403006
214.0,175.2672146336118
214.0,184.8477512515644
217.0,195.04012402353862
219.0,203.91646600467627
215.0,215.2690580994316
214.0,221.90527449298273
214.0,226.13287013961352
214.0,226.70367805105553
215.0,224.3986504450325
213.0,225.95162026348834
213.0,222.27529976583276
196.0,217.91373402893544
204.0,216.75256419923326
211.0,213.20615141544806
214.0,211.2376314375763
221.0,215.9570882175518
228.0,204.33166336909355
236.0,185.49799544105755
247.0,189.83763657792306
257.0,196.90808472346293
261.0,202.0346952474782
258.0,208.35026661436163
257.0,216.00435985200033
261.0,226.22562577466914
267.0,236.12460734899759
273.0,247.43896614421982
280.0,248.71008053815075
284.0,253.09752315230293
286.0,246.39905461548017
288.0,247.10401743450922
292.0,254.20119058103066
296.0,259.3747142126645
299.0,265.4785962015548
293.0,268.80425093327995
290.0,267.75087479281416
292.0,267.6592852464182
295.0,270.4212278294968
297.0,277.60644960200005
296.0,283.3652531809041
295.0,273.2264690216931
294.0,268.00682665358255
292.0,270.1807342726699
289.0,272.25343692643776
286.0,274.0391237110264
281.0,274.381171689923
276.0,273.93820358470407
263.0,271.02838671310377
242.0,271.0167592134932
232.0,266.28040999644907
239.0,264.24251453647275
239.0,260.4926975803288
232.0,257.0823370193022
225.0,242.68670900738
222.0,219.6847559163143
227.0,209.4482826956418
229.0,218.57178228873846
228.0,221.38080146173434
225.0,215.2089348571256
218.0,208.39846485127626
209.0,205.4523938206126
206.0,210.7789773199861
209.0,212.74625881392157
211.0,214.5768230066597
215.0,219.66678322689893
220.0,216.74839492446216
223.0,200.7636721825417
221.0,194.9680059785216
218.0,201.3473229663836
212.0,207.57661660437086
206.0,213.51810651204272
200.0,217.05745946942824
190.0,220.4916808563497
186.0,221.332467505257
181.0,216.58507442109902
179.0,211.7229595067478
176.0,208.984253131893
164.0,203.40308630288393
143.0,189.8003841341192
180.0,184.3736389697561
184.0,178.06503501286122
189.0,173.92037090591802
190.0,169.4711411938882
191.0,158.1596384284409
191.0,136.0764542545971
192.0,179.6458987205846
199.0,193.14010937089478
211.0,200.30749593054543
224.0,198.50012210206603
238.0,196.9055036598615
268.0,195.6320008942912
279.0,193.31110118431207
291.0,199.56716289741837
285.0,216.2008953184258
294.0,244.50628871360442
301.0,239.1167278680968
308.0,268.3456328612813
308.0,279.56412939279903
305.0,288.2510224971719
294.0,279.6113483745004
291.0,279.87813430924666
303.0,288.97271470461965
316.0,296.43370302735127
325.0,290.4911818268199
329.0,284.4575119833776
330.0,272.1172935498172
328.0,257.4166932192338
327.0,270.46295511797706
325.0,281.4802431483737
322.0,299.5189299780691
319.0,298.0895195160805
311.0,296.67887094233834
303.0,291.6119108125088
302.0,290.30603050086506
298.0,288.6295934712936
296.0,292.6983937578593
295.0,294.0812022084838
292.0,281.17916917318354
288.0,268.94126052441857
281.0,266.45100733591994
271.0,262.56063149300553
261.0,261.95721460735876
256.0,262.1048857769662
246.0,262.1316319860308
243.0,258.5017891891539
240.0,251.74098102559583
230.0,241.12519401372649
230.0,233.51876077241116
225.0,232.10782230586653
221.0,222.7591912975916
210.0,221.94067128586454
207.0,221.0066743445708
209.0,210.6609968288613
212.0,210.19621148617622
214.0,205.09177408090926
211.0,202.83867522480125
207.0,196.2489095618867
204.0,195.02463868924212
202.0,197.68687623337053
200.0,204.67333276355143
199.0,206.76056940399008
195.0,202.7680772847273
193.0,202.11911126430803
193.0,196.7779657283359
197.0,195.67597161450806
195.0,194.1006647533021
189.0,197.66973552245912
187.0,195.36882250844346
189.0,191.32850448231176
187.0,189.71689535032922
186.0,193.20985131658497
185.0,192.50491120711953
187.0,187.21123627713047
189.0,185.27543070787186
186.0,188.55874856085669
179.0,187.4022171590335
172.0,185.11946218579686
173.0,185.2970925897598
175.0,187.8516382678146
176.0,190.13287971641438
177.0,184.54418044822597
174.0,179.76002761371606
173.0,171.55852041450882
184.0,172.89112329839597
183.0,173.8663757614267
180.0,176.4370292720863
175.0,178.0874976571279
167.0,175.6049329355803
161.0,172.41519129094746
162.0,181.7056620440614
169.0,185.24976260309617
166.0,184.6196138368996
161.0,180.15841445312174
155.0,170.75182642359755
147.0,159.3238188086818
144.0,159.71714352701085
142.0,167.2685234381331
139.0,167.16199578645998
137.0,162.94165651959648
144.0,150.6925204453781
139.0,142.6086319222364
142.0,139.48993712571186
150.0,144.89602223407633
158.0,150.58656554965697
162.0,143.64304770491438
166.0,148.92823803122332
172.0,139.44081420487288
178.0,139.94440959425907
182.0,149.5480326506044
192.0,159.44911610202266
191.0,168.73372687437666
179.0,172.7702693560565
174.0,178.93999029965082
167.0,184.93766533070306
158.0,189.04134357059925
150.0,194.49689890961633
144.0,193.02749939423555
134.0,179.73049078768724
124.0,170.90194720519483
115.0,161.8731185974783
115.0,152.46284634249898
105.0,141.70104648797047
107.0,135.68613667283927
118.0,124.67659129220993
124.0,115.20339771318874
128.0,101.7845964690467
133.0,101.49842390666481
138.0,94.12982110515526
144.0,98.78414704803424
148.0,112.0708757497058
151.0,122.04800632668636
154.0,127.0188988993601
155.0,132.27070542629468
142.0,140.7260115229922
139.0,148.9539626997707
146.0,156.70824212677275
149.0,157.76052283709313
151.0,165.8771447794523
151.0,167.63502622401165
150.0,147.93530929903986
150.0,140.0769039946175
151.0,149.36349045419232
153.0,151.78671928578717
154.0,154.09478480128126
153.0,152.68209828325888
157.0,152.00516305890986
163.0,150.83460752814796
160.0,152.77689303244833
156.0,153.1517052374553
157.0,161.38464578915608
167.0,162.71358507749832
174.0,161.95614875800578
187.0,169.66804274721366
198.0,166.65912722256502
199.0,161.39054400115734
201.0,162.70231330233028
202.0,173.9334900109754
203.0,183.25360107561653
204.0,196.0326358851815
206.0,207.26872805329694
207.0,208.89529873126696
210.0,207.0021827401003
212.0,203.5270053033111
215.0,206.0465692904873
217.0,209.60146240667893
210.0,212.59754840611953
206.0,210.40255757005957
211.0,212.626210600673
208.0,211.43847146800567
207.0,210.36552105800544
207.0,213.56366791951368
208.0,206.9648933105047
211.0,202.21469522393272
216.0,207.8612892920224
216.0,204.3079701878476
216.0,202.90471267069591
213.0,200.84171421453465
214.0,201.62559579003863
218.0,205.3467542552811
219.0,210.43042697115908
219.0,212.57501683041156
219.0,215.69010429440425
220.0,214.6491759020692
222.0,211.27597968549782
223.0,217.08459097379668
221.0,219.27725499347878
219.0,219.14285586346392
218.0,218.83605732281387
219.0,218.85300647337533
219.0,219.06891842203743
219.0,220.83918386984493
218.0,218.25500551273782
218.0,217.85709416756958
218.0,216.72078554110328
218.0,214.09228457706172
222.0,214.49422957919563
242.0,214.8846481485439
252.0,212.89185281336347
243.0,212.80011055397858
238.0,212.17997124800954
234.0,216.84683335939278
232.0,221.99014040630246
230.0,243.7735605865879
227.0,258.7238563486844
224.0,247.85644199916032
226.0,239.26768307383276
228.0,234.61834163634308
228.0,232.56283745223388
229.0,230.0128996581472
233.0,228.1649515452027
234.0,224.370403700262
229.0,227.5468825327385
226.0,221.79153110061787
224.0,216.6614370865199
223.0,222.7530241335175
221.0,229.51010988935684
219.0,233.10090741396564
218.0,229.75679894439423
218.0,226.00549957746483
215.0,224.80490672291592
207.0,221.20342313434492
204.0,217.61374472173458
202.0,215.55674317344148
202.0,215.70500931422373
196.0,216.32654734930227
191.0,211.5319854137826
188.0,201.29656987041133
187.0,199.44301286596223
185.0,199.10657928092365
201.0,199.478402578063
203.0,193.2375949840743
200.0,188.0154084578784
200.0,185.3988572264648
200.0,184.19615370999412
199.0,181.33356695989656
197.0,198.13077616240668
195.0,206.40626419062338
198.0,203.79684321443142
198.0,204.24237896610265
196.0,202.84180342329935
191.0,203.54010207326004
181.0,202.60082181340087
183.0,201.57161911037548
179.0,202.3399292167132
186.0,206.435435622028
191.0,196.4123129032959
188.0,189.97553558043418
196.0,181.5395462885055
205.0,192.00114058610782
205.0,175.79141202579873
211.0,181.02674156474603
221.0,186.78387120079503
224.0,183.7709784700048
221.0,186.60528703468285
213.0,195.05999350832334
206.0,197.80122501231625
201.0,202.9774739769348
193.0,218.46786280430135
183.0,220.35343609470206
174.0,217.6636290696406
168.0,207.5542152451426
163.0,195.70255199664058
155.0,193.95695520764548
142.0,183.11320737315273
136.0,167.9767737227794
132.0,162.2565126490791
132.0,156.02799272012555
130.0,147.74621555002045
130.0,138.28452057012962
139.0,131.90587099102956
146.0,136.5382502102559
152.0,128.60956740837088
156.0,127.7764086368401
169.0,126.63522499622248
175.0,128.19564778398475
178.0,138.47920173895795
183.0,146.4048875352622
186.0,151.51951825410515
180.0,158.87046747219838
165.0,176.61577915525348
152.0,184.09508717883318
140.0,186.52923385223534
129.0,190.39362898384783
119.0,191.75472232353843
115.0,186.64839221612777
110.0,165.83233429016437
96.0,150.4365506989764
99.0,135.91692584159165
108.0,126.74545931823587
113.0,113.2449141618265
110.0,109.09988036738125
107.0,106.02974583130711
111.0,90.41564452501231
117.0,89.96757056012937
119.0,98.40177379969126
114.0,109.69026693416075
109.0,109.16381060957215
107.0,107.2617311096268
108.0,113.21695720491161
111.0,121.83267777021834
117.0,125.84729497774148
129.0,119.65420910128684
130.0,121.04127917477538
139.0,117.26941108721817
139.0,113.29499472619597
139.0,115.05980486403887
134.0,122.61056126958
128.0,137.93622981253964
128.0,137.5434044077637
136.0,146.95313549648054
134.0,148.03591657305967
132.0,149.06228840199023
128.0,144.92981871726957
120.0,138.594835778405
117.0,138.7107630473817
116.0,145.82666216620103
118.0,143.61696368086038
121.0,135.22490194122622
123.0,130.81627897134598
120.0,120.13426309829859
120.0,116.39951569084846
131.0,115.85014034394271
145.0,120.64723643198379
151.0,127.36227494853271
151.0,130.00011782284963
153.0,121.58010149040491
146.0,121.73584517295652
144.0,134.30353347225622
143.0,153.27177147358262
139.0,163.87945491252455
144.0,164.28365043947824
142.0,165.526778750693
141.0,158.33860777371214
149.0,151.92225745530976
158.0,149.97313737976006
163.0,148.8065917779892
164.0,153.3853999957174
159.0,150.04173734811172
155.0,148.17659406259827
160.0,153.95588688052464
159.0,162.5075520565687
157.0,167.66421806934244
154.0,170.05994228461833
146.0,164.97008027791082
142.0,159.53708713127563
142.0,166.19853740915516
137.0,162.3367431020444
119.0,161.12458479632136
126.0,159.84264511655797
119.0,147.86534334376415
113.0,141.26001054270918
116.0,135.52623984670663
117.0,130.64024854638555
120.0,114.76136961654397
116.0,123.5828428155362
113.0,115.99520320749744
112.0,109.1825898203612
113.0,111.95704144125813
111.0,113.97976236229694
113.0,119.96938927391481
114.0,116.34723134630859
118.0,113.50500444782409
125.0,110.7114318957454
116.0,120.77833429309491
112.0,111.08942821796853
111.0,113.84909925017104
114.0,119.13979597996757
126.0,122.02781024522326
140.0,135.30780134196104
148.0,125.46389925780463
151.0,122.02432764408161
154.0,124.42190208853177
155.0,127.28452383382944
163.0,138.43471592884748
165.0,165.81672893719357
176.0,165.7429754127724
185.0,165.77215955306315
185.0,165.3855253207871
179.0,159.48325043217505
173.0,170.31098370454197
166.0,172.504796767696
168.0,183.09672350389934
169.0,192.79916422539256
169.0,188.02033111506236
170.0,175.0190246267095
171.0,165.24677625806453
168.0,158.1240251987807
170.0,161.73107507202857
174.0,164.27442212756327
173.0,161.17203512379794
177.0,164.35161264643108
182.0,161.9096046350993
191.0,153.9154502130522
203.0,153.48206726743925
215.0,164.7494344462401
223.0,167.549420114447
230.0,175.95675900571317
238.0,180.6559389284465
243.0,189.92465714621986
250.0,202.2608733440934
254.0,214.28202716582962
263.0,221.94023114192137
280.0,230.8008616648837
288.0,238.02361708570976
301.0,241.31515645529774
178.0,164.81973901334618
184.0,167.41199695293247
191.0,159.94156612555162
195.0,157.25302175069658
199.0,160.90299403559587
203.0,160.30335989619343
204.0,160.90806776350755
205.0,163.312414437713
209.0,168.74707182596546
214.0,182.17427824062867
219.0,216.1092947873561
223.0,216.51271792363838
222.0,216.75173131527248
220.0,215.790946011231
221.0,218.15676205165187
222.0,222.449251905472
226.0,226.42864215867016
229.0,229.18756466297518
232.0,214.5382255713015
234.0,210.49834826589537
235.0,209.71759912975045
237.0,209.17316429194562
239.0,213.13850711140194
241.0,216.68503465190827
244.0,213.50418461914
249.0,214.1987085819747
253.0,213.31453511440674
255.0,213.60482318666752
260.0,216.41054643078058
262.0,219.94385450972874
269.0,222.92480324033176
280.0,228.39606014494902
284.0,230.96030424842692
287.0,231.627477958591
290.0,235.1736804470984
291.0,236.3712821128138
286.0,243.47467873137873
281.0,254.96921434250697
279.0,258.88748872291296
283.0,260.5902492068565
282.0,262.1197591359218
281.0,261.1351199375075
283.0,254.25094929947642
287.0,247.88612718371581
291.0,245.15385163516532
288.0,250.10593357774752
284.0,246.7827467532515
283.0,272.8306618727422
286.0,264.9570213517977
292.0,267.1322808100966
290.0,268.753408605151
286.0,265.63790775895785
286.0,261.32974776625684
289.0,261.2833427171439
295.0,264.52034378045386
306.0,267.49373388706306
312.0,266.4482425094203
314.0,263.36395143324114
313.0,260.66878031169165
309.0,262.1477021857655
305.0,269.319818680771
305.0,282.75283908158616
306.0,292.4186969633317
309.0,294.5634084915737
310.0,291.76558784823555
310.0,283.9534769465633
309.0,280.4693855967489
308.0,283.25767059292536
305.0,286.12818360155404
304.0,288.353757572482
299.0,289.18233619620435
288.0,290.11451817441866
294.0,287.2269804919175
296.0,287.73390690617816
296.0,286.5918471926922
296.0,287.89918282970166
296.0,283.88108014474983
348.0,271.7395497795109
351.0,276.7775324047704
354.0,279.3798528229738
358.0,279.5484785191733
364.0,279.70655702509873
368.0,280.94995531868767
368.0,342.68858472965735
368.0,344.2696294837714
368.0,341.92557661261435
366.0,342.3085981731216
370.0,363.9421733388436
377.0,363.1417801817567
383.0,349.44989316487795
384.0,355.2957790397391
386.0,351.0799775443673
388.0,355.4547407603565
385.0,333.79994160110056
382.0,342.745227539804
380.0,352.7818687638711
377.0,352.3601247495712
374.0,352.0545034312391
369.0,353.0859129445488
366.0,350.91879561173766
365.0,344.52248123989295
365.0,338.1245649569606
363.0,337.9859286498298
358.0,332.2780321781596
355.0,326.0084796308703
353.0,322.0671650710198
336.0,323.44358779168226
333.0,321.58684833174783
341.0,319.2877057783186
345.0,316.0579559778357
346.0,314.77359026645314
345.0,313.6815612792392
343.0,293.92800640366346
340.0,290.90762333447014
338.0,303.2521112822551
335.0,310.01704531721816
332.0,311.2683590387875
329.0,310.0526031824638
323.0,308.770258055148
320.0,303.9843507466399
315.0,305.40616735064225
310.0,301.70970929327154
305.0,304.8837136416232
302.0,304.8665329785575
297.0,292.06292226983
292.0,287.10448185790983
288.0,283.3679472691485
281.0,279.9809107852923
275.0,282.6478960421071
274.0,271.9400714374032
270.0,265.8422710564511
266.0,269.939472570995
261.0,255.22322748851866
258.0,246.3374381280187
257.0,240.60034229025143
255.0,239.0105876890973
254.0,236.88896972070927
253.0,234.6419724832863
251.0,230.54077505505074
249.0,227.13334104589677
249.0,227.46712684374273
249.0,225.03896775613865
250.0,224.6078450286295
253.0,241.0382060515966
252.0,251.83973024643373
256.0,242.7670580363498
261.0,242.94868623217383
267.0,243.4148743338583
269.0,245.7222699371473
275.0,249.43438772931034
282.0,248.0668701655572
283.0,253.26646247173812
285.0,259.70664050944055
288.0,266.73176161001686
289.0,269.0943670285351
294.0,275.39652140120427
305.0,278.3596739976771
308.0,275.03390932558926
308.0,275.8649717427213
308.0,277.0919553381002
308.0,279.4826983442504
308.0,283.0790943721874
307.0,293.417625653988
306.0,295.4759089820238
307.0,294.9872954165879
305.0,291.9470028953207
300.0,289.11853822512893
295.0,289.48869584058946
293.0,281.58912239565853
291.0,280.7250030385043
288.0,283.298084675456
286.0,278.5845815617158
284.0,270.297121054891
282.0,263.74216957611804
280.0,263.4842757099468
272.0,263.37639822583355
262.0,261.74801123838165
257.0,261.4758887148606
256.0,261.21591644592627
257.0,257.94340211125376
252.0,249.93219708522048
248.0,241.09220815351478
247.0,233.39909875587477
247.0,231.28317118570567
241.0,232.26445048996027
235.0,234.80207297487692
231.0,231.56162093578286
231.0,228.06150385557862
232.0,227.8908046191321
230.0,235.66717439080344
226.0,220.15145810233486
222.0,213.38666732880333
219.0,210.16797908283883
217.0,211.71025649455797
213.0,211.3561054187766
211.0,206.78050685786562
208.0,203.50325086444983
206.0,200.26975829390452
203.0,196.7608481107007
199.0,193.91176601861528
192.0,192.40367030655105
196.0,192.87575404207524
199.0,190.16241456362167
199.0,197.6847710367365
191.0,185.2714884358949
184.0,181.5278182299423
189.0,175.38169514727005
188.0,180.08914709128436
185.0,185.2191234981851
182.0,185.52669840850737
180.0,178.1647218216414
169.0,170.05272447021156
167.0,175.74052368994867
164.0,176.09736413825692
161.0,173.42284941427485
156.0,171.26515725120566
154.0,173.0902461446452
152.0,159.73760187683956
148.0,154.83341654637655
143.0,152.05539145033663
140.0,152.92854890906798
137.0,151.72934714983063
127.0,146.58764918727218
122.0,145.04590747457843
120.0,142.462818046933
117.0,137.32673992977186
115.0,132.42883088202507
116.0,134.32484225154894
118.0,124.51441048278436
120.0,119.08297114478566
124.0,117.47249068535396
130.0,116.28147412535534
133.0,114.0648738028711
136.0,115.13771887038044
145.0,118.5912519949748
153.0,130.11349871728825
160.0,139.93663042230042
175.0,150.8785841320738
189.0,160.16488627010304
202.0,163.63496149101712
212.0,171.65122024716257
218.0,180.7298942040224
219.0,188.06469861735232
215.0,202.16543420514307
210.0,215.85833099682017
200.0,227.7919448105729
188.0,235.58613785883983
184.0,237.51819858014932
180.0,233.2807636311402
174.0,221.37987070003055
168.0,212.4701230345171
163.0,198.461178768611
158.0,186.70870301061814
154.0,176.72064513848835
153.0,171.19304095805805
153.0,163.29873390072666
151.0,155.9637187641566
149.0,150.9354589070395
146.0,146.63838965338508
143.0,144.84978645871286
140.0,145.98480483577057
140.0,140.91348130573232
141.0,143.66563817613684
140.0,141.1586321304708
140.0,137.60702240681226
141.0,135.7967351867906
141.0,134.46219940758644
140.0,135.76914477473107
137.0,138.56315029632898
135.0,139.44674813281978
132.0,139.72353640918308
128.0,140.26625786763879
126.0,140.1546838418603
124.0,134.0109158585515
123.0,134.6204859385289
123.0,133.62529550815844
122.0,132.15681115056603
121.0,128.650225462294
123.0,126.38066449344238
125.0,125.81618819548517
128.0,125.59570575202319
130.0,125.51527628573217
130.0,124.95569827834332
130.0,124.17064004643053
131.0,128.5956987093068
131.0,130.27946773792013
131.0,133.63922425944432
131.0,140.99962431509707
132.0,142.12899226805536
132.0,141.92884420795846
132.0,142.74914918254348
132.0,142.35688512749545
132.0,142.59677901625514
132.0,143.47298538077996
133.0,144.0120475796137
134.0,142.9049478191471
135.0,142.79720980336552
136.0,142.13694598691563
138.0,141.54379933914623
140.0,141.63173298218317
142.0,142.18976657031848
144.0,143.66005363204903
146.0,144.72894978016197
148.0,146.74383112105713
150.0,148.1404950160622
151.0,150.28248919202164
151.0,152.53030217145889
152.0,154.73121471021057
154.0,156.71395822279175
156.0,158.81371253122475
158.0,160.26837935344687
159.0,160.69435116563997
161.0,160.1881946966326
163.0,160.9328549316989
165.0,162.4910650752427
166.0,164.27184844748277
167.0,166.01228980083604
168.0,166.74765577976297
169.0,168.17897960107018
170.0,169.8314971873811
171.0,171.34301651044217
172.0,172.2547919278766
173.0,173.646953186466
174.0,174.62517759330888
174.0,175.1001522137498
175.0,175.6901924287394
176.0,176.31296273336721
177.0,177.59201411840758
179.0,178.25296493503686
181.0,178.92570699858913
181.0,178.582268701141
183.0,179.4863655111369
184.0,180.52394244696526
185.0,181.42768998920369
186.0,183.28934600608488
187.0,185.3716226707017
188.0,185.38696317130905
188.0,186.99064925903457
189.0,188.01959430984232
191.0,188.70405653732257
192.0,190.0021596603748
193.0,190.96050713174733
194.0,191.8518280703979
194.0,191.7880813125199
195.0,192.10245306296216
195.0,193.56947409070682
196.0,195.39091651579503
196.0,195.60166567508736
197.0,196.49559554921024
197.0,196.4117701322605
198.0,197.08065125073932
199.0,196.99894391536654
199.0,198.5449500574041
199.0,199.41173251298744
199.0,200.50442404197642
213.0,204.30203504171166
218.0,203.93910826075833
224.0,204.1229653754925
224.0,5.436772537224982
221.0,72.70519241233067
220.0,92.93337271586269
218.0,321.6827024126085
221.0,245.2445303822082
226.0,236.00138483463266
228.0,228.33395076986534
229.0,223.88439532602524
230.0,214.91350413541954
228.0,205.16569756895868
228.0,200.51893631482972
231.0,199.42063177790413
234.0,215.76024601882318
243.0,222.73283458059905
259.0,221.20050784757683
267.0,221.08628056627543
272.0,220.56784626209316
275.0,225.55182562295477
280.0,246.3547257941479
282.0,257.4286293529428
283.0,274.0128854066747
285.0,263.152589108661
285.0,264.3038490479129
289.0,264.2224067771473
292.0,275.39305531087996
288.0,278.4819763506091
283.0,279.5916294167552
287.0,273.2388530884754
284.0,273.751634983311
275.0,275.91654642879195
272.0,273.63206860208277
272.0,268.22329849002006
272.0,262.64780646059296
268.0,268.10954086590976
267.0,260.17917450291554
263.0,252.67195662407778
256.0,248.64409908751992
253.0,248.22513761249644
251.0,249.5701634430819
244.0,244.6975069355874
238.0,243.05970081318907
233.0,242.53918456577992
232.0,239.11700383833383
232.0,237.36070820963084
233.0,227.42464843044067
235.0,223.93501397266078
236.0,215.44182344448404
235.0,207.74116835671109
232.0,205.1400712975413
219.0,207.08960014506295
224.0,207.54852369397562
225.0,209.50741136471686
223.0,213.29325375814838
219.0,212.93913816998997
214.0,208.63443006464172
209.0,202.05673748543836
207.0,205.51339831915806
205.0,209.34580315719268
204.0,207.1806914522412
202.0,203.73524403363723
200.0,198.99159878744013
200.0,193.27910690213236
192.0,190.36271046784003
188.0,189.44554500377924
194.0,189.38033735452777
198.0,195.21113611452623
201.0,190.4713187511179
201.0,189.16068338794108
196.0,187.74613005694408
191.0,185.6516034911946
186.0,186.67208144687834
189.0,192.61612041376458
190.0,195.01635640730086
187.0,195.34964517236264
183.0,197.43172358732022
182.0,201.17524590018314
181.0,196.8687975265118
186.0,198.94112449310148
194.0,201.92769569575236
202.0,202.09159357582433
205.0,194.05633341038555
210.0,186.2986569479088
216.0,179.81648054926353
222.0,184.4504185813081
228.0,195.29036526091656
225.0,205.59832183873823
220.0,214.10939810504823
225.0,216.43189634921964
233.0,220.35044157794022
248.0,226.66216519326758
269.0,233.6928860309888
292.0,230.28877913453857
309.0,226.37472075866486
321.0,230.9319806952041
331.0,238.20487451164234
337.0,250.95118128394915
341.0,273.21494153547957
342.0,296.8272491090914
344.0,312.5312670745701
346.0,312.466626827791
347.0,318.58130080615007
344.0,325.2083754989512
336.0,331.9447243092526
340.0,329.3016261431435
344.0,331.09911454089354
344.0,329.273904726142
345.0,324.5716704410528
343.0,316.4710432760967
342.0,305.72169779789044
338.0,309.7030485267158
335.0,312.9757429121007
334.0,311.27468732011016
332.0,314.2778773595328
332.0,313.43042055906193
329.0,312.4662049183433
328.0,308.96452641996336
331.0,308.3311358677306
327.0,309.0213021912182
320.0,314.2099111305349
310.0,316.71596029445743
303.0,301.45409442071514
301.0,296.1053094690378
294.0,295.67356873032577
292.0,286.27414826729483
296.0,276.4339269799124
298.0,266.5174611310025
292.0,260.46494967572045
288.0,259.55942056385027
283.0,253.44543333802787
280.0,251.3336059195484
275.0,257.46295864445426
270.0,261.5686683174119
270.0,251.20965510004913
268.0,247.54616579828283
267.0,244.74111980446244
262.0,245.16031986575277
260.0,242.55233505826422
261.0,236.93441215620163
261.0,240.5381035877965
256.0,240.35763226353635
255.0,236.79134877797716
252.0,230.2685834956447
252.0,231.40024634311374
257.0,234.9918016672273
252.0,237.56147255134152
249.0,233.07932416888292
245.0,233.71965002697067
238.0,241.6562967056168
235.0,231.93779055187287
235.0,236.49316479055238
237.0,231.37561432398064
233.0,228.4807327071679
228.0,239.12830166594892
220.0,227.09808781137463
211.0,221.57751693288753
207.0,223.72541587048124
203.0,224.68173401185607
200.0,221.56635647076678
199.0,215.75038363361193
197.0,203.92453071129228
197.0,195.30676697410138
195.0,191.7628844713549
194.0,188.85047611126043
192.0,189.13276142033178
191.0,189.3654850182294
191.0,182.58844031513405
189.0,180.34285492805031
187.0,178.489378051349
184.0,179.5189942042111
178.0,179.6269884833149
174.0,181.84775223250915
166.0,182.9416148328504
165.0,181.99926178213755
169.0,180.41291775645982
176.0,176.88372148882078
179.0,170.07073457164483
180.0,165.74270494943715
182.0,155.11230851725628
184.0,154.95744258246665
181.0,160.8801629984378
176.0,169.5038526320575
177.0,172.95824521323547
181.0,174.31302007498732
184.0,178.51767522161933
187.0,181.29755186274673
190.0,180.32669593034282
194.0,175.21233032871723
198.0,179.45748641978892
201.0,183.51018381057344
201.0,181.28210318435973
206.0,183.8564733434597
210.0,187.8613676356399
209.0,192.97894215135366
210.0,196.96017176136363
210.0,199.1155579024721
218.0,200.9697484997897
229.0,209.18007800975954
236.0,213.52438666471215
241.0,210.462349958873
243.0,209.8629396798331
242.0,209.8716135111188
242.0,218.0522302354947
243.0,229.5394394923794
245.0,236.8463060542914
247.0,240.9512798313283
252.0,243.5825096185025
254.0,239.79657407099597
255.0,236.7137890361399
259.0,238.62041461956323
262.0,241.19985049083226
263.0,245.40292119561053
264.0,258.87877304981714
266.0,248.4021309874863
266.0,246.19247549084864
265.0,247.38504079786685
266.0,248.8740828321636
268.0,249.96394121485935
269.0,250.03632594667562
271.0,251.38376982608548
273.0,250.38482478117254
275.0,248.3363810943971
276.0,247.41968604131807
276.0,249.66339858727406
277.0,252.16549997418645
279.0,253.64479355223938
280.0,255.51209992636498
285.0,257.9295586818517
291.0,259.1037020904713
293.0,258.3482350694454
294.0,259.5527445032064
294.0,263.1981343344474
293.0,264.9673990451515
295.0,269.8536251823405
296.0,277.2157269892341
296.0,279.84392927339013
297.0,280.1530944239702
299.0,279.3671033186105
302.0,278.554576711796
305.0,281.3127562248696
308.0,283.0192980243667
310.0,282.9832878758469
310.0,284.87369041778373
310.0,286.02248891451046
310.0,287.3390054002226
310.0,290.7634259449196
310.0,294.30654099354774
311.0,296.9554305359437
311.0,298.0171363674863
311.0,296.78963964619794
311.0,296.5289419616205
311.0,296.93464164411444
311.0,296.94077571508365
311.0,297.9503981406996
312.0,297.74527655846936
314.0,296.3381374378207
315.0,295.92380660959725
314.0,295.17453338277153
314.0,295.3255740317991
313.0,295.6466345905813
312.0,304.03230648611606
312.0,295.94104146985717
313.0,295.8547887468758
312.0,293.0830990073501
312.0,290.3653084846445
311.0,287.65536573344957
313.0,285.2398427493244
314.0,284.1858242623999
314.0,282.97412813941
314.0,281.51368159127617
313.0,281.5067171963892
312.0,279.6232940243677
312.0,281.41910929358033
310.0,283.0801806050688
308.0,285.2388182598302
307.0,286.8809779414224
306.0,285.87377165002033
305.0,286.1133835649848
303.0,284.8503516006825
300.0,283.9408704515462
299.0,281.3873404346411
299.0,281.0126886729449
347.0,64.15243473029668
345.0,59.90372485829029
339.0,60.16527241369853
333.0,69.00731875579775
328.0,61.025818635506326
325.0,61.025818635506326
325.0,418.07195786299667
320.0,378.1544516151564
314.0,338.6595499392968
317.0,318.72534710832974
321.0,315.276568994369
316.0,304.35526712715
313.0,294.3802928996108
310.0,286.11341904291834
303.0,280.5604285278505
299.0,321.26596052008404
295.0,308.32237940155443
291.0,304.36250116459115
289.0,311.846621823442
286.0,311.22097886875105
286.0,305.8503836279026
282.0,302.3825585021767
277.0,298.07098655910534
273.0,296.7402960673978
284.0,280.47885589352734
285.0,268.5988455198327
278.0,267.39334726741697
286.0,266.3257476207974
286.0,261.680447167703
285.0,257.1925306188265
283.0,257.8595684323797
278.0,261.2389001113137
272.0,260.7952568992942
273.0,277.83540010809077
278.0,285.1152632250341
276.0,285.7920458116946
265.0,280.9741943485174
264.0,276.3750984234121
271.0,270.52384163907334
279.0,273.1089803872544
281.0,272.84200347502315
282.0,270.52190154845744
281.0,263.9087390128975
281.0,258.17395813133777
282.0,265.85647766401473
282.0,270.99624780735087
280.0,267.6890687007482
276.0,272.0068556948888
267.0,272.49345312049826
270.0,271.10323960392293
265.0,268.7586216718603
259.0,267.98809918756683
251.0,272.38535872759877
248.0,269.68883339191785
243.0,255.39244855778784
256.0,254.1731874495087
268.0,251.08434896606929
267.0,244.95665978417338
261.0,227.82277030206933
255.0,225.76619633355577
250.0,221.78160587385923
245.0,243.81749925218992
248.0,249.85870419763026
253.0,249.40177763891805
251.0,248.64895671641784
247.0,238.75688746791633
247.0,234.9533097248074
253.0,231.23302847693526
257.0,237.3974149489418
262.0,239.68889929014364
268.0,235.81052706508092
271.0,226.38537413623598
271.0,227.447430163857
279.0,226.32521457866682
284.0,233.50298890075965
286.0,243.80326623174355
281.0,252.007778881879
276.0,257.1026828139401
278.0,255.06578696686933
278.0,257.8177256608651
274.0,263.61064220210466
270.0,270.2142255491734
266.0,265.006885139736
261.0,257.27801820794406
257.0,259.18341796345373
257.0,258.77644024366236
260.0,252.4075893426812
264.0,245.4835707436053
257.0,243.25925620074793
255.0,236.17074410159273
263.0,230.58165206193186
262.0,230.27272921652144
257.0,243.66532068221227
254.0,258.0708190536376
253.0,237.75841324744246
251.0,232.24482861610034
246.0,242.58716263363925
246.0,242.0167744380149
236.0,238.31028373458773
224.0,235.599683141267
221.0,233.97078257998783
213.0,232.19845046227223
204.0,225.30965957458307
195.0,222.47355693144618
178.0,216.76682115672435
162.0,203.47426557585757
151.0,194.74166523645528
141.0,188.22066372902682
136.0,181.69774834066695
144.0,173.43608615001534
137.0,156.35611578284644
132.0,139.22774751981677
126.0,130.56234867019282
125.0,119.56923598836413
126.0,117.24159224220054
123.0,131.07335131522711
118.0,124.76644772178688
117.0,119.4853909587242
121.0,112.43313969914541
126.0,111.73833014629506
142.0,117.00805697684834
155.0,118.34582311192487
159.0,129.95510501628786
160.0,141.1589944320657
164.0,140.95225581663314
170.0,139.72281733452962
168.0,158.19152220597357
169.0,175.91984183277404
172.0,183.28659622889808
177.0,181.95295261234557
192.0,182.42157088541745
203.0,189.53517260484165
212.0,189.53604345403426
218.0,189.82250974496057
225.0,192.53412274003847
225.0,194.53018845900274
226.0,200.66029344672233
229.0,207.51998728991077
229.0,215.37395470871027
226.0,220.85686763562418
231.0,226.23531725404013
230.0,223.84043325743158
221.0,224.58671408207158
213.0,227.92700548450273
209.0,225.529923072543
210.0,222.24477661744854
206.0,223.0726184785915
206.0,214.74419216226676
208.0,204.49894177382617
207.0,195.54935428281672
204.0,187.46522563343717
203.0,190.83917487508305
204.0,188.76748403554075
205.0,188.52712613010885
208.0,191.4187658723709
218.0,193.45427540356934
226.0,187.30154071867935
226.0,185.80852530533713
230.0,191.4006934975783
230.0,192.42665088523404
223.0,195.3654939929601
224.0,205.54596122501243
225.0,217.6619696856759
225.0,220.61474763845496
226.0,221.88851074145663
227.0,222.70729739280677
226.0,217.4929761315139
223.0,218.82723674174224
221.0,221.1414915731047
218.0,222.5015400627559
217.0,222.43480877806184
216.0,219.48158658682792
216.0,216.5007240494671
216.0,214.76445867426003
218.0,213.8920270301966
215.0,208.4530544992964
215.0,210.43444973744397
218.0,209.2733996981526
222.0,208.6081269343924
229.0,208.49629142810244
234.0,219.93039539163817
230.0,207.57198880117033
225.0,205.5714874565419
224.0,209.06913624165713
223.0,213.27357133050924
223.0,222.866316065749
223.0,227.0909237490235
223.0,222.14413936973784
222.0,214.67759145477976
222.0,213.03672235171933
221.0,211.54987825085425
222.0,213.49105166734222
222.0,213.8091640950764
221.0,211.5625806514593
222.0,210.0936701212495
221.0,207.55634846276
217.0,204.2915464891522
215.0,207.65367482723298
214.0,210.63739590595938
214.0,211.27541701421615
222.0,212.8362298396671
227.0,211.2413287931667
224.0,207.9718501205452
225.0,205.23219743142835
228.0,203.9328199098519
229.0,204.7691764990509
232.0,214.53587539240084
237.0,220.82912534136346
240.0,218.74995228259263
243.0,220.92210194589046
246.0,223.36792940380462
249.0,224.70721110407214
253.0,229.44401663803586
258.0,236.06145450799585
258.0,240.46362928378943
258.0,244.1779434586847
261.0,243.59818440043603
262.0,244.03733374851356
263.0,250.37269054788345
261.0,255.9492091871226
262.0,255.3668310892654
257.0,255.09792139387594
247.0,257.6171335227955
244.0,257.463393706516
244.0,257.1544107324471
246.0,254.34154531169776
247.0,255.20334504976654
249.0,250.2487869702536
253.0,245.75798329920835
258.0,229.0380728218431
255.0,227.2960529387201
254.0,229.17211553457173
256.0,227.78169344821504
255.0,228.63073202527994
254.0,231.2819566995711
256.0,236.54168455680622
261.0,233.97367305463052
262.0,232.4764889799048
260.0,239.28807900244163
259.0,239.52699119345777
259.0,246.26998445523066
261.0,238.35523044382916
275.0,242.8959474873679
284.0,241.89190170224532
284.0,240.2543597951966
280.0,236.15968870453804
280.0,238.34866186102306
278.0,241.16885736826194
279.0,254.23650605868266
286.0,265.50227737494805
295.0,266.20638910505414
298.0,260.1946756439654
305.0,261.2166893054672
311.0,258.13086433492936
259.0,260.735624241355
259.0,269.80063913504216
262.0,281.3112400334947
258.0,286.6070894011946
259.0,295.7804849336392
258.0,289.8904388221366
256.0,235.3893383473159
254.0,230.902664404027
252.0,235.15389174362093
255.0,242.54459109391007
264.0,253.79048068724467
272.0,256.8922177411895
277.0,250.83109834847295
283.0,246.0948342635499
288.0,240.2399639608322
294.0,234.56246611490707
298.0,270.70729595917703
288.0,277.26333651454615
285.0,279.4023419249989
282.0,285.8842606996963
275.0,288.8660940735149
271.0,293.82770065195507
270.0,292.3128561582455
271.0,276.37656988312995
262.0,277.6681404101539
254.0,274.60762610730444
249.0,264.0500871172196
251.0,255.55824545732906
248.0,253.56987311272553
235.0,254.44353389491198
226.0,246.23175936920978
217.0,235.77028510438237
214.0,228.5703198462577
206.0,236.5746927006393
199.0,235.21970530400688
194.0,213.24440075626381
187.0,206.38839138429435
180.0,199.15158021501227
177.0,196.1291442818334
179.0,185.99091326680127
183.0,181.83775493934525
183.0,180.34537902170757
183.0,175.66608934760387
182.0,166.00533720039496
180.0,162.41532484129445
180.0,170.10071962146185
181.0,170.91460164355857
181.0,168.0739616972551
180.0,167.87862573636684
178.0,169.7492674758376
176.0,170.0188042705957
175.0,172.85497437461285
174.0,176.40166095655425
172.0,180.31704435087778
172.0,179.2608013956938
170.0,176.9577745685158
168.0,173.0924454264886
170.0,172.95293883427132
170.0,185.38217372569517
167.0,173.8929349135117
168.0,174.36271507864654
173.0,172.24295845713144
174.0,168.51492299411595
166.0,169.24314517693136
164.0,168.75909219838888
164.0,165.31226913641748
164.0,165.99232235913323
163.0,171.64317171230957
163.0,180.75199710096985
164.0,183.30353310190176
172.0,176.19500362266626
189.0,173.03474895428545
202.0,173.63524538283505
210.0,170.81752442734773
219.0,170.35020037887696
229.0,173.34460261117593
225.0,181.34709748167054
231.0,196.5656713817042
238.0,211.86313708913318
241.0,222.80775942934957
246.0,230.97235206755178
248.0,235.41884217717688
248.0,226.29611491825102
249.0,230.81637099295068
248.0,238.59765668063505
248.0,242.5918614594353
248.0,245.71237309995152
250.0,242.58178018127907
248.0,238.9153030328515
248.0,238.71076227546945
244.0,236.2078906912165
241.0,232.50308975444642
240.0,237.4834553157111
241.0,240.0147764669876
245.0,230.3511114494898
248.0,229.85429566966474
243.0,222.95640943043304
241.0,220.13081035799905
242.0,219.95805915371446
240.0,222.20267612394895
239.0,229.52298677692403
242.0,241.64498488648186
247.0,238.58859009197928
253.0,227.92674106834372
257.0,228.60916436766706
258.0,223.63779817773934
259.0,228.42626853721413
260.0,222.42441901021124
260.0,227.31714683511726
260.0,233.12610664474852
263.0,237.76433211231398
265.0,235.91730827002334
264.0,238.7306768484658
265.0,240.11380003300184
265.0,235.61188646942747
264.0,233.59374537024286
265.0,238.07482853804947
261.0,241.4227294697419
255.0,237.47911223825218
253.0,235.59027905340167
246.0,235.26579460633724
249.0,234.84740393008013
248.0,235.92575406496155
248.0,232.32905272026656
249.0,226.60012098745892
253.0,222.32856475196007
254.0,215.24690289418712
254.0,217.71229038530197
258.0,219.00503650671558
260.0,219.48381803627595
261.0,222.55911853936854
264.0,227.8860629258544
264.0,228.3898978761576
261.0,230.38444819742494
262.0,239.0502566023264
259.0,241.62682285181955
259.0,246.3554375830896
262.0,247.63221952183306
266.0,247.157915230337
265.0,243.605423242326
258.0,244.81803159246567
251.0,241.83815146010483
251.0,242.79547709162182
254.0,245.91396866257583
254.0,249.81660411650887
254.0,249.35184253040893
254.0,245.38302603037585
251.0,240.32437781210695
249.0,243.24242161520317
246.0,240.7503661794069
243.0,240.4057740629849
239.0,242.03838261173036
237.0,241.70905893872555
234.0,236.80891335142
231.0,231.41105069486719
228.0,228.62680624057862
230.0,227.51439052074153
226.0,227.09782603450896
222.0,224.74211650867983
219.0,220.31292939660702
217.0,213.56508573175932
217.0,207.89544644349712
217.0,209.3221294784853
219.0,207.05445414996328
220.0,203.40818212669757
221.0,201.74283980496085
223.0,200.55391780288548
225.0,201.6686002330881
226.0,201.91080236162125
227.0,205.00386611354293
227.0,207.2220348899957
229.0,209.9280026286629
231.0,210.49116714227702
235.0,212.51815374739212
240.0,215.3074682050036
241.0,217.4013493261809
244.0,218.32387800588344
246.0,220.53648549590613
247.0,221.8400124651829
247.0,225.87625652283066
249.0,239.9601738050934
249.0,233.24813944175335
249.0,235.30324316857778
249.0,236.66680319779883
250.0,235.2323171590211
251.0,231.30888522027885
251.0,232.97440663323448
252.0,232.22487201502736
252.0,231.4635177289937
252.0,230.49775640045812
253.0,229.5706341720038
257.0,231.1572183339542
258.0,230.5710948874414
259.0,230.61427087251792
258.0,231.2124172429833
257.0,232.12456925247687
256.0,234.40416466705048
254.0,238.35646736172922
253.0,240.27137468967976
249.0,241.82492110721537
242.0,240.97339503982778
236.0,239.90627433094247
233.0,239.630206223131
232.0,237.8908519947846
233.0,237.50201704862087
232.0,231.69235251001686
232.0,224.88390797116563
232.0,217.13825604143977
230.0,214.44047938359606
235.0,213.91476577469786
244.0,216.16072992875223
247.0,216.3439897349648
249.0,216.7720841048428
251.0,217.7952908981211
251.0,217.28990327726586
252.0,222.50572986820725
252.0,235.05574399662194
252.0,243.691541117111
253.0,246.0380393022408
254.0,248.06843630406786
255.0,247.22326412627262
258.0,247.96847355644965
259.0,247.8930088806647
259.0,248.1482159331688
260.0,251.72539396925248
261.0,252.1399660698931
261.0,249.47532286144877
261.0,252.0595314732418
256.0,253.38721290540542
261.0,252.97196193332456
265.0,254.22993584126687
264.0,255.2224777430851
264.0,255.69414872458523
267.0,255.54604820617962
270.0,249.57922232967252
273.0,253.8304380828565
274.0,256.4946256487326
275.0,257.64029020887216
274.0,256.99906304924076
274.0,260.5808454567415
274.0,263.6121516531774
274.0,266.0082783327051
277.0,267.03706540039616
279.0,267.4162685887129
278.0,269.5015456255883
277.0,266.72905955688844
279.0,264.58495324868346
279.0,265.8505968476808
281.0,269.7679573095954
285.0,270.431179423722
287.0,269.52011468263186
289.0,267.0760144165278
288.0,269.609058513144
286.0,269.3739258861941
287.0,271.6283510080658
288.0,276.40418787721893
288.0,279.2817342072048
288.0,281.5316294226267
290.0,279.2337500257493
290.0,275.38834643168315
290.0,276.5783855157602
290.0,278.9630819732662
290.0,278.42800582871234
291.0,278.85204797489376
290.0,279.8226433299047
290.0,277.56988149363156
292.0,278.45627121273156
294.0,277.4411589416836
293.0,278.2081581836369
292.0,280.7106707305785
295.0,279.3720822946217
298.0,278.95152632552856
301.0,279.24390590522165
302.0,281.7670434529966
297.0,281.67020054037
296.0,280.38739680899704
294.0,283.7274928244069
292.0,292.1354813896978
290.0,286.2329463248673
287.0,282.5917607822532
285.0,275.2123834061757
284.0,271.13032665835885
286.0,266.65903866900123
283.0,262.5754915221621
277.0,258.60382950622
273.0,255.57425403099273
270.0,256.7272777390666
268.0,263.3229012066089
269.0,267.8831528243302
276.0,265.5027851267902
283.0,267.99926678650854
289.0,263.1074274860665
297.0,260.38448607089464
295.0,258.8548063829584
295.0,260.0373841559137
294.0,268.45883257909566
291.0,276.57898903774077
286.0,282.68233561680125
284.0,291.9482822573352
283.0,289.99556565404146
280.0,286.07314996490527
277.0,281.3800013720029
277.0,279.1503009079785
280.0,274.99431681605915
276.0,273.5977055175898
274.0,268.31176338825577
276.0,263.42537768072646
277.0,259.5208926605488
278.0,256.933598507698
280.0,262.76204167481615
282.0,259.62208494341974
273.0,257.38609102677106
267.0,261.0564897857772
262.0,264.8550452438347
260.0,256.9986934058875
258.0,259.6207769696425
257.0,263.80087333382863
258.0,255.60747763058183
256.0,250.62245037770066
253.0,242.15001919582207
249.0,242.24681699504032
250.0,242.79698767004106
250.0,241.31636531683642
247.0,243.193321032124
245.0,248.38653958475265
242.0,234.59134931843664
240.0,225.17482406030456
238.0,229.17960810222058
230.0,231.1406546872078
225.0,228.7415246917359
220.0,225.725939782747
215.0,222.58088986825248
211.0,220.1085421044304
207.0,216.17491809862148
205.0,204.48455707806684
207.0,200.64795579603614
210.0,200.32439584404463
212.0,195.7805373132693
214.0,187.87613268432344
217.0,185.46185985042658
219.0,184.20139005642707
218.0,187.28153150774875
213.0,191.27560157502623
210.0,193.2566634985546
209.0,198.4146016693696
211.0,202.5890360140205
211.0,210.62736710207386
214.0,210.9952464792934
214.0,206.74578384387559
215.0,204.71250707583374
219.0,205.06768073806057
222.0,204.06861660556143
224.0,204.1314088030117
226.0,207.56392784778268
229.0,208.45777849110604
227.0,208.83079328436833
229.0,214.3553749609671
232.0,219.54121712155728
233.0,223.98130423631383
235.0,226.90588737070834
237.0,230.4186177291994
240.0,226.90190670823512
242.0,228.66750184487663
243.0,230.83957268286238
244.0,232.84263933163678
244.0,235.09377002236155
244.0,236.2853840720116
245.0,239.0047126029183
246.0,241.03102793532813
245.0,241.30060218127204
247.0,240.60704815008023
247.0,241.9709299441064
249.0,241.72455621778215
249.0,242.09689949896523
246.0,243.42325150633303
247.0,242.0759356766544
250.0,243.70827208190553
254.0,243.2061556109271
254.0,244.68945250857382
257.0,245.31863144649975
261.0,241.73549880028912
265.0,242.31481820364257
263.0,244.17067368203908
264.0,250.34665363697871
265.0,250.11410553658303
260.0,253.75826606407105
262.0,257.33003597046246
264.0,261.84417263156104
265.0,258.7934349294527
269.0,258.7704298532858
270.0,261.8940856384543
268.0,256.53268964203374
265.0,256.55676788479224
267.0,257.9997742090393
270.0,257.118811915852
272.0,259.67568420026953
273.0,261.8373967119949
272.0,257.79871261324115
271.0,255.8325684089597
271.0,257.46661075158056
270.0,265.7457493708017
269.0,261.0746429747273
269.0,258.24822042963604
268.0,253.9807639342049
267.0,250.57159385236946
266.0,246.91827751142478
265.0,244.42527173737145
264.0,243.42739049696087
264.0,243.23047521144827
265.0,241.27919072432286
265.0,238.94110591921188
264.0,237.07865299022257
262.0,236.05900094979754
261.0,234.07597396167182
261.0,234.84850076083993
261.0,235.70040453311935
261.0,236.42837763597313
228.0,240.65635705783595
228.0,241.91568962229576
226.0,-25.668690086600094
226.0,92.70143881854042
226.0,110.82357793270657
226.0,122.90946295686828
226.0,358.39021890593057
227.0,252.97006402242425
228.0,233.1567074418993
228.0,219.30664916643616
225.0,216.9325634163418
225.0,182.6352913499606
223.0,193.69407083792694
220.0,192.95324813775397
221.0,184.06969710167874
223.0,206.68203987842458
223.0,204.23225078376356
223.0,203.4133002200399
222.0,206.42697794012733
222.0,203.1370806025561
221.0,224.86957370622684
219.0,227.65163533044375
218.0,228.32538638272553
217.0,227.9917492050674
215.0,208.46488160111025
215.0,208.64759598732863
216.0,226.6439436172032
220.0,236.38442980791547
222.0,234.0934094637625
228.0,234.11811655773283
237.0,223.56749652532054
252.0,227.9108034595945
268.0,229.2492509753035
280.0,227.32738929794488
292.0,228.67399131466627
302.0,235.1570990769534
313.0,244.85612329868422
322.0,260.6515952662639
329.0,276.6530674667239
329.0,287.50865185955627
330.0,298.4545171606709
329.0,305.4134671456561
326.0,315.0360829304136
322.0,321.47326772092674
320.0,323.6491137533106
316.0,316.22418545054313
310.0,314.67643438866975
307.0,309.54107635478164
305.0,302.0549450797612
299.0,296.0226759195474
292.0,292.29294906756706
285.0,276.87768337928065
280.0,268.6176218774302
273.0,263.93650191059544
265.0,261.2176276084181
258.0,257.1326048267349
253.0,250.61197405295806
248.0,245.04884749452674
244.0,242.1981010705449
239.0,237.68852234561265
233.0,229.99537903073258
227.0,223.78050205771586
222.0,221.28689929522056
217.0,214.59230035862242
213.0,210.67514553107563
207.0,207.7720122247655
202.0,203.951978685824
199.0,200.00235315608683
196.0,193.77866198379243
195.0,188.46957609228298
192.0,187.33466406686398
188.0,184.21194187236193
184.0,180.64089337088578
181.0,179.5464423446937
178.0,178.25349244821263
176.0,175.68013935880637
174.0,175.05157018718995
172.0,175.26728882725436
170.0,172.63973564997295
170.0,171.1980541177525
169.0,170.88032669984096
167.0,172.84999810332013
165.0,172.11550139830075
162.0,170.35160349416017
159.0,168.9274022512808
157.0,168.3896747559055
153.0,167.937823739678
148.0,166.75747273452862
146.0,165.4704154793264
146.0,162.83518838241363
146.0,160.21785234887253
146.0,158.17100864783785
148.0,154.43398010334255
149.0,149.24941070177502
150.0,147.49170996025202
152.0,147.366452291286
153.0,147.6701130064279
154.0,148.1570899840299
156.0,150.4998212318966
158.0,152.42978388027348
159.0,153.9172208349481
159.0,157.49596797086804
160.0,160.50194120680084
163.0,163.07033737588074
165.0,165.43018684050665
167.0,167.23348977738064
170.0,168.15434093239975
172.0,168.33976554602324
174.0,168.452650752938
177.0,171.35299574420853
179.0,173.7992094204742
182.0,175.2555105436614
184.0,178.16703889366755
186.0,180.20730296570062
188.0,181.33891218861837
190.0,183.41276317035187
193.0,185.18277709147452
195.0,188.44338275939845
197.0,190.55974294753793
199.0,191.32420959526667
200.0,192.8883611338045
200.0,194.7534077801596
200.0,196.82428087666398
200.0,198.6455906354747
200.0,200.5064436133982
201.0,201.69028417287598
203.0,202.61490926214447
205.0,201.59477014480086
206.0,201.04518525509064
208.0,200.74736030829695
208.0,200.44883635816367
207.0,201.50480773117266
207.0,203.16189890501647
208.0,205.18374324712207
208.0,206.14221434387557
209.0,207.57904519079398
211.0,207.5475790436945
211.0,206.48123519192677
212.0,206.4577611992317
212.0,207.76395868970081
211.0,208.2726699942193
211.0,209.14966807485675
211.0,210.89164628516806
210.0,209.59939586596494
211.0,211.35121902863997
212.0,210.75785447599608
209.0,209.73772431755313
208.0,210.251950606688
210.0,210.57547996347878
211.0,213.04829896052172
212.0,212.21269580361903
212.0,213.420350061608
210.0,209.63933334211976
208.0,208.30883333870455
208.0,209.37302806144044
212.0,211.10132795655835
217.0,213.64108638379128
218.0,214.53342779120013
217.0,212.3852808296544
216.0,209.4816976509677
216.0,209.60843033338207
215.0,212.43908312732006
215.0,218.86484524800412
216.0,222.9857085207385
217.0,221.50337922883884
217.0,219.5549487369851
216.0,218.76104049596103
215.0,217.48207430877827
215.0,218.09240721934924
215.0,219.77062512080016
215.0,218.53370315393266
215.0,215.90028723527556
215.0,215.2637486155923
215.0,214.8322375119866
212.0,215.63615667422516
213.0,216.4904180118455
213.0,215.7972480419109
213.0,215.08431609261535
215.0,215.10926756154444
215.0,-6.225980983079808
216.0,294.6597972888595
218.0,235.46959835095254
224.0,223.53193100911778
242.0,214.02159881857952
260.0,224.16091756452815
278.0,229.2627188407764
293.0,224.73684337718387
300.0,225.1268630607143
310.0,211.15824800635673
316.0,245.33474719560468
321.0,270.30992360999386
329.0,281.5620061052382
335.0,300.11556006681667
336.0,305.3732303050475
332.0,311.9371496811925
327.0,312.8080216191602
320.0,316.8368777740379
311.0,338.1682544148091
302.0,323.48623350959883
295.0,318.9455030134569
286.0,309.43840780450853
276.0,299.57513117875794
269.0,288.71848032762955
264.0,288.44193606350507
262.0,267.7665548592727
258.0,260.6898330103259
252.0,253.4178812765815
250.0,243.6557631821886
248.0,235.1043225039527
244.0,231.42529551959845
241.0,225.45897981353608
235.0,224.49886310149847
228.0,220.78207880887987
218.0,220.97848803049754
209.0,221.69573291088253
200.0,218.39492480648474
193.0,216.811626119593
182.0,214.33071082683892
171.0,209.25688776362875
161.0,200.3551509903366
154.0,191.40053626629697
147.0,181.67441185424784
140.0,173.46619570991027
135.0,163.64824375388056
130.0,153.28876864674376
127.0,145.29954181024928
123.0,138.99211983009945
121.0,133.83981440617933
118.0,128.14905759850896
115.0,125.6837626131599
113.0,122.91279849547774
111.0,121.34021224423209
110.0,117.47753655273617
108.0,119.57870946878586
106.0,117.37876739291045
104.0,115.93681042177064
101.0,114.24129021851303
99.0,113.23651126143187
98.0,113.66765216900885
96.0,112.34417848231934
95.0,111.15128743928533
95.0,109.4714857708642
95.0,107.77733192772214
82.0,105.94944589863374
82.0,105.84304020608396
81.0,105.1578319638312
81.0,104.7227853931713
81.0,105.66557783434325
84.0,117.92434566487694
88.0,111.2581132789611
91.0,109.38321866928791
92.0,109.16558636840512
93.0,109.90578482468776
92.0,109.99391408072601
92.0,112.86144395879667
93.0,115.50641891316431
94.0,118.13734696248515
94.0,120.89006165227403
94.0,119.49875729874634
93.0,124.4807776856137
90.0,123.5288782553413
89.0,117.01323217587624
86.0,118.199994762676
84.0,118.79927599484247
83.0,117.89174666882262
80.0,115.3931121284284
79.0,110.19702087428789
78.0,109.86836878843366
77.0,104.74356427038632
75.0,103.39983639958581
74.0,102.74684548832705
74.0,99.5963892593289
75.0,97.84262986266057
80.0,89.00320526333643
85.0,87.78286274366236
91.0,85.7690905773025
96.0,85.82471916240239
96.0,85.91527354789861
97.0,87.90125378982343
96.0,94.97394310262749
91.0,100.2364198113452
89.0,110.56364806404208
90.0,115.72804919733132
90.0,115.5992116214702
91.0,116.03282260543
90.0,108.82488571505087
91.0,104.15978275886431
92.0,102.1518131056244
91.0,104.4129034536341
90.0,101.27818550748879
88.0,101.52080663473106
85.0,99.23316323935774
84.0,98.64140275428099
85.0,100.72900858130023
84.0,100.55743093226772
84.0,101.32025464069244
85.0,100.95085501551972
86.0,97.28448851970096
85.0,94.0778442855117
83.0,95.25335950632297
82.0,94.18623403861996
82.0,108.36134481957546
82.0,118.32297796724572
83.0,112.36187599608664
86.0,111.25842034948855
90.0,110.52920083772236
94.0,109.28878537167876
98.0,108.580224388619
101.0,108.8449367786531
103.0,109.20501963672545
105.0,112.99644589696797
107.0,117.44386274054906
105.0,122.85171093607117
102.0,126.90773903987261
100.0,126.08196949553205
95.0,124.664889449193
88.0,126.32153726091812
83.0,127.51520153240705
83.0,125.22830537484245
83.0,121.52042770395775
84.0,118.49576837899752
84.0,112.51005086205652
83.0,102.63997702311022
80.0,95.95067679330694
75.0,96.248955982827
70.0,97.10581965791579
67.0,91.1053211813168
64.0,89.15209995869434
61.0,88.86487218364859
60.0,86.55238976735248
62.0,80.84150653527394
68.0,76.52066015038623
80.0,75.85641322382897
91.0,89.60724387766686
103.0,79.80704517981157
114.0,77.93108476276127
120.0,79.18623214599695
117.0,84.94497679440656
118.0,92.64038925402286
118.0,102.92557282565686
117.0,119.40487525766282
114.0,131.58942434561152
110.0,136.90414608250936
106.0,132.38594736558977
101.0,132.14736376126086
94.0,132.38300672513122
90.0,128.1219900136138
87.0,124.11135498556308
84.0,116.85971300694325
82.0,108.98016949859736
81.0,98.98364286633901
82.0,90.54588962817343
84.0,85.04654502370465
83.0,85.79586799272998
81.0,83.53990556401112
80.0,81.78027830388984
79.0,81.1399719634153
81.0,83.45475871976576
83.0,83.70409870516544
86.0,83.99012118626193
88.0,83.34285047040461
89.0,85.45397849979709
87.0,85.24897981705682
87.0,98.42031115411521
86.0,92.83257891126968
86.0,97.27250188656166
88.0,99.83912472257167
89.0,102.35092081062952
91.0,98.99788185680987
93.0,99.30226003944571
95.0,97.0049595237609
96.0,97.80029144215239
97.0,101.50477586076747
99.0,101.24832591565213
100.0,103.65681567089733
102.0,105.00899526786512
104.0,107.78088342819065
106.0,108.18558087002208
107.0,110.11093136161104
109.0,111.9136199093212
111.0,113.40519996142865
112.0,115.28487125269146
113.0,116.10944429964766
114.0,117.76778491019444
115.0,118.13622869140912
115.0,119.56879405933012
116.0,121.54017734244002
118.0,122.63468886459812
119.0,123.75485199792874
121.0,124.198383625845
121.0,125.29218366311088
122.0,124.87564380428239
124.0,125.40155425952929
124.0,127.24234319463457
125.0,128.83477121731693
125.0,130.75587707199105
125.0,130.5990232698948
126.0,131.53930744162076
127.0,133.72924311756097
128.0,133.77758954158185
129.0,134.20177597988246
132.0,134.86239537207967
134.0,135.03381445082195
137.0,135.42807991151858
139.0,136.74747772511125
141.0,137.3271049992149
142.0,138.8862936180982
143.0,142.06346518743504
144.0,143.67292754522546
145.0,147.071754725202
147.0,148.85242724931325
148.0,158.7601584251086
149.0,151.16493007723216
150.0,150.3241125835233
151.0,150.0961020539682
152.0,149.86804639654784
152.0,151.08562945462478
152.0,150.58352608625378
152.0,150.6404847029898
152.0,150.43609293191648
152.0,151.16142716661204
152.0,151.81991532892124
151.0,151.6775661191831
150.0,160.33613037185302
151.0,151.29904925154105
151.0,151.14779152134352
152.0,150.51272732536066
152.0,150.18119085994465
152.0,148.06779611446606
152.0,145.836419920472
153.0,146.78399894853638
154.0,145.84921857331574
155.0,148.19679382007277
156.0,148.68211370728517
157.0,148.81847425472856
158.0,152.97391268300277
158.0,154.56684946632217
159.0,156.7986876221289
159.0,158.51822345557673
159.0,162.47777486194147
159.0,162.20920944805212
159.0,163.4178678710681
159.0,163.93021561428768
198.0,173.37277948460897
202.0,164.4550390803952
204.0,162.8507522811486
206.0,162.1902249418022
207.0,-3.330853075342219
207.0,63.42951338885871
208.0,283.3650089919415
209.0,229.25008452925647
209.0,212.82526030131453
208.0,208.81402215757907
208.0,211.66172169091487
207.0,207.79710286902818
207.0,204.63222132025692
208.0,191.40257909464827
209.0,169.04493020813135
210.0,189.77398264468383
212.0,194.43971470155287
212.0,192.60974192672967
213.0,196.7872737749886
213.0,197.61244557052473
215.0,199.7668396636064
217.0,202.47494154226814
218.0,218.91747286400516
219.0,221.97390390608044
220.0,207.65603622675405
227.0,209.61676064984246
236.0,225.39604854646024
246.0,239.41379188462435
254.0,241.30739761935575
263.0,240.44274323227265
273.0,232.86847655351374
279.0,239.14818008239416
285.0,247.50494706036494
294.0,257.66024905879124
300.0,264.7435625372844
304.0,273.3363919356542
299.0,277.86480534189405
293.0,281.7637181209694
281.0,286.3514349272551
267.0,290.7233044477957
257.0,292.2913555659358
251.0,293.91254908277483
246.0,285.68636298531885
242.0,276.21058889184144
241.0,262.5438209964681
238.0,246.58195481661272
229.0,231.66844976557832
219.0,227.0478105506623
210.0,234.76457793213734
204.0,221.20325793176798
200.0,219.539916365182
195.0,206.77375505993376
189.0,200.14741571385179
185.0,190.48956640112934
182.0,184.6028841162947
177.0,183.84986427405337
172.0,183.01071883459952
167.0,178.9301301485654
161.0,173.75246289953034
155.0,170.38856875142739
149.0,166.82315169766514
145.0,161.10086356649288
144.0,158.97155631896936
145.0,152.34092380762837
149.0,146.61095699096327
152.0,141.97496439284672
155.0,136.7098541268104
156.0,134.19144633234978
156.0,135.3655850150588
155.0,137.8759387505401
153.0,143.0163261760283
152.0,148.64768145352204
150.0,153.47637574098712
148.0,155.7011727311269
147.0,159.90005891480286
146.0,158.73464368748765
142.0,161.12719105870798
139.0,161.21880921337515
136.0,159.50160284480017
133.0,155.53712683088673
131.0,152.35147950488422
131.0,151.1028883442624
130.0,146.4905686019702
129.0,143.13592160390783
128.0,140.46522509955676
128.0,137.75466946743893
128.0,136.3004001669838
129.0,136.19032109626124
129.0,135.55733045670092
129.0,134.6254429802734
128.0,133.2541529629682
127.0,132.65181970182036
126.0,133.75734192233762
124.0,135.23812350369758
123.0,135.81413699863887
124.0,136.28151681227055
125.0,142.61159968345635
124.0,132.11841618019037
124.0,130.32858719932653
123.0,127.87149725699695
122.0,125.69885092004063
119.0,126.38340236838651
117.0,127.49124298914941
116.0,125.83821773275314
115.0,125.55967279746567
115.0,124.61099440282266
113.0,124.13085866475606
113.0,122.31655514222129
114.0,120.331646410519
114.0,118.85537092595638
113.0,118.45222669581077
113.0,117.82226827709715
113.0,115.22975230107306
113.0,115.5666432852257
111.0,116.63660800858179
110.0,117.06482964254556
111.0,115.97011023800931
111.0,117.01168059488336
110.0,117.97216420844124
110.0,118.0760444163596
110.0,118.77171624897545
103.0,117.37870463999258
104.0,118.60920784953032
104.0,119.16316975398954
103.0,117.5929659277169
106.0,117.60466689966856
110.0,125.30676085367409
117.0,125.33656600582772
122.0,135.05161355783912
125.0,133.81333755179114
126.0,133.59828071085198
126.0,136.7317427362506
124.0,140.29418051606518
121.0,147.1491549367416
116.0,153.4194886736645
111.0,157.48191057787028
107.0,156.65504190029446
103.0,159.2016752532122
98.0,155.76177287070686
92.0,148.06261294539348
86.0,137.0370804552574
82.0,131.23353155554912
78.0,123.89569898981489
74.0,117.9109131402079
71.0,111.61369682891527
68.0,105.86752977963411
66.0,99.7121381715404
67.0,95.64163182690474
70.0,92.40196811105866
73.0,88.71204851010411
75.0,86.7343350041203
78.0,85.16431511823444
79.0,73.52147282920461
80.0,74.65880397615386
82.0,78.69896943603948
83.0,83.08069402351933
84.0,86.33909361096936
84.0,90.46352819650278
84.0,94.01943345094472
85.0,95.84715988627316
86.0,98.62607893343589
86.0,101.10596446472113
87.0,103.7178430449382
87.0,102.72408599614056
87.0,95.74228294894567
89.0,96.89408402709941
90.0,98.96292562987729
91.0,99.18545287011369
93.0,99.34554388271334
95.0,100.28954227354538
98.0,99.95194716941896
100.0,101.71478512211829
100.0,102.53281061228476
102.0,103.50601847802339
104.0,105.74692742420343
107.0,109.4236431792376
111.0,111.13529974374998
114.0,113.6880110680601
117.0,113.13394324284468
118.0,114.87107906212097
120.0,117.027201239161
122.0,119.25963925984702
122.0,123.27495285576458
124.0,126.53102581704061
126.0,128.8219803660317
127.0,129.23211336963703
129.0,129.75192027788157
132.0,131.1061952813422
136.0,131.76750944743634
140.0,132.96673237808125
145.0,134.995367912512
148.0,135.73789026284527
150.0,136.38539579265625
152.0,139.15921825221017
154.0,142.7962726307893
158.0,147.37255162826793
160.0,152.52195276211324
163.0,155.24829851234264
166.0,157.68356600482656
169.0,158.91323075319625
173.0,160.05611055015385
177.0,164.25454369144938
180.0,166.55406018090298
184.0,169.1590158404446
187.0,182.51065346849603
189.0,175.8969162346756
191.0,177.49737925549394
193.0,180.14491536614153
193.0,181.91391768070991
193.0,184.74925898061312
195.0,186.98628459761576
196.0,186.79687324462017
197.0,188.11543808847122
198.0,189.5429187234761
199.0,189.0382477161316
199.0,188.5720627380317
199.0,190.1440961355273
199.0,190.58631161732416
201.0,191.74858565535945
204.0,192.08491565582085
207.0,192.91958869689896
207.0,193.0958306271969
210.0,193.06681555569924
213.0,192.94923059098153
215.0,195.87204631399433
217.0,200.18511562001333
216.0,203.43063637171628
216.0,203.81858013422163
216.0,206.86452772267774
216.0,210.4249163921043
218.0,212.54472571082465
219.0,214.86886595889314
220.0,214.4394452260194
221.0,214.7504289797678
223.0,214.30564444710546
224.0,213.64036174072567
226.0,214.8748526742457
226.0,217.39600132881105
226.0,217.96098989115217
227.0,218.33090743245117
229.0,220.14713753556902
231.0,220.58655007814716
232.0,223.41213483070035
234.0,223.8217383848451
236.0,223.74045334318623
237.0,225.3804350814857
238.0,226.95276269097798
238.0,229.19952990035574
235.0,230.34628146478332
234.0,232.2800409244861
233.0,233.95256156921744
231.0,235.15168490836572
230.0,242.66311838174235
229.0,233.59580228184365
228.0,228.57153835655748
228.0,225.3453092229891
229.0,222.1817266236417
228.0,216.4869396593287
228.0,213.49835904549812
227.0,211.52225770112906
227.0,209.51606140787783
229.0,209.58416537921548
233.0,210.83596026787453
234.0,209.73575775488519
270.0,219.6109483996933
270.0,209.87736425564214
269.0,209.51474591891167
268.0,220.48358800061317
267.0,217.61484604325645
266.0,219.10287866954732
265.0,256.3436364626871
263.0,258.2191061574007
261.0,252.06568145224165
259.0,249.05406568675627
259.0,247.38590467129566
256.0,245.90403611808878
253.0,248.60959474529278
252.0,247.20877035453648
255.0,250.72409739012957
265.0,264.32100632263996
277.0,249.6136639193855
286.0,247.88746686490873
290.0,247.0748986043695
289.0,246.7348917053908
296.0,250.7433453075834
300.0,261.8433342106468
301.0,274.766445901771
297.0,287.7944711252512
291.0,298.1124471285332
287.0,288.50093870295336
285.0,294.3148057103374
284.0,295.13376769103354
285.0,293.16771531346876
291.0,290.1236856042614
292.0,282.40348465520196
295.0,275.47154607081336
296.0,268.9690028438135
293.0,264.2562808974893
291.0,265.414696863609
290.0,275.14333248560604
289.0,274.7190361710334
289.0,275.4259938562987
285.0,277.91521377676264
279.0,277.2119969038747
263.0,267.72791864435914
262.0,268.11757684423475
261.0,268.94305245722944
258.0,268.8187457953089
254.0,264.66350101853004
253.0,255.79209686124008
251.0,239.45623148029603
246.0,237.8123395050088
239.0,238.51496618635096
237.0,238.74695880375393
235.0,236.01099891771287
233.0,233.84230654679658
229.0,228.39251924416374
226.0,222.12868840784307
225.0,216.2546586962779
224.0,215.48932690487825
210.0,221.97770306583976
191.0,220.44456762475573
174.0,216.219860198287
186.0,213.90365825780168
189.0,210.82716834371513
194.0,209.6024342106263
198.0,195.85701389804103
199.0,178.8414397193438
201.0,162.5364381883021
199.0,174.51260967089127
199.0,181.4205685442665
199.0,186.85202133705712
199.0,192.924904790124
195.0,194.9155450015108
191.0,195.01846438212982
188.0,192.45881247069897
187.0,206.17212818634812
177.0,204.02341108094896
156.0,211.3732406586116
143.0,199.02611094071122
166.0,190.83854708107603
176.0,183.47568286412044
181.0,179.906656493229
185.0,168.99228954151314
186.0,145.90392183440215
186.0,133.75874043182947
186.0,173.68629242292843
189.0,195.99140236416494
192.0,192.47900399955958
191.0,195.18347413482766
191.0,196.21926428696406
194.0,197.45380559835093
199.0,193.78978552735202
212.0,198.21218696367825
220.0,210.31173308920864
227.0,217.31348351731856
232.0,204.93536926359977
236.0,203.8123296960386
234.0,208.81225451315674
230.0,216.5359341528964
225.0,221.44989942306148
220.0,228.96937794374682
216.0,235.14443136299462
209.0,238.14692130928557
199.0,231.72203441623893
192.0,226.5781452935317
186.0,221.7173332644296
183.0,216.6020243387947
182.0,213.7575786781496
181.0,201.23916615285708
179.0,189.29107002006026
178.0,174.1430229359204
184.0,168.07052881006558
192.0,164.2670863326265
200.0,165.43728513339374
208.0,166.8942419910221
213.0,166.81026853241525
214.0,166.47383207103667
219.0,172.80187211872186
222.0,183.22316115267404
223.0,195.2048298269365
224.0,207.95290802440988
226.0,215.45202927475597
228.0,212.17264250535413
229.0,221.26209011443936
230.0,216.57097787401707
230.0,218.5266603348944
230.0,220.89914793525344
230.0,221.4308469055663
226.0,221.03224618463426
225.0,219.53239902907526
227.0,217.81882624573527
233.0,216.25023066116393
233.0,217.4281117647811
233.0,216.60792917555005
235.0,211.20578634342434
235.0,211.81205066070393
233.0,211.1297921323113
239.0,217.475136849681
245.0,224.3096610688031
253.0,234.85680973118787
255.0,232.4018945686039
255.0,231.29831667093072
255.0,227.8339109679234
255.0,232.62080833566674
254.0,241.19311131439656
253.0,249.7992750920606
252.0,250.95460102690657
252.0,248.29392866172338
255.0,247.82907851281436
258.0,247.9907923305225
258.0,245.86125025283783
256.0,240.96632129802316
255.0,240.13743559644465
256.0,236.8841477961669
259.0,237.68789076289994
261.0,237.91407850210567
259.0,239.06275114868197
259.0,239.54348585129733
258.0,238.80241474350208
260.0,240.37991620986014
263.0,244.56763756438082
318.0,99.37430847576226
312.0,54.018225359601004
305.0,54.028296180497634
299.0,54.0463224410333
294.0,62.90646934878821
292.0,54.44696745847989
291.0,382.0215427884192
288.0,337.85622778861057
281.0,301.11790111640244
280.0,283.29559899437714
283.0,280.1259891873235
288.0,271.35510429332027
281.0,265.1049117179981
273.0,264.28606166793156
277.0,258.4664079858984
275.0,292.3282057399309
273.0,276.15644856511244
272.0,284.3808819092501
280.0,287.7184497372516
296.0,278.3353556324219
307.0,284.2526560448328
314.0,284.35425256076223
315.0,281.86428709030884
312.0,281.57760735676595
307.0,267.7740861581866
301.0,287.07796798182085
302.0,299.8985317751094
302.0,312.9612070431508
299.0,307.62319066426414
295.0,305.0733157102617
292.0,283.1715096155062
287.0,274.1480313555181
283.0,275.90667018717284
276.0,278.1262596813376
275.0,270.18431384011706
273.0,261.249626042934
270.0,255.48069207443638
268.0,249.48107002619219
267.0,245.06306582532648
268.0,240.0168846366562
262.0,239.71077743314726
256.0,241.44200999934583
261.0,237.5322474774157
265.0,234.10673333842038
262.0,233.70603297234612
252.0,236.23660395880233
249.0,231.02128360920614
245.0,226.47414016036777
249.0,233.03554106379903
251.0,241.69572933504045
246.0,238.35821788034818
242.0,227.61217766410886
234.0,225.43011965969384
226.0,223.34522289214294
218.0,228.09058640995283
216.0,230.30278345390974
214.0,228.5699687760923
211.0,228.20670555388125
207.0,217.59123665486106
200.0,206.49834643400683
198.0,199.12336425652205
204.0,202.18362562060628
212.0,201.91159890074158
208.0,200.94391398123372
202.0,194.3335763215852
202.0,185.56397325689335
203.0,184.46746881461203
200.0,191.17456688602766
198.0,202.97122629477832
165.0,137.60500567804777
166.0,137.43252940381856
168.0,137.03922127648593
169.0,61.79312194751793
169.0,61.78906785107199
170.0,61.564686691845736
174.0,231.2500354029729
177.0,186.52179040450125
180.0,169.9795828157892
185.0,177.84933040941377
189.0,175.76326086676698
192.0,171.25292364498497
198.0,170.99751730800273
210.0,172.21882947959978
212.0,175.6785450329455
208.0,202.82410224611743
208.0,215.14074031484128
209.0,221.382354845278
211.0,230.0941401119615
214.0,245.42498880037266
219.0,248.21064254869287
228.0,241.96267814089157
239.0,247.8366267075994
250.0,247.47080841493522
258.0,234.78452315024816
269.0,235.93703510241687
273.0,240.2936967056485
274.0,249.83327778726903
285.0,260.20050933613277
293.0,265.97647458386155
290.0,266.28099984307414
287.0,279.3493166154388
285.0,277.9108989913181
284.0,272.5360622025964
285.0,282.66688459923665
286.0,291.5036333767165
290.0,287.1992496907732
290.0,279.9037317242579
289.0,275.3243534719562
295.0,272.370917139128
313.0,272.8064540006769
321.0,271.3687641938119
324.0,274.2596382325958
325.0,276.01643541839815
324.0,272.7006104946306
325.0,277.636105090388
327.0,290.3305090786873
325.0,301.9697649429378
322.0,305.29138298020416
324.0,306.24802931630927
327.0,305.3204069528177
327.0,306.6890198093527
328.0,306.9903921604126
329.0,306.1125641473328
327.0,306.27601221996076
323.0,317.41237158934285
318.0,301.4196535697979
313.0,298.08472775325686
309.0,296.6356078758177
300.0,297.1517719228891
297.0,294.3889216061653
296.0,290.1867375803136
291.0,283.5362745175263
286.0,277.30265330477346
279.0,273.52343408765364
268.0,259.6984160281773
265.0,255.41664949917953
259.0,256.7222983625518
252.0,254.06984261570057
248.0,250.34800238215513
242.0,240.23950503394968
237.0,230.461316963361
233.0,228.7919718889355
228.0,224.89588198559915
225.0,218.26775412259298
222.0,218.0276721926056
215.0,213.2801591380856
183.0,209.55276739009085
181.0,207.2989712314694
178.0,204.0850605990091
175.0,202.75405031351482
172.0,204.61539756968693
169.0,197.58327721302183
173.0,172.04901285342999
180.0,177.35296231515952
186.0,184.93607754593222
189.0,183.11828592060604
188.0,180.46446134331302
186.0,178.31538344255404
187.0,184.17188322517492
188.0,190.50281179692158
190.0,195.46545446817444
193.0,196.98489907593242
193.0,211.72403267584372
195.0,207.55916229376575
194.0,206.65707333460253
190.0,203.71922140412485
184.0,200.01445803763033
180.0,204.99767152129556
178.0,203.85114040758532
177.0,203.084891599169
177.0,202.14322379811105
177.0,196.53512223964597
176.0,190.7323694668441
174.0,188.71845501498493
173.0,184.24580305909024
173.0,184.00047744174466
171.0,184.47328322153325
171.0,183.5392738451692
168.0,172.9742508903182
167.0,169.63561094924583
161.0,168.57921812207422
154.0,170.25434671315534
149.0,170.32109109419946
144.0,171.37091563492135
140.0,168.6427811143029
137.0,167.44186890544307
134.0,161.31096644305688
131.0,153.42984211495656
129.0,148.81252212656736
127.0,143.31197278434917
125.0,133.49354563243415
125.0,130.7716748498596
125.0,129.57336330152188
125.0,126.49755436490575
124.0,123.37756420779624
123.0,121.03653611803519
122.0,120.93059975203573
123.0,123.33604735085274
123.0,124.72383100717396
120.0,126.07412092864352
121.0,126.23717190115197
119.0,127.62263100328862
117.0,125.82289312000505
115.0,127.28000295677381
113.0,128.01988684371793
112.0,125.59001300858222
111.0,126.99178116573403
112.0,125.42046144549637
113.0,123.20355988226927
113.0,121.06530181154758
111.0,119.8302323571132
109.0,119.54658080080915
110.0,119.26941384690582
116.0,119.8750110970496
126.0,127.65078187965179
136.0,135.76616910486845
143.0,127.9819924696588
151.0,124.87858318734186
155.0,127.13630393738937
164.0,133.40599228710272
170.0,145.3270024028226
175.0,157.28314888569108
181.0,164.15825733647225
190.0,170.55808393614367
193.0,172.50733797674275
193.0,179.6652771712716
190.0,185.7522690125967
190.0,188.28560148193768
188.0,191.26198375613913
185.0,198.65131028053997
183.0,198.23507766829522
183.0,193.92300743260805
182.0,188.96822063018155
182.0,186.76245501823627
182.0,185.86516233220976
179.0,180.9943350312069
176.0,178.76159473458455
172.0,176.58083050455735
166.0,175.49787017563543
168.0,172.93154594375935
168.0,168.25163505367513
166.0,166.76939197164597
163.0,166.50086469282925
162.0,162.82368135412815
162.0,172.03030495919938
163.0,173.06585669906966
164.0,174.30043313978268
164.0,171.20315010691
166.0,167.83319511514298
167.0,166.13994745644817
165.0,165.70693016307115
162.0,165.94616739590603
159.0,164.29469088294627
155.0,165.07727830685263
150.0,169.71972412512793
147.0,169.1720290571141
145.0,169.24883828057145
143.0,161.66031806070455
141.0,159.85607583083674
140.0,154.77713636315397
137.0,149.11992359085778
136.0,146.17491337200138
135.0,144.79374965164956
133.0,144.61958350060522
131.0,141.00825398272235
131.0,139.57837497801995
130.0,135.92092968705796
130.0,135.71781004775434
128.0,135.56482974850462
128.0,129.98228489917932
128.0,129.41226573432147
129.0,130.24987681286066
131.0,129.63682813690212
133.0,129.8358725573149
132.0,128.56181985452437
134.0,128.51166195497362
137.0,130.06482437059944
138.0,131.78060700197724
138.0,133.9315135791844
140.0,137.19270425531562
142.0,139.46273534466127
146.0,138.2296912879372
147.0,142.49883982407547
147.0,144.0676543262477
148.0,145.58659662248155
151.0,147.8153677371461
154.0,150.56185256691623
155.0,154.77861297578661
156.0,155.69191487323286
157.0,154.41538091303806
158.0,156.26620481136385
160.0,158.8153749077026
163.0,161.1532077616336
166.0,162.2095002663396
169.0,163.5135528284979
173.0,163.79981604045818
176.0,164.19073806798338
180.0,164.37504199704662
183.0,167.72420174714756
186.0,171.6713461922413
189.0,174.92317349208867
192.0,178.19426430538127
195.0,182.42531495115588
198.0,186.32180491804894
199.0,189.48325973881975
198.0,192.1020283855742
200.0,195.08366608059805
202.0,197.95998506219667
203.0,200.43493879920572
205.0,202.74505626792356
208.0,203.22294594369862
213.0,200.72510544640633
217.0,202.06101869631277
219.0,203.69731573699477
219.0,204.51772195647374
215.0,206.0342443060367
216.0,208.76655362307096
220.0,213.72220483144667
223.0,217.6569841545197
225.0,218.8094503499525
227.0,218.49958854752003
233.0,215.15675449322532
236.0,214.99243974636573
236.0,219.10315172967944
235.0,223.2360212377792
233.0,225.32291394630022
235.0,226.92800675370515
240.0,231.58079167113374
241.0,233.94936081753053
242.0,233.22148757642182
243.0,231.49784328851644
244.0,231.5865054772476
244.0,233.46788618118464
246.0,237.36357306976083
247.0,238.4294070747645
248.0,239.05059320871072
250.0,240.16894059888656
250.0,238.98436859430578
253.0,237.88783870088906
254.0,240.72797605616833
253.0,242.89839399994665
253.0,245.0909993847515
254.0,246.66170675399064
254.0,244.6360392022426
255.0,247.59882836325306
259.0,248.98673315462884
260.0,247.71154430356768
260.0,247.14102545018676
261.0,248.93461898200542
262.0,248.8098802371112
263.0,249.42246520502067
263.0,253.22675197608072
265.0,254.1879996998042
265.0,254.60254491050875
263.0,254.25305818094316
262.0,255.12201506223153
262.0,256.99988732637564
263.0,256.8622163298091
263.0,258.4586816936332
264.0,259.19056990212334
267.0,257.03904738334813
269.0,253.98947849124227
275.0,253.718742561108
276.0,253.62152384744087
275.0,253.77162942670495
275.0,254.6818367336945
275.0,262.66943989432696
274.0,256.69466502580326
272.0,260.2921725049913
271.0,259.04286400077234
270.0,256.08579411897284
268.0,254.4937767144022
266.0,253.27138394923492
264.0,250.8727097699498
263.0,252.39890421114433
264.0,251.50018926322295
269.0,247.04782271110275
279.0,260.4140517254019
288.0,267.0089410217614
295.0,257.3379242941663
300.0,256.7746421959881
298.0,257.42489214600647
294.0,262.21558326866386
290.0,272.79650279917496
289.0,283.72761562398665
286.0,292.2690773370821
279.0,296.19235394304667
278.0,293.67670144673923
280.0,288.89162577976344
287.0,284.92408470046786
289.0,280.37342050310554
289.0,274.68020376101157
287.0,266.14353334763814
284.0,260.3711978569246
284.0,260.9423534779211
282.0,267.1489071973775
278.0,267.926339661751
273.0,268.9744837915506
270.0,269.5260477772731
270.0,269.733339986037
269.0,269.06770313079073
265.0,267.3999748086963
262.0,259.39195508278505
254.0,251.91537172128002
245.0,248.9636628044982
242.0,247.0063723901223
241.0,255.1990128058447
240.0,243.2720225439296
239.0,241.10562990873404
239.0,234.9026973481478
240.0,225.41050020498167
241.0,222.76009488543616
239.0,223.78940219426275
238.0,224.75052402180967
239.0,220.07754957542835
239.0,218.9908716674624
240.0,220.69207664853366
241.0,223.67704717638702
241.0,221.8838893364757
239.0,223.73226968434852
237.0,227.922809666448
234.0,229.24543889258814
230.0,227.28978125720016
229.0,228.9026058455653
227.0,229.97810596215845
223.0,228.66659648337634
219.0,227.1323983641564
217.0,224.78669835850056
217.0,220.4437879742065
218.0,220.30493127981538
214.0,218.38748757140027
213.0,214.65866936794103
215.0,210.12450049548676
217.0,207.54206190512156
217.0,209.40576929362206
212.0,211.1396087457443
208.0,207.71807281254038
206.0,206.81833829595155
205.0,210.41209255333916
206.0,212.58701090479423
209.0,212.36092583371297
214.0,208.82371273475547
216.0,206.61497748720612
212.0,198.8251240048878
206.0,195.02711619117025
201.0,194.08884044078047
194.0,198.78742172783188
184.0,204.47625875466187
175.0,205.24749278387435
168.0,202.21542170362056
156.0,201.5238931203142
143.0,210.70205241729843
135.0,204.26625231864307
128.0,192.53458452535045
122.0,184.2582336972988
118.0,170.28105694255092
113.0,157.47802047328332
112.0,141.55135994526594
113.0,131.9674454567911
113.0,127.18821418302367
113.0,123.58258912767997
111.0,120.39769206511222
108.0,116.68982103736562
109.0,117.9683528198456
108.0,120.71242778773575
107.0,120.50514889958677
106.0,122.75307290577939
104.0,125.30205622858337
102.0,123.43183195501783
99.0,125.25568098500496
95.0,125.68567334767366
93.0,125.16548312165469
93.0,126.15301002969534
94.0,124.7319819429557
95.0,122.64982603076729
94.0,110.12251051193854
92.0,106.5367111799652
91.0,105.97786494485561
90.0,108.72967012513098
91.0,106.74894327117939
92.0,109.40960478619475
96.0,109.65321038659562
98.0,105.6266147036533
101.0,104.94862413496801
104.0,104.19168371810298
106.0,105.95684687756075
109.0,108.94606316978243
111.0,109.60873147206004
113.0,111.82258962895077
116.0,116.91997486957646
120.0,119.408449033173
124.0,124.88551690935915
128.0,128.34885324699286
131.0,130.4012009169631
134.0,132.63023441112074
137.0,135.15055959867468
140.0,139.19508704422944
144.0,141.57190028866816
147.0,144.8690749875818
152.0,142.77723758067947
157.0,144.71677018554226
163.0,147.35870209267884
165.0,149.4730305761303
164.0,153.05343821075596
164.0,156.04388223396444
164.0,160.3230670275862
164.0,166.24257380611056
160.0,171.64173934248853
160.0,172.99683145941057
161.0,171.137412538169
162.0,170.2139709613942
164.0,169.78993398150575
165.0,169.7109204134293
166.0,164.9057900604517
166.0,164.58292968174862
166.0,162.49496982406214
167.0,162.9894042730698
168.0,163.40178888625954
168.0,164.553233457369
168.0,167.94103792389376
168.0,169.1797482797625
166.0,169.99891087701283
165.0,170.69069537350464
168.0,177.55949234437077
172.0,185.8437122554152
177.0,191.61675015125718
180.0,190.69098916272628
182.0,187.6913655014186
184.0,186.2314492858292
185.0,187.1974517212353
186.0,190.72816791354904
189.0,197.22532649879753
191.0,201.58601049110928
189.0,202.62606298100275
187.0,204.06869370264275
186.0,204.4139932698936
184.0,198.85878507195366
180.0,197.53289455515983
178.0,200.85533601935063
175.0,197.8189406757069
173.0,194.18409752648165
172.0,191.53451093443496
171.0,189.07655399050861
167.0,184.03818267132712
161.0,179.96585392224446
156.0,177.92151347861676
157.0,176.6598991885267
158.0,174.87684545417096
159.0,173.7919559753198
159.0,160.89576056069265
160.0,155.4886752975373
163.0,150.5922589727564
165.0,152.32152368504
167.0,155.7328057419045
167.0,155.72648437987897
166.0,156.59461168653493
167.0,158.1885376511819
168.0,161.46504109299158
169.0,164.26759980655902
171.0,169.2388309164047
175.0,169.0440024328581
178.0,164.25001740867248
182.0,164.80301887898372
185.0,166.40933023270108
187.0,168.07916072847527
190.0,171.19037986910746
192.0,175.99825111577687
194.0,179.3741038452229
197.0,183.53501145189708
200.0,186.9789779930434
203.0,189.45943111628696
205.0,193.52286837481614
208.0,198.15191326866145
204.0,197.895786490415
202.0,200.81322776636176
201.0,203.68769470418002
201.0,205.36761596730668
201.0,206.70222367091353
227.0,280.0822482703179
222.0,260.8729161245145
220.0,233.91490815035473
216.0,221.49664618581272
210.0,219.40004062768992
208.0,211.4601280337867
205.0,205.17783071179937
204.0,201.1230326380133
203.0,200.4880862355166
204.0,221.14131655346299
203.0,204.7325554687639
202.0,202.69694664743037
203.0,207.42852393000248
203.0,206.241609573783
199.0,205.67213167191815
196.0,207.19929945599642
195.0,206.3331956745791
197.0,206.80722249226383
199.0,187.67578251922504
206.0,188.53063732400005
208.0,186.78516095800933
206.0,184.46692169119805
202.0,183.69869134184347
203.0,186.29867848771036
202.0,180.1157541923172
198.0,187.00048947667653
197.0,189.8395353310662
197.0,190.7847975562044
197.0,185.54715154573896
198.0,185.68557574429735
198.0,186.87984754823114
198.0,184.04793825419523
198.0,183.6671406593586
201.0,180.69560224428398
214.0,181.0687734819173
217.0,178.95125352951456
214.0,186.88076969181486
208.0,179.20911413067734
206.0,181.4196117540469
206.0,184.4780232681148
209.0,198.6968113424759
214.0,204.92187973383375
213.0,200.49093204466226
215.0,191.29266716625966
215.0,188.8033903693227
213.0,188.71825635237127
211.0,201.2810153434338
208.0,206.78854106590342
206.0,203.38871669260678
203.0,204.19148799051425
200.0,198.18147566123605
196.0,195.70691536913043
191.0,194.4297824704324
186.0,193.87997178540402
182.0,192.76148145039588
178.0,187.46228087749262
174.0,183.96767640691428
170.0,177.63789641602452
168.0,172.98947623132904
164.0,164.11343863966474
162.0,160.34464818017236
160.0,158.15534761747415
157.0,155.10572033893408
148.0,152.20516931577566
139.0,149.98069789351075
135.0,146.34731239227582
121.0,144.90715881303007
124.0,144.01199340891029
125.0,142.53445543422512
123.0,134.8352222101455
121.0,140.95666195510438
123.0,126.22288596217692
126.0,117.11408330700397
122.0,120.09377952264822
121.0,122.4770216708483
119.0,121.95985285819359
115.0,119.40648613254683
116.0,121.07337470929
111.0,124.096003675282
113.0,122.2314322782976
113.0,126.28629073977606
108.0,120.97038153665589
104.0,123.40471207622254
105.0,118.81281429685428
108.0,121.36774429478399
111.0,120.29051331024331
111.0,121.70413090974179
107.0,115.94329912520733
105.0,109.39150630766997
103.0,112.4337990209408
102.0,126.03384221776307
101.0,120.70763591720373
98.0,122.5479938032924
96.0,117.26052898564294
96.0,117.42368700326845
94.0,115.45111219827933
91.0,114.09852476064287
92.0,107.79915491870796
97.0,106.77416396995612
105.0,104.28239929475251
111.0,103.11549968997906
115.0,99.32235483516885
117.0,95.74584700100365
117.0,97.51004223750463
123.0,103.41422601925268
128.0,112.87922372661521
129.0,120.57818508142068
130.0,124.70934931240373
135.0,127.03048624340877
140.0,127.11422927824256
144.0,131.80887459110244
148.0,138.1578027543473
151.0,140.83078890469747
151.0,141.3909024313529
156.0,144.89396831307576
159.0,147.404563544277
162.0,149.6206842987775
163.0,152.8856050871954
165.0,155.76097343367684
166.0,157.58110950797735
169.0,165.15003170515516
173.0,156.04081625326435
172.0,159.31031275091692
171.0,160.7419745466787
172.0,160.91700982940955
169.0,160.44963021495224
172.0,162.85982559811958
172.0,166.51092061325974
170.0,164.90436820867546
167.0,164.63409414448273
166.0,164.4338831853285
165.0,161.2942696416854
163.0,165.7222417607983
166.0,169.12757099829926
160.0,167.03555305650988
162.0,162.27502939704354
178.0,160.0983803364505
180.0,158.43286984123077
180.0,166.10431477286158
184.0,162.0216865823732
190.0,162.2484850599632
190.0,161.9245354725484
188.0,176.16019326622225
188.0,178.7932070505147
189.0,179.72639656456536
186.0,183.41018683229493
185.0,189.84487505542876
183.0,197.9753858009078
177.0,191.99087199547486
162.0,189.8794734835767
157.0,194.5189811307858
153.0,192.0096154482039
148.0,182.9924297167405
146.0,174.37457258387207
147.0,167.4141450893812
149.0,150.9805323787259
149.0,142.81534445582002
151.0,140.0644119490163
155.0,137.80777199235735
157.0,136.20484570530772
163.0,129.9179646706621
160.0,133.91508007579984
153.0,133.800518316786
150.0,134.73192023521273
152.0,139.2790164133197
154.0,148.33386288082892
156.0,157.37090772327085
160.0,154.3671526318545
164.0,147.76339644174095
165.0,145.00338343646956
163.0,146.70707140804387
161.0,155.48866388300038
158.0,153.3109135122219
154.0,158.6361750039022
150.0,161.7572063703852
146.0,163.30618767370765
145.0,159.44668877377916
143.0,154.61743916410882
137.0,154.91021259331558
134.0,152.23244580388706
133.0,145.0057922831826
133.0,137.7660086316163
132.0,136.78671554982986
133.0,133.98390485196154
136.0,118.87545818326602
136.0,115.33724872178644
141.0,116.07742697799576
145.0,117.1227711273681
147.0,116.337141970673
149.0,121.41474906140306
155.0,125.38183575559864
163.0,126.73467796175524
170.0,131.845953246794
176.0,138.0364979035483
178.0,142.58569246680014
182.0,145.43184700777394
185.0,154.82409746915923
186.0,163.27305486467318
188.0,171.28407243211652
190.0,177.32171689614466
195.0,177.79166671236692
195.0,182.2199120036406
194.0,183.92042100579516
196.0,183.69074416030708
198.0,187.3139592263372
194.0,190.19259528054303
185.0,201.59102081574076
181.0,192.72436183563636
176.0,185.78773279665285
173.0,185.21125300708655
167.0,186.92924873540724
160.0,181.32515799869188
151.0,170.62461828095522
141.0,166.93150469024755
133.0,159.5253939130625
125.0,156.94545606710318
118.0,149.2065528213415
114.0,142.8958918114993
111.0,135.69126834565714
110.0,121.21902057384992
111.0,113.80714811590269
112.0,107.11777044081742
113.0,112.67498243856805
114.0,100.68601032212331
115.0,98.6728921833646
116.0,97.46818175824907
117.0,99.52279948375534
119.0,101.58678626747117
122.0,103.88397771037275
125.0,107.29496498882511
127.0,110.00597315575826
129.0,114.01168387141222
130.0,118.9187805490846
132.0,121.58684289584465
132.0,125.7599383024907
132.0,129.3976296638197
133.0,131.70461610131326
133.0,134.21218955073044
134.0,135.85634559816424
134.0,138.56965973139393
135.0,139.29042446026796
136.0,139.76284879979207
139.0,141.5182453937387
142.0,140.03328483389532
147.0,146.58282121567714
153.0,146.77963851722697
161.0,147.655146240707
138.0,148.2996822390991
144.0,151.65796383640918
149.0,154.56460646502165
152.0,165.5842805298167
151.0,167.42049027799342
146.0,171.51964985339623
143.0,146.7412123339114
136.0,148.72811242667552
126.0,157.75070904377375
121.0,161.26773844402157
120.0,159.5453040622965
122.0,153.77581528644626
124.0,147.652971557189
126.0,138.7079837049172
129.0,129.05585698340622
132.0,115.16964607571364
137.0,121.80199614541247
158.0,121.99381117401589
163.0,121.38764077263494
168.0,122.25903681769648
171.0,125.24393531831825
174.0,138.46794208563006
179.0,135.0105845421016
182.0,157.34743776421126
182.0,169.24584990455517
184.0,173.24716642658223
187.0,174.48130939063842
191.0,175.17042518770458
195.0,178.96278447473244
193.0,180.91444699977296
191.0,181.09945745560793
191.0,183.06422401670045
192.0,187.54891378626323
193.0,182.71876349863007
193.0,182.51085285847714
195.0,179.92347361165082
199.0,177.0040289042825
201.0,176.93735675905094
204.0,177.14828019045345
204.0,178.156400614172
207.0,176.84023895188955
209.0,189.27766431255907
213.0,182.72482398453727
215.0,187.4484930803137
214.0,189.29103810841713
213.0,191.3541837358861
215.0,194.5105249567137
218.0,196.14181718331258
222.0,199.87035728939642
232.0,201.65877408764086
238.0,201.02371575401463
241.0,199.44839679418672
243.0,202.70380794840747
250.0,206.25206819573503
253.0,209.5177421600046
252.0,221.14797226220392
252.0,227.36828390339676
250.0,229.69662114356453
246.0,236.0205293811522
241.0,236.4142529595287
238.0,238.872349220626
236.0,237.2492852278345
232.0,235.22083569569833
231.0,232.36629173101824
225.0,227.68728696501438
221.0,218.4784713706192
217.0,213.73276076956202
215.0,209.64064874773962
211.0,207.12953922059845
207.0,204.2930607731152
205.0,198.84873970053798
204.0,191.39969037739232
202.0,187.32626649695098
200.0,185.5330721345856
197.0,183.05637754443973
195.0,181.1228244619656
193.0,180.42342490364103
192.0,188.25061301360375
192.0,179.29074642695252
194.0,176.45163094072157
194.0,175.3452330339528
191.0,174.352514833567
189.0,173.61316000812462
189.0,172.96635799224157
189.0,174.1213228255355
191.0,177.76421011848765
194.0,178.64350149980393
197.0,175.2797276398244
198.0,173.80046217596913
196.0,174.59799349763017
193.0,175.81561053472154
192.0,178.76836557524436
191.0,183.28323830949142
190.0,187.48294021048943
187.0,189.84726158924911
185.0,186.441461270383
186.0,182.93218613182685
188.0,183.48986840061642
189.0,184.27854523029276
188.0,182.83648911499978
185.0,178.93976576127318
183.0,176.95439566663455
186.0,177.55793026919403
188.0,178.91151472312947
191.0,180.09922771786427
192.0,180.36131146995294
205.0,179.0305029093947
216.0,178.89795007243737
227.0,182.15498733309514
234.0,184.81476279012617
246.0,196.20329270857053
243.0,190.17273834573575
253.0,202.35805618988053
254.0,216.17915406047587
253.0,224.49712697027618
252.0,229.79157255142627
248.0,249.87555539529285
241.0,241.46937577937487
236.0,247.40257197101874
235.0,254.67396997374613
240.0,249.57595990252935
248.0,258.1179269828831
247.0,244.80267519163482
251.0,231.7667384356146
252.0,223.9312477691638
249.0,220.9956128212507
248.0,222.68028381855567
250.0,235.89671993763815
252.0,231.48234338853518
249.0,230.60811201140214
248.0,233.22647938339645
243.0,240.2213397530029
237.0,230.83279174286372
239.0,236.12871570043842
236.0,236.28339021970254
228.0,235.67950691489898
227.0,232.1533587833595
227.0,220.69960218837508
224.0,215.95916308818255
222.0,216.53009369412067
221.0,213.961896402722
219.0,208.77461609023862
215.0,208.59702279497142
224.0,208.79943027435348
225.0,201.64810021490067
221.0,200.14798777823836
218.0,200.11362181076822
213.0,198.65047286666655
212.0,197.76981942194357
209.0,205.53426330677763
204.0,208.21567421785312
199.0,207.05912614041074
193.0,205.05757294360362
187.0,196.5841411471093
181.0,195.97178484700362
175.0,194.54921546148546
172.0,189.8681750636155
167.0,185.4695958845718
162.0,181.0486251663033
150.0,172.6740937304374
147.0,166.06952388151618
141.0,166.94195218315363
135.0,156.62759292536828
134.0,153.34905508890319
130.0,147.35177021244795
125.0,136.45495287534285
117.0,133.37631517307355
116.0,127.4128618327378
110.0,120.56712708836054
105.0,120.65800084243605
105.0,120.57235762548534
100.0,117.1958280161773
96.0,108.08866585464474
93.0,109.26339370851659
92.0,103.36030200192488
87.0,102.44198022540755
84.0,102.22751760987768
79.0,99.17057040800223
76.0,96.82256339882233
73.0,101.41386848876324
71.0,92.74487215736407
67.0,88.56595031006621
67.0,87.92446237977289
67.0,82.25947344635789
71.0,80.28918030243082
76.0,78.99558995675683
79.0,75.4306715990794
80.0,72.53309545782568
81.0,73.51473083581193
80.0,74.69869548566122
79.0,78.27843195053144
79.0,85.20341467139413
78.0,88.87356194526063
77.0,94.23151225733241
76.0,95.38132260789774
75.0,95.31277319463176
77.0,94.43483439589416
79.0,96.27275712219782
83.0,95.35159667210834
89.0,95.32832515743137
94.0,91.55455037717086
99.0,88.60065479066931
101.0,90.21732933702474
105.0,93.17387688560265
111.0,97.37391313259934
118.0,105.6281261906334
125.0,113.2623868811921
135.0,117.56117264345016
120.0,118.69903596053358
130.0,121.41940559819751
138.0,133.55194963969302
146.0,135.75363189557262
151.0,146.56121391546148
156.0,154.09167855355506
161.0,136.55912162133748
166.0,141.75628938006895
170.0,158.715530939547
175.0,157.4535641508744
178.0,162.0593899175455
182.0,166.51329720952856
184.0,170.21005448553467
185.0,170.21211580575886
188.0,172.1231161849602
189.0,165.6064533635844
188.0,178.81122163112227
187.0,179.6311006496935
189.0,179.2769979895449
186.0,178.59295609432124
184.0,181.31217533303268
189.0,180.87892914887252
189.0,178.96358734691566
188.0,176.61538645716675
186.0,189.38034423028608
182.0,179.44246982098292
179.0,176.77724818279174
177.0,180.5400099524469
176.0,179.34357774659148
175.0,176.49940377767462
181.0,174.72061494372562
186.0,170.45958150283798
183.0,166.19452422251965
182.0,165.23183269018585
186.0,163.65704762457216
190.0,164.59106354778726
195.0,172.8985146274647
195.0,174.42088189542235
192.0,171.06400266670255
188.0,169.72024336716035
185.0,174.37837558987124
180.0,179.39045426514903
176.0,185.06436524216323
173.0,186.0692254951539
169.0,183.14982959760144
165.0,179.00844550886143
159.0,173.46009914585727
152.0,166.19768095820285
148.0,162.77324477046722
143.0,161.6318469858204
164.0,157.419374917736
164.0,155.23650579079833
165.0,147.3840823883335
166.0,139.39826626191456
167.0,144.68668369828546
169.0,141.99649543586014
170.0,155.45369280728536
168.0,159.92804241639348
166.0,159.24221426463984
166.0,159.74994807385548
162.0,162.20069951744853
159.0,161.79621757307143
153.0,163.6322764158607
147.0,164.61856552688306
141.0,163.61976830972517
137.0,168.3865033805599
133.0,152.87933946941993
131.0,148.08691505106287
131.0,142.18560187044133
131.0,136.36172564051765
132.0,130.89958165837837
139.0,126.98599696297991
140.0,123.23823206059106
143.0,124.24694756797624
147.0,123.85245454116009
151.0,138.04150144994372
154.0,137.0472385022863
157.0,143.85532954713136
158.0,146.4110382261002
159.0,152.6610723352674
161.0,157.00230827213122
164.0,161.5242076673588
167.0,165.0551095539778
167.0,167.87382323404034
168.0,168.57414959225952
169.0,167.69981595576533
169.0,170.2586483220187
169.0,170.48705454973174
169.0,168.13047448770828
172.0,167.8422282974124
174.0,176.5025376588125
174.0,170.8740713300006
174.0,169.95533550788997
175.0,168.79222135795985
175.0,168.79771757709915
174.0,171.65792320645042
174.0,173.80664787288
173.0,172.50772040868236
173.0,171.1181997066559
172.0,172.78173310551156
175.0,169.9896189220942
181.0,168.28070134240676
179.0,168.83243585914164
174.0,164.77302822762812
172.0,163.7428098723153
172.0,161.6996220131941
172.0,172.82153971988717
172.0,174.19005185873272
169.0,173.69433383889339
166.0,169.0125927520848
165.0,166.42066878645284
164.0,166.28402817038423
162.0,161.00357988158066
160.0,161.41198029996187
159.0,157.56598187409344
162.0,155.90536604778416
163.0,154.19012742992996
160.0,150.0089472806152
158.0,148.7405668262408
158.0,144.53238627677277
158.0,144.4233508939706
158.0,149.43888637056193
154.0,150.61152607633565
152.0,146.978909138663
151.0,146.6533569184854
149.0,147.51688142326486
146.0,147.93784664489587
146.0,146.35836205583982
146.0,144.2447757532553
146.0,142.15615310316807
145.0,142.15027013385708
144.0,139.03073367884932
143.0,135.52113021047137
141.0,137.43374605546066
141.0,139.111460998797
141.0,139.15666464997688
140.0,138.26159208399216
139.0,137.076182488678
139.0,138.20204550577625
138.0,138.9100314938426
137.0,138.72712710240225
137.0,139.84091264716113
138.0,140.7222863119207
137.0,137.5482440004227
135.0,137.65292310245954
135.0,136.78166939800576
135.0,136.71664976263924
134.0,137.3499570257306
134.0,138.99995891282933
134.0,139.45914302703625
134.0,137.60508318289072
134.0,137.3092588190116
134.0,138.15367271178823
135.0,137.70771221150835
136.0,137.6404690314011
137.0,140.29569121141955
138.0,140.82714005080692
138.0,140.71433340375722
138.0,140.7910246479476
137.0,142.02824133056453
139.0,144.2250395162747
140.0,146.1095521887391
140.0,147.76430148355945
141.0,148.2390641680204
142.0,148.049864595263
143.0,146.80135142942407
144.0,148.5530864888704
144.0,150.01520944356352
144.0,150.33371480567706
144.0,150.7269056520539
143.0,151.5361851860596
142.0,152.2874566887254
140.0,152.68195041435905
140.0,152.74328873020312
140.0,152.57358933973873
142.0,153.23876376342136
144.0,151.30794739314578
143.0,149.65680002108002
144.0,146.9424252046107
145.0,145.6534164700032
146.0,144.7248357715983
146.0,146.6976396234067
147.0,148.87819522364822
148.0,148.26119949667265
149.0,150.6843068126919
150.0,151.58965256061464
150.0,153.96192871534575
151.0,154.05158304058338
152.0,155.87030797982132
153.0,157.0497825095181
153.0,158.13698121608158
155.0,158.35418125378516
155.0,157.35509943212776
155.0,162.99670609746403
158.0,163.8917950407256
160.0,164.63230737329656
162.0,164.38691953073828
165.0,166.565098533607
169.0,166.55859846355023
172.0,165.83760376373402
173.0,168.4310920336771
174.0,170.76872468682325
174.0,173.16781855416681
175.0,175.97467748942944
180.0,180.0464136416042
186.0,183.09100623281785
200.0,184.12635971183005
211.0,183.87548134700512
220.0,183.84618731512165
225.0,189.82756586908997
229.0,186.1459841030858
236.0,196.2190240017719
237.0,205.37871173120124
235.0,215.2540111130562
232.0,221.62266434136342
231.0,232.4813388256093
226.0,228.68690330760305
217.0,234.33158177727825
206.0,235.0590822160596
197.0,232.58021372013184
192.0,227.97508685541828
189.0,226.6201060687029
191.0,213.51736288233903
189.0,201.4100226755753
183.0,185.70062272914532
178.0,177.05251792048375
173.0,173.4073171706252
169.0,169.2553114279617
166.0,169.20489397105817
163.0,169.33015646832362
158.0,163.93500560532374
152.0,157.45832675379512
148.0,153.0461319008416
145.0,151.76858167780063
142.0,152.9430664652979
141.0,152.87859227446978
137.0,147.83022603034937
134.0,142.4045059226703
131.0,136.2153369973706
128.0,133.04675400407754
129.0,132.7052799802476
130.0,129.3741398871751
127.0,127.74102762249663
123.0,126.07540418829113
120.0,123.7715267349821
119.0,121.26906499807387
118.0,121.7449132906512
116.0,125.58736864503456
116.0,124.01909688461423
116.0,120.40364576218896
117.0,118.29494354260828
118.0,117.17578031046105
120.0,116.21829663261593
119.0,117.46582435675747
120.0,118.6943845114865
120.0,120.88629674638294
120.0,121.4259258896349
120.0,121.56933419669836
119.0,126.57366190212036
121.0,128.3297526107929
123.0,131.72263986571022
122.0,132.2266657771229
121.0,132.42358922919237
120.0,133.51394665378797
124.0,133.56816842797073
130.0,135.24272045021166
141.0,141.98544272256305
154.0,146.37547747811237
167.0,136.77660600138853
177.0,134.7024753983799
185.0,136.38360955207958
189.0,141.10792866585518
195.0,153.88570998644923
199.0,166.78647147530148
203.0,179.55126955841794
209.0,186.8571572283455
216.0,191.45642605193424
221.0,194.21069176984054
228.0,199.04156537433573
234.0,212.35552000977867
241.0,205.17297537113603
245.0,209.99818775251617
244.0,214.5006422266495
244.0,215.9106461980221
241.0,218.86836894320908
236.0,222.8731290812342
234.0,228.16857576546215
232.0,232.55404428505716
230.0,229.95032903402193
228.0,228.97715032036098
228.0,225.66439121687324
225.0,217.59242399175113
225.0,211.5198617262913
225.0,210.67816275246247
225.0,205.72299371451743
228.0,204.0447565314438
229.0,203.03288042243574
229.0,199.63035340275067
229.0,200.949944313603
231.0,201.33680358675156
233.0,210.7010273251509
234.0,212.01346808861763
233.0,212.82636915022738
235.0,212.73462080190376
240.0,211.81415431806835
244.0,214.88970623757692
251.0,216.18540905948413
257.0,218.14393041493943
251.0,216.84398378619838
244.0,218.922308898516
240.0,224.6253421667845
238.0,227.59035129794978
233.0,234.3577654239008
228.0,232.59369829520028
223.0,226.4469076631583
218.0,216.68779885553445
215.0,211.84759443690461
215.0,210.2973750298959
214.0,205.18508130310045
216.0,199.47676054926978
223.0,193.76027899507832
234.0,188.944042293848
244.0,184.1013556237378
253.0,181.33725721925003
259.0,183.7573322820569
266.0,198.06298123103198
270.0,207.56929086002503
273.0,219.21270827187885
274.0,241.5794646314904
273.0,247.7344768436713
270.0,253.1722376651915
262.0,259.77856488789575
258.0,263.9291112368938
254.0,265.55848821978384
220.0,266.45409769248727
217.0,264.82216995152714
221.0,259.6053715283656
219.0,252.6353853041153
213.0,241.01868281587826
205.0,232.90425070839396
194.0,198.007448607554
181.0,186.96138993572703
171.0,194.09135272454733
164.0,193.77182731632772
159.0,186.6512341248095
154.0,178.4936238666386
149.0,168.01264654722036
146.0,156.4035076659009
138.0,146.00878569524153
131.0,140.0540380871698
130.0,143.77192681903034
128.0,139.18405617318427
129.0,129.2211713485124
129.0,125.87102213452528
128.0,118.84742703997534
129.0,112.69573178795093
129.0,113.98623510470964
131.0,116.18625631259012
132.0,122.12481205902031
132.0,123.50539850815625
133.0,122.49479039393223
134.0,123.91888348503319
135.0,124.24596353032635
136.0,126.25436989585407
135.0,131.62712488299675
134.0,135.17417634583245
135.0,135.92881178561632
135.0,138.12022160973018
136.0,139.01148128119695
139.0,140.39321013565345
140.0,141.04533292659127
140.0,139.98569570558655
141.0,142.2303410642309
142.0,140.95842699361302
145.0,138.54314874144293
149.0,149.22401980209656
151.0,143.44823702481193
153.0,144.2757507780244
156.0,143.65279532964735
156.0,142.91282706305032
153.0,145.35396159751235
149.0,149.2730597218072
145.0,150.10687151487932
143.0,151.561396201031
140.0,154.13418868122795
139.0,152.17584504802892
139.0,150.01035646704682
153.0,33.05399054616525
150.0,27.813395348879084
155.0,27.813395348879084
159.0,27.813395348879084
164.0,27.813395348879084
166.0,36.65544169097828
165.0,186.2325892152146
162.0,178.16480869681845
156.0,168.31578583424044
149.0,163.77869965801705
143.0,165.83879068635136
148.0,162.91101102845522
144.0,157.65050594278836
137.0,155.24481826409394
141.0,152.03179668304313
140.0,162.60795860447413
140.0,156.52033318067384
140.0,162.27111333236797
137.0,160.46273779005313
134.0,151.66661770611364
132.0,153.7088145258426
130.0,153.29100865312216
128.0,154.12917645794607
125.0,154.03082113433626
122.0,136.40794271468894
121.0,133.4445391384133
117.0,133.81739620077423
112.0,128.23328265712638
111.0,127.18959107682477
113.0,128.47639159574453
113.0,117.58113125678734
111.0,117.27160807930684
109.0,113.95419076622028
109.0,108.40174840426093
109.0,108.57418904943093
109.0,111.79910758873905
112.0,115.38060623413556
114.0,116.71879984230988
114.0,114.60186164023088
121.0,115.42757978219421
139.0,116.56678439817051
152.0,124.25315169643946
166.0,125.70322681676015
163.0,125.33406204396192
172.0,125.9956413334447
183.0,132.73743068123844
194.0,151.15268844501344
209.0,165.9625329700363
221.0,179.87990572759375
223.0,175.07331217790454
203.0,181.19878064739342
206.0,192.6593923154581
210.0,201.98990440359256
212.0,215.90326063320433
210.0,237.7044111697422
211.0,231.37271989418423
214.0,200.6887049588019
214.0,196.77670918048202
215.0,196.96964397252182
215.0,204.15075746232066
211.0,200.2939488174856
209.0,199.14232070944144
209.0,199.10952452272724
203.0,194.62754301773882
201.0,193.1478096650611
199.0,191.69864433603766
199.0,199.4937870404371
203.0,194.336978669884
205.0,192.2391739094602
204.0,184.63960749427488
207.0,183.72810893286731
209.0,181.86029988876265
213.0,180.30816699631407
216.0,194.37376165920574
217.0,195.26049817763635
221.0,192.94686015487912
228.0,196.26317997192024
232.0,199.93116162685692
234.0,202.67862343929775
243.0,207.70458240827463
253.0,208.99298418760105
262.0,213.23737231317594
267.0,229.5447450353223
267.0,228.869542187224
263.0,227.28901680502693
268.0,237.08689034247078
275.0,239.91674072820803
283.0,248.72084253376735
291.0,251.69088566531804
295.0,249.78098931007926
301.0,245.3629669099018
304.0,247.1362253377978
306.0,252.26695366928845
305.0,260.4227200971803
303.0,278.80391263277016
297.0,271.36633388784657
290.0,273.6355512268611
287.0,281.9544078275861
279.0,279.64672868851176
268.0,278.7704108759363
266.0,279.52855615577835
265.0,272.3136322978939
277.0,263.2870978651424
276.0,259.71528977534905
276.0,247.26654051889014
275.0,244.90743630382528
273.0,235.8276263427615
271.0,230.13196831407873
269.0,245.13141742951888
270.0,245.51534716003223
268.0,234.7252085049712
263.0,234.34024121737463
263.0,233.94804364366894
258.0,233.74874221110036
248.0,233.4362411839644
239.0,239.64526289102275
232.0,235.36048116614887
237.0,231.4419626685769
237.0,221.7114501781665
232.0,215.98944116781482
225.0,206.35049171336968
222.0,197.5272151505635
217.0,196.06619533842522
210.0,203.57599647964605
212.0,205.9897291713338
217.0,199.99218902573324
221.0,191.6564167805355
223.0,190.95208760458425
219.0,184.80746212679898
213.0,178.41324041560347
208.0,184.763046443282
202.0,194.26255435092438
202.0,201.78848926768538
201.0,199.98568808542217
200.0,191.5997296326987
200.0,188.60309031117308
199.0,186.54250583143315
195.0,181.40347502769316
190.0,181.31360369258923
190.0,185.7900248809609
186.0,185.69735231610085
181.0,183.77143500183993
183.0,180.4163292673226
182.0,179.15477642884662
184.0,175.88480804517133
187.0,182.19594476043804
195.0,179.45498514017618
202.0,174.55305686657098
210.0,174.61550223761466
216.0,173.0674611799417
220.0,174.2681413110792
221.0,176.22441950604545
222.0,184.39559452804383
223.0,193.30596284538453
225.0,207.34284416482075
227.0,211.90231595433244
232.0,214.10130444076748
231.0,216.52539934831876
231.0,206.7916536995245
229.0,208.06517272673528
227.0,209.6494698174576
228.0,211.99317711585647
228.0,223.74846679845297
223.0,218.41453809099696
217.0,215.5635238880576
212.0,211.9205915879879
207.0,208.3686098087733
204.0,209.79870024584045
202.0,209.93788078764743
201.0,204.0502280961919
200.0,195.94685362006663
199.0,190.95750917401432
198.0,183.85956190333923
195.0,182.12582790351
192.0,181.08030644441192
188.0,174.91928236179075
186.0,175.35473597341743
182.0,173.55669690222518
180.0,171.48705390515275
175.0,169.67111596911315
168.0,167.83487550621442
163.0,165.08540845233208
159.0,169.66161171736644
155.0,159.3518326600321
151.0,157.88675699083836
149.0,152.90532963977557
151.0,145.50367666161912
151.0,141.43974065557393
145.0,137.88809762719953
138.0,135.22162709074945
132.0,132.22310196544032
127.0,131.81689159091346
123.0,136.3184156832425
119.0,137.7904566483043
118.0,134.94258120217953
122.0,126.38178782167763
122.0,122.29318287309798
117.0,118.50991448386387
115.0,115.22558834306471
114.0,109.27607196390235
115.0,109.86401974543294
118.0,115.27212689800896
122.0,114.21221007783652
120.0,107.66648369697464
119.0,107.02992946014106
123.0,108.79418414619506
129.0,111.79890005577036
127.0,116.5863971525275
126.0,122.56000920011398
118.0,122.69391222926012
115.0,122.39173844308024
116.0,129.0188493419113
116.0,135.59420015862167
116.0,136.87477281482236
117.0,136.26951902208316
116.0,129.12197861825507
116.0,125.07895127798903
115.0,122.89430654371793
114.0,122.08091514738018
113.0,123.00336209353921
118.0,125.8051258386961
119.0,124.41013692899804
116.0,121.1722057734516
114.0,121.25229772970783
108.0,121.56733502357997
105.0,122.55979098753633
111.0,127.71894591854931
111.0,128.8566874807049
109.0,127.20347033834534
107.0,125.04854237401317
102.0,115.70762063258758
97.0,113.06544043246228
99.0,117.90796506963687
101.0,120.53063490186523
108.0,118.85380992014554
112.0,117.07442519422167
111.0,109.08006311631125
110.0,102.2939916669332
109.0,105.04934954089909
109.0,108.45096709921776
109.0,118.52327503341296
109.0,125.49727512838014
110.0,121.94689216869713
109.0,121.49964138043885
109.0,120.27457573019524
117.0,120.03812231931995
117.0,121.86821817486575
118.0,124.79027408584217
118.0,124.59384180411078
116.0,121.85387040169407
108.0,118.90742236984912
115.0,125.39070937731086
121.0,127.54524680941526
125.0,130.34560673206715
128.0,131.06888432449205
127.0,129.25595571300886
125.0,119.99979840573053
129.0,125.91877507447211
133.0,131.22180581132952
135.0,135.4464507907266
134.0,142.4380628119384
130.0,137.74999795756756
131.0,135.56897279362792
132.0,138.76182968081048
133.0,146.83310179705148
133.0,149.34799047084317
137.0,153.06924763469584
136.0,145.82413613497516
134.0,143.7677110141315
133.0,143.62017643924818
134.0,143.92726915972125
138.0,144.99213137293884
144.0,149.4008392947364
145.0,147.04442955880765
142.0,146.4184245892725
143.0,143.70020698611253
143.0,145.18165910927
144.0,150.7536704897332
147.0,156.90875729462655
148.0,159.44730338207714
148.0,156.23653676899977
149.0,156.84574666023357
153.0,154.64030618447111
156.0,155.62681698839893
156.0,160.04253263675048
151.0,162.82279305733945
150.0,162.92087021972696
147.0,162.22510604132106
152.0,163.4726747653815
159.0,172.97615932239464
165.0,174.19990492180733
172.0,172.1245787798736
179.0,165.23042840301474
183.0,160.72749587194272
186.0,163.75227726515877
188.0,167.9232264270709
190.0,175.14386378482908
191.0,183.91344245109704
193.0,189.27775264426276
192.0,191.3232335212516
192.0,192.8118659262695
190.0,196.3990505600433
188.0,206.40827808754665
185.0,202.6101732405182
176.0,196.99367649481212
168.0,193.68275805756684
164.0,192.0638240143916
168.0,188.2760475863513
168.0,184.0925358287669
170.0,181.05260392994734
173.0,169.09592039431408
169.0,161.23002082486548
169.0,153.06328939829004
172.0,158.06841914721602
176.0,155.30489952700728
179.0,155.54404858727688
182.0,159.5032238254148
184.0,156.5011604771496
184.0,155.92389602995453
184.0,160.7519471465436
185.0,169.34421335268343
188.0,175.50672828830986
191.0,180.01077113270466
191.0,179.68170308305469
185.0,181.65151329307287
181.0,180.9084412299709
183.0,179.0362713227515
183.0,185.1685514586619
185.0,187.15426009546368
185.0,187.13015630028704
187.0,179.97775408306234
188.0,174.69253158351916
188.0,175.56576081578115
187.0,174.13328505174184
189.0,177.34437833070538
194.0,179.7071818987827
204.0,189.07951303788462
196.0,187.22973134498
198.0,187.54568232611652
198.0,185.19156158896243
197.0,197.63657160641205
196.0,199.94732402436
195.0,207.30187016387947
196.0,198.44521872249805
193.0,196.74412189966822
192.0,196.67510590800802
181.0,194.13396711622187
171.0,191.95505044486728
177.0,191.58861418715432
174.0,194.70044525075085
174.0,188.64532574766247
173.0,188.2061055313847
173.0,170.378475146622
175.0,158.26507486810632
177.0,164.3903656641731
179.0,162.95514647690575
182.0,163.2488568200358
182.0,163.05353651911025
176.0,163.87656484263346
178.0,164.32506444305704
180.0,166.20266634502642
174.0,168.6347764735264
171.0,173.72768425241074
170.0,181.0472707626361
175.0,170.31979143244777
175.0,173.23492863376683
182.0,175.9396543408311
186.0,170.60811903657893
188.0,167.30727623132356
189.0,163.49016131236232
185.0,169.8351494300755
178.0,171.07784306742943
180.0,175.2487179341668
176.0,178.7892615312461
176.0,187.1307428305142
176.0,186.76681453478668
172.0,180.7421466530251
179.0,173.41066641287424
183.0,176.45970456237455
186.0,174.95277403777334
189.0,169.94964653007537
190.0,172.156244216124
190.0,167.06107880854805
188.0,172.6224777386057
186.0,177.7970164329679
184.0,181.85000737679766
181.0,187.31307102376024
180.0,192.22045604481076
178.0,190.15155005680836
176.0,191.80320909789265
175.0,188.64343678499603
174.0,185.85302419289778
172.0,185.88728387484622
173.0,179.1739326695642
173.0,176.32222720165038
174.0,174.4986540287623
174.0,173.58201241338168
174.0,172.6378035731484
178.0,170.40894465839955
174.0,171.87545990502275
177.0,173.3468242029548
181.0,174.38961660825578
178.0,175.17267393065816
180.0,174.9176448634591
172.0,180.14869230765098
170.0,177.1595209744313
171.0,181.42192382065406
174.0,190.97360288866477
171.0,181.53830260664412
167.0,179.43133946648808
163.0,170.1190246561103
160.0,165.53794180148947
155.0,163.42878757151135
148.0,167.32344432803555
141.0,161.9853186131579
136.0,159.91157988676625
141.0,155.16329059864466
143.0,149.55476245951158
142.0,146.28327714235556
142.0,137.14493065445455
140.0,137.42134126038516
138.0,129.77587359382989
139.0,134.27557401242044
144.0,135.63464879628413
146.0,135.26002259392533
149.0,135.81821832515547
151.0,143.65572474846257
150.0,134.5089118247165
149.0,137.10736155707798
148.0,146.49898262323103
146.0,147.93728380466345
145.0,154.25798137508383
146.0,154.47724359030744
147.0,151.81305252700653
148.0,151.1064136188825
150.0,149.8214053007166
151.0,148.92767596399258
153.0,149.51315339822676
155.0,149.73626670886173
156.0,145.86372438909584
157.0,146.4550977082675
159.0,147.59890895857393
160.0,148.9361848885871
161.0,153.35459801966033
164.0,153.268218983518
170.0,153.55850195780482
175.0,155.13476124312763
182.0,157.27651893698788
191.0,157.92920018811648
195.0,166.57514860318736
196.0,165.46051362663462
196.0,170.91003954874316
189.0,175.776900447464
200.0,181.25119477135158
200.0,189.16879256433344
192.0,192.36778100420548
184.0,192.44410872930854
175.0,198.79248636753806
168.0,185.79289348420997
158.0,196.6005976346362
149.0,197.74917189471128
142.0,187.16044267603047
136.0,171.36284685521338
131.0,157.15765242925943
127.0,147.38899258060857
124.0,136.6797344092594
120.0,128.83639832826685
115.0,122.86846867927785
111.0,122.77295525498295
107.0,111.68864303988803
103.0,102.31987792306495
100.0,102.43526120255322
100.0,100.07816406025839
102.0,96.97040484907961
101.0,94.2049202002081
97.0,93.81359285061468
94.0,92.374550231952
92.0,89.31743371808696
90.0,90.07095305740455
86.0,93.63836194499831
87.0,95.81044856191119
86.0,92.00070829279667
81.0,90.22738351268725
81.0,89.65257117765093
88.0,89.1551403692158
88.0,86.64883655590992
88.0,86.87153775520653
87.0,88.33044013804876
80.0,83.62995384963257
78.0,82.36577487820772
78.0,90.64133170387012
82.0,93.79898809315847
86.0,94.36507385206409
88.0,96.83854522008973
90.0,87.41927538783698
89.0,86.49857803498577
89.0,84.82770355048609
89.0,88.41783701901424
87.0,98.75179846115756
84.0,102.27168615400052
86.0,100.70473173935545
87.0,101.68967601319318
92.0,102.0394784494361
95.0,101.57798397218835
96.0,102.64492370463029
98.0,100.46262641243013
107.0,103.85290821141975
122.0,102.12925940978934
117.0,105.04626404517637
122.0,108.28082134617028
129.0,111.02674274794424
137.0,113.11841395480336
146.0,122.77693570141493
153.0,138.6637231616584
163.0,134.20467743276876
171.0,137.57807285209523
176.0,143.4396833872034
180.0,151.7224234968669
183.0,158.49199185604928
186.0,164.95911906975357
192.0,182.3844219275092
190.0,182.39755546680885
189.0,182.05306740987675
189.0,176.50145292053637
188.0,181.9207432580769
192.0,183.35056503261345
190.0,186.4408935001631
187.0,182.56019888151417
184.0,178.77158521706858
182.0,178.67808436961576
184.0,175.56590121277273
187.0,177.36027158901072
184.0,176.60099652988674
180.0,171.46138855881426
176.0,166.0851936053387
170.0,164.93288110745561
168.0,164.86415068227313
166.0,170.04798537361813
171.0,169.04724832935153
170.0,165.07728128141818
164.0,162.51315785878333
166.0,154.83495682889827
164.0,153.85192272497372
162.0,154.23730694375968
161.0,161.00270462857293
159.0,162.5913613938719
155.0,155.4357674089445
153.0,154.87193634671274
151.0,154.77104664424056
150.0,153.5163098639635
157.0,153.16151819738639
170.0,154.4938749152092
174.0,155.42754961378947
177.0,154.77594608100244
179.0,157.58608769955472
180.0,148.54591133932485
177.0,158.0227952047172
170.0,169.09675193869654
165.0,173.62295843617855
159.0,178.81465271800872
153.0,179.4176019447956
155.0,179.5413105259138
155.0,176.3269174173633
154.0,168.863596963382
151.0,165.33824088070475
147.0,159.3722069155757
144.0,151.11273529164242
145.0,145.66362386410222
141.0,146.25644891627576
135.0,155.20351958210424
136.0,145.45585548358298
137.0,140.27162974626515
137.0,137.6196719706311
140.0,141.04615542508768
141.0,137.8027738815389
143.0,131.88823842957726
146.0,135.10349915331238
149.0,134.98955158129627
152.0,134.36407778482427
153.0,137.48149320107282
152.0,139.6741300721965
151.0,142.86185541926216
153.0,144.98384506131083
154.0,148.69368520045978
154.0,153.0841027505046
161.0,156.80146174406116
167.0,154.9222846343789
166.0,153.18928222926888
167.0,156.07173854594197
168.0,156.71394927463226
167.0,157.15496819892954
169.0,162.8821990544989
171.0,169.6238113599226
176.0,168.45867197982489
178.0,167.5408690977705
180.0,168.26151631637856
183.0,168.08372711416902
187.0,170.32332511939708
190.0,172.27936386894547
188.0,178.13469213099557
189.0,178.03486377160093
193.0,177.6886042599625
197.0,178.58008300601497
200.0,185.54398591882108
204.0,189.33033705537565
206.0,187.20451985892277
206.0,187.69261680814478
208.0,192.01250755822875
212.0,197.07697647592815
212.0,198.6346093723647
218.0,202.62075345349717
221.0,205.7037899111701
225.0,207.31339888231705
222.0,208.14277913034888
229.0,211.82385412330896
234.0,214.0401504118987
231.0,220.05309430721823
221.0,222.9256540340171
214.0,235.72994612217178
210.0,220.28567924293787
209.0,222.5392212697324
211.0,226.4950753806672
213.0,222.7604833437342
217.0,210.81914953421722
214.0,201.20423350990575
217.0,196.86934547865258
226.0,193.1262705651399
235.0,195.46995559031762
245.0,197.11870741215236
256.0,204.91633219622253
258.0,199.61791177094048
257.0,193.5548941046785
255.0,204.35667149944598
254.0,229.00702641869364
253.0,236.18675421831682
249.0,247.93400734040569
242.0,249.3730293395642
235.0,245.5296338167314
228.0,240.87269211292366
222.0,236.98635031195988
213.0,238.43689716846683
209.0,235.46052791641608
203.0,226.1927106466448
199.0,214.61424558222026
197.0,205.39556861395846
192.0,195.32083550947456
188.0,181.9264303367906
188.0,179.519829936516
190.0,176.0846146806542
191.0,172.96710848406724
190.0,170.7751769492363
186.0,166.54572467034745
177.0,164.02074714797425
178.0,165.19863439709798
178.0,169.6675408540683
177.0,169.3059092847727
176.0,171.2147869077723
172.0,167.13201748007933
170.0,159.1764761176745
169.0,160.51376527729116
167.0,159.36038084614805
167.0,160.78373327855832
166.0,162.1021971539168
166.0,158.74785297600104
168.0,156.36624955126854
174.0,155.22985088194045
179.0,154.39667354443662
179.0,158.05434239187997
180.0,162.24228135465313
181.0,162.0379834031485
183.0,161.94372251824996
186.0,169.01271977926902
189.0,174.72221413635336
193.0,179.48060119391397
204.0,180.581837019101
209.0,181.82007188617712
183.0,185.49548606719426
183.0,188.37223033768856
182.0,192.01617573870263
182.0,199.51461559798832
182.0,205.2250293863222
177.0,206.3831597884203
174.0,177.65855586281535
173.0,174.25277028458507
171.0,174.64428367548524
167.0,174.14830677894935
159.0,173.63732068565872
152.0,168.8585905632147
149.0,165.90578768640256
148.0,163.95005898863946
146.0,156.83786019600203
143.0,147.7329716937135
140.0,152.7940376199003
138.0,140.8770317983665
136.0,137.12983002251912
135.0,136.23231603381626
134.0,133.33756898496162
133.0,132.08029409876588
133.0,129.17184580593437
132.0,126.20287338523153
132.0,126.04680265784305
133.0,125.31901534361276
134.0,126.98505361891229
134.0,128.34037208121669
133.0,129.07394898727068
132.0,127.98542139921307
136.0,128.60848647890276
138.0,130.54182281653402
139.0,132.6617106783907
140.0,133.4163163006723
144.0,134.57599519669603
147.0,135.375430453538
151.0,139.3124630129649
155.0,142.59001504570264
159.0,145.71964700622237
162.0,147.78696874999383
164.0,149.65614330793147
178.0,152.16913639266426
182.0,156.4174211085036
185.0,161.13649591507863
187.0,165.95520527154662
189.0,177.62189303537093
190.0,169.1840194453732
192.0,180.7911128737971
193.0,184.59940570575628
194.0,184.89459457991427
195.0,183.43474303902073
195.0,183.69001608447107
194.0,192.22185954819676
198.0,192.93998279281075
200.0,193.1457899052059
203.0,194.06155916667666
207.0,195.09300151316302
209.0,189.6438481431695
209.0,186.18669259649067
206.0,190.70069139841678
201.0,201.6593458152459
195.0,200.90667201704142
188.0,204.82662940857105
182.0,206.4398452240269
175.0,205.81909466484623
166.0,200.80037053265698
160.0,195.00134243707498
157.0,188.9824738000528
153.0,182.1591626256424
147.0,173.3828517029944
143.0,167.33687102374833
144.0,157.63995771447534
143.0,150.68588633415737
142.0,141.27016306395666
140.0,137.50436732835115
144.0,132.20798327801765
145.0,129.65730665164088
142.0,128.3524469637644
138.0,129.30738162212367
136.0,128.7189817742762
134.0,127.4074345974537
132.0,134.04985550879516
131.0,136.07051927007151
130.0,132.47663947357654
130.0,131.4244335870234
128.0,129.34307632843831
128.0,129.3501563943775
133.0,126.44514462371346
136.0,126.31068018484363
135.0,125.48199711086633
135.0,127.73552159037742
134.0,124.243312478966
131.0,125.86138112416876
131.0,133.3532279943093
132.0,140.22618363457772
134.0,141.5748357548878
132.0,142.62643694528606
133.0,139.74726081892908
136.0,137.09386401763786
139.0,136.9138042962636
139.0,138.36911851552784
141.0,137.8435976137212
145.0,137.15009085391222
145.0,136.88102632635284
141.0,138.27024902425595
140.0,143.39773876319683
142.0,145.4575080190404
142.0,147.4840296551805
146.0,153.73645699429915
152.0,156.9638776805057
154.0,151.56135020390872
163.0,148.1957584178415
170.0,151.66837641339416
175.0,151.32204771833227
180.0,155.09769162876898
180.0,160.02359626312898
179.0,163.63262260264645
182.0,172.6384816068359
185.0,178.24022223945667
187.0,182.65253000566895
193.0,189.23644393444525
195.0,189.49169777958014
196.0,186.28059985560733
197.0,189.25610657452702
198.0,192.05086124779623
199.0,192.10202788520903
201.0,199.13549918797983
198.0,199.41229325230543
197.0,198.2351395558342
202.0,198.05197981700312
209.0,197.39089213541433
214.0,199.2171610515409
220.0,202.58976706720978
223.0,198.8638401460078
224.0,196.8429319591171
225.0,202.31458366192948
228.0,207.35233391069696
230.0,214.13870733023765
230.0,220.65147511355707
230.0,224.35968826936895
233.0,225.28480669889186
235.0,225.2255938155963
236.0,226.605008678589
238.0,230.58750681349903
240.0,231.52984057757098
241.0,229.95685828976679
243.0,230.92678978823193
246.0,232.5589944594098
250.0,231.79272421403698
254.0,233.17341490851118
257.0,235.57654730075467
258.0,237.4167499675646
254.0,238.4705343332012
246.0,243.30987651983037
238.0,239.64138669414973
232.0,240.93610618279808
230.0,240.88819074130384
224.0,239.73451351625098
226.0,234.88536610921705
223.0,225.2380822106045
218.0,215.64228939990892
207.0,223.204067887051
201.0,209.06870517233264
193.0,203.60088520303822
189.0,208.8909741740111
185.0,205.8451504651847
181.0,195.06435941797622
174.0,182.56478866215997
161.0,177.15974422685107
166.0,172.38506187491544
163.0,170.89486394998207
157.0,169.08858760622186
148.0,164.71156058549857
152.0,160.05062100780611
155.0,142.6866407582346
157.0,147.40987100321726
157.0,147.02778156467673
155.0,144.873728638435
157.0,136.9239189713037
160.0,143.66124856117946
163.0,156.99282992147013
169.0,153.28116123593063
172.0,152.67932007629992
178.0,151.61701017053056
180.0,159.38543797293264
185.0,158.56979766891038
194.0,163.51201884768628
202.0,171.84007441486725
211.0,179.52550461278145
221.0,183.1454791960327
227.0,181.46757258458257
235.0,185.62210666088836
245.0,195.53405633363914
255.0,201.07099252952275
265.0,218.01060893930256
271.0,221.58894598722077
274.0,235.7024990289226
284.0,236.4004049531552
293.0,243.8711661384167
301.0,250.4955777931126
300.0,259.67718505261496
303.0,264.43314503109787
312.0,265.8591576122703
313.0,273.03681348989886
306.0,280.2280439485957
309.0,285.25695522257206
304.0,283.4860838969964
300.0,280.582208041331
297.0,288.1002914937782
291.0,281.08372927281675
285.0,270.7243886427965
278.0,281.1545721141121
272.0,272.2800767726211
264.0,265.0053006244104
257.0,260.1836077679059
254.0,249.90863651162294
249.0,246.3938334661221
245.0,238.4026702640744
238.0,228.6672480132097
230.0,220.94104943597105
220.0,219.2134045213271
213.0,215.06542584509253
206.0,211.96286985172082
200.0,209.21206103993285
196.0,197.6847223494899
184.0,191.31109346312383
180.0,182.06738123925163
159.0,176.76727203809273
154.0,171.83569047879965
149.0,169.55906554581512
142.0,168.52999301667717
146.0,154.7900908689349
135.0,151.17232569463943
123.0,136.5934024698258
120.0,129.35041314972372
124.0,127.3581358146199
129.0,131.02939449576326
138.0,137.68351939854622
149.0,128.86576936700428
161.0,116.46059254093043
173.0,111.6494560458487
183.0,120.41551159334138
188.0,124.19324618675415
194.0,143.6015672673574
199.0,156.00568183849091
204.0,170.88883617465567
218.0,181.41196798901834
225.0,185.93186808531695
224.0,198.44175910679496
225.0,205.01895035872974
230.0,210.11913011849427
226.0,213.7441232381281
218.0,226.1545999556153
211.0,231.56067320861084
206.0,226.48133881506925
200.0,221.9999345025366
195.0,223.81604197928812
192.0,218.0549203742101
190.0,209.2693766549948
193.0,200.721222626369
196.0,197.274096998236
194.0,181.3781878447407
189.0,171.412825547109
185.0,167.16066016397434
187.0,168.53934055783762
189.0,173.23261526277824
189.0,174.79739791674115
188.0,174.50763882234526
190.0,172.28874831237445
192.0,170.01964556342847
191.0,169.05792349264314
191.0,172.79488520468936
184.0,172.7828171920801
180.0,171.74226430533898
180.0,174.54479848986855
181.0,175.74642411049126
179.0,174.70456495067148
178.0,176.2389331493395
180.0,171.94645097429603
180.0,170.0557387984133
181.0,167.07804347695816
181.0,168.99134918907916
184.0,171.3873290960989
186.0,171.60924010009677
188.0,173.39610801929115
194.0,169.1617315546311
199.0,171.35685452794482
203.0,172.51246236060388
206.0,180.1267464631548
207.0,183.33463976804387
209.0,186.93561736846232
210.0,192.56607793865118
210.0,199.5816936913923
205.0,204.46776503598113
197.0,206.4309805407948
187.0,207.47181037261925
179.0,211.1278772340156
169.0,215.14433986012247
157.0,217.47676645395416
144.0,203.1762965908955
130.0,191.7862039233617
117.0,177.87420612203456
106.0,164.30982470815528
95.0,153.3241121353953
87.0,140.5420156712843
80.0,127.94521183638466
75.0,113.48916061173635
71.0,100.15772658086144
71.0,88.42429092775716
75.0,78.44243069864878
81.0,72.30834510989932
85.0,64.20672452632589
89.0,59.97770051397626
87.0,57.25325511720483
82.0,59.11033927118959
76.0,65.25152418836451
72.0,73.93542313573592
68.0,80.39189828668019
65.0,85.71781220600238
64.0,88.67059747469891
62.0,83.74293130845653
62.0,78.43663234783871
64.0,75.68941010242058
66.0,73.48922150113401
68.0,70.11909469042158
65.0,69.49638583949613
66.0,66.93044125990392
72.0,67.3790695539282
72.0,69.21083181338352
74.0,73.77790839689618
78.0,79.20611819173855
91.0,79.59462379425555
106.0,84.3416328070499
116.0,90.89992234545862
125.0,92.97677142995184
127.0,92.19168926747652
126.0,96.67727779142541
122.0,110.49802054437068
118.0,125.63085038720618
113.0,140.92034222662915
110.0,143.62904872913808
111.0,145.76140992599747
113.0,142.5200276919292
114.0,133.10593736060682
115.0,127.10722130491646
115.0,122.32345581654788
113.0,119.88590163430524
114.0,116.98022145391693
113.0,115.43633024458883
100.0,115.692452088626
100.0,114.66359860784439
101.0,114.94311121410496
104.0,120.99130726724887
107.0,118.72317169815446
111.0,118.238701416922
114.0,105.82173071734286
107.0,102.88273716343569
102.0,103.47809179497689
108.0,106.43261415910558
111.0,110.1739050087179
118.0,115.23764619614218
123.0,119.02580819202916
127.0,112.3239908853165
130.0,107.67003693500129
132.0,110.76167550778275
134.0,118.08557607979964
139.0,125.80377476832709
144.0,130.5483121457127
143.0,133.5807562126185
142.0,135.24013412132393
143.0,134.85596135920153
144.0,133.85758679626613
146.0,141.80562006069104
148.0,151.57692207255585
151.0,147.61862881459285
155.0,145.2954983938198
154.0,143.37341095532668
153.0,143.14774314349256
152.0,144.11759467669444
154.0,146.3031210774342
156.0,152.7581405362669
166.0,158.21505985643006
175.0,155.81611260109435
182.0,152.31258989043224
185.0,152.19965949447314
184.0,155.7055264604038
185.0,158.41677777847744
186.0,169.77131594780525
185.0,180.02549158129102
188.0,186.7744797190829
189.0,188.7574935335714
191.0,185.079401375641
196.0,186.30598709423649
196.0,188.16145696678717
192.0,188.41087139345248
194.0,191.37690213891415
199.0,194.05898025819587
202.0,192.87438029971187
206.0,195.40703796095647
206.0,194.02503589235525
207.0,189.29867310127318
211.0,198.49990709097122
213.0,196.07332773141792
210.0,196.62692140485348
211.0,200.03060631971374
212.0,197.05450783008502
209.0,196.461551832435
206.0,199.50068985116843
204.0,199.34936706132657
202.0,196.40034552109597
201.0,200.2167376410728
200.0,201.51391342701035
198.0,196.40719459381992
197.0,192.01458712132643
195.0,186.0589899149914
193.0,182.5434232453982
191.0,181.91575944892094
190.0,179.98536370497052
189.0,178.03257833755146
188.0,179.19195192448507
185.0,176.91571155880783
181.0,173.91736171552913
182.0,172.9720220768979
181.0,173.8122990235342
179.0,174.1711857736146
177.0,174.2192108936439
176.0,171.64338818828304
176.0,167.99079468065878
175.0,169.67269198195862
175.0,169.3551477666182
177.0,168.20164386305441
178.0,166.98409141085477
176.0,167.16345551777036
174.0,168.0588647807383
174.0,167.68627592334354
174.0,167.83563041933303
172.0,171.36333057757494
172.0,174.99817291933653
171.0,171.04550827650672
171.0,170.9081232955724
169.0,171.05432590034727
169.0,171.5615027037281
168.0,171.0193131558549
167.0,170.87759685429984
166.0,170.19369009720816
163.0,170.9455356494835
157.0,167.84673603322338
149.0,167.05558719999107
140.0,167.34916182541892
123.0,167.5336977096619
139.0,174.0542408850852
148.0,170.5199720563941
143.0,168.8546477145707
140.0,159.58650323397447
134.0,149.66597672316635
143.0,135.01857799661929
154.0,146.45888120849776
150.0,157.44705748535918
156.0,151.7136026144449
146.0,146.0409113477417
149.0,139.19202137897167
147.0,147.67783082241237
129.0,160.27981554625728
124.0,161.25857807875238
129.0,177.2286796368068
142.0,175.73471841965303
151.0,169.17822337356276
156.0,161.47223049978643
160.0,139.34650729278937
160.0,134.4921927656233
161.0,142.5761685793646
145.0,154.90480463304226
125.0,159.3665389747561
111.0,168.95706398527614
118.0,170.13614521501705
132.0,169.8013736632122
134.0,167.3612941959684
125.0,140.3315292801596
120.0,127.88490342156648
115.0,116.24481206945859
113.0,120.14603837042104
111.0,132.06168905611352
124.0,132.24464793272887
135.0,122.37923849963387
137.0,114.53874578938024
133.0,108.8650921690536
142.0,103.95781482486007
148.0,109.06835109289563
149.0,127.44584098941536
143.0,147.41172566334168
137.0,145.02755666611728
135.0,134.27282413736827
133.0,138.07360933899758
125.0,149.56903464898573
117.0,151.10032350192066
115.0,146.7692270709333
112.0,142.42020834952888
108.0,144.3446239196266
103.0,135.0073237756104
103.0,122.00114126014921
103.0,106.86772719629347
103.0,106.95135574866171
81.0,102.77882436662935
77.0,97.32476495047118
70.0,95.35576011644449
69.0,98.11283693746738
70.0,100.22686330200206
75.0,99.82154204936445
79.0,76.80701068212333
80.0,72.69264028759046
85.0,69.08147996324446
91.0,66.83459742809353
93.0,69.71589068046623
102.0,80.22090807080473
109.0,87.37547574005553
115.0,87.19908405830083
120.0,90.04871390820585
127.0,102.59511969619297
127.0,115.68797450244176
129.0,121.55505191445596
136.0,130.80559754258667
144.0,136.65934346251504
150.0,140.85234214634312
152.0,145.18534363982025
154.0,143.03619941173662
157.0,143.98784520313802
159.0,151.0268669711007
159.0,157.39933064824078
158.0,164.4608945890341
153.0,162.48395653867647
150.0,156.18853631882345
145.0,156.52327498011647
139.0,157.52994550630942
136.0,154.926862402143
133.0,155.4141024664262
131.0,151.74835997814108
130.0,147.5325870602574
126.0,139.6786022218507
122.0,130.79823033107087
116.0,129.30256504415783
114.0,128.06920123734517
114.0,126.39129941015514
108.0,126.88888723462833
109.0,121.62363564397023
112.0,117.47767692608143
117.0,112.95287995841926
123.0,111.08125649972918
128.0,112.7253115767964
129.0,109.03298114684821
126.0,110.16660920333985
125.0,114.44341234917536
123.0,120.07022492186007
120.0,125.68123205435649
114.0,134.38467154371654
108.0,135.17921581702436
116.0,133.21657469057348
121.0,132.5068430763387
121.0,129.98342332326789
119.0,130.47291633914898
120.0,124.74215228342317
122.0,112.87933670820149
123.0,120.51253086602337
122.0,126.31295448840119
117.0,125.54675387544617
114.0,122.80102070707896
119.0,125.37232057944394
122.0,131.22688485249523
122.0,133.05586743279864
121.0,132.17230902533856
119.0,128.71993705317493
120.0,127.22303115498538
119.0,126.04230250166383
119.0,127.68290669203103
118.0,129.56215371924546
115.0,129.88752762961272
112.0,127.53880971818676
112.0,127.14913518035911
114.0,127.66160084131843
114.0,127.94710680415902
114.0,126.87960060462291
114.0,124.44420344187913
117.0,118.51103202052846
122.0,117.00245863814817
124.0,119.79354367155153
122.0,122.24394548190267
125.0,122.97882505467533
132.0,122.1255586905809
138.0,125.90384780706226
147.0,132.3661125894485
144.0,136.1143721066986
146.0,134.39417243598717
148.0,138.03389545713148
152.0,145.72125494985906
156.0,151.49001198999326
159.0,160.5260791940641
159.0,157.81371908561383
160.0,158.30849393725475
163.0,159.28466048139614
168.0,161.25992602970229
166.0,164.91324622908235
167.0,170.06862867842923
174.0,169.78557547616438
172.0,167.754561065389
173.0,169.42292954192646
179.0,170.93476192245737
187.0,171.96474076339786
195.0,172.0740957838982
198.0,179.34425400194635
193.0,177.80094427083492
189.0,176.73203770220087
187.0,182.10450357505064
185.0,192.18017041309992
187.0,200.68890706696203
189.0,203.8753446640332
188.0,196.26923181988695
189.0,192.62499630650086
188.0,190.63388463021855
188.0,184.9768960325367
188.0,188.70426896060084
184.0,190.51564442871233
182.0,188.67488331894992
177.0,186.97875004423307
195.0,182.87182724288655
225.0,182.48787152696812
244.0,186.0897065439469
253.0,184.61232029307362
244.0,182.11800478637906
235.0,176.46774437383294
242.0,193.5046395572155
258.0,230.64704114531776
254.0,247.2274759878914
245.0,250.0036333664553
253.0,249.6246158471307
259.0,235.2114013549485
265.0,239.05016042568406
273.0,257.8870363599448
282.0,255.18077191524242
278.0,249.61037859179999
267.0,253.38426187869462
271.0,246.59506713008716
271.0,248.751565829386
269.0,253.56993177060227
253.0,265.49480004840746
239.0,268.16491840510616
247.0,252.94152455640062
243.0,240.2174560793857
235.0,243.24320822569973
246.0,246.25113010905557
248.0,234.72699064221035
248.0,210.81467735807942
247.0,221.0347685519295
246.0,219.4153453740274
245.0,206.24391821691378
243.0,216.79059680232433
241.0,227.9918714751585
236.0,224.9967019861889
232.0,221.09353182880795
227.0,219.00388955761252
216.0,221.77206156322444
212.0,227.24299114582146
208.0,218.7836166654064
204.0,208.11297953729883
199.0,210.4169005569724
193.0,199.33607459479578
187.0,187.28223371811183
184.0,184.0254822489302
181.0,180.66242874226702
177.0,178.62696547180371
176.0,175.54459915022017
176.0,165.11102250728064
177.0,159.97317605094173
176.0,157.6492747255471
175.0,155.61997644311074
175.0,152.83954580790004
174.0,155.99709829184243
174.0,157.2032196613403
174.0,159.00101847559833
174.0,158.3106998030071
174.0,159.79590193603448
176.0,161.72329842262263
180.0,163.0672887228629
184.0,166.0730398992424
177.0,167.3340153833723
174.0,169.27038005449722
173.0,170.13361000682147
177.0,170.67686118984906
181.0,176.11707204748637
184.0,182.90780480860553
183.0,178.41732686051472
184.0,174.19106093977587
183.0,174.2253434286983
175.0,177.47409409811524
169.0,182.72610701957424
156.0,187.49948970560257
150.0,187.22323846387215
163.0,186.2466271927924
174.0,185.62104573740817
179.0,176.0040034727668
179.0,171.93426137081306
179.0,157.0750032760913
179.0,150.42974927995513
179.0,162.47586767991365
179.0,175.55785302123613
179.0,180.2088423303835
180.0,179.94671002500118
180.0,180.84488484399395
184.0,179.66030108361534
184.0,181.77677276901312
183.0,182.59539573893844
181.0,187.88069169502828
183.0,192.87178310767314
183.0,184.91086866888756
179.0,185.41755182203283
184.0,184.5343671153298
190.0,184.9499649508627
191.0,183.38267684935775
190.0,185.49157728749293
188.0,186.93502850579213
191.0,183.19631092819026
193.0,186.8519134510254
195.0,190.17846119456343
196.0,193.19844214276935
196.0,196.5978268469751
194.0,186.17215110409177
193.0,187.59245405799805
191.0,189.44171066750891
188.0,188.53607201352725
187.0,188.1194943491232
185.0,190.24506033722565
183.0,185.74958289953724
182.0,180.90727636664644
182.0,178.87931296623262
181.0,176.89541596902507
180.0,174.96245184193833
177.0,172.18148653837892
171.0,166.93780766216378
169.0,165.8382624816488
165.0,165.71873003469082
162.0,164.70544644627807
156.0,164.79935887814474
155.0,166.08654549452882
155.0,160.6373310932012
152.0,159.6572970454662
150.0,155.9301457880452
148.0,153.28858225114703
144.0,148.1710152856507
143.0,147.77429423660973
140.0,148.62662390982123
139.0,146.05427554182327
136.0,143.89241335598405
135.0,142.68587520799713
133.0,141.20125020528445
130.0,140.23993679704174
127.0,138.75368536785317
125.0,138.39473261920082
123.0,138.2075550941883
121.0,137.17134183681048
120.0,134.513647370801
117.0,132.64063258581857
116.0,129.06562164851636
113.0,127.34022531493272
110.0,127.39985653611647
108.0,125.4885939932077
108.0,125.9086301728519
108.0,122.82443223045391
108.0,122.59202039646266
106.0,119.78778718273091
106.0,116.73771390653482
105.0,115.44300351271946
104.0,116.55707788618908
104.0,117.12811553341383
105.0,118.8824234711899
107.0,117.22905510968164
102.0,116.70038371070628
97.0,116.61815599391959
93.0,115.11260525515365
99.0,115.70822190155766
105.0,118.02176610852928
110.0,120.96663751191375
116.0,115.77971098396104
122.0,111.3963054679906
125.0,104.76884831648192
127.0,118.18148415851464
126.0,121.69880277616521
122.0,127.98829352988682
126.0,136.0704809707283
128.0,144.43992612851625
129.0,146.61332988603118
124.0,148.65999726435106
124.0,140.19002720478383
122.0,135.70632604071434
119.0,140.5340111281454
115.0,139.79862347032122
111.0,137.9251675598847
101.0,131.01734494106495
95.0,128.52470520853424
99.0,121.72497896358186
104.0,118.22439905763372
107.0,114.98941742614957
110.0,111.13988904242933
113.0,105.81036498937354
118.0,95.12468808368126
123.0,98.48572122044607
128.0,104.11547858792133
133.0,110.24607096337877
131.0,113.14790155452714
122.0,116.68714092877575
128.0,122.23171507916723
136.0,130.2667454842875
144.0,135.05747902582863
141.0,143.7075152354838
115.0,144.5024018731394
106.0,132.67051884481987
117.0,135.79693100967407
129.0,145.45234750875082
109.0,154.07784866164872
112.0,164.32276664796558
133.0,131.01987180405578
144.0,117.82309083827765
146.0,134.2324189710677
155.0,140.96850506302582
163.0,120.787667490676
163.0,127.2720444021721
162.0,149.09091122537515
146.0,158.22267736063444
140.0,155.24756348587348
140.0,161.52677176839993
139.0,182.53015833927535
144.0,185.64039029388442
147.0,171.17851383548808
156.0,146.8480691331424
163.0,150.95388779197665
156.0,148.8617955420271
151.0,136.05973372491061
133.0,138.0866981744371
124.0,146.65634075161077
129.0,154.7737384662669
150.0,158.2791378518693
161.0,152.29496720194842
194.0,145.68987287408095
224.0,134.10961231553756
220.0,122.64676862585621
157.0,125.01008232464885
109.0,150.4859889511499
161.0,162.33313914207997
155.0,204.43503013375081
127.0,233.21813416481274
159.0,221.56211034227005
145.0,151.58240346761917
109.0,95.67680372566822
100.0,158.42933654139102
182.0,164.61594421477454
215.0,133.03726289900084
186.0,151.77844048627898
155.0,146.10216359951679
154.0,92.35912394457085
196.0,60.24821875164062
241.0,147.0017789140602
273.0,211.7790659428384
286.0,206.82388650996492
277.0,134.7112805088437
274.0,130.36971643813396
276.0,193.95418103220328
279.0,219.04708830868324
281.0,253.78963140666121
281.0,297.4250024640929
279.0,299.40386372470095
277.0,254.1560804205399
275.0,231.90494327185888
273.0,250.54991165710499
263.0,272.66089974943054
260.0,275.76724355108485
255.0,263.46549646906647
250.0,247.4554466000318
245.0,238.6498345571223
240.0,236.15261535672735
234.0,228.06658971655372
230.0,229.74060534419107
225.0,223.68818058117597
222.0,221.1341383621607
219.0,215.507530383311
213.0,214.52384530931675
211.0,197.99340067121557
208.0,195.3077263511135
203.0,194.18231374668431
196.0,193.4727707485559
190.0,194.13644395547624
185.0,186.82798074711474
178.0,177.3700727635139
171.0,175.2768956313048
165.0,172.14387811319318
159.0,165.9866258356901
152.0,161.54551217574365
141.0,158.31101078348402
125.0,153.55561219315774
106.0,147.12334807007997
92.0,141.74598411112459
85.0,138.58355914275685
83.0,132.00866378021277
81.0,121.20911995578547
78.0,106.837021433823
73.0,89.20850365100567
70.0,73.85642377186139
70.0,67.87718671072629
72.0,68.31723319245873
74.0,68.75143675307983
77.0,66.65543559427867
79.0,61.46495915172609
78.0,57.76795713033097
76.0,58.7740302502815
78.0,64.12141404119349
79.0,71.53021509734934
81.0,75.10812432642858
83.0,78.23669107540185
83.0,79.57872050953698
82.0,78.42581079994426
80.0,80.52373833251326
79.0,92.03882711957765
79.0,91.20272470908898
81.0,94.02533590304965
85.0,92.56515023089203
87.0,91.41322407263267
91.0,88.76676783140921
93.0,88.13103958197203
89.0,93.98580633936768
86.0,97.76009476370982
87.0,101.33867515417545
88.0,103.19823853543333
90.0,108.62790432266783
90.0,108.80214982286705
90.0,98.09063700784372
90.0,93.83755449093476
90.0,95.10808853516981
93.0,97.02271236266893
96.0,98.8154439722446
98.0,97.07103922359639
98.0,94.00190580400603
98.0,92.40609154604749
96.0,92.77965797047055
97.0,95.77591609160838
100.0,101.41738880205008
104.0,105.51289722016989
106.0,105.46114488845825
108.0,104.7044137941868
111.0,101.3151743496292
115.0,102.20466021912017
120.0,105.73581091150922
124.0,110.6351493624187
129.0,114.21963412790134
133.0,115.66298230373187
135.0,117.65215133185163
136.0,120.91930329357146
138.0,126.02027401697094
140.0,130.02361835576016
144.0,133.53752738067647
150.0,137.93623755002488
153.0,141.18393117298243
155.0,140.61050786804225
160.0,142.1162170324593
147.0,144.48118746041064
152.0,148.71420387577368
157.0,155.2063395967243
161.0,166.03389392149896
168.0,158.61338544086212
174.0,160.60390189832202
175.0,145.2363046944391
175.0,149.88349684179096
174.0,156.30045594005676
173.0,160.4416102781052
172.0,167.06994730813844
173.0,172.74627913200152
172.0,171.76797151157544
167.0,169.94944581674457
164.0,168.46524406690924
163.0,164.0651748676347
164.0,170.18554104295282
173.0,170.18068951251865
187.0,167.9114501586158
183.0,160.71035877335046
187.0,154.2475766863577
189.0,151.53930122408508
191.0,153.74812292677063
192.0,164.036293942198
192.0,181.97122010069242
195.0,180.33869007037111
198.0,184.69123946603952
200.0,186.31294597928712
193.0,187.6951120542908
199.0,190.07590684940584
206.0,192.1973688721651
205.0,196.69226121938863
204.0,201.37817860294942
203.0,201.22346721869275
203.0,187.28532608958926
203.0,196.14282162725402
203.0,204.33838560085067
204.0,203.93954895074717
202.0,201.9448233720285
187.0,201.16158122273563
177.0,201.87731183985602
184.0,200.2913626523779
187.0,198.5650920191917
196.0,199.76693666890424
209.0,200.37177086241502
215.0,184.03039321875016
217.0,167.6491120730054
218.0,175.94740121640524
215.0,182.38817468451828
212.0,192.52689531262087
209.0,207.06323098474877
207.0,218.57923918572757
212.0,214.79132383620328
217.0,209.2230177474195
218.0,202.03518050275687
217.0,202.9323479529253
213.0,204.27178332726055
209.0,198.15405949334013
204.0,201.56009152668105
200.0,204.44068425639713
193.0,200.36856321435255
184.0,197.98419597310973
182.0,195.55894321993105
182.0,191.87556064792105
181.0,184.96750520331386
178.0,181.7469279732472
170.0,173.4222298676379
166.0,165.41695745698615
162.0,160.80008607257082
156.0,163.7385231194346
149.0,163.6876892980581
144.0,161.022822126862
145.0,154.8919837529755
145.0,151.7369975674949
145.0,149.14040246758017
143.0,143.6390825759056
141.0,138.04700806493418
140.0,136.37638745658657
151.0,138.14540513841777
154.0,137.98781611825498
152.0,138.06606993094124
151.0,136.75363473263985
149.0,137.77416455098322
149.0,137.46670128724745
145.0,149.7267525302039
251.0,316.51406396282835
237.0,303.66335703399
226.0,274.35082929949016
216.0,257.2778450306373
208.0,247.3978883083667
201.0,233.8950010395265
195.0,224.5033799656802
189.0,213.60624778875976
185.0,207.81015113492842
179.0,231.42915330215425
154.0,193.5856914354198
138.0,187.19711513860534
151.0,188.80396648922348
146.0,183.1563832012147
141.0,182.20234310661695
135.0,178.51086405739136
130.0,152.81165497904342
126.0,139.15087791466902
123.0,132.5638661651746
121.0,132.84867414910775
121.0,128.0327100763456
119.0,123.28217432163912
115.0,120.59689633966113
95.0,117.58597804963134
89.0,103.34779669436654
98.0,100.9163674978316
98.0,111.34588189394144
98.0,117.75195051112291
96.0,104.07695725398204
94.0,84.2300540381427
94.0,78.97528504720039
94.0,91.21652006990016
94.0,94.23954605352127
94.0,94.62546895220387
93.0,95.01280894194501
91.0,103.37324605614292
90.0,92.03718258781782
91.0,92.20096464097195
91.0,93.40107864868172
91.0,99.97831921494358
90.0,102.64177427284747
90.0,94.9562685171812
88.0,92.61944532174257
82.0,93.45482631724907
79.0,94.20146969120954
78.0,95.09396421883932
76.0,94.05543979228727
74.0,98.9408748292463
71.0,96.66726051558888
69.0,90.16319211542859
68.0,85.82695448168819
56.0,86.01777566372732
43.0,85.56513005326862
47.0,83.3703725662465
55.0,80.22732352170958
51.0,77.27831030865055
50.0,76.15977669389953
54.0,63.02207832235224
64.0,47.788729373772526
59.0,52.785065963088
59.0,63.41262106551922
59.0,59.5238549176876
60.0,56.94839830247598
74.0,61.17723723204966
89.0,72.56075297072493
97.0,67.89135905350273
100.0,67.13331154549529
91.0,72.09785779556549
83.0,80.03251328896427
82.0,92.04533336485585
85.0,104.55725811122821
83.0,128.8188270576915
81.0,123.27567245744699
90.0,110.853857523973
106.0,93.99246025194431
124.0,95.24078347961346
141.0,114.97935313575775
156.0,103.18559799794471
172.0,98.90748297975273
185.0,103.92483498105992
192.0,115.29498573298577
194.0,131.9528111221137
206.0,148.2446986635617
216.0,167.05481115818938
223.0,185.05893167869448
223.0,196.76041474198058
226.0,200.17391312660519
218.0,200.64491915687077
186.0,213.63190742321757
155.0,221.4308997458487
132.0,224.4485228062291
119.0,220.95022782113747
109.0,221.26002747096175
102.0,210.83111240245486
102.0,172.8519378048039
104.0,136.2839949345769
99.0,110.99238247291524
89.0,103.24975532035097
83.0,92.49470609600303
79.0,84.9376771657862
76.0,85.2544628819999
73.0,88.27236712394192
71.0,80.5840042135178
73.0,67.76792330849976
79.0,71.37439185837822
80.0,77.77358686080854
86.0,79.66754813661228
113.0,77.0656447757595
141.0,75.37065522601755
156.0,78.43531196379345
162.0,82.32156550973686
161.0,80.74700436716145
156.0,88.21334764661145
145.0,122.01051481241866
131.0,157.6322326169276
123.0,175.61876287887617
115.0,181.40610576337426
109.0,180.56788701352258
103.0,174.96747359690383
99.0,157.11861876748912
103.0,147.61819547719472
109.0,139.4512014904134
110.0,127.65921520633727
110.0,113.1916671387233
114.0,96.95749462731011
112.0,88.92419522840318
114.0,92.28928422731408
116.0,99.71529112863692
113.0,101.60301399445059
109.0,104.31004266142362
106.0,113.48174853210121
104.0,115.93793181968155
102.0,118.57740551706674
100.0,120.85237252232939
98.0,120.32432720300339
96.0,118.86958857252661
95.0,114.98402466549635
93.0,108.70139847700301
91.0,106.02527827903708
89.0,105.01165573086806
88.0,101.75326952650697
86.0,102.32400375973413
86.0,102.02322282736537
85.0,99.82792923743797
85.0,99.35660985414836
85.0,98.77902318028768
85.0,97.40101693698759
81.0,96.02525732523118
84.0,96.23700437650467
86.0,96.13600121123909
85.0,96.23902459046008
87.0,96.28699000651403
87.0,96.1172810089426
85.0,92.38277953306843
83.0,94.99737883674891
82.0,98.34151497671911
83.0,97.49943965906482
72.0,101.41338437584898
65.0,100.57986696476186
64.0,101.08684735509348
70.0,98.7054099657529
72.0,97.83122861533639
69.0,97.1064524268593
70.0,95.76139570820939
68.0,84.00893659601826
69.0,78.98691232676808
70.0,86.1085310496426
69.0,87.34531511413248
70.0,83.25136963672745
72.0,84.70774501240317
73.0,82.43632666914641
71.0,82.89751169428892
72.0,83.87464953599367
66.0,96.13016468032299
56.0,89.75708565456729
58.0,91.07746873285802
68.0,88.97459700593235
77.0,86.55042217253894
87.0,89.05956075126817
91.0,80.09462541289524
96.0,70.04311637947295
99.0,69.10129972394716
104.0,80.78202307571144
111.0,92.48130299151092
118.0,102.1679506218253
126.0,107.95886253392376
133.0,110.73448268753975
145.0,113.54551980539304
157.0,116.10575733890377
162.0,121.98408492396152
165.0,134.07128865977896
170.0,150.40796965993215
176.0,144.5050102531319
178.0,153.22117907021195
155.0,161.77766127410464
133.0,165.8894646080696
119.0,166.1167231831573
109.0,170.72538563239758
101.0,176.84367248847573
99.0,176.94827567656984
126.0,150.26265580437368
155.0,122.86152891354804
170.0,105.33738132545025
211.0,96.18544678078425
207.0,94.47750584916403
210.0,95.13667490497554
200.0,125.0694935018759
159.0,157.01495801966908
120.0,168.64643828002266
123.0,206.04447015160267
141.0,209.99676580896923
158.0,213.8142673737364
172.0,203.97085952244134
177.0,161.79275043191066
180.0,122.66083650666016
177.0,131.16135143254914
174.0,144.40511166005726
175.0,151.0040475138992
174.0,168.71785541489336
169.0,157.54382787947773
162.0,163.74698725147817
152.0,159.3738561793032
140.0,153.63476379471274
115.0,169.83215932716254
102.0,186.69678051153824
97.0,178.4744853356665
93.0,162.79942741436741
87.0,142.18526350010652
83.0,127.13496756297893
78.0,102.5872013315624
72.0,85.32071636527118
70.0,86.89480137142951
67.0,89.01772006545737
59.0,80.43259319996982
44.0,74.39683657042289
46.0,69.10476586959868
58.0,62.24330888067483
66.0,61.54984436268036
57.0,60.77525572822891
47.0,61.69465754994003
58.0,48.78481456007516
68.0,46.17793558591217
81.0,57.51321369131922
87.0,68.48392797697412
92.0,59.38776632216704
94.0,47.707130530742404
96.0,59.752853828389945
97.0,72.79290608501726
91.0,89.56949593933972
85.0,99.26884708953567
93.0,113.0754464356957
100.0,114.26591678225446
105.0,110.72902925543565
115.0,109.58190472428993
120.0,106.88503244025512
124.0,106.5873761807415
117.0,110.09625243692528
110.0,113.72670351246586
102.0,117.44405965718363
108.0,126.54163316808625
125.0,129.79824004990863
142.0,131.4052724193237
157.0,122.63493406325705
165.0,112.88399483795632
167.0,106.66472313161663
177.0,117.27056495999761
193.0,130.75117592905568
200.0,148.51027797469146
180.0,168.21650642263592
177.0,173.90010394864422
159.0,173.45559550229535
138.0,179.3473069037406
152.0,198.9930159842221
176.0,217.234110970893
184.0,190.411288498846
184.0,180.44106705396314
183.0,155.9735739906932
179.0,126.30301611018177
176.0,132.64507487574286
175.0,161.28872643591896
177.0,175.15836020064566
180.0,171.6970214958807
184.0,166.90685878121005
189.0,157.10467948661514
196.0,161.55405686966134
198.0,158.12555749878607
201.0,165.39685710933122
205.0,182.87540155987205
209.0,182.88680840111016
211.0,177.3880296938626
207.0,183.35961655611237
215.0,187.34037000393386
221.0,192.13276880357168
217.0,198.20013386338323
208.0,205.52251129420026
193.0,209.87692820240025
209.0,203.51567794333388
214.0,208.58133463517575
213.0,215.41510930866235
214.0,210.65479050853386
217.0,198.62735741614344
209.0,184.6435257906247
208.0,199.35050874443067
207.0,205.78487619951832
201.0,206.48361500679056
199.0,204.58205894832585
195.0,211.32577038100487
189.0,200.05537441815667
193.0,195.97324110870628
200.0,197.694282228482
207.0,193.423058971465
213.0,199.25047230380147
222.0,187.77782187584057
223.0,179.21426811009127
225.0,185.17577183891854
225.0,193.7473168053542
223.0,199.1476830197003
221.0,209.88938824341767
216.0,222.80452210046758
219.0,224.4838479595084
221.0,226.23775855314585
222.0,225.1217571478408
216.0,223.9563359534469
185.0,224.74403454040288
200.0,218.29454844637308
203.0,219.952672125464
208.0,218.09591582903192
211.0,218.30992177423272
212.0,208.96144459496531
213.0,176.68390536110928
215.0,187.58573090320124
217.0,196.60740257650093
220.0,202.66471440092263
224.0,205.77316160276465
224.0,210.12076555974528
223.0,208.95565285854616
225.0,207.64533824018864
227.0,211.2624932261929
226.0,213.98250332403347
235.0,235.75796787535927
236.0,227.89346745027905
236.0,224.2640288995785
218.0,224.82280228936133
211.0,225.82336818424596
218.0,224.63872538702694
216.0,233.38768879063193
209.0,236.03421366915154
210.0,237.4580951041953
210.0,216.3767189504903
198.0,204.36830888063662
174.0,209.09810659863518
162.0,210.18942379951721
173.0,202.09974098467148
185.0,202.89800026285235
186.0,205.84600667862765
179.0,188.75162393317856
174.0,168.17265253589164
169.0,142.68088691116353
164.0,161.53507383002412
163.0,183.38382054283935
162.0,178.52207596589648
161.0,169.01492729013603
159.0,165.58320544703457
152.0,156.36010686746909
151.0,147.6744462858197
154.0,150.75152061610822
149.0,159.52121143799803
145.0,165.43494773820726
139.0,156.9744095914355
110.0,141.92846817206777
111.0,140.16186247943008
119.0,147.05157823425196
106.0,144.01370082425055
92.0,141.52130052528778
90.0,138.93217009570728
97.0,109.98458237416493
101.0,107.26958154385059
104.0,116.99648750302462
108.0,105.6475331763587
92.0,100.85079555611634
68.0,98.25994049278941
57.0,102.42044218159646
78.0,32.195778854506756
76.0,33.113023215625475
72.0,32.12712263717857
72.0,26.906959088683806
71.0,26.813456746719766
73.0,26.813456746719766
78.0,107.07166671716433
78.0,108.06048405510467
79.0,95.89048150974754
80.0,92.6192569230181
77.0,91.4850566342302
74.0,91.64189658429396
71.0,94.63601295392345
68.0,93.04520905518316
67.0,93.76558430758197
68.0,103.76389741756171
64.0,107.12388324097665
67.0,103.89342345453306
78.0,104.4969235498638
85.0,107.81317729472275
91.0,97.9262853723083
99.0,97.84198179558979
106.0,91.1480661843899
109.0,93.53010846410085
111.0,98.4276367408442
116.0,105.48187574149087
122.0,114.88452000197205
126.0,123.02290213759218
129.0,130.27371333459718
131.0,132.731235058605
132.0,129.95606625070585
135.0,133.10230091656766
140.0,139.19803329235697
145.0,142.87920215608068
147.0,141.22693116782554
146.0,141.3365222588952
148.0,141.3644432658607
143.0,142.08258889769556
140.0,145.25424187261382
142.0,150.56847864277023
146.0,151.6330347688512
154.0,146.0693293404865
162.0,145.7948381833814
170.0,140.66639126542236
178.0,137.39538464694488
181.0,140.30158491917453
186.0,145.31391522085636
190.0,154.29009840816897
187.0,163.71205488110243
192.0,173.16013436798693
194.0,181.17869850824994
191.0,185.33544941014313
187.0,188.21296149381487
185.0,193.40010023024104
188.0,192.54524092714456
188.0,196.3628320073058
195.0,197.42084243238207
200.0,192.11848543980003
198.0,185.48200021083403
205.0,182.15888185938158
213.0,182.6807293069864
258.0,182.71830462029777
252.0,191.38788693680192
250.0,194.72876674669055
249.0,199.23283508828993
249.0,207.2872144970366
250.0,206.4137911496303
251.0,251.43562013083255
255.0,249.6727536879992
262.0,241.9470874130991
277.0,236.76389798041654
284.0,236.85451682314437
291.0,234.0981696315422
291.0,231.90040199140807
281.0,240.5539856188292
277.0,245.05302120413813
277.0,265.81002376464295
275.0,251.5991071781969
278.0,259.100162522657
271.0,262.07196308513886
262.0,250.81449161016513
257.0,245.91510795696868
252.0,247.637557250172
256.0,248.05067157781036
259.0,249.8867406422102
260.0,239.83933839617617
263.0,226.37583705128782
259.0,220.9440652458673
253.0,215.8637936467601
249.0,221.29673579059033
244.0,231.8972646189068
239.0,233.8697477437381
233.0,236.63584133032708
229.0,233.7222365643072
223.0,225.34910851911405
216.0,223.82966836009558
210.0,222.02552095120984
206.0,217.45324426131256
199.0,215.85692341190244
195.0,210.8502081115799
190.0,203.4704109748273
182.0,196.71967105252997
173.0,186.9835393272004
168.0,185.33235285741122
160.0,181.93867917021132
152.0,179.1527356316907
147.0,176.0036469538085
144.0,168.71604316200856
139.0,160.34422808604467
130.0,155.21372964639733
131.0,148.2228282430224
130.0,141.8580547919539
129.0,136.74416432380679
126.0,134.08311689370308
119.0,132.53411772721535
114.0,122.89237254173696
121.0,123.45535039967956
113.0,125.1326264590563
111.0,126.5022256374348
109.0,123.24027345927465
106.0,125.1043033694672
104.0,119.06061148607287
104.0,122.50459049441645
108.0,114.40939003330062
113.0,110.17231220144345
115.0,112.0433218913279
113.0,107.73222743335259
109.0,104.43222535810625
111.0,104.14887705622479
99.0,109.4342261112908
93.0,117.89157659163303
94.0,122.83525080583848
94.0,118.384817634489
95.0,116.5753201131696
98.0,118.82486312830889
99.0,107.00146142588807
101.0,100.50078426488278
102.0,100.34428464701458
102.0,102.62687021700101
104.0,102.62855913188153
107.0,102.86481237386968
109.0,104.12218600725521
108.0,106.60429641527102
108.0,110.4756854792009
110.0,109.72684308146748
112.0,116.85349591332685
112.0,121.02653319114043
112.0,121.87382630951711
115.0,130.81275699834845
116.0,121.57482261883982
112.0,122.19595284620907
105.0,124.41339656245822
101.0,122.9898219816456
98.0,122.8111631007616
96.0,126.1478167334289
95.0,126.26946836200653
93.0,120.48867698326448
91.0,111.16516220150415
92.0,106.73010796453616
93.0,102.01017631480465
92.0,99.66930261248189
91.0,97.93924050253277
90.0,97.06036426940634
91.0,95.76862237354027
93.0,95.0950872561399
95.0,95.20102409484682
102.0,95.480525400216
102.0,96.91992292935934
101.0,96.72521998649032
103.0,98.64514759802417
105.0,100.52226926781216
108.0,103.59219020100446
112.0,112.24153333540147
115.0,114.82871374692243
118.0,112.70482739249007
118.0,114.04144375817222
119.0,117.22030130450261
119.0,121.03467232245016
119.0,125.94626675904442
118.0,129.3806797659513
116.0,132.14798687995017
115.0,132.3530794689404
113.0,129.3332377811613
111.0,129.31985165242207
110.0,138.67470736068464
108.0,128.07774298194323
107.0,124.97006396366821
107.0,122.77931599014391
106.0,116.08969660431259
105.0,112.78814751256171
103.0,110.03408587609533
102.0,108.72491572011387
102.0,107.81310457637801
101.0,108.36377651843911
101.0,107.91435995830666
100.0,107.22970867423331
100.0,105.6375235353668
99.0,104.27519821637513
99.0,104.92723772777131
99.0,104.89136861760004
99.0,104.92041070824644
99.0,104.71392655258126
100.0,104.90515277728932
102.0,103.54697628411715
103.0,103.75530304412447
103.0,104.16417448456566
102.0,105.21419906702889
99.0,105.94698760571941
98.0,107.00321031187461
100.0,110.97411372594505
99.0,112.3443312275057
96.0,114.83350139635574
95.0,113.80566485999584
93.0,111.28882553598942
95.0,110.2140986322906
94.0,110.78865313530197
89.0,109.5928923004889
87.0,106.71123509303682
86.0,105.2269181692522
87.0,102.64716434358493
104.0,116.46711032684937
111.0,106.86490487320744
106.0,101.17572200566146
109.0,99.3015250817729
108.0,98.2780328362068
106.0,97.44463762781234
104.0,114.54609428527516
101.0,124.6496996341671
99.0,121.18228208562276
99.0,122.94734201673066
103.0,120.81510037251348
104.0,117.78149618267301
114.0,117.4263394808128
116.0,115.27186392989486
112.0,112.57729755181442
125.0,113.79452713534789
140.0,110.99913002330743
153.0,109.6655930494272
169.0,138.30861634564863
178.0,130.36910137413958
181.0,127.71841165147919
183.0,140.26704008516373
189.0,156.9128731644194
191.0,170.59562545154498
192.0,184.2991927107767
193.0,192.14425924856926
193.0,191.75194713741092
190.0,192.2008193333951
189.0,193.40087388935714
189.0,195.31694615772807
185.0,200.37665799432426
179.0,195.9323679114505
176.0,192.00135224227847
167.0,186.65153697401684
163.0,180.5533216670838
156.0,179.3921443347519
145.0,174.42634807819798
142.0,168.90011325910424
147.0,165.6380636122172
150.0,157.4483888264922
159.0,153.6096760205024
170.0,147.70424548619877
180.0,136.84885975402705
189.0,133.59358676532352
197.0,141.71653235711386
203.0,146.20171898138383
207.0,156.1663981468802
208.0,170.72067715098632
206.0,176.99744160863378
206.0,191.75105162253035
202.0,199.6558053888533
197.0,207.090016241704
196.0,215.0674308579759
194.0,216.82224414477923
189.0,212.0157408448206
186.0,210.18847177867818
183.0,204.23751268171696
180.0,196.63344674607123
175.0,193.811190379358
172.0,188.22488570246009
169.0,184.47235515537784
163.0,180.14151572250935
156.0,176.2554828218295
156.0,173.4457767183562
146.0,169.29302184610896
141.0,165.2440086965899
146.0,163.9554214227381
151.0,160.11373525415308
149.0,151.98849002147927
145.0,151.53930640667855
140.0,143.71983317696967
140.0,137.97031277494398
135.0,143.51909194549012
125.0,150.27484115276823
123.0,149.98703623295506
128.0,145.1443023915309
123.0,139.21703106035432
118.0,139.96094973706983
115.0,137.79168146387892
114.0,132.62395480937502
111.0,124.85109470381461
107.0,138.5163462061312
102.0,128.3757366177943
106.0,118.19027891734305
106.0,115.27690193339933
110.0,116.03805463687053
117.0,114.88146056628645
118.0,108.74156403723586
117.0,105.21134406311928
115.0,114.07786562137484
114.0,114.97935684442183
116.0,114.14100331638622
114.0,121.09021201686241
110.0,124.73742758570641
104.0,126.80494728501465
100.0,123.41914870566997
99.0,122.71770324127434
100.0,126.40959110179125
104.0,127.61748821301666
107.0,120.91624843317943
110.0,112.97754542940388
111.0,108.5083111466444
112.0,113.7628610491009
113.0,107.01200248684543
114.0,112.76153510016358
116.0,117.37454517014564
117.0,119.58106445391076
117.0,118.32299373898061
119.0,119.58839791210576
119.0,120.78507018327124
122.0,123.01439225515128
126.0,126.39792978408619
120.0,128.06383038067435
121.0,127.80058451295459
126.0,128.2279607124928
124.0,126.89585506112074
121.0,127.7023831674305
110.0,132.41426313245358
108.0,126.28139554693108
108.0,126.42531900865373
108.0,140.7900339017101
109.0,130.0537644605251
111.0,125.27129155834973
113.0,113.9552133097109
114.0,108.31623986028865
115.0,108.62312608929983
114.0,108.41690412352077
112.0,107.36603472240851
115.0,114.36715408982687
120.0,116.81463489463084
131.0,113.62607210188207
134.0,117.74541218549035
135.0,118.25579936762782
139.0,120.52987032851016
144.0,123.71562819917702
144.0,128.54980154269902
139.0,140.93205334932586
139.0,144.47011960337863
143.0,143.43806268996184
147.0,146.00575946414355
155.0,165.26221470785305
162.0,156.6357598685493
167.0,150.06970870272113
170.0,150.3242911612819
175.0,153.20360329657515
179.0,156.14604346343415
180.0,159.16383642979315
181.0,166.1329022969784
186.0,171.91159463293675
186.0,173.10589690263484
189.0,175.48666675117138
192.0,179.7392447849057
197.0,183.2872896126813
208.0,181.9176218927669
215.0,185.18592621089937
219.0,185.42017681499547
222.0,186.0568362329477
216.0,187.63046991143358
212.0,192.25003212626333
213.0,204.31247144183135
208.0,211.18408541247058
202.0,214.03084189680362
199.0,217.00108745822416
202.0,211.29061705520903
208.0,204.03723717380012
213.0,203.5482473412678
213.0,199.77806039019856
212.0,194.3456180414892
213.0,188.82091793737783
213.0,189.96414126520955
255.0,195.76637671671688
247.0,201.54346368812406
244.0,200.76242176993134
241.0,204.0787858372318
239.0,217.0220698175984
236.0,206.7981670907687
230.0,250.43768371583502
225.0,246.3948433876274
217.0,238.06796668771474
210.0,231.47064118320642
197.0,224.6625662277084
192.0,218.46139801420208
195.0,212.07487773887658
201.0,209.41223060532522
200.0,200.08794431106122
198.0,198.80072713092994
192.0,164.51651455574472
190.0,163.74815596820432
185.0,171.44747014864933
178.0,179.72178862428632
177.0,180.3194623909523
182.0,178.71561533702936
187.0,174.35279744715652
185.0,172.64896249824915
177.0,166.3169556517355
168.0,160.8731493476789
162.0,165.62345924406162
159.0,174.4249123006216
158.0,179.418088614979
158.0,174.37015909781414
159.0,164.7366834685093
160.0,155.27995784686289
168.0,151.5299352693602
184.0,148.94657672664158
196.0,150.72885659831815
203.0,155.29188452768824
205.0,157.5526626561928
205.0,156.11836326827552
204.0,169.45166562903702
204.0,178.0492441450807
204.0,196.434366053094
205.0,204.87569574657476
205.0,206.10387804570152
205.0,204.2518396708584
205.0,200.80413070883745
204.0,198.50997616213428
204.0,208.89955764282547
204.0,202.63560319452318
204.0,202.1183770955573
203.0,196.92885262838195
199.0,191.46604096399997
197.0,187.78743841696874
196.0,188.4162484151559
195.0,188.2801825218658
194.0,189.3103779648732
193.0,188.9621937935695
192.0,185.11738020802545
193.0,180.9448046575182
195.0,180.17228222094627
194.0,179.5894156624821
194.0,179.64001418050685
193.0,180.66025521316118
193.0,180.84995317962733
192.0,181.94579861674302
192.0,183.97491468592747
192.0,183.14998684934747
190.0,185.66707163148362
189.0,185.66843624631355
188.0,186.0187616397264
187.0,185.66519688169677
187.0,187.15155306940912
186.0,186.99874106359906
185.0,184.90677849394422
185.0,183.71383013691033
184.0,182.2795983052226
184.0,182.2852762764866
184.0,182.68718719501362
188.0,182.68829661520482
191.0,181.92921957762476
194.0,182.6837849458541
200.0,181.95593011485116
202.0,181.54622372608523
201.0,190.40778258424993
202.0,185.76448423864724
203.0,188.4647402527025
203.0,193.80532108259592
203.0,198.29733168957273
205.0,200.18238095951716
205.0,197.7899932475935
205.0,196.89601421793694
202.0,197.97397213718367
202.0,197.98382747740976
199.0,198.49397719917033
193.0,199.25512195334022
189.0,198.9012661016193
187.0,198.25648336121174
187.0,193.04051599971564
187.0,192.42044060158193
188.0,189.29869905783318
192.0,183.13232864759684
195.0,177.78581283775142
197.0,176.47315175364736
198.0,177.64774783186633
201.0,177.37518153575027
205.0,178.85392273778393
202.0,183.45716138318323
200.0,188.98824643613167
200.0,191.29280896295745
200.0,194.57667240912878
200.0,200.01158232269222
200.0,205.58264324378328
200.0,203.01203925862703
199.0,200.01256855867388
195.0,200.22619089687066
192.0,201.11374647328768
192.0,199.85694154747262
204.0,199.34628382038753
210.0,197.86988243700915
208.0,208.7569305153696
200.0,194.5974166029345
201.0,188.94117739611397
194.0,188.79455739342316
191.0,210.0617142751762
189.0,207.91978085884597
185.0,206.72172438199823
183.0,196.1542119967526
192.0,195.3578495883981
190.0,187.84358071828927
185.0,183.24250867268134
183.0,183.25651580772393
187.0,179.1516682473952
192.0,178.4676614139928
192.0,182.54376287298507
200.0,178.787157662157
213.0,173.35279572342782
226.0,189.2672618959137
237.0,183.10065780975623
246.0,191.09538821106992
256.0,194.6060655297605
263.0,201.96564177527512
268.0,214.2767855313183
274.0,230.3928746119518
273.0,235.20298782839552
268.0,244.21228652527248
263.0,255.94106840742415
259.0,263.859841417437
253.0,265.68532693923896
246.0,268.62568385450015
237.0,267.2842066577766
230.0,260.1420168561573
223.0,249.8065644517047
215.0,243.05967827513075
204.0,235.88840406597956
192.0,225.5877220884251
180.0,214.9539488126598
169.0,207.32278884936318
160.0,201.10617929574326
156.0,191.58585219668757
151.0,181.5138517284592
146.0,171.6914580914646
141.0,159.1218843355241
138.0,149.0921195141799
134.0,141.9573078916189
126.0,140.01005043601842
126.0,138.1624687995705
123.0,133.99809101346335
122.0,125.64989569123306
123.0,124.02296526503048
120.0,122.43833044109407
116.0,116.50296936101198
114.0,118.72125347301836
110.0,119.41124504045469
109.0,119.08000408954119
109.0,120.24964552091835
108.0,118.59416652827821
107.0,115.44070513859356
106.0,114.62773015079831
109.0,111.4907988278144
112.0,113.27708289105686
113.0,117.64282253707978
114.0,116.54300883017824
117.0,116.50028709553965
117.0,116.11694659977977
118.0,118.33887063791315
118.0,123.04330588612714
117.0,126.84343154238493
115.0,129.7695118796652
113.0,134.7029228267586
107.0,134.89956508461395
94.0,135.0116623388237
87.0,135.1126635135495
85.0,134.14573440909712
83.0,132.75302050137364
80.0,129.38931670057912
80.0,120.81528250113851
76.0,104.91269421769164
74.0,96.1923096030676
69.0,92.56014511270448
67.0,91.24377196472688
66.0,87.64598244988814
68.0,87.24782384856242
72.0,83.28579521177429
74.0,80.08785570089496
74.0,73.76634194671516
71.0,71.48950484980446
71.0,81.1848845158434
71.0,81.5327664470469
74.0,85.12832965035683
74.0,87.12069935492359
74.0,87.71573248502757
75.0,83.94338467683131
74.0,86.132971051779
74.0,86.52394396173791
77.0,92.40149148412924
82.0,94.15670927456529
91.0,94.97305238710538
97.0,94.12026614266034
98.0,92.36835603429664
104.0,94.10514236631681
110.0,98.58879440142482
111.0,115.17163154807665
119.0,116.5548287327043
118.0,122.87137124318409
112.0,120.92495999728703
111.0,124.3402020072828
112.0,129.15908112545986
115.0,125.4625502897288
119.0,132.23078967314714
123.0,131.97800521087933
125.0,123.96137261324722
128.0,119.49585520551423
131.0,117.54270096755107
133.0,119.43458330400838
134.0,125.01231519446333
136.0,128.57158907917523
140.0,127.40160320647436
154.0,133.73537784392437
176.0,133.20479738280187
166.0,144.1041685566053
168.0,139.74802299511427
168.0,142.17660233098232
169.0,146.68315678150984
171.0,160.11399967853407
175.0,182.6878608853852
178.0,171.8521182937065
173.0,168.77701175689455
174.0,167.95214606524564
180.0,168.71241243041936
182.0,169.84855620559597
191.0,174.52109243948405
204.0,180.71971721631712
214.0,173.53804000969933
225.0,171.73449768296567
238.0,167.68961596187975
248.0,177.45962836734654
256.0,187.134023170565
263.0,202.0873137714858
267.0,221.9804267204214
267.0,224.3803466615155
269.0,234.61551090953765
273.0,241.12639334910045
277.0,248.54109772671546
277.0,255.2496289302171
276.0,255.6868058593645
273.0,255.63722712335982
266.0,255.0170331778124
265.0,254.69274049056983
259.0,256.41839143959663
255.0,254.8702130529947
254.0,251.3053228446888
262.0,245.409861840222
257.0,237.08319839139014
251.0,234.9907103519673
246.0,226.45878632731944
242.0,232.14549841510387
242.0,225.3624655885501
241.0,233.08249630737373
237.0,233.69845580846925
234.0,225.02670938072862
232.0,219.94589332675193
222.0,216.2606258943798
211.0,219.23065658732702
204.0,218.05731470980464
201.0,216.16090944913296
198.0,214.59109924992387
201.0,213.1600374682996
196.0,197.6774840839307
184.0,185.11185031235397
180.0,180.98137012841661
181.0,180.94396303441908
175.0,179.93995748184233
174.0,183.20909134007633
169.0,179.08609793231216
167.0,167.57263021032674
160.0,161.84682703153177
158.0,162.9336044623015
157.0,160.9684669056057
150.0,163.80997900969044
145.0,160.39952809419773
138.0,158.6467316709868
137.0,152.0482090057771
139.0,146.92997982762648
137.0,144.74863364839283
144.0,143.0858041004243
146.0,139.18321096686205
138.0,130.61466426703421
131.0,133.09253417062035
136.0,135.42402892263812
138.0,135.56733797327846
141.0,141.80808812061275
140.0,147.5869495264421
137.0,138.9106999420035
135.0,130.7195887018914
136.0,136.76615077062272
141.0,140.40523668640435
146.0,145.92460987681045
149.0,161.8120312814589
151.0,142.34199364009473
150.0,140.64372023569445
155.0,137.69026300168872
156.0,141.82850637289465
152.0,148.87127516422237
149.0,157.78148152380456
146.0,158.00113646879137
145.0,155.41200065779987
144.0,158.12501819560774
144.0,158.63606625916478
145.0,154.7741601264354
145.0,152.00626516838986
145.0,149.11634456573034
151.0,145.26042271194638
151.0,141.28575821973251
150.0,141.00012334433706
147.0,141.53709415844077
148.0,154.06800261640106
150.0,143.74068484643215
144.0,149.35759555246062
136.0,152.59051842002722
131.0,153.30014087870177
132.0,150.26843833068094
131.0,150.94370339708527
131.0,152.5912451627516
133.0,146.8718328586648
129.0,137.4244713348546
125.0,129.492765572379
122.0,132.1248310950003
120.0,128.88851754658248
118.0,128.6979730373037
119.0,131.87582204494436
121.0,129.77341078739272
130.0,124.25090157405648
133.0,118.61534359758875
130.0,118.76228444602386
133.0,119.36876676940142
137.0,122.04227863378404
135.0,123.58292203305652
133.0,133.57697627216987
129.0,138.03216418887624
126.0,135.43729199334425
124.0,138.62765905878615
123.0,144.9410593470659
122.0,144.59183093206502
121.0,142.47113807953835
121.0,139.60923346946663
121.0,136.4583500453889
120.0,131.7748582168477
119.0,127.15404134077711
117.0,125.82213798750306
115.0,128.13445898714136
114.0,127.52133463124432
114.0,133.71678914367226
118.0,124.73376689539938
128.0,123.07154213581657
128.0,121.54915112310474
121.0,118.76006918216088
115.0,117.22705621307706
115.0,117.1452813274559
114.0,120.91140421209023
109.0,131.4640491817545
108.0,132.17337057734022
107.0,126.2919836892639
103.0,119.25688390772922
100.0,119.51803559432562
97.0,118.37311646472328
95.0,114.05278400155876
92.0,111.98647009896774
90.0,112.65703567927787
90.0,108.04745883145476
90.0,99.51873851562684
87.0,96.21406191754042
83.0,97.66391479718123
80.0,97.46908300173638
79.0,94.66688615749202
84.0,94.2903822751059
85.0,96.60916574743575
75.0,93.11246756430805
74.0,87.1155616542644
74.0,84.9924176324641
78.0,85.09249596593737
86.0,91.44100961644149
93.0,93.4251256607099
97.0,83.65817512083771
101.0,87.60079316734746
105.0,83.49630558291217
107.0,87.34899127947976
107.0,97.25256939498846
106.0,120.8950031181943
106.0,119.85826423474484
106.0,123.77565806872605
102.0,124.35291874835437
97.0,123.60704892292269
93.0,127.47947575172765
90.0,125.72530141948464
88.0,125.37901874460464
86.0,124.46983850230279
83.0,117.53126954244951
83.0,109.8169090465622
83.0,101.752469254046
83.0,98.26651217459496
83.0,96.00769345515172
82.0,94.15049684189624
81.0,91.9838924613203
80.0,92.675235247813
80.0,92.40180123380581
82.0,91.35228172669106
82.0,92.75526908965259
81.0,93.7463973265794
80.0,93.12103799203892
80.0,92.7727832235289
79.0,93.03767587245035
77.0,95.36992865648806
77.0,96.78102912484277
77.0,96.07502025023338
78.0,94.74831695991288
80.0,94.94097725265111
79.0,94.19826918699052
79.0,92.78658063456837
78.0,93.49428455131063
77.0,93.83062403204973
76.0,95.60168925826599
74.0,97.29566356852084
73.0,96.88436704843326
74.0,98.16810637077535
75.0,97.53687494745019
75.0,98.19908086860912
76.0,96.36844801044768
81.0,94.27400107061901
88.0,91.90776371566906
99.0,100.6276860747015
113.0,99.67714816990078
127.0,95.73825297059626
136.0,96.17971963192986
143.0,100.57083718485893
151.0,108.76668780867021
144.0,117.6422534839916
145.0,131.27580165441833
146.0,144.8370355571466
149.0,152.2669499811694
152.0,156.04515707034446
154.0,161.6094242385993
149.0,153.37455727550892
144.0,151.09387977557427
141.0,151.56424874259193
135.0,154.18959104004315
126.0,155.42212786039002
121.0,154.48406898984888
114.0,148.01336769533378
108.0,140.81224638011062
103.0,137.38655446995782
100.0,127.01497658513516
99.0,122.39134332441459
93.0,118.56494313289096
88.0,112.98807145216037
84.0,106.70599572870393
81.0,98.89260860942412
73.0,95.76630781781128
69.0,97.83153869507065
66.0,93.99063029568919
62.0,89.13597968399941
61.0,86.07676305876114
61.0,85.61759760251046
62.0,77.14256110641405
64.0,73.14466507924874
66.0,76.94005143552623
66.0,70.2391065954266
67.0,77.00580027714098
69.0,66.52817294723076
71.0,69.04947517339158
72.0,72.27301376810183
78.0,74.64850543099853
85.0,74.36561510081232
97.0,78.97774661123356
107.0,84.05691107397026
114.0,86.79927276233781
123.0,89.66965300931774
128.0,96.77244654969965
129.0,105.17898806002643
129.0,118.79925505631411
129.0,127.26774706885382
123.0,133.43573558766016
117.0,141.6381557634326
109.0,145.47495227877718
97.0,143.92223166748698
85.0,141.33607795666623
76.0,141.00341616338517
70.0,133.07410790737853
64.0,125.04681794438062
60.0,113.61328442870058
58.0,95.58498794542385
58.0,82.9754305362655
61.0,72.01964418976526
63.0,65.98721614524166
65.0,61.57863558114758
64.0,58.22293158680981
64.0,53.640702575181265
71.0,55.39135275594123
79.0,65.48032590874057
87.0,64.70528936167034
94.0,69.560279715308
98.0,71.489110863377
100.0,74.20835880239412
99.0,82.32209723647387
97.0,91.94493409236057
99.0,101.61123025544586
98.0,109.37922182813776
108.0,113.94480441711127
123.0,123.33851617166687
119.0,113.1516160610492
117.0,109.91415133535793
117.0,112.98634925707786
118.0,114.00675761370033
122.0,122.0928498300297
132.0,135.93874349207238
141.0,130.13495391273474
158.0,122.93213559691029
164.0,121.01989724019424
171.0,121.76512308721624
178.0,134.85513785842912
185.0,147.8817923265724
197.0,154.70719409830744
202.0,173.4469775615094
204.0,174.89320768323125
204.0,171.9655173528536
205.0,180.83369156953077
200.0,189.5246865094108
186.0,201.64170903062563
182.0,207.3959738058004
180.0,208.46141492436868
173.0,204.73317061356374
165.0,203.50825290758922
166.0,188.81264742000232
172.0,174.57293610493576
165.0,170.62745750815407
164.0,166.91071102311702
164.0,161.3557850119295
161.0,149.33845624242434
162.0,149.54800251829025
163.0,157.97784770840792
168.0,151.99177390990525
176.0,149.64175590684724
178.0,152.11229780602508
177.0,156.68198452609235
186.0,158.10771994955113
193.0,155.7099509599334
196.0,162.94382633935797
196.0,174.99283259575324
195.0,179.9067158424116
193.0,182.17575962014465
191.0,192.61458452783353
187.0,197.54719759858574
181.0,198.7437435052334
180.0,198.36061171975558
177.0,196.3283952273834
169.0,194.11550064378997
160.0,188.62697468497132
152.0,180.21668971302654
146.0,174.9564092586768
141.0,174.09158872825913
137.0,168.81325447110157
135.0,158.82982825522188
135.0,147.3964425268426
135.0,139.81865301162247
131.0,134.58538604589967
125.0,130.08886031902443
116.0,126.75667886814416
122.0,126.5643575755575
132.0,128.29443243162223
130.0,126.54076346719856
128.0,121.75665378216601
129.0,117.11860048116787
132.0,110.14814513619615
135.0,118.21540357371103
137.0,131.21070975117686
138.0,129.8958996916046
138.0,128.01894301831672
137.0,129.19987038106729
137.0,132.17339034285555
131.0,137.55250198275263
126.0,141.118644103552
129.0,145.28451438421655
127.0,151.13640838789215
123.0,148.06228932545446
116.0,142.89229370331222
111.0,138.9358375563677
104.0,134.64371889841857
95.0,134.49081769726672
88.0,133.13158734053778
84.0,128.2406626862689
78.0,120.67640198891581
77.0,114.15837656016629
74.0,105.5703954697137
80.0,95.87296602330485
85.0,87.09518451162593
91.0,84.9748576983499
96.0,81.2612749641615
102.0,76.53147273249198
110.0,73.63906675877888
120.0,79.45595133164296
130.0,87.52260110422496
137.0,94.26910596336033
145.0,100.44447379223439
151.0,112.0479482993583
156.0,132.68476115385258
160.0,133.90350161659666
163.0,145.75146386872888
166.0,151.9584696211316
172.0,160.8165707231058
174.0,163.76049900225544
175.0,166.13005219992428
173.0,167.26664687494164
167.0,168.58328905739683
159.0,170.1061191323214
161.0,174.6297098223614
163.0,174.074933406751
163.0,172.07174400525125
162.0,168.0612626796781
169.0,159.8972792001157
170.0,150.3870224965805
171.0,152.31760031365155
173.0,153.47593641308447
173.0,155.0994440030665
173.0,154.8664731725789
175.0,160.8417965211491
166.0,163.3954418832469
159.0,166.94005049471875
156.0,170.05400210875334
153.0,173.2798079716837
154.0,177.58767537014228
156.0,178.59102254880975
157.0,168.88313657192907
157.0,160.43471123675096
157.0,155.9870221089581
160.0,150.26226428344927
161.0,151.7279580663536
160.0,155.34053612320886
159.0,157.01002890595242
156.0,156.65796488578604
154.0,156.18840313779688
154.0,164.8260531193312
154.0,162.59671642555827
153.0,163.80317014805118
154.0,162.2284639848327
153.0,159.18148753859154
149.0,155.292274629679
146.0,151.66508482900215
148.0,150.16360232672716
148.0,148.73587533564057
146.0,150.84392503148112
147.0,149.35729377227705
145.0,144.53864321966972
142.0,141.79062815709872
141.0,143.73698980645824
139.0,145.51100209538077
137.0,144.50212757448463
136.0,145.38259793525665
132.0,143.80164839985216
127.0,140.91568135177874
122.0,138.75219191364394
125.0,137.03426044201478
126.0,136.7859342350518
125.0,137.59886649433548
125.0,132.64928378995674
121.0,126.71897324869772
111.0,122.3313064591959
104.0,124.46893047643064
111.0,127.03106027076113
114.0,127.46925320228642
113.0,127.48422597819226
112.0,124.1827093635653
112.0,113.56451121859655
107.0,104.62531881450936
95.0,112.94315690814646
93.0,119.61571180879723
91.0,121.23583423874956
95.0,130.52324349357588
106.0,120.46724577833649
108.0,114.95321254285321
112.0,101.94235391227696
118.0,107.66981535036075
127.0,106.45893962014634
137.0,112.34457161365691
149.0,120.09605224493126
155.0,120.59765680729443
156.0,124.05849249169205
154.0,131.6146115884946
147.0,140.23289258062695
142.0,150.89947585556484
136.0,168.83613108865873
135.0,175.0187183614015
131.0,174.2743870651527
124.0,169.23777447456342
123.0,153.76208884654173
124.0,148.18633535578545
127.0,142.42954257183854
123.0,141.74202636454422
118.0,134.80972841371775
114.0,125.93984141094941
108.0,121.36505053910113
106.0,121.44024237257872
102.0,124.6696648723997
104.0,121.72125017835523
104.0,134.37040843127872
97.0,119.23245314838815
89.0,115.55770910578696
84.0,110.02933470804389
84.0,105.9459245359524
83.0,111.1991957338435
84.0,111.9959082747668
86.0,103.9601678826672
87.0,92.82128604032485
88.0,88.47372545832246
88.0,90.10941916627867
91.0,89.7391944896419
91.0,93.27603020877126
89.0,95.73243681045179
94.0,97.96279836703519
96.0,96.1784525998517
106.0,94.31248701170698
124.0,102.78296600434189
111.0,106.58582534642629
103.0,106.5924962985338
96.0,111.2985975235894
95.0,110.76131230420776
95.0,121.27580441710421
93.0,139.8795853075703
93.0,127.50417330710584
94.0,114.80909304610535
97.0,109.0270306987357
98.0,106.32500101054804
97.0,106.7931924616313
96.0,105.47894196586806
94.0,103.54599600248652
91.0,105.88315959290117
85.0,106.67248077584345
80.0,99.63032296573132
77.0,106.77427713676394
76.0,109.95209055069913
77.0,110.20538702867246
74.0,106.22675135090753
75.0,103.97833197927932
75.0,103.21158751429411
73.0,91.43709128739687
76.0,87.9878756313739
87.0,88.32719438231217
85.0,85.05595977479533
84.0,86.09273692094814
89.0,85.8541235281947
91.0,83.1004970490767
98.0,85.33626181422852
103.0,99.66420051432914
112.0,101.31984312252705
118.0,101.38787176274656
111.0,106.30135338220893
109.0,106.49329364370938
117.0,114.71912928461231
121.0,119.412844839548
123.0,128.66476595633637
127.0,136.7274177751689
124.0,128.47289687167108
120.0,118.9005617013213
119.0,128.6141457207425
124.0,135.39065123466762
124.0,135.0805871390573
123.0,139.4375372200766
113.0,133.1042727506809
119.0,127.78841844935206
120.0,123.23811456319532
116.0,125.5365456441029
115.0,131.7753694243758
119.0,133.86624291246335
124.0,119.49526509296295
129.0,122.45209571346207
132.0,125.81472693957117
131.0,120.72250101413408
130.0,121.46587048232854
135.0,127.07915537322208
140.0,143.2438529046193
148.0,137.17145835794258
155.0,156.3998396471317
154.0,143.35812445359102
158.0,145.5644897049574
164.0,145.561053382455
168.0,147.08579762418597
164.0,157.51534370025365
161.0,165.205083903039
168.0,161.40309848162613
172.0,162.00167012190695
181.0,165.87728507687174
193.0,168.75827794064688
194.0,164.63261925424655
196.0,162.38458370532075
192.0,167.02115913840078
182.0,171.32859726507132
174.0,177.79111307114118
165.0,196.76680859449414
158.0,191.6700412051877
153.0,191.54815270093607
145.0,184.9344734586826
134.0,172.70713841062417
125.0,166.16867094964275
115.0,160.39326041842352
103.0,148.27567185140188
101.0,143.8564524685446
107.0,133.9938122717875
112.0,118.55287586801052
113.0,109.80441298991587
115.0,100.78968530234452
117.0,89.36024043167487
117.0,90.94445116200745
126.0,99.83989787487688
122.0,108.31250349685182
129.0,109.99659096327618
131.0,110.36011558329045
134.0,127.73938221552375
133.0,121.59566324119038
134.0,131.5087567276582
153.0,130.33529672093763
148.0,140.55667503154754
144.0,143.48217415815233
135.0,143.16585102189592
129.0,139.4525489128503
119.0,140.87301821185287
116.0,161.5170636274952
115.0,158.0019895725763
114.0,153.80732263884607
112.0,140.55078540641662
110.0,135.89266166827264
108.0,122.02053443217594
106.0,116.41977978482882
102.0,116.51061314237069
96.0,117.98671326954674
96.0,118.44235931917405
101.0,106.62120685489148
95.0,106.20074106912267
89.0,105.83132070264136
87.0,104.21450687687687
87.0,98.96278206722484
78.0,102.41006364595873
73.0,106.67491357824039
66.0,100.36551390862515
60.0,91.30381883859354
54.0,89.50060602836434
50.0,90.41556413607587
47.0,82.1942328318199
47.0,76.41410189255855
49.0,71.33264511877222
56.0,67.09522680128961
64.0,60.69508561940259
68.0,52.69507873128963
73.0,52.17070379928782
77.0,52.86797048936921
83.0,55.0835129312177
90.0,60.35592290888657
92.0,72.68455139340018
107.0,84.7847182740062
128.0,91.95779557000398
130.0,93.94840449344996
136.0,101.13478478578247
143.0,108.7684405664339
153.0,111.10956966348468
153.0,125.3567315219515
148.0,147.49693580000215
148.0,146.55997411417573
158.0,146.2593042193307
168.0,151.6620976245542
172.0,159.7936593112656
163.0,157.31855669929908
148.0,147.39420452324012
140.0,144.9931124904755
136.0,158.36730083231234
137.0,166.0341440564171
137.0,161.75394224384175
135.0,155.0830734976287
132.0,139.498676537383
129.0,130.51713255990308
126.0,122.72817412291624
126.0,125.81730956567888
128.0,132.69064232240348
128.0,134.03434933830334
128.0,127.55692111111152
129.0,119.15861180970663
127.0,114.34663474393788
128.0,117.96202391424069
128.0,127.4367900934717
127.0,131.00402673143063
127.0,131.80778950457142
128.0,131.81954343284352
131.0,128.47091548640105
132.0,129.34452313236778
134.0,130.7148637402188
138.0,142.75754583719157
139.0,133.75124029306608
140.0,134.00974834232375
141.0,135.5123215784258
143.0,135.71988718835308
146.0,139.1231023160195
146.0,143.05301371513374
147.0,146.14743732510934
147.0,146.21631834931748
149.0,147.00645838726732
145.0,149.62792575661095
145.0,152.56618026361514
143.0,152.43144813588657
142.0,152.25598061042683
143.0,151.36212430123425
142.0,153.40094503577401
140.0,147.78899078214872
140.0,147.0753557947276
139.0,145.7087160760129
138.0,143.2013432711375
137.0,143.16991529105348
136.0,141.51610005215716
133.0,140.29172148665205
131.0,140.21167242832837
132.0,139.93606118960668
131.0,137.83387699948102
122.0,139.20320470778364
117.0,138.29074018387266
116.0,136.0582524181818
115.0,134.16868170111147
114.0,134.56335116155955
114.0,134.19392698703044
114.0,125.79885534481363
112.0,119.05759783539914
116.0,118.51493556780018
130.0,118.0326387800529
144.0,125.52012099512957
158.0,116.59347336345655
171.0,117.18884169806033
178.0,115.11965307663752
184.0,116.9129612557052
186.0,130.2565326062346
184.0,150.11740055840426
179.0,167.70434017160017
165.0,179.74737535993336
157.0,185.6622842691889
148.0,190.11239037475102
155.0,190.09799278061828
161.0,186.26795555881301
160.0,181.77133426845933
154.0,167.99157141558825
145.0,155.08016061120557
136.0,140.43522400116652
130.0,145.29503453669895
126.0,150.5131521057189
125.0,149.74533304838883
128.0,142.24994672728374
130.0,132.54755136403546
130.0,123.63260534410003
130.0,117.25858180026155
128.0,119.0327307123373
128.0,120.98673109506714
128.0,129.3612166224696
158.0,129.30322201626086
166.0,125.86955610415221
169.0,125.12047846902914
166.0,124.59146036829321
161.0,136.12977676665298
162.0,132.6489288336992
162.0,164.7103527158718
160.0,175.9085361847309
158.0,177.66888090977818
158.0,182.43465956853026
153.0,165.63119767947256
146.0,165.33325705007476
142.0,165.3360654552488
137.0,165.89270012605112
134.0,165.05804802677298
136.0,166.48285439493233
127.0,147.8554633371583
118.0,136.75259410453032
115.0,132.71301327591613
111.0,130.1777385441062
106.0,145.35819828284087
111.0,137.45645063249754
112.0,128.60352259616445
107.0,119.2898469062074
103.0,114.22850365141929
100.0,109.16030593494924
116.0,104.98608667810893
118.0,112.89481322404288
112.0,116.38566336668671
113.0,112.40143194014559
113.0,107.05097814325194
116.0,100.56405898467844
120.0,119.83888601243282
119.0,125.3576597133028
110.0,121.41119962398591
107.0,122.49316996761449
104.0,124.28617619415547
104.0,126.44126800489349
105.0,129.26955439192614
107.0,131.32207684849146
108.0,124.89201481674513
104.0,123.88869538884235
103.0,111.98133473126879
104.0,111.45750218009177
108.0,117.8664756633929
112.0,118.14893737505976
111.0,120.09591445403672
113.0,115.540860367361
113.0,111.87643750728972
104.0,112.82973607798779
111.0,121.16471882888945
125.0,126.10316725416828
134.0,128.60227459222745
136.0,130.47617962302425
139.0,130.22909606127868
146.0,119.6450002122125
152.0,123.54844307030898
164.0,134.4913362269848
176.0,149.32440044904405
176.0,150.74549106639932
185.0,151.39510401366678
194.0,156.11207604398132
197.0,162.5763802822688
190.0,173.03054953502678
186.0,185.35737167706935
199.0,191.88933892161174
205.0,197.62580804134
206.0,201.47339285287507
204.0,201.44188111172826
204.0,195.60908515002774
204.0,190.6043945912086
203.0,202.71098125616237
203.0,211.4071006559663
201.0,210.26393419056734
200.0,203.112159996324
212.0,205.2020028824798
213.0,202.80531165280155
210.0,198.35541218700212
200.0,197.93599545480922
203.0,201.52898625922396
207.0,202.33072766882873
197.0,208.26816937427705
199.0,208.51482150423186
198.0,208.6300824787763
190.0,199.03464513915628
180.0,201.06889245329307
160.0,203.9517219114241
159.0,198.3178921229332
154.0,198.93054809919792
165.0,197.32056539534437
168.0,190.75491075600698
168.0,172.50256684658865
171.0,150.82156244801143
173.0,158.11348490378634
173.0,151.24244081206456
168.0,159.8871903790917
167.0,160.46540854904364
174.0,178.6131476403842
180.0,170.80733085713388
187.0,168.1084904788299
188.0,171.2197008969475
180.0,166.30010307755526
170.0,173.88113384407552
165.0,179.6512644711946
164.0,186.69691437201462
165.0,190.2697795591024
166.0,189.03139753655418
163.0,181.2549273596482
164.0,169.27268814519317
166.0,163.22351419079345
168.0,161.55814998439917
171.0,172.47198449184185
162.0,167.84048528243042
158.0,161.78555774709628
170.0,160.57123510953764
171.0,160.1029899013836
161.0,161.36131502907293
160.0,166.88511334977275
158.0,163.05483099512983
155.0,159.42615966727678
153.0,169.24630252048723
151.0,170.90394109131978
150.0,158.11622868898002
159.0,156.97093812988513
170.0,152.60113819558975
181.0,149.33077321111074
192.0,147.1111449627557
182.0,143.56424607914477
177.0,147.48831107004307
189.0,168.66378167002293
201.0,166.06366452880224
213.0,177.44801195726757
221.0,195.93291311679147
224.0,184.6821742722715
214.0,173.59293315651257
203.0,185.7378896181778
195.0,200.73681876454845
191.0,214.24529605615135
188.0,223.10825502689852
187.0,223.0137582917389
189.0,208.17553199208766
190.0,192.34674324338226
190.0,178.23656503648755
190.0,181.54092507972337
190.0,182.10851312057346
269.0,178.2901747776709
277.0,178.4934494430861
276.0,176.61025869113
275.0,181.54584807524915
275.0,170.8720387696956
279.0,173.48226735251586
269.0,260.6587894621078
255.0,280.9742480831982
232.0,270.92353123870873
243.0,263.65875427401727
235.0,261.24965456721054
217.0,260.81113947931846
200.0,248.64045528135196
192.0,237.62216650503723
185.0,215.8086045192316
179.0,238.1981388009267
173.0,210.12661258785982
171.0,184.4539666251885
173.0,171.54439045746645
171.0,165.89241536221775
159.0,160.73944348283416
142.0,151.42948844926156
129.0,150.16790171450944
118.0,153.842395346932
110.0,161.87486951915994
106.0,151.11956054729606
107.0,138.85796751339836
111.0,127.53826555812256
60.0,33.76633186275892
56.0,33.675467485175986
53.0,33.693405797240345
52.0,33.573949920700244
58.0,39.493877545783846
61.0,36.24197519424993
64.0,97.97905978689953
71.0,92.82217241036591
79.0,82.9097932799116
86.0,79.42594517821905
89.0,84.61822840327969
91.0,79.07827893123522
92.0,79.57866677244645
93.0,85.49454896503553
93.0,92.33056144817851
93.0,102.79037595676448
93.0,114.547260813095
95.0,117.28325504114598
96.0,120.50157280900427
96.0,122.15047741385908
97.0,119.39798828132973
97.0,118.72330443071147
98.0,119.14074675229418
99.0,119.54850527298936
101.0,113.59895884388715
103.0,111.78603271760475
103.0,112.6349062041042
103.0,112.6502823138367
103.0,113.13058658516607
103.0,112.28798657999693
102.0,112.28978271268585
102.0,114.91919602444611
102.0,115.6936521563704
101.0,115.28673761416324
100.0,115.5758011343586
99.0,116.74691311218697
97.0,116.30033830839707
95.0,117.18833590686216
95.0,116.73741898374817
97.0,114.80161129293509
99.0,113.14627260301822
97.0,109.65636623636075
92.0,107.84088700280981
89.0,105.7582772317918
85.0,105.61301028712842
82.0,107.8165696184692
78.0,110.73587285075794
75.0,108.54378023358352
71.0,103.26881836377635
69.0,98.61165830405483
67.0,94.56230794390669
65.0,91.05932089611774
64.0,87.31314715217833
63.0,84.19715555883987
66.0,79.9782703835651
66.0,76.28960063204342
65.0,72.63449832250247
63.0,70.65691154402425
61.0,71.2433953618372
60.0,70.54722523889875
58.0,74.45540379370107
56.0,75.34379604225538
54.0,74.86850350264295
53.0,72.52168581954464
58.0,71.04570603630793
63.0,70.07236285642402
67.0,68.64207243446337
66.0,67.26881454040785
64.0,65.50576484921653
60.0,65.1321501303009
58.0,68.89453436321908
58.0,75.31992223652453
59.0,80.95630864085595
59.0,83.92632353909882
60.0,82.35264690269669
70.0,78.0878205200235
84.0,76.29905883669737
93.0,77.28550700323957
106.0,77.63275136323627
104.0,78.29176075185273
103.0,77.53359274889552
108.0,86.22343639258462
113.0,99.91819376584317
117.0,112.33207481496618
120.0,124.18029604213486
121.0,122.20540442271727
125.0,118.46773471125974
129.0,125.55798492869656
130.0,129.87713838470052
130.0,134.04538886376102
126.0,138.09573577531654
124.0,137.02507967189382
121.0,136.3455417595468
119.0,139.7988166371645
118.0,135.9366035530463
117.0,138.0946726230251
123.0,136.2676544165198
130.0,132.56284202111345
129.0,128.63412027105167
132.0,126.1059890886504
133.0,122.02032074191439
133.0,122.72789668165422
135.0,128.485688688567
143.0,137.05821565057116
151.0,138.2738780959646
159.0,143.70257962123512
161.0,147.07076841697824
174.0,147.35346802104974
173.0,149.43321433523548
172.0,158.94147493408428
174.0,181.4591624917539
185.0,180.78214358041345
197.0,177.75736114344494
202.0,184.87792473969688
216.0,184.31710215616494
228.0,179.36001771840495
236.0,179.662198906889
245.0,191.65683239341564
246.0,205.07381846525652
245.0,207.46358949446594
246.0,218.54951623204227
250.0,228.06557765173682
249.0,237.24281880821133
245.0,236.44696396118908
234.0,238.68718822699302
232.0,239.33833636115077
229.0,240.73604193603217
219.0,241.4980654097822
214.0,237.27909470600002
199.0,234.2589646326364
183.0,220.19526491698196
168.0,212.85171869625435
154.0,210.3997817559673
127.0,199.0097526795284
114.0,195.38657348816727
101.0,176.36652285953454
91.0,160.18508875391944
82.0,142.56540173141008
74.0,128.93287684748285
72.0,103.18233322385174
69.0,94.37336179684459
65.0,82.0191322800746
64.0,71.40131565366788
64.0,65.75048949713377
62.0,56.27162108485861
64.0,62.95892022764458
72.0,60.20189182080894
82.0,57.84010252723044
93.0,57.226374107382796
104.0,65.83068078615136
113.0,64.8905124705742
119.0,68.02349752492078
126.0,77.60228080906413
133.0,90.79617828678802
136.0,108.15108061773424
140.0,119.60682190662729
143.0,129.9032518611393
146.0,139.1365516137466
152.0,146.7804669525534
158.0,154.91921090750762
163.0,160.52584364771056
170.0,165.17500943327852
175.0,166.34873589919368
185.0,173.1215866613002
192.0,173.39193525832397
204.0,172.949673773012
210.0,174.02784364975724
213.0,178.37339957037838
216.0,181.1296772699264
213.0,188.09854961706958
213.0,192.98193169303954
212.0,203.71702787492256
214.0,209.47616887341638
217.0,211.8994791478969
220.0,213.25939196897875
220.0,209.50092194656267
220.0,206.80456310641028
224.0,204.91372530093673
224.0,208.0927895992031
225.0,209.4600729169344
231.0,212.75612820003903
237.0,209.72207992716756
237.0,207.67452596642974
241.0,211.91142478692643
237.0,211.79128970785905
258.0,214.9461405553503
263.0,222.30321884587943
262.0,230.81158571725092
258.0,239.6868420308037
261.0,231.21671068232826
256.0,226.39684759145814
257.0,247.63141499363306
254.0,255.6457157269479
249.0,251.2171556212254
244.0,245.17855282180108
237.0,245.61011664493282
231.0,238.23715608466844
219.0,235.39562414623782
213.0,234.71398633594202
210.0,227.0441736446584
205.0,225.647554800388
204.0,207.65281052866263
198.0,200.30200824128804
190.0,190.35760864461975
187.0,186.74343914124046
186.0,182.91518861548423
184.0,181.94296647428254
182.0,180.4185997072174
182.0,176.08384243456544
182.0,168.00774267436972
184.0,165.25285322393032
185.0,166.87840688738416
187.0,167.62329744563633
188.0,168.51186747987978
193.0,170.95819559587065
196.0,170.22036879977676
192.0,173.6171601507436
188.0,174.12407607222352
184.0,185.4278814207644
184.0,190.40463872118204
187.0,193.84556906605397
189.0,196.3619591159652
192.0,191.424231670553
194.0,186.4233482544931
196.0,181.68177133055102
202.0,181.1124085923255
209.0,181.25856999617423
211.0,184.6510176972439
210.0,187.7095883381853
203.0,190.09950344217174
196.0,190.91993077065422
194.0,194.96860186469718
192.0,204.01370673843684
186.0,207.6367836514583
180.0,207.17575945396894
175.0,199.2722216185802
168.0,189.89895901018699
163.0,187.9135652339723
158.0,183.8817196572554
153.0,177.4447437928645
147.0,172.3869454291424
140.0,166.81399418606992
134.0,157.84579195087352
130.0,152.0090777305879
126.0,145.10310770945426
120.0,142.89686218573854
114.0,139.6883161207865
112.0,132.44429423099882
108.0,125.80557797474555
101.0,123.11225798540971
83.0,120.34928305235607
80.0,114.79484663367518
79.0,110.16317583798434
78.0,109.23232733868075
78.0,106.57213275051016
79.0,98.640563254764
82.0,79.63107231838516
86.0,76.72470646060043
92.0,78.54317796120938
98.0,78.42029542538825
105.0,78.81176317043288
110.0,81.68316585659011
116.0,86.88627818931808
123.0,90.09028337028711
127.0,97.33126213084171
131.0,106.61303721063027
136.0,122.14230473927154
143.0,126.91007571849141
153.0,131.32060922013656
164.0,139.00490465852994
175.0,143.4833810977541
179.0,146.89437869505684
186.0,150.91437714825256
187.0,164.51373356910622
189.0,165.54003324399892
191.0,173.34936374389363
195.0,180.563695090787
199.0,181.10070608665887
204.0,183.6776977662728
210.0,180.24789520843487
213.0,180.10283246558294
210.0,181.2068662297551
200.0,184.91654091880017
193.0,188.76544091731364
189.0,192.04089212793542
188.0,196.48391580417507
187.0,195.14474687227084
185.0,192.55693574598118
182.0,180.12953631997726
180.0,173.81257204140212
178.0,171.15829259151567
176.0,168.95402817259244
175.0,168.55844297411974
173.0,166.8909690632837
172.0,163.57501181972913
174.0,160.37790300313833
175.0,157.58671996950616
175.0,157.24089644019787
175.0,161.01876722282603
176.0,161.9266198986729
177.0,161.7850127663753
179.0,163.75853594492645
180.0,164.86217765962678
181.0,167.35139402894652
181.0,168.22855715743856
180.0,171.2042348979243
180.0,173.77760713799955
181.0,178.80681566603755
181.0,180.33917817616523
182.0,182.21468962941844
181.0,182.4735278602583
180.0,181.14818777162407
180.0,181.49596250721368
179.0,183.49806258141422
179.0,184.37757197594786
180.0,185.35051829526972
180.0,183.71187016855464
181.0,182.1500397177553
181.0,180.97999325472375
182.0,179.70801760404404
183.0,179.61027367798232
183.0,180.5410743092291
183.0,181.63736187205507
182.0,181.92023316318995
182.0,183.12220191251743
183.0,184.25137523790056
183.0,185.65888106324863
184.0,187.0212141024519
184.0,186.73168197646046
183.0,186.22976102410354
184.0,186.23483881048205
184.0,185.6971839653999
183.0,186.05992983871658
183.0,186.51875411534022
182.0,186.0022640683449
182.0,185.64835846389806
183.0,185.97776438668575
183.0,186.355172864489
183.0,186.17586233479295
184.0,185.35258885806016
185.0,183.68535180160274
185.0,183.05090589035026
186.0,183.40436089633414
184.0,184.17472609845134
182.0,184.03889423716842
182.0,185.719026354722
178.0,186.41960556867693
182.0,187.27686563736788
188.0,189.62730107899463
195.0,187.41713475846115
194.0,185.3890005040745
192.0,184.1653663583672
191.0,178.85397218372407
192.0,181.76561855858353
193.0,189.13991054405912
193.0,196.77780660154403
192.0,198.41226395434245
190.0,195.2619986063766
188.0,192.92045233659476
185.0,194.3839632378076
178.0,196.28074491297613
175.0,195.8908767966842
172.0,197.70347332043505
169.0,191.4446990927172
165.0,186.9476743457498
165.0,180.56818451941265
170.0,173.9787035236353
178.0,171.7606635801761
177.0,169.9087653626429
175.0,166.52453261922074
173.0,162.15406555154513
172.0,161.62981963665464
172.0,166.96315938453006
172.0,176.01323302990644
172.0,176.08903205571724
171.0,180.0798673477038
169.0,180.31552892269568
166.0,179.20136143415712
164.0,179.01275892147865
164.0,179.48910451973092
162.0,181.73675210135025
162.0,178.6590847036748
161.0,174.84257985839287
161.0,167.57338455227816
162.0,166.40008397197334
165.0,167.79086890635492
167.0,167.07472627955042
166.0,167.7518075379941
166.0,167.22375939674774
173.0,167.16740987470922
176.0,167.5974290818265
177.0,170.33132620434037
176.0,181.46537477616596
172.0,174.44309165000672
172.0,174.6641055747974
170.0,180.32262315082102
168.0,183.53202957832025
167.0,182.3983185210152
168.0,180.32640982651282
167.0,175.33312851505
165.0,174.34030707772922
162.0,171.43670727085518
158.0,168.92164226611055
154.0,166.10539170915558
149.0,168.95428540321498
145.0,164.91297254723142
141.0,161.84161104196696
139.0,158.78201938643952
137.0,155.00705321649218
137.0,152.74691015975208
138.0,147.27657858747213
148.0,158.2181174055415
156.0,146.06661033805992
163.0,142.97409398309242
171.0,139.3310887695466
179.0,138.47062793913156
191.0,139.49903536696306
197.0,150.38582544340096
200.0,159.9318049278668
203.0,169.9879934058449
195.0,178.84622485528058
186.0,187.48235610384157
180.0,199.97439547191078
176.0,201.88856060194314
172.0,202.25683365975115
166.0,204.613451031463
165.0,197.00927863688827
162.0,183.03544050107695
161.0,174.68649760788392
164.0,170.57320702286086
165.0,163.34329036147733
164.0,157.02792631193597
163.0,153.13086803690433
158.0,150.0206556206357
153.0,149.4001343043402
143.0,152.66557345656938
132.0,155.26390837519165
125.0,158.07017588095385
118.0,158.6780544760608
110.0,154.4477171375524
104.0,149.35481771765225
99.0,141.201775153627
94.0,129.30671374795816
89.0,123.05258088151653
87.0,117.77107221326052
86.0,108.5359060927931
83.0,101.47980951821849
81.0,96.83133825260242
79.0,89.4658332981121
77.0,85.57488882922381
76.0,83.77334602848279
74.0,85.72266709223233
73.0,85.88562517949651
73.0,83.93251481567282
72.0,82.42628500336865
72.0,81.96149641819551
77.0,81.45063263206771
80.0,80.17972449584245
83.0,79.88405559223199
85.0,81.38974028601737
88.0,80.86101655757356
90.0,80.25387690051865
92.0,86.65248792277879
94.0,91.7472211366456
100.0,97.86475998658693
101.0,102.37825892596203
100.0,106.40915785361369
100.0,110.12398589311633
100.0,112.90703024964434
103.0,115.13181625043211
106.0,122.24247973970698
107.0,124.3128194022585
110.0,133.51330916713877
114.0,124.92417892772933
114.0,122.09634259367192
113.0,123.495048954998
111.0,124.63597156624557
110.0,124.50528977064042
110.0,126.49291243987821
113.0,130.2794827607338
114.0,127.01459320905575
111.0,124.88994700228638
107.0,123.61517832023033
102.0,120.78628660035207
100.0,121.83044551488528
102.0,121.88125988764423
104.0,120.87909100829054
105.0,118.49673985744646
109.0,113.35968823651643
112.0,105.90432295320122
113.0,104.61417726206724
114.0,108.07590949540263
118.0,112.28933391173874
121.0,114.35895442125046
123.0,118.57566679203345
125.0,120.51391182694016
123.0,123.23935450644098
119.0,121.19254683169179
115.0,126.76958486044394
114.0,132.46842854798473
113.0,135.46175322240916
109.0,136.42665666098168
111.0,133.58032773781434
114.0,128.96850657599438
119.0,123.18872327765482
123.0,121.76981164958248
126.0,119.24579227706012
128.0,117.95581453930288
127.0,118.9709999765941
124.0,119.24288475132415
120.0,124.4136864875054
117.0,127.9492289136258
113.0,134.57918942527496
110.0,138.07731637206354
109.0,138.56810096162874
107.0,135.04258190975636
105.0,130.2004551138906
106.0,129.30295175913184
106.0,123.83722766112946
106.0,117.9521784656136
108.0,115.91622270762632
107.0,113.35642635107219
106.0,110.67076263564746
103.0,110.6714378692784
102.0,111.25899171266022
101.0,112.29599374126684
100.0,115.39713278228862
100.0,115.14485403134643
99.0,115.53729858176644
98.0,112.79787939153653
97.0,111.93407708701187
93.0,109.4581004634338
92.0,109.40655557199858
91.0,108.84358795684867
87.0,115.97205368065079
87.0,112.75924802822925
86.0,106.10350757783948
88.0,101.71770397418081
92.0,99.83708014507346
96.0,100.0235232031686
98.0,96.10863016768536
101.0,95.58339329396185
104.0,95.14373055614288
104.0,96.8134475504759
105.0,101.16072812220355
105.0,105.84357204783123
102.0,108.82481904668053
98.0,114.1349604003713
96.0,117.14538134406189
91.0,116.49983765578311
87.0,118.67374221205489
85.0,118.30890603677403
84.0,115.86608291997757
83.0,111.17069484107583
81.0,107.90184697587283
78.0,97.86478683454021
75.0,93.70785431993143
71.0,91.32895742656103
68.0,90.15899193808586
66.0,90.00063384836633
65.0,86.36892218337871
66.0,82.84503450916698
67.0,80.15801884117889
65.0,76.96932006330478
67.0,73.41820071794332
70.0,72.61319184275575
73.0,72.75168166816458
79.0,73.68280501193367
84.0,74.46302418037706
88.0,71.98312429266635
93.0,73.72147448711715
99.0,77.420472857064
105.0,87.73616085826374
111.0,94.84433464859383
117.0,101.87594868125677
124.0,107.01414421286874
131.0,112.58769501329522
138.0,118.42959905678634
144.0,131.863550381038
149.0,130.87911942674322
150.0,134.7516123463783
149.0,139.32946169371635
148.0,144.2749944492656
147.0,148.22294455877974
145.0,150.7676605371911
146.0,153.7190381232499
150.0,152.55472736412565
153.0,149.43448062827247
158.0,146.8743514848331
162.0,144.94281756457138
165.0,142.66561158407882
169.0,143.5107332909464
172.0,146.592737385732
175.0,147.80036698773796
177.0,153.49074393441342
178.0,159.05699044306058
179.0,163.0088170917153
179.0,166.38293131050742
180.0,170.61002449085998
180.0,174.54273352124787
180.0,178.3700114504023
182.0,179.974817262165
186.0,180.05618044537835
190.0,179.93157086479056
192.0,180.14393353952704
194.0,179.99290853356877
198.0,180.1428612385338
202.0,181.5727341143256
205.0,185.83693762414117
209.0,189.26208161773854
213.0,191.1806954377932
216.0,193.42359361904693
218.0,197.30587674511077
220.0,202.19168833683509
221.0,205.42587846607938
222.0,209.2779349841719
223.0,214.40789610384508
223.0,217.73508172149465
224.0,218.745182939652
224.0,219.61382520022204
223.0,220.82202188703917
222.0,221.2202781119601
223.0,221.38830540388358
224.0,220.52899672841409
224.0,221.4001604402345
224.0,220.8147558840538
225.0,218.73797865914253
224.0,217.47759048621464
224.0,218.53355103341428
224.0,217.91036016277783
224.0,218.28698989284538
224.0,219.2777595499732
225.0,219.25411038459595
225.0,218.70979071029552
229.0,220.00638145370607
232.0,220.245199081514
234.0,220.0590283553688
235.0,219.8621819188594
235.0,220.6768751268967
236.0,220.3646070018386
236.0,224.4936958204102
237.0,229.32159234014057
237.0,231.6466581662766
237.0,232.90735855599647
238.0,232.7713810755846
237.0,233.5275934549297
235.0,233.39597520166672
236.0,234.4145330388173
237.0,234.25705353522062
238.0,234.96269087110824
237.0,234.54741787146722
237.0,232.78640535415195
240.0,230.0854623780046
242.0,229.81128044726188
237.0,230.79391420467775
256.0,231.73761606598913
253.0,230.95622693497492
250.0,231.4976580695497
245.0,239.96565473540647
241.0,232.90035889696256
238.0,226.07857152232788
236.0,243.227343794259
226.0,240.0034153124892
216.0,238.718690470358
209.0,230.94132104161596
207.0,225.47798884514793
194.0,222.57282928603368
181.0,219.0097923552288
173.0,209.60680913488162
169.0,196.52082987056556
165.0,195.19764134414675
161.0,182.6207276005646
156.0,171.43360520832212
153.0,159.29893369034212
151.0,153.28119511206458
154.0,151.5820426230561
155.0,148.3842833465007
152.0,143.35486997465188
150.0,142.2273026789641
147.0,140.82302688431986
142.0,140.70835916096374
145.0,141.886925745529
146.0,147.56926760468974
151.0,157.06921311117833
162.0,155.09797756257197
171.0,148.28279720467464
182.0,143.13243153808537
195.0,146.1207049182905
201.0,149.26756960118084
206.0,154.72617976733778
209.0,167.65949930463583
208.0,177.37573428550434
205.0,189.5650601774983
206.0,203.84715343263338
212.0,209.90954404969466
211.0,213.34927169287434
203.0,216.45965937235084
194.0,213.42573860947522
190.0,209.58826518088543
179.0,209.10098672603615
167.0,212.10567891135375
156.0,210.23867044225682
148.0,199.34684118835457
134.0,185.59395393892348
129.0,178.82703230402575
124.0,167.67296332164003
119.0,154.74315557648907
115.0,145.81822110085486
110.0,140.55087105542293
108.0,124.93978298049166
105.0,116.22557020159671
102.0,107.48543275059917
99.0,105.98264762573042
99.0,105.0348161378551
97.0,99.10773505898216
93.0,99.60325802280704
91.0,99.73275595479708
89.0,98.3294432361233
87.0,94.59061178526986
86.0,98.87085201235173
85.0,96.76764621363733
84.0,92.25935333672996
82.0,90.9042915698659
80.0,92.10775266473796
77.0,91.82353841064142
77.0,91.26440464066262
75.0,91.5554851181104
72.0,92.54163416372985
71.0,91.89912361421639
72.0,89.69230180999888
72.0,87.40936281025198
70.0,89.32916335427892
67.0,89.39140927651405
66.0,85.80717728215764
64.0,85.15891090882431
61.0,86.41118976014839
59.0,86.7929046466436
56.0,84.20135426228688
54.0,81.13413368691107
53.0,80.1461153554482
52.0,78.97709608681323
54.0,74.7740513598219
56.0,80.56093749541414
59.0,76.94255242761915
66.0,73.13380045166403
80.0,70.6324342947957
95.0,68.68986064445546
109.0,70.76363888434021
122.0,74.04164065453405
131.0,76.67194785831273
134.0,84.08804138687131
134.0,102.73294740583115
132.0,118.64576883928301
133.0,132.78580901942343
133.0,144.31829712014428
133.0,148.85601964339384
133.0,149.48887801137542
135.0,145.8855383675802
137.0,141.9564861301026
137.0,142.47884865946384
137.0,142.05251210133656
139.0,138.82007187685093
140.0,135.68108840700955
142.0,135.36050745410807
145.0,133.2750846404077
147.0,132.72019365212273
150.0,134.55730678313606
152.0,138.68618447310126
154.0,139.90099203024647
157.0,142.39237655597816
160.0,146.62705831645766
161.0,147.98561450073245
162.0,152.63975585461066
163.0,155.78094158288357
164.0,158.95210051619142
165.0,164.02797146918746
167.0,168.88364936170925
169.0,169.62591795931553
171.0,170.27872114898216
173.0,169.82399213071616
175.0,168.89400573669303
177.0,169.65653967932826
179.0,171.08669670757078
181.0,173.04919456513636
183.0,175.16246235122952
186.0,176.47361715729687
187.0,177.72051403462555
189.0,179.74583987681163
191.0,181.8817433219018
193.0,184.18292443286032
193.0,186.60059117084546
192.0,190.82518490496608
191.0,190.54773552295654
192.0,191.90974847280611
192.0,193.5677820709298
191.0,196.89962441457368
194.0,196.54168516221176
198.0,194.91312323747806
213.0,193.41355174728818
219.0,194.08486510444857
222.0,194.06028142894036
225.0,192.07723146570544
228.0,194.37774087695556
230.0,197.00038866847035
228.0,214.29304404519323
226.0,222.50437473030033
230.0,232.10294960076075
231.0,225.19656821738437
225.0,226.1951637208262
222.0,225.32368178290977
217.0,220.78791666829207
213.0,218.2352311544006
211.0,220.91429429939194
208.0,222.0794144484177
200.0,209.27845766105548
197.0,204.07700149607658
194.0,197.34986001875058
190.0,192.95451501887615
189.0,190.62132017910767
186.0,187.0189773018293
184.0,180.78127287176986
184.0,179.33706921380787
182.0,174.2796832735788
178.0,169.2925719400289
176.0,171.370885744519
171.0,169.93654713120753
166.0,169.79918876755906
164.0,171.30887211289547
163.0,169.5522093485652
160.0,165.51719151037702
159.0,166.18769714246903
159.0,161.56390767544175
156.0,156.8900751446208
154.0,156.42754349961763
152.0,156.0899068829115
209.0,254.36383734353714
209.0,239.97041704100832
208.0,217.43094471790553
207.0,202.19797512602844
201.0,200.06687053230598
190.0,203.1954819095616
183.0,191.74687738952974
179.0,191.3267867209611
180.0,189.50978372059092
177.0,210.20172461038368
174.0,201.18565744429836
173.0,187.71059235509898
173.0,184.6322933642158
171.0,182.78924386641754
169.0,185.53123212619622
167.0,183.29163061385867
162.0,179.45194578034727
160.0,178.21346863921653
158.0,160.03030811177376
156.0,156.7906745074224
155.0,155.51916623759615
154.0,158.0336088930871
153.0,155.3215355157534
153.0,154.13972660658175
153.0,142.61791317039126
153.0,141.2720435442599
152.0,141.40461635216346
151.0,140.5405215406467
150.0,139.2931257751917
148.0,140.47222546259007
148.0,141.3826522367006
148.0,141.57841945690166
147.0,142.22628528152325
146.0,141.69470417310467
145.0,141.29593018293215
145.0,140.01784191865195
146.0,139.9808221929975
148.0,140.21943509296318
147.0,139.5392917150808
146.0,138.35902960421487
146.0,137.5196040762622
146.0,137.33253950016757
146.0,138.47102718314565
145.0,140.2693679933716
145.0,139.37021888435035
143.0,139.78624387769045
142.0,139.52870862176837
142.0,151.44745935108946
142.0,152.62627579379262
142.0,152.06823240410048
141.0,151.48761990288685
141.0,148.68393163474008
141.0,147.05074632549193
140.0,146.01843757996437
141.0,146.74450183195532
141.0,147.26568716733408
141.0,146.15112354356498
144.0,145.96416695046878
146.0,145.90763715138738
146.0,145.23016749402572
146.0,146.46318041461288
147.0,146.37005475947237
147.0,147.77140670757393
147.0,150.68805743114572
148.0,153.11151031563375
149.0,154.76880716946826
150.0,163.16696457315442
150.0,155.0439857191301
150.0,154.16970245244977
150.0,154.08333980603808
150.0,153.80810324589663
150.0,154.41369223381258
150.0,159.2219669904412
150.0,157.38260576152484
148.0,156.06486101290156
148.0,156.27936202495877
148.0,156.65989467408872
148.0,156.26805095512753
149.0,156.47889001877925
150.0,155.69745525492667
152.0,152.65088458250543
154.0,152.13831047710943
155.0,151.15402955441579
156.0,151.73094167795972
156.0,153.36306694143292
156.0,154.9083211425853
157.0,158.4371800665151
157.0,160.82479386876005
156.0,163.81107298714932
155.0,164.58397575646876
155.0,165.67763005713957
156.0,165.51120937464168
157.0,166.547482968421
158.0,167.07526080771453
159.0,165.76638403093577
160.0,164.58325977121544
163.0,163.10416348075896
163.0,162.7873416747347
162.0,164.1543872529385
164.0,165.19756495576516
166.0,166.5854135065246
171.0,168.8761207287051
173.0,172.3697897005561
175.0,172.4099667809668
179.0,171.4642908479462
183.0,173.76603022593
185.0,176.44720196110325
191.0,181.40605003961562
199.0,191.8227304819473
202.0,184.48488315028627
208.0,187.041103513392
171.0,190.19503990045555
179.0,189.52724976139098
188.0,194.37860654725455
197.0,217.41777405337254
204.0,210.1521100666587
212.0,213.62807342750202
219.0,172.61623832422487
224.0,175.78027611772276
230.0,185.84816739741444
235.0,191.20443780116247
241.0,196.36011005163985
248.0,205.52730210057436
252.0,214.59105032780542
255.0,214.6370985604735
257.0,218.46081283981812
258.0,216.33030780567262
257.0,240.23898334127563
261.0,244.06833798805087
261.0,243.34538660736945
260.0,243.67815655052797
257.0,243.774616186173
252.0,244.5474657343447
246.0,241.92788624432336
240.0,245.40734741696315
236.0,248.63720734659987
233.0,246.92756128927334
230.0,242.73596554117262
226.0,235.68386637590368
224.0,224.74293377518464
221.0,217.30249331236436
217.0,215.1528328121231
212.0,213.4720672527674
204.0,213.00011818672914
198.0,216.56708982348454
196.0,206.0258855049333
197.0,203.36947021414568
203.0,208.3157752866428
205.0,201.6573558225618
204.0,197.3892810696786
211.0,192.18053479431538
215.0,188.56688420810815
218.0,189.48945453651777
220.0,196.01913076534723
222.0,199.7158398917832
235.0,198.31933686736352
242.0,214.27281742709812
251.0,212.46018437201394
257.0,217.84792725658102
265.0,222.21749037236023
267.0,233.7845460521226
268.0,241.30029557928023
267.0,248.07424541245717
266.0,252.92296911832548
265.0,257.3253561592059
262.0,266.3424472889222
259.0,264.6051570272274
257.0,262.82144398960065
255.0,260.64929277052033
256.0,258.9648329763866
253.0,259.07922405340605
246.0,250.66428121951688
229.0,246.5191528100985
218.0,231.52863486514394
213.0,229.05540457621157
210.0,228.03962760011495
207.0,225.91907689538496
209.0,219.04137248444016
216.0,202.60851175942838
216.0,191.02951758859285
216.0,184.49475682240455
217.0,183.57583214593006
221.0,182.8226396463411
225.0,186.2313959979696
228.0,195.5035586313479
229.0,192.9124386477974
227.0,191.9498993470169
229.0,193.44764671278557
231.0,215.32619562202785
230.0,221.05269432500526
229.0,220.0869534427483
229.0,221.2310653093826
227.0,228.7065739630153
222.0,220.608868825931
221.0,218.78307349885503
221.0,218.14880577198446
224.0,218.68300427795947
232.0,216.0099993558215
235.0,212.36622972302234
230.0,204.76904245944488
224.0,202.91149057121518
221.0,201.45874666031793
218.0,206.146018400202
219.0,214.50342092359176
219.0,218.9665642700557
222.0,216.84365702880626
226.0,216.1031681493549
234.0,210.50136195952805
239.0,207.77134707598674
240.0,211.35554269203143
245.0,212.32799949095053
250.0,216.50385076414457
254.0,220.85756713336073
253.0,225.98620945751037
248.0,239.22310930814413
241.0,234.44322332657296
233.0,239.5756043303254
225.0,244.41518652520625
218.0,248.00437441451902
208.0,244.79132979496194
199.0,238.60394331330082
192.0,229.1044312376015
183.0,219.58861806406634
175.0,208.44174760328653
166.0,199.17253743009692
158.0,190.83384055035643
152.0,181.00227173817638
146.0,169.89406127738877
137.0,159.5750604277971
132.0,151.56605797291684
126.0,144.26694880912757
122.0,135.53144387657628
120.0,131.58465898108557
120.0,127.76847230918388
114.0,119.3981005030609
107.0,116.24875825928643
102.0,112.30927907770354
100.0,109.18851496734617
97.0,109.03157012740036
99.0,111.27378353545187
98.0,116.19569190615582
96.0,101.75646667961233
95.0,96.9089859714147
96.0,94.98531625224895
98.0,95.0691725707314
101.0,97.82293807888725
104.0,99.25888040427377
108.0,98.19318099404249
110.0,97.18464589920158
109.0,97.08984289311118
78.0,101.2142872469485
81.0,105.7873444228402
80.0,111.59727205413003
81.0,116.82526588301388
81.0,120.81211914816276
80.0,117.37626155599187
78.0,85.26185309409347
78.0,85.52566474613315
78.0,85.90947309524671
77.0,87.84318068937216
76.0,87.73007032011759
78.0,86.6430829731599
80.0,84.27360274860528
81.0,82.20155080745565
80.0,81.04051152956418
82.0,75.80985429080195
84.0,90.38952956490402
90.0,89.40038053693651
93.0,90.35226025710296
95.0,90.28081445917873
96.0,91.22745838632054
99.0,92.72032556657689
103.0,95.64544811146911
105.0,107.69557548293963
108.0,109.54295514095494
108.0,119.45808945942733
111.0,112.22307167580985
113.0,112.83854902532465
114.0,115.39346947297602
112.0,116.43600804006586
109.0,120.85611919484914
107.0,119.45116262295033
105.0,121.34423867352493
104.0,120.75450780957858
102.0,120.68729624537517
101.0,118.01219496956172
101.0,114.84548450067395
100.0,112.29807181534989
100.0,119.10044121857064
99.0,109.18215401679974
100.0,105.88556226959454
100.0,105.76774545508432
101.0,105.19361364203897
101.0,103.98748193616728
102.0,103.93595837999436
102.0,104.06915502309319
103.0,106.52581999465374
102.0,107.37928992454522
100.0,107.82084826312894
98.0,109.11997609988845
96.0,110.73964484053707
94.0,111.54450671528173
93.0,113.04419485769424
91.0,112.68167867578165
91.0,110.47406861955201
90.0,109.02072550462746
90.0,104.67646501902283
91.0,102.01613489567197
90.0,101.00902419313448
90.0,99.81761209316917
88.0,99.23005416172472
86.0,98.820416217754
85.0,97.7718912301658
85.0,99.25098789751249
84.0,99.14540511079694
83.0,99.56972239456516
82.0,97.92742973672874
80.0,97.20643549276255
80.0,94.99955441082574
79.0,95.88695877507202
78.0,94.56321384851682
78.0,93.84812584096511
77.0,92.44969801312774
75.0,89.77297171058993
74.0,98.98729506530182
74.0,89.0513874225704
73.0,88.23046441359156
73.0,88.8084532760903
72.0,87.79343631542064
72.0,85.02465022389788
72.0,83.68503907344285
71.0,83.62490138961408
71.0,82.67907893282573
70.0,83.30366707694567
70.0,82.21394915468957
69.0,82.45131894903
68.0,82.80386971663668
67.0,81.16269141999217
66.0,81.26669103338206
65.0,81.21669707982433
65.0,81.64699752283718
65.0,80.60917416285054
64.0,79.96162419757412
62.0,78.88529678145218
60.0,78.4477471575095
59.0,77.46617432397436
59.0,77.4054090495959
59.0,78.26033257491817
58.0,77.13935608538927
58.0,75.37171102400204
57.0,72.96982285391645
55.0,72.006328049112
54.0,72.33637266052972
54.0,72.65722051670778
53.0,80.55717236429018
53.0,80.89559869417317
54.0,70.77567119053806
53.0,67.8579761439789
54.0,66.21540766375429
56.0,66.5413047540345
55.0,69.99356009518465
55.0,69.74539341453888
56.0,70.54186076378043
56.0,69.44583614696577
56.0,70.61820934121994
58.0,72.62948773304312
59.0,73.04513472617444
59.0,75.22013172634094
59.0,76.57288588005143
60.0,76.69351771970106
71.0,77.1119905517575
73.0,79.41749753162082
76.0,80.65898326120255
81.0,81.68438675725623
87.0,90.04593705887439
93.0,88.5919938590228
100.0,107.96549854308594
104.0,101.63017035392394
106.0,102.06590331585733
110.0,105.82606824312299
113.0,111.23724832083533
117.0,115.19603247726985
121.0,120.43090222680406
124.0,123.81620676636344
128.0,125.20377515171488
132.0,129.39141484128683
130.0,127.18441248301778
130.0,129.59935323732776
133.0,133.93688078540163
132.0,135.50032125482335
133.0,138.25043780278423
135.0,141.34295513102182
133.0,137.49133922732773
130.0,136.6538159758951
126.0,140.28515599752055
126.0,139.60022894805866
122.0,149.49677216912764
118.0,143.46651985642148
116.0,141.82244633133413
115.0,138.96975455986873
112.0,131.0638885572128
109.0,128.27560365293317
108.0,126.10354673641945
105.0,123.22276178096968
103.0,120.47630669511406
101.0,121.19572131730911
100.0,118.43888422444127
99.0,113.9625551115044
98.0,109.58516583709044
98.0,107.1155733848386
98.0,106.72031299314901
98.0,102.91393623857664
99.0,101.8037497745576
100.0,102.01456776430334
97.0,101.00003851923194
95.0,100.29192774890777
95.0,101.4474676186625
93.0,102.76625223169762
92.0,103.74222669236815
91.0,105.86063153851383
91.0,106.79017863387156
91.0,106.04983765842516
90.0,105.65682754084446
90.0,104.20165707194872
91.0,102.70560412514044
92.0,102.3458373397722
93.0,102.84100774836207
93.0,103.49800720722814
94.0,102.28427793338966
95.0,101.57187027246995
96.0,104.15849002842049
98.0,106.37027327353874
98.0,116.52102688536223
99.0,109.21381916117764
101.0,111.02022129401078
101.0,112.08547220416884
101.0,112.42990317705184
102.0,113.69303701040054
103.0,114.12693275849938
103.0,114.74975039737072
104.0,116.01464770015343
105.0,115.7308919983721
106.0,114.98114159134715
106.0,116.03920390246603
107.0,116.94424970559012
107.0,116.66311725375388
108.0,117.46797837998963
108.0,117.85615171291997
109.0,119.23384627676697
109.0,119.13374035194576
107.0,119.18535074358232
108.0,119.68300786034737
110.0,121.0736672630026
111.0,121.07873014136135
116.0,121.84472000971189
123.0,122.3804223997458
132.0,126.48681902908032
142.0,125.55852750574732
152.0,125.87943845902694
161.0,128.72330682520587
167.0,134.57810799457275
172.0,142.62268304915236
176.0,151.904609253875
181.0,162.33416524230034
185.0,171.71982946325386
189.0,180.1982852218914
193.0,186.66652618998614
195.0,190.41523456283423
195.0,190.61718788525442
194.0,201.73491833349723
195.0,195.94478223968073
196.0,195.72811605889962
194.0,196.03025345448083
187.0,194.26724529696997
185.0,190.83691374460201
184.0,186.74827767158263
181.0,186.53097817335114
177.0,187.3078228180847
170.0,185.32472542250693
166.0,177.33869600443975
162.0,182.56809679872484
158.0,169.09648259782637
154.0,163.3818617132044
152.0,159.64940258817893
148.0,153.98413625059598
144.0,151.63008419999966
140.0,148.0920557384968
138.0,143.54874472783104
136.0,139.76824355545276
131.0,141.08103246491655
126.0,137.684620594065
124.0,132.8413285836391
122.0,130.80600473201778
117.0,128.46847190328282
115.0,128.99156775960242
114.0,124.38933930603434
113.0,119.84723257294021
109.0,119.27701700934509
106.0,118.76680151704628
106.0,113.5353957425529
102.0,112.28779956325998
100.0,113.0618406140608
99.0,114.1240089086929
102.0,110.34750481144357
101.0,106.97294969491483
98.0,107.86268943069632
95.0,105.03662639666194
95.0,102.77965126259951
96.0,102.09447968257075
96.0,107.72119216922474
96.0,107.87316175262458
95.0,104.24142628769917
96.0,100.52397084656637
119.0,102.07968894597549
127.0,110.9341413348443
134.0,107.00772769869322
141.0,117.1615619422088
144.0,116.4881352299302
145.0,110.3980558760103
152.0,131.20222249292232
161.0,142.90279969807187
168.0,149.77320063256374
172.0,156.26783908911614
173.0,157.57082248831583
178.0,155.51138550473974
182.0,160.56988150480834
182.0,170.05813943704658
183.0,177.89727000718227
185.0,183.73560330248173
188.0,173.78842650685473
192.0,175.23145007624476
194.0,178.64733632523854
199.0,176.50713734708546
202.0,177.15918963995634
204.0,189.82024864742874
205.0,186.16039545956014
205.0,187.60254108683708
207.0,192.49750647427408
202.0,197.31976173970241
192.0,200.28084873855863
192.0,199.3213347677211
188.0,199.4985916858433
184.0,201.62952767193235
180.0,203.35179621344722
177.0,197.96123591966492
173.0,186.57596511221993
170.0,185.38069223772666
165.0,177.31579498263503
158.0,172.3718779133437
152.0,167.98078660090246
148.0,165.56018383284731
147.0,161.26100383275949
146.0,157.974831499541
144.0,151.3367399133076
143.0,144.73476731053927
142.0,143.71496970202526
139.0,138.5777321355538
135.0,138.79303897437455
135.0,139.5112450501618
131.0,138.9579670673028
128.0,138.27660131246842
126.0,138.09411278911978
125.0,131.5222438445193
122.0,128.12182370331243
117.0,129.98406607588532
116.0,128.69687253402645
115.0,127.50853302785711
116.0,125.74199230593096
114.0,125.19938764836856
112.0,123.32023038475083
112.0,118.29886511128437
112.0,115.8382017926844
112.0,116.72520948439254
112.0,120.13524891833296
111.0,116.49795230433324
111.0,115.54721637640014
110.0,127.09951115913648
109.0,118.95923965170046
108.0,118.16627852855703
105.0,118.07849181174868
103.0,118.65997066523504
102.0,118.07755302190843
101.0,116.5554788265404
101.0,116.68379410728946
100.0,115.1493446130522
100.0,113.06441186092562
100.0,109.17041304908743
100.0,108.19449093012369
100.0,107.59015794684441
99.0,107.27150146657544
98.0,107.00473029342939
97.0,106.75340005871973
97.0,107.27441088192057
95.0,107.70469081387282
94.0,107.60546282647779
93.0,107.58265525558056
93.0,108.01222575630683
92.0,105.95763682893448
92.0,106.32349552750912
91.0,104.15835546793106
90.0,103.27588234101131
90.0,102.30097724108347
88.0,102.3095120595684
87.0,101.5716225602531
86.0,101.4256350441843
85.0,100.95437803666677
85.0,100.30365941278407
85.0,100.6266976459551
85.0,98.42755983979298
85.0,97.97352251605716
85.0,97.19474318037342
85.0,96.45354619868453
85.0,95.95805361659609
84.0,96.28090786857683
84.0,96.13130829214752
84.0,96.3519977985745
85.0,96.64764809442443
85.0,96.2868611537719
86.0,97.96344934630321
87.0,97.23749831111485
89.0,97.27246689484221
91.0,97.84575705409357
91.0,98.8388242918879
92.0,99.07447049486179
92.0,100.0528439831784
93.0,101.37050446772045
94.0,104.56615151244716
94.0,107.73924610913016
94.0,107.62027699226715
94.0,108.83723591819597
95.0,108.731244987847
94.0,109.49526972955832
94.0,110.00209388463531
94.0,110.11679716539675
94.0,109.6167213731254
95.0,109.34965976603448
95.0,109.611464913537
95.0,107.9072331671855
96.0,108.00740555903599
97.0,106.86121511499809
98.0,106.16564148613264
98.0,106.9737026619691
99.0,115.2840460736849
99.0,107.58507635141359
100.0,107.28763295081205
100.0,109.19514277080953
100.0,110.23137014132601
101.0,110.43306205756295
101.0,115.11524168456884
101.0,114.8943727363492
102.0,115.68894674954697
102.0,115.23250563593348
103.0,115.36550190465374
106.0,116.5813360673802
107.0,116.42136370003904
107.0,115.84674953003379
107.0,116.50904576169145
107.0,117.01876018515756
107.0,117.67609905138764
107.0,121.0647276248192
138.0,122.2809071201392
143.0,122.25439898222969
145.0,122.306751359613
149.0,121.9534445432109
155.0,129.82083562485684
164.0,122.53230471552968
169.0,159.3400347266858
170.0,164.49646100710282
173.0,163.10172610109882
178.0,162.9668731721078
182.0,167.7569106461588
184.0,175.65946066264502
187.0,179.43795263245264
190.0,180.5368268128458
195.0,183.86483848050284
197.0,193.20516533754605
200.0,182.90202255173006
201.0,181.439786015792
202.0,186.5643277189728
202.0,189.8637917135178
202.0,194.37305343574755
203.0,194.22561477157888
203.0,196.5568218352669
206.0,199.44076220692136
208.0,207.2805923428884
206.0,198.06092720109
205.0,198.09274637277312
205.0,200.55654620854284
203.0,201.45312415336286
201.0,205.3115721109449
198.0,205.179882379072
194.0,200.90164449755252
193.0,199.01231757962066
190.0,199.42038445133468
189.0,197.83651082860243
187.0,196.05878242616348
185.0,187.8162111203144
184.0,182.79781090229278
182.0,182.5201589175968
181.0,179.0220206593445
180.0,177.0677234988338
179.0,175.71109908084205
176.0,175.06790627993686
176.0,173.1444726089941
177.0,172.11751620513877
177.0,171.7060867944166
177.0,171.77337626438748
177.0,172.56674270175515
178.0,171.55522031432284
180.0,172.58199442270788
181.0,174.14081613274348
183.0,175.05365878569418
185.0,175.9497932023864
188.0,177.13532134890335
189.0,179.09794736350312
191.0,180.6964349781562
194.0,185.05283966112236
198.0,187.47392598729107
200.0,191.23271518494502
203.0,194.575617740809
205.0,203.69917123428877
208.0,196.4673192772459
210.0,199.2403058097757
211.0,203.2506190408419
211.0,204.50071780770466
212.0,205.7726826547322
211.0,207.29258562289928
212.0,208.92674980648587
214.0,209.91512169972526
214.0,209.5394625253708
215.0,209.5798989009171
217.0,210.15177274480862
223.0,208.6727911907517
223.0,208.29078930395946
223.0,210.7001116111531
227.0,210.55220699712038
232.0,211.49761859588176
237.0,213.1031346158322
242.0,219.44020049942108
246.0,220.18124530021348
252.0,220.15327556612752
263.0,223.81097799979773
267.0,230.67687090115766
268.0,236.09179421610645
267.0,240.6564477361839
272.0,245.45829051287797
276.0,251.6549175153096
282.0,262.9703532179782
287.0,265.1890056863699
290.0,265.8225393140413
296.0,265.3337039678837
301.0,268.9734179456553
308.0,272.2775402882225
315.0,277.687118669258
317.0,282.59327827524
324.0,292.7671688187552
331.0,297.36497405214595
334.0,289.3761728388644
337.0,291.5677719318066
339.0,297.09490099790804
338.0,298.82496794294013
338.0,302.5408270648861
339.0,308.0396015355408
342.0,309.0690063109362
340.0,309.9493378854173
340.0,311.51203576649334
338.0,309.05476674500727
333.0,308.04614146094775
332.0,316.8460442192131
331.0,305.94390302285115
329.0,305.4524345242869
325.0,303.0393672954134
319.0,298.9979106513876
318.0,293.3340108363783
315.0,291.2390055491307
308.0,289.54896053317805
305.0,289.1845489307433
302.0,285.86929223912085
300.0,280.583458508008
296.0,278.58088869809615
293.0,276.0730961651163
290.0,269.3516981782861
286.0,266.635799016502
282.0,267.34244075344304
279.0,266.43818546832125
277.0,262.6065702765237
271.0,260.1258602769435
267.0,258.71056621758277
263.0,257.9331725244659
261.0,254.11890433327005
259.0,251.8518440338044
259.0,253.7007205159045
259.0,247.5784157146498
260.0,242.33435034568035
260.0,239.19068900075973
259.0,239.4045927865304
260.0,239.35132048001822
260.0,240.19640724905204
258.0,242.01078762944854
258.0,244.9009407650871
259.0,246.23163366458436
262.0,244.96148199235162
262.0,124.20390439843911
265.0,125.16075808377397
270.0,132.67392328806812
271.0,208.92463597195885
272.0,209.36879103991373
273.0,209.27084617573672
267.0,452.9700922891534
258.0,277.7394756743954
253.0,254.17085183456922
248.0,233.66087555054116
239.0,232.44892451470835
225.0,223.83395564634264
211.0,211.79335347419678
197.0,204.82047489022995
182.0,204.8466056730869
171.0,247.96607766300087
161.0,231.02335168048413
154.0,215.79722445068035
146.0,205.9133353411763
140.0,191.75154985870793
137.0,176.1304261355874
131.0,173.06899036356143
125.0,165.46863448522234
122.0,162.09128099648737
115.0,133.2060207517299
106.0,127.07096779006284
98.0,125.10799914459261
92.0,123.05683452248792
88.0,120.18807293243486
86.0,116.6269229926204
84.0,104.6069102778279
81.0,97.01112182973043
77.0,90.02214923506564
75.0,84.50021761251054
74.0,82.52672402205516
72.0,82.44115294794604
69.0,81.07741646753074
63.0,79.85898591203653
57.0,77.44093482340517
52.0,74.93679340156031
50.0,74.0518437098707
51.0,73.85872634794721
55.0,73.44420073360021
59.0,74.95886476348721
62.0,65.47912180701472
68.0,59.99755167447043
73.0,57.80440787035255
77.0,61.30368925027153
76.0,67.23568850821806
76.0,72.671002894738
77.0,81.88676934346721
76.0,83.97310336789705
77.0,94.44793367333355
78.0,99.03731558558428
77.0,99.98543638515213
75.0,101.40479517661419
75.0,103.49159398467478
76.0,102.39827951751215
77.0,101.6310090429126
80.0,101.57127536452575
82.0,100.59113599821993
85.0,95.56346661988769
88.0,93.84971439152197
91.0,92.68614062690892
93.0,93.67141726956135
94.0,97.62329448137342
95.0,98.84604025673033
97.0,104.0706048895893
99.0,105.34724584095875
100.0,107.6829329589697
99.0,110.25781691714701
98.0,112.40705574034375
96.0,113.94477483933755
95.0,115.9667234252178
94.0,118.44766641730158
93.0,117.67730893339402
92.0,115.98577577663201
91.0,113.70651150878084
91.0,110.91468292270017
90.0,109.14087638342835
89.0,106.43043180798381
88.0,103.77352939560672
88.0,102.9710296763053
88.0,101.24096275907195
87.0,100.65043025090881
87.0,99.45227964308016
87.0,99.02273299969201
87.0,98.10673668167675
87.0,99.2356182499804
87.0,99.86063852622715
87.0,99.23370808111119
86.0,99.24801901376904
86.0,98.81881530997609
85.0,98.98473911922942
84.0,98.56271320758546
82.0,99.62530682995194
81.0,99.97972591259906
81.0,99.20281953808349
80.0,98.84398810621614
79.0,97.34664685629758
78.0,96.85988147057145
77.0,93.97264579423454
76.0,92.87339947672716
75.0,93.03833839769013
75.0,92.25106260970703
74.0,91.1894450497786
74.0,89.95016358863106
74.0,89.20425430687334
73.0,87.85633207034726
73.0,86.88963273387073
73.0,86.88984320617577
73.0,86.55134991933087
73.0,86.55942647857462
73.0,86.13335202291442
73.0,85.25402177851635
72.0,85.28550521375483
72.0,85.44328341324113
71.0,85.69466649753457
71.0,85.91399098354583
71.0,91.29016926544904
71.0,91.13230384937941
71.0,90.5221979587675
72.0,90.42188701523642
73.0,89.46643941463387
74.0,90.01786543657337
74.0,89.29330667736458
75.0,89.43176373950433
77.0,89.56309953231687
78.0,90.65256479033941
80.0,92.92843539029397
83.0,93.91240674365713
86.0,96.49390571689278
89.0,97.28229226698576
79.0,99.76873954657702
81.0,100.72959529117242
84.0,102.39368040555422
89.0,105.30822771899341
98.0,108.38025696545299
114.0,110.66570187222828
130.0,99.63895633532744
142.0,105.58388164860706
152.0,109.20209976207792
163.0,114.80241348175628
174.0,123.42772600136956
184.0,147.90026609942504
194.0,156.56542876219495
201.0,164.53259595684312
205.0,170.10716593396936
208.0,175.61692415428024
208.0,190.08369567345457
209.0,197.66272674411326
208.0,205.31695980162309
205.0,211.07241870591798
201.0,212.8816405587055
196.0,210.56411148307208
193.0,205.56407837141444
191.0,204.18623575235986
187.0,201.19046726365949
183.0,196.92479631805963
179.0,191.47909276403684
175.0,185.62697443702103
171.0,178.32791552604314
164.0,175.61472811648014
159.0,172.59900938779407
153.0,169.3927766489409
147.0,164.97741603766872
142.0,162.29894954476308
137.0,155.64976481622014
133.0,150.39741145752618
128.0,146.64669278133425
124.0,142.72754586070852
119.0,137.47890249032383
116.0,132.52444865017435
112.0,128.75326806520582
109.0,125.56889341590156
106.0,121.14719272759234
102.0,117.71610830412699
98.0,112.11123788775565
95.0,111.09525800677578
93.0,110.2298562209917
90.0,108.52323340235822
88.0,106.0266046184565
85.0,103.02522310810392
83.0,99.99795586409718
80.0,97.47372769697304
78.0,96.76145467148956
76.0,94.72603797486212
74.0,94.05560371982968
72.0,91.57562544309494
70.0,89.25217996094457
68.0,86.71225255314722
66.0,84.79154726380075
63.0,83.76549006403333
62.0,83.85606098484342
61.0,82.38850001588847
59.0,80.43620743208908
58.0,79.05213901976144
58.0,77.10578147311325
59.0,74.6317023487581
62.0,73.53019232651333
71.0,73.49431557471482
79.0,71.83532527858043
92.0,70.83924903402837
104.0,71.04603087237552
118.0,72.60554913377328
134.0,76.1577097937222
146.0,86.36074406877599
156.0,97.1439964623138
172.0,113.8543581196245
188.0,126.61248393162741
204.0,140.5159004355851
217.0,156.5126041857902
228.0,167.49073539781963
238.0,175.15008555070702
245.0,189.37613145890123
251.0,205.12626569088133
254.0,222.26819989393638
254.0,225.08501618410753
251.0,228.74765101928173
247.0,233.95841708051353
243.0,236.02390293043112
234.0,236.54781591762486
225.0,237.0985015842308
217.0,236.77250285701496
208.0,230.1843221948941
199.0,223.45518371247246
190.0,216.98342492996125
180.0,204.71004929300028
170.0,192.39796674076172
162.0,180.26735174349727
152.0,172.3223995833387
143.0,164.06657626647063
135.0,155.72761797227537
127.0,147.15485125101927
119.0,138.8599466542549
110.0,132.35096978999337
101.0,123.0221319118074
93.0,116.58846203644875
86.0,111.44789216664556
79.0,104.83804857779091
72.0,98.41681358509878
66.0,91.1666380127238
61.0,83.5897253568514
56.0,77.50977572329903
52.0,72.74908671177093
49.0,66.71600487731304
46.0,61.85125560622082
46.0,57.68678984451182
48.0,54.067355910167635
53.0,56.60550720117408
57.0,50.67132338033166
59.0,50.958399590916855
64.0,49.89619343253429
68.0,49.35274259543725
72.0,52.74388538719562
75.0,59.41752162860328
78.0,65.52706671524047
81.0,68.87987979187095
86.0,77.56653853030717
91.0,83.56612983904057
96.0,89.28228080548769
101.0,93.6626296394503
105.0,98.81670544799312
107.0,103.04045954650456
109.0,108.94719023919681
112.0,115.24027962814
114.0,119.57451242950485
114.0,124.83824100474877
115.0,127.023531977353
116.0,126.99168124461497
117.0,126.6897673872145
117.0,128.09518394342302
117.0,128.9378107320598
117.0,127.83338606973484
118.0,125.38839445249866
118.0,125.61816655512501
118.0,126.08148001082375
118.0,125.54906396928692
128.0,125.253058069117
136.0,126.01229052637174
145.0,127.72914670482464
154.0,133.983314864331
161.0,133.2083048623063
168.0,134.30144369092832
175.0,144.04087507456308
181.0,154.09412202970225
188.0,163.9341461542229
195.0,179.7039983529626
200.0,178.67469332468357
204.0,182.4343523823851
206.0,186.38704470150003
206.0,190.49209997747664
207.0,196.2064892869186
205.0,203.77583505458955
203.0,204.36377503559115
201.0,205.3638699750525
199.0,204.79247962079046
195.0,202.2300002076156
193.0,201.01251017433546
196.0,196.4927724099469
199.0,190.52560601167838
201.0,188.59834643553162
202.0,185.60190159281424
200.0,177.66125953953008
196.0,175.23696596850516
193.0,178.6662460513242
191.0,180.24659344497377
188.0,184.27476248635872
188.0,185.3389438879198
191.0,185.68962774412367
192.0,184.29251831364766
193.0,181.4258662111977
192.0,180.52186963298354
188.0,177.08848877860362
184.0,179.00523313800596
177.0,187.82363252359315
168.0,183.96254673071437
161.0,184.63675805685122
158.0,182.21884137164236
158.0,179.78406396056536
163.0,178.27368637337554
172.0,171.63974735765564
178.0,162.0894561536081
185.0,156.11537739731511
190.0,152.42844915000006
194.0,151.71824699836156
198.0,157.44305224241293
204.0,167.87507419545784
209.0,175.47078780204146
213.0,183.89846062801982
216.0,191.28616516010345
219.0,196.92374728145458
220.0,203.26391322675883
220.0,211.27875405614702
219.0,217.67670144600882
218.0,224.1926019676249
216.0,226.99206177265324
214.0,226.68830556447102
211.0,226.31302683013644
210.0,224.16619852284003
209.0,221.29313301526918
208.0,219.8433085471246
208.0,217.38302003029216
206.0,213.5482646635077
205.0,207.0659892879842
204.0,203.77287443970886
202.0,202.64040845550522
199.0,200.9609818009231
198.0,201.35958247750784
197.0,200.30014920333798
196.0,199.86268400459744
195.0,198.8820453597191
194.0,197.0777567379796
192.0,194.10656802784888
191.0,193.8991480535551
189.0,193.07130959546106
186.0,192.10063307611338
184.0,191.31100864403695
182.0,189.80802161685037
181.0,188.20723897523325
180.0,187.103417623445
179.0,184.97621253836445
179.0,182.38940598292524
178.0,181.45629689365398
178.0,179.33106113374882
178.0,178.52192971431418
179.0,177.69808180605094
180.0,177.00134662605575
181.0,177.06112031635968
183.0,176.75986495119542
184.0,176.6413916740239
184.0,177.04444186546755
184.0,179.03292692945146
184.0,180.56079785665466
183.0,183.0398365299829
182.0,186.10256056306355
182.0,188.33066746526094
182.0,188.58373616994135
182.0,188.058085623715
181.0,188.4762723852886
181.0,187.57820189230182
181.0,186.55556954050292
181.0,186.3313001705517
181.0,184.3142697830185
181.0,183.34021841597757
182.0,181.65126887537562
182.0,181.14631554913828
183.0,181.39365951630262
184.0,181.44379228649842
185.0,182.2308003082065
186.0,182.5262898320208
187.0,183.95606817563765
187.0,183.87443625380152
187.0,185.5029916051322
188.0,186.42201949768884
188.0,188.8679621553518
188.0,189.8178371270293
187.0,190.73051290747
187.0,190.76698739952434
186.0,190.57286073610067
186.0,191.59180354846902
184.0,191.2377074486637
184.0,191.29167800601496
185.0,190.02302214434965
188.0,189.64986878624393
189.0,186.62150833344776
190.0,186.26856281273987
190.0,187.92855034814852
191.0,186.96381374111118
193.0,188.4459107723225
194.0,191.38380028823593
195.0,192.78591790667716
197.0,195.46402383080067
199.0,196.82914524587946
200.0,197.4345484551448
202.0,199.79404158307761
202.0,200.73583102056932
203.0,202.6778372972754
204.0,204.75253040916414
204.0,208.324311878108
204.0,208.1737451947315
204.0,209.2713345725182
204.0,210.14138761050785
270.0,209.2855495531958
272.0,208.59466592222026
267.0,207.9976314845864
265.0,219.28298536524147
267.0,-2.967055976457914
268.0,78.93776224973534
268.0,377.55645031724066
267.0,304.44819259861805
266.0,272.24941285740243
274.0,260.6331320710808
273.0,264.80054426340564
269.0,261.5211413629181
261.0,256.7202482501913
256.0,238.84698311086044
249.0,206.79257310964076
244.0,245.22319769627853
242.0,238.79617618662402
239.0,235.218214470742
235.0,236.7543878703512
230.0,233.04051459771853
223.0,224.33747953943885
216.0,219.99652972897226
209.0,237.2904509606623
203.0,237.29751427595818
193.0,213.97745971750928
182.0,205.95093849847427
171.0,200.83864550652652
162.0,196.5333312533301
155.0,194.60197939262918
150.0,190.05198177377176
146.0,172.8099712599899
143.0,163.0377874488147
139.0,151.96998185378277
135.0,142.7398520791567
130.0,136.75578665678916
125.0,133.32612964987084
121.0,132.27146401289366
116.0,131.3467174560431
109.0,129.24720839508038
105.0,125.20610160507633
100.0,121.96910200412347
95.0,119.26578281990453
90.0,117.88340135538807
86.0,114.94690076449041
81.0,109.07000671265916
77.0,105.39228832781666
72.0,101.1059834743311
67.0,95.8558967416921
61.0,91.40240099668863
58.0,88.17966538108006
54.0,84.45748730622202
51.0,81.37225947116934
49.0,77.00974460930294
48.0,72.19464958858254
48.0,67.77762526670007
48.0,64.40708962764546
50.0,61.078732734839676
57.0,58.39768670764873
65.0,56.90211441082113
69.0,55.89609834419352
75.0,56.442097442785254
80.0,62.619226825548864
91.0,62.65153676164252
106.0,70.75602824742415
117.0,81.57350344510188
127.0,97.61619129857968
134.0,96.32453335723949
139.0,101.93863803968969
146.0,113.3338441467078
153.0,128.646240694636
153.0,139.30085100712554
150.0,148.1154006413813
145.0,153.12566067112041
139.0,153.29258428434088
132.0,155.3156310708816
126.0,160.83495856191738
121.0,158.4935034793503
118.0,154.25099162677836
116.0,145.33387456225333
117.0,134.99477084517994
116.0,126.27455617586764
115.0,117.14119480627244
116.0,111.68212454954205
118.0,110.75423401679697
121.0,109.35259953543667
125.0,109.96912441197384
129.0,109.39846479919018
134.0,110.2333312063898
138.0,111.23535204915024
138.0,116.09958904533153
138.0,122.329649034678
136.0,130.12452062894215
136.0,138.05455575858707
136.0,143.33329768310134
135.0,147.89868896839585
135.0,146.85241756798968
134.0,146.62714527054086
133.0,145.29651613272145
133.0,144.3927903143258
132.0,144.26013885437038
132.0,143.24609678036958
132.0,142.66046289940186
133.0,137.92835111081624
133.0,135.34372153215116
131.0,134.1907908902081
132.0,134.35152694621078
133.0,134.69575705696886
134.0,136.03551413009433
134.0,137.2979996951086
134.0,137.30121158373754
135.0,135.89298459659815
134.0,136.45020102998706
135.0,138.6294909264833
137.0,141.527781385251
137.0,143.07386222223096
138.0,144.76560030968892
139.0,144.80185601482412
140.0,143.73703033020942
140.0,144.81831658943082
140.0,146.9225765263287
139.0,148.49678611374756
139.0,148.96273421859303
140.0,149.56737803451867
140.0,150.24577213866064
140.0,150.08307568290815
140.0,149.9755009133047
140.0,148.23787592132712
140.0,148.81446616630657
140.0,149.95835058236213
141.0,148.24905852350705
142.0,148.455619813324
143.0,147.2639919864181
144.0,147.003101987267
145.0,146.6034975170002
144.0,147.66242455180264
144.0,148.84018392799663
146.0,149.5253925983773
146.0,151.54516726034393
146.0,153.07395507075188
146.0,154.15398524618377
145.0,153.1351188521451
143.0,152.8284291949602
142.0,154.99707159012146
133.0,155.31882747698504
134.0,155.40296749142524
132.0,155.0150201631657
131.0,153.63662665248174
132.0,150.1842871412522
131.0,148.57804489443947
130.0,138.08180224566905
128.0,137.78575191532812
127.0,137.0962153388222
124.0,135.01042581579614
124.0,135.9964354612091
123.0,135.43233087214907
125.0,133.9697311432119
127.0,131.54887580544843
129.0,130.7916967793157
130.0,139.7877096871366
133.0,135.14015073252864
139.0,129.58381123534213
141.0,130.87852858419595
142.0,132.7012480534615
142.0,133.24917122579245
143.0,135.01653465306748
142.0,139.68391676942983
142.0,146.3063261264562
144.0,149.02563004854994
145.0,150.66673634473264
147.0,150.1199245338187
151.0,151.6523441749614
153.0,146.99567635855345
154.0,145.78428588884424
160.0,147.8966666416269
165.0,149.64674478478463
171.0,151.3423889070536
180.0,153.3310923055378
187.0,161.1812861967629
192.0,161.3124232077677
196.0,167.4511662999938
199.0,172.6346867978752
201.0,179.42243565154064
197.0,189.34298053935336
188.0,193.2880311434044
178.0,197.81406206655282
167.0,201.22445889616085
154.0,202.66532060377955
143.0,204.37374718223225
134.0,201.2730094999265
123.0,190.20085575658788
112.0,178.8527557929708
106.0,166.40555111551635
101.0,149.18881158577258
99.0,136.74326464085826
101.0,127.69384717726561
103.0,114.85459913484486
102.0,105.62619505635669
105.0,98.10239076894183
112.0,94.35170345514909
119.0,94.76120586185897
125.0,98.78570507961706
130.0,103.28993095195172
136.0,102.38041431034095
142.0,106.55443719192041
148.0,114.60357433344224
154.0,125.1693706499708
159.0,136.32872633025963
164.0,142.49715054372226
167.0,149.8994842484815
169.0,156.98639659542093
170.0,162.50329617730432
170.0,168.25837286855236
168.0,175.50868017641665
166.0,181.21726101080944
162.0,181.57341981481198
156.0,181.3415829714303
151.0,181.0985243859755
148.0,180.02405669880002
145.0,175.9379163777585
143.0,171.91956248145172
139.0,166.57510127874676
135.0,158.69853776697667
132.0,149.40346768068858
130.0,145.27137342665026
128.0,142.27652917954657
125.0,140.56491682244956
123.0,136.03449352515582
119.0,132.22872020268372
116.0,129.7746688293606
115.0,127.88395811914963
115.0,126.61955913560595
115.0,125.23091556015189
117.0,124.36890703749458
118.0,120.44352644942333
118.0,117.24524175297574
118.0,115.66023651468265
118.0,116.63171605559535
119.0,117.63105693740451
120.0,120.28942409877567
121.0,122.07885561987462
121.0,122.46453614646435
122.0,124.12901857678588
122.0,126.22059857312445
123.0,128.661911222666
124.0,131.21521507068002
123.0,132.99807467429676
123.0,133.2793330897261
123.0,134.66250743302555
124.0,134.14296343906315
123.0,134.934918843204
122.0,136.47382465848113
120.0,135.96909858630076
119.0,136.05131343427644
118.0,135.712229770639
117.0,136.32808449979478
117.0,133.88124197626607
116.0,133.37259069715932
115.0,128.88604275860584
114.0,126.91905600752972
113.0,125.61152239827305
112.0,124.0409538807761
112.0,124.61478661077435
111.0,123.62283913362397
112.0,122.43981570853268
112.0,120.62214357810507
113.0,119.74564279099653
114.0,118.81325870956161
115.0,119.32820586832344
116.0,122.3867796655886
119.0,123.45052840081391
121.0,123.97522685978265
123.0,124.56712113701991
126.0,125.79745566343281
129.0,128.08943375889768
131.0,131.25307372914915
133.0,134.75253770205336
136.0,137.5475568984948
136.0,139.355612413561
134.0,142.9191743448658
139.0,152.59863803379335
147.0,146.4517137411093
154.0,146.07163741198508
160.0,153.83444278254757
168.0,150.67300933284255
173.0,147.40476197467203
178.0,150.57908460501008
182.0,158.66276209017002
181.0,165.5158520613201
180.0,170.34886503063473
182.0,177.19008444248735
186.0,181.51156586688637
188.0,185.24883386600212
190.0,185.43459214449956
192.0,184.13566071823413
192.0,184.69920167362318
191.0,185.67563329527496
190.0,187.84510379319764
188.0,188.87617487197429
183.0,190.51726329753924
178.0,190.8329295063258
173.0,190.43468476526982
167.0,188.73187133949855
160.0,187.1333240914393
154.0,186.8854112486983
148.0,183.29950161307167
144.0,176.26088934987825
139.0,169.53690145452202
136.0,161.46924250835136
131.0,154.9908088869757
127.0,148.83554073824916
122.0,143.43335341298717
116.0,140.67365873018866
111.0,136.62073813971773
107.0,133.5668429921001
103.0,129.8226341906593
100.0,126.54212979227869
100.0,116.90557880351534
100.0,111.5855051551201
98.0,107.95876071920577
95.0,104.1091151393119
90.0,101.24807581874866
88.0,98.34684422890783
86.0,99.7034605185278
83.0,100.22188155696816
80.0,99.39784747945393
77.0,96.68698726396103
75.0,92.36173257443038
71.0,91.65651199038625
70.0,94.07836361351136
66.0,91.82145711704021
64.0,89.82753746179458
63.0,86.79895216572187
61.0,84.36614666285561
95.0,67.92404188861755
96.0,44.530355992914735
99.0,44.75779160339491
106.0,45.26933348884168
115.0,54.26039298398605
124.0,47.57966443561999
130.0,145.61218365219716
135.0,115.24380593711851
140.0,106.75678653608513
144.0,108.640268292554
148.0,116.15451756756696
155.0,121.25747438747075
165.0,124.97713446007292
175.0,133.24702704897027
183.0,137.26438588142324
191.0,147.6175480061268
200.0,175.2012078393099
208.0,179.61581089505813
215.0,191.78969781171685
221.0,200.53727037574126
229.0,203.60332532817154
238.0,208.49264584486048
245.0,215.99560958907574
252.0,222.92433572760848
256.0,220.45260713263238
256.0,223.27563713115285
255.0,231.14166429128971
251.0,238.96793772766426
247.0,243.24572661566572
247.0,247.1195841460355
245.0,245.9952615504311
243.0,245.4329833063752
243.0,242.54717863231497
243.0,237.51946547272746
242.0,232.9207202116392
240.0,233.26164786937562
238.0,231.28825490834726
237.0,224.14568331540397
237.0,223.77486697401258
236.0,223.34791636901087
233.0,222.2474626973317
231.0,220.29236057911706
229.0,219.20227727086552
228.0,220.48307110766285
226.0,224.50476711960263
225.0,223.46906835813107
224.0,221.32213207162945
222.0,220.25722111855828
221.0,218.4425738503998
221.0,216.20420316643714
220.0,214.62216540946918
219.0,214.6475234262361
218.0,214.87137558022357
218.0,213.93003213932093
216.0,212.3900790695041
214.0,212.6232766312957
214.0,212.7964128862697
213.0,212.1786085870598
212.0,211.79331740829042
212.0,212.01955135557995
211.0,210.87938572223993
212.0,208.74345753324576
211.0,208.6087373500022
211.0,208.57708730696706
211.0,207.9184864870808
210.0,207.5704881000453
209.0,207.00090317999175
208.0,208.08027020616672
206.0,207.45807679018904
205.0,206.82745470132392
205.0,207.51829727930647
205.0,207.41133202293574
205.0,206.79116482403188
205.0,204.8669024654093
205.0,203.21750685447205
184.0,201.73575490240893
182.0,202.31334280119952
180.0,201.7393021274488
177.0,210.38728353745097
174.0,201.29281707234625
170.0,199.6303196705251
167.0,177.19115949996842
165.0,172.25677672637858
161.0,169.80655635333528
157.0,167.3251198090193
154.0,163.50027857066706
151.0,159.2504321060842
149.0,156.26632108334883
146.0,153.52769633524045
144.0,148.67134475138042
145.0,141.56563606521405
152.0,147.9863241211562
162.0,143.3594706884706
171.0,146.9969155387882
182.0,156.62819996196004
197.0,154.96401400836396
210.0,157.09635091018038
223.0,165.253030953389
233.0,176.23559469545424
237.0,188.87084330253737
233.0,212.52978653152877
229.0,226.05840925359422
219.0,233.65900882348706
206.0,243.897787585841
193.0,252.2309628956617
180.0,255.40949556414444
166.0,248.89465606066295
151.0,240.67092898103408
138.0,226.8005265881809
127.0,211.4908590551621
115.0,196.85166415262205
105.0,178.09872417750634
93.0,162.51213614316492
88.0,144.44189543571437
80.0,124.2177507378805
74.0,112.64090698778855
67.0,103.13637488718953
62.0,93.81367007883331
60.0,74.30677581591226
59.0,72.47329248364244
58.0,67.38729959583823
59.0,62.80462075954978
58.0,57.59079673871375
58.0,55.25268690867519
61.0,55.545526618476686
65.0,55.46289350814793
61.0,57.05113136653577
55.0,65.23624478466797
53.0,67.52810780443416
52.0,66.68606171067519
52.0,67.64639554163575
56.0,73.5147344870539
61.0,73.91058181351785
66.0,69.97516685890277
70.0,68.85199210595187
73.0,66.55680795349105
77.0,68.79299457147607
81.0,73.43375200827636
85.0,79.44227484845676
89.0,87.29339129597014
94.0,93.06013510314345
99.0,96.9653512569611
104.0,99.2232980718125
108.0,106.24841482368676
113.0,110.61417853447614
118.0,114.22832313141788
123.0,118.84381012639338
129.0,121.57652385660674
133.0,123.54061247598449
131.0,125.17131224315082
124.0,130.89980581118334
121.0,135.46329156797225
121.0,137.08903358732974
126.0,142.0257297656642
131.0,145.2940308271013
133.0,141.88968100703448
135.0,132.35398130157455
140.0,127.4392537660294
146.0,127.31430563582573
150.0,133.58224590240664
155.0,137.04556866189472
158.0,139.60697560812307
159.0,141.20645982181975
162.0,147.58089247934288
164.0,151.69784540114927
166.0,156.9214345650199
168.0,165.5490035399143
170.0,170.56313766708917
172.0,171.8347359050634
174.0,172.55215276898045
176.0,172.7500662763695
177.0,174.39202853752826
178.0,176.53017610221295
179.0,177.83037504200692
179.0,178.75310227298365
178.0,180.44686117096137
177.0,180.16907549525632
175.0,180.11284670387266
173.0,181.11692809624006
171.0,181.37363469438432
172.0,181.39933189643844
171.0,180.19876951973265
172.0,178.9628108688338
175.0,176.77607336176231
177.0,173.37281421312966
177.0,169.43596604067747
176.0,170.66204093529143
178.0,170.4036889341423
179.0,171.3110245552437
182.0,174.47043322684436
185.0,176.946138871173
188.0,178.21929497687884
190.0,178.95115966457087
194.0,181.3330337761936
197.0,183.1884348552176
200.0,187.14822528397636
204.0,189.81613195330488
207.0,193.61559516995308
213.0,195.5203289774153
219.0,198.124398523048
226.0,204.4756644306995
230.0,207.6169122123431
231.0,212.6477032654417
233.0,215.15751635973595
233.0,221.02130435534468
233.0,226.7677557890163
233.0,233.18931668234023
232.0,236.43439799750234
232.0,236.89937628892272
231.0,237.28086795595067
231.0,236.73607671827114
230.0,236.05723694441662
229.0,235.3218141263538
228.0,234.32654842628256
227.0,232.87128380672647
227.0,230.78291620861268
226.0,228.03312552302066
226.0,222.1082287724746
226.0,222.5870098736758
226.0,221.73958118326254
280.0,222.76702646969397
277.0,223.25164888684088
273.0,224.64115697055448
267.0,-7.664524087584056
262.0,87.58608500167097
256.0,102.47729411235602
250.0,401.1238998513268
244.0,308.34904824023914
238.0,279.50560572280557
232.0,261.70254443745773
227.0,256.9561138734483
221.0,243.0482748600464
216.0,210.950566836374
211.0,195.08426477601972
186.0,29.902852308709072
183.0,29.902852308709072
180.0,29.902852308709072
174.0,29.902852308709072
168.0,29.902852308709072
161.0,29.80934996674503
155.0,221.19431220395893
152.0,226.09388739429676
150.0,202.6855986375556
148.0,188.46845234820202
143.0,183.15118864041781
139.0,172.41545130854777
134.0,164.44499486494703
132.0,163.77720658500343
132.0,162.3900602012005
131.0,179.83570922118508
130.0,155.33676796957246
129.0,149.61342958252445
128.0,149.72946271438184
124.0,148.65163907391508
117.0,149.37583772655603
112.0,150.53008109575796
111.0,151.2124132976037
115.0,150.42794890079247
111.0,133.6633610463225
108.0,129.30051736520176
106.0,123.1377431950344
105.0,118.56325509938118
102.0,119.62139348453475
101.0,125.09376170600572
100.0,114.80490355265735
99.0,111.16107655717865
96.0,108.53633180355399
93.0,107.67903986100924
92.0,104.3783067278756
93.0,104.02011402928312
102.0,112.42908858764534
114.0,108.82405198217819
121.0,105.80677699440479
127.0,99.40725751875246
130.0,105.79413483791343
132.0,104.43717104962334
145.0,114.36529533186521
149.0,127.93499983278329
144.0,140.43568578637752
144.0,146.32693403766456
144.0,148.6453946938491
140.0,149.01943752606456
137.0,162.5064198593391
144.0,169.33348897795918
144.0,163.78072363285395
142.0,162.54567223977338
139.0,160.0520344516586
127.0,150.9170283369547
134.0,145.2950701862058
136.0,151.62163794430398
139.0,150.905606399276
141.0,149.98962890192146
141.0,142.07456525640967
132.0,127.07774021780462
129.0,135.8390181236473
125.0,138.98330027138323
113.0,142.00254299752936
107.0,146.60978732839138
103.0,150.12389342982556
105.0,138.15615984825462
113.0,134.2866423346521
122.0,137.33985173326408
135.0,127.39901568341243
150.0,126.73255624780427
155.0,119.37810666622234
168.0,121.08893294492617
172.0,128.69304431887986
180.0,137.08755180355556
195.0,150.06801756978942
204.0,170.1247397652324
205.0,182.99821320125886
217.0,188.54885762261173
225.0,194.09874339491597
235.0,200.60205086828466
235.0,215.2033755725924
232.0,223.28163284963557
225.0,219.76655802122565
216.0,228.8747183694804
208.0,233.8352504577967
201.0,237.42147818000538
199.0,238.10005731282865
201.0,229.7926376347242
196.0,222.87048908809
193.0,205.32988772165135
192.0,191.98930795455118
193.0,181.28906522821129
204.0,176.84555317606728
209.0,177.0385102788938
210.0,172.68980860328773
210.0,166.4285156899578
210.0,167.38446810549362
199.0,170.69557177275829
185.0,184.05688167823328
178.0,193.03677815597038
175.0,200.019654753155
186.0,201.18487897705697
192.0,201.3193363602034
193.0,187.0653989965987
188.0,170.78638539085873
183.0,165.3837972052804
179.0,162.32013359674022
174.0,176.14552910097896
169.0,180.34753646221313
165.0,180.55996213742785
163.0,183.2637349287922
156.0,169.879027094422
151.0,172.14114943229
144.0,164.94711269881543
139.0,165.10329968094757
137.0,160.67501724611864
138.0,157.57179383394526
138.0,144.66360549088873
135.0,136.16981293562912
133.0,128.6530906834122
134.0,125.48533185251668
136.0,125.86096924178304
139.0,128.45065679532456
141.0,127.39966737439318
140.0,125.6340541692546
135.0,127.82960793582815
128.0,127.5819678626166
128.0,131.73994610990005
126.0,136.3518116274312
123.0,142.06984654508693
119.0,143.80972798505752
114.0,139.43096677422403
110.0,130.70458765743044
107.0,130.29587500350206
104.0,127.9332482339
101.0,127.04922497296127
103.0,123.20907684950589
104.0,116.19026758691138
107.0,111.25090162785926
110.0,107.33498864129729
109.0,104.39021556833633
108.0,103.14282819140846
106.0,108.73077727016005
105.0,109.7245034722308
105.0,112.57025367091848
104.0,116.11979088482478
105.0,115.6301985577781
109.0,116.64852995776243
111.0,115.35345973635549
113.0,114.19853478980374
114.0,115.4670201537792
116.0,114.98239135689025
116.0,113.04583204729619
115.0,117.59620903379107
112.0,119.86158095500659
110.0,122.86228470186512
109.0,125.92422150224436
108.0,128.55603246090462
105.0,129.76783567567088
103.0,130.35024195928398
101.0,126.65987562509737
100.0,123.9903287907236
99.0,121.95023633031842
96.0,117.30657794862188
96.0,113.97295657728247
99.0,111.33989866919609
100.0,109.34473746756383
100.0,107.46077515850305
99.0,106.26300130702683
103.0,103.17720639530299
106.0,103.80321798216113
106.0,107.3334068793031
106.0,108.74853486355099
102.0,108.15088960916452
95.0,108.76610315021975
92.0,113.00341040785408
95.0,117.09972219809765
103.0,118.95383718353703
105.0,118.60646987329956
106.0,115.92791793565564
107.0,108.2934563957819
107.0,102.72427512228064
105.0,103.26039910036832
104.0,113.11460558467508
104.0,117.86115203655106
105.0,117.00981655731448
105.0,117.34454479393735
105.0,119.30005064885634
105.0,116.10923275113063
104.0,115.33391690709345
103.0,118.59212178080918
111.0,120.60143183156774
113.0,119.08951193850677
111.0,115.08094373202329
100.0,113.55464252117139
97.0,112.59683075594661
97.0,111.89591286650469
96.0,124.15874357003268
103.0,129.21112139009722
110.0,129.15060867526333
112.0,116.56129604292093
112.0,107.66324346659206
112.0,115.16320870681855
112.0,124.96444550722612
112.0,129.58344032541072
77.0,124.92970980754794
79.0,129.53864274322484
81.0,130.50633519268732
80.0,130.13857585872753
80.0,16.559112860993196
80.0,49.80865148364897
80.0,140.16225823987648
79.0,100.22747041031258
79.0,94.75310358607555
77.0,94.36619167460574
77.0,96.36070313371391
77.0,92.44969371805564
76.0,89.71597404441175
74.0,75.11999701785139
76.0,92.06725532697297
76.0,94.49977429611536
75.0,90.19950796833947
74.0,89.12084051983874
75.0,88.6494121199856
71.0,86.47617269650279
72.0,87.76088260742755
76.0,87.91310358047234
79.0,95.79901209793712
83.0,95.89713393321875
86.0,89.28265348398251
90.0,86.45338811394637
91.0,87.94280465788839
93.0,92.52494637340008
98.0,102.39013495165858
102.0,108.61338681200186
109.0,109.62657225453545
109.0,113.26511608354899
118.0,114.0593978649066
122.0,115.60211937005897
122.0,118.98806577603406
123.0,125.05123513563802
123.0,127.46236641561755
123.0,125.61576282532747
122.0,132.41442866809177
120.0,135.67126026810828
119.0,134.05636892132554
116.0,132.56001132557014
114.0,132.63258337204957
115.0,133.1679293038328
118.0,130.42613451119945
120.0,127.80282354712077
121.0,124.33843871158078
119.0,126.9077069525772
118.0,118.92461422490989
120.0,119.19437408274064
124.0,124.74443551802243
124.0,127.86350320434681
129.0,129.4251944442975
136.0,128.54000119080115
140.0,129.19823513290484
139.0,132.44120250658005
143.0,136.87214336992517
147.0,138.8866088461641
151.0,151.25892621641566
143.0,161.18315639153346
148.0,164.2485517155177
153.0,161.84629347408287
151.0,164.01630284137312
145.0,169.51242056772224
131.0,174.25033355888723
112.0,170.5856271614731
100.0,165.1452695276213
96.0,170.37112298589253
122.0,165.75404465491624
162.0,154.738228705457
185.0,138.22832336759512
193.0,117.53404319744638
191.0,103.32403001932485
184.0,99.27430372934069
174.0,125.23682730888757
165.0,175.3889742222179
158.0,198.36905168682733
149.0,202.7196219873212
141.0,192.75556333247897
131.0,182.98882831581795
124.0,173.44664599439673
109.0,170.4405296433026
109.0,169.45705456671712
112.0,163.5157021361497
110.0,145.30978024593946
108.0,120.04207419482287
105.0,106.14874112954521
101.0,90.71359956288381
97.0,93.02305937570615
94.0,102.36945621298406
91.0,105.94246079753559
88.0,106.25134759663749
85.0,102.23652920451431
84.0,97.17287702173832
84.0,92.46612746027799
83.0,90.40967011825674
85.0,86.7517632173512
89.0,91.76270632591103
94.0,94.7057119412766
100.0,86.48406478155565
107.0,86.47757096951308
115.0,86.15981987987578
120.0,87.630801839748
126.0,94.26016592281319
132.0,101.93895970989254
137.0,112.61847058526149
140.0,122.20180585740076
140.0,130.1166093625874
139.0,137.17300492494834
137.0,143.70786758895315
135.0,149.69127256780686
135.0,156.27773201805206
136.0,158.35763575066312
139.0,156.1673559319093
143.0,154.32765408344713
147.0,155.9525687816041
151.0,151.5086807535149
156.0,148.89147296266177
160.0,149.59454297448346
159.0,149.25850055328107
157.0,153.9126750858895
158.0,158.07337994925513
160.0,169.36914430814952
162.0,165.67710918412467
162.0,168.2925202351129
160.0,166.78884636844882
157.0,164.39680503693637
154.0,165.0697882186543
149.0,167.34412642110158
145.0,168.8129676408488
149.0,167.96797236636255
151.0,165.27461505025602
142.0,161.60372779102434
129.0,156.19615061108436
119.0,148.782716855394
106.0,141.0559564233677
96.0,147.17427032855588
91.0,150.1140626435572
97.0,140.13497611704506
102.0,124.84009704544714
105.0,110.9577206826701
107.0,98.70128170397254
109.0,89.15760262211587
110.0,85.19576334569827
134.0,94.34277138950202
134.0,102.89491739647377
133.0,103.21821088718283
137.0,101.32370992627253
136.0,105.14828718725309
134.0,111.95420883143845
131.0,138.93706303274584
125.0,145.33881728540723
132.0,144.52441778044147
135.0,150.1040042503637
150.0,146.43630986443776
152.0,141.27597730242587
144.0,137.45144414995426
148.0,132.9722145865891
151.0,138.2265708949307
153.0,145.66966296278514
154.0,151.42032571104414
148.0,155.32962470836972
142.0,151.1774416744966
148.0,151.0573315942598
145.0,153.92256668003265
134.0,157.17056993451752
129.0,159.30943048001885
123.0,170.88702592375174
118.0,149.45654569239355
111.0,151.30427859483567
104.0,142.33333252400047
97.0,130.92095510564317
90.0,129.87058456420107
82.0,123.74887089948807
69.0,116.68150669428206
63.0,109.26011626850497
56.0,100.98392505647989
56.0,96.41183031035047
51.0,91.43593492928561
40.0,78.84640552732499
40.0,62.30036272490928
40.0,60.141984231552485
40.0,53.67021718859944
40.0,54.206822459126045
54.0,49.10460049899852
61.0,38.910384621080055
62.0,39.77202034909784
61.0,40.262371638610745
60.0,40.56677018501624
54.0,47.213366230371506
40.0,65.03486626952596
40.0,74.46972304657845
40.0,76.80456578501098
40.0,72.75186145798926
41.0,72.28975724673195
46.0,71.6733458198018
48.0,56.296900626218815
53.0,55.63968995017517
57.0,56.44349554826185
56.0,60.33825881688145
56.0,56.94243860942821
62.0,60.698894902679356
74.0,65.34680164024351
88.0,72.6068880175601
96.0,80.40688118898838
99.0,80.50375279615989
85.0,86.28388808382704
69.0,91.07649966798647
63.0,101.76758522085541
59.0,116.12267932462319
72.0,123.64852276220853
109.0,122.6443993705277
135.0,105.96320665158765
152.0,85.13271382312406
162.0,73.6439813957083
170.0,71.67302807593893
175.0,84.59615739095673
179.0,125.20625870016826
177.0,153.11839347729665
161.0,166.7800783912942
147.0,171.33023319449597
141.0,174.19549808578589
141.0,182.29042919559717
145.0,192.2289742026949
150.0,192.7231800201586
170.0,179.91988604908266
190.0,161.4407997310706
203.0,141.040236261906
210.0,131.99856539934268
215.0,135.35393967805143
221.0,143.63071663121278
227.0,166.57048490624837
232.0,190.12816787318005
235.0,205.75371837655808
234.0,210.13380144292307
230.0,217.4209888977605
227.0,227.08903832792868
233.0,234.80317169503525
232.0,239.8696483705222
232.0,244.12105897405948
230.0,245.34790342220225
227.0,233.52687773110887
227.0,222.33880190742875
221.0,226.38046441329004
205.0,227.20707525723304
191.0,227.10254571380952
183.0,222.23041022661016
180.0,216.4795154939453
180.0,214.67226960417807
181.0,206.9807266185309
180.0,190.99038657855903
177.0,176.23796035414625
173.0,170.97635254061163
173.0,166.8836054195353
197.0,169.5470983586337
225.0,171.26732038328745
232.0,170.80020407649192
222.0,168.05676853434468
214.0,161.49564982596002
218.0,161.153036746825
237.0,191.4508105405157
250.0,228.0224421900888
255.0,241.85868825452647
257.0,228.82085026390746
257.0,216.20294932994702
257.0,218.00734454528
257.0,237.88223402589142
257.0,255.51708493931858
257.0,265.59532831117144
257.0,271.58908402481154
257.0,262.6050407108709
257.0,248.666598856603
257.0,244.8099799128819
259.0,250.88307000191605
261.0,257.0796871511916
262.0,258.3696929448407
254.0,255.65408627706194
255.0,249.7395673755703
251.0,247.9299159130011
251.0,248.55573173282326
259.0,251.84280814863297
263.0,257.159127311984
264.0,251.00147521598714
256.0,251.97414275631127
258.0,244.33990522160997
238.0,242.3847663599524
238.0,250.88308210371864
238.0,257.3784046226276
230.0,259.95919939758943
206.0,252.88210000048707
197.0,253.15650152649795
211.0,230.54919224937018
216.0,236.63537194428002
212.0,231.9613167807172
259.0,221.57598299390395
290.0,195.51158075403356
260.0,180.439145595882
240.0,194.0418915842763
221.0,199.71119614342584
209.0,198.35257038861232
204.0,242.3456554006703
211.0,287.95715753101484
230.0,256.5494382424212
256.0,224.07940230981603
239.0,204.34104270144354
202.0,199.9390963064719
177.0,199.7889206376915
189.0,200.04941811039006
239.0,222.10247776531563
290.0,261.8875070044503
329.0,224.13551849440324
333.0,164.8180949988343
329.0,151.39191513145389
328.0,172.3684840437784
318.0,234.28579165538153
281.0,295.843327145281
247.0,342.94127922521614
237.0,344.1360730038416
235.0,319.99364628989235
237.0,296.630197975958
231.0,292.15702468756217
224.0,271.5271355975056
212.0,250.7134029721481
207.0,241.39953483572856
229.0,221.897861943775
262.0,208.11092958953816
278.0,189.7432724951751
275.0,184.1171046096324
263.0,178.1213849523011
245.0,172.78898805031318
229.0,197.20812746526013
219.0,248.5744282440147
215.0,278.4302224829123
208.0,273.5252375326056
211.0,254.2543228260116
222.0,231.37753858882297
234.0,217.93516505420897
244.0,209.18232444900136
269.0,209.8555089443401
286.0,210.9185718767861
282.0,208.83254396039214
270.0,209.6163361606213
261.0,216.17646375737309
256.0,228.3088422116902
260.0,261.1333370057595
268.0,287.28605373117296
285.0,289.2626876953351
298.0,275.9429138612188
304.0,262.1546913467887
306.0,257.3816853218043
304.0,260.7110260599827
299.0,267.94311072624265
286.0,283.05799121259514
240.0,300.1617623710389
226.0,300.9162135274505
241.0,293.13680531982806
226.0,291.19766761187435
212.0,290.65689285757264
205.0,279.56735374121564
188.0,233.26880835706137
183.0,211.69699811592926
164.0,227.2572115435082
184.0,210.82166910438315
224.0,188.9999687523473
260.0,181.54124663760186
280.0,166.99157824145325
288.0,159.97637175495427
291.0,140.47266549518542
292.0,158.80085161746055
292.0,223.8394974370342
292.0,270.26532660194704
289.0,280.36290796792207
285.0,290.29354199634236
283.0,295.68030411562745
271.0,292.2729006237261
269.0,296.14837379808284
278.0,295.6014897268084
212.0,308.2640451107393
206.0,300.3706510469897
193.0,281.7052675749113
188.0,255.30473612480972
185.0,257.9996356475762
187.0,257.74811060532556
177.0,191.11091298943097
181.0,174.38157605433975
189.0,166.90571549493595
186.0,162.13950328556618
165.0,157.495449714422
138.0,160.41151244107084
127.0,150.95747734840324
132.0,157.90157771454074
140.0,167.85087349385176
157.0,150.4444167031044
164.0,157.94678868449873
197.0,123.63558583249137
214.0,112.79790428502051
212.0,119.97263639722087
193.0,130.2519961409099
147.0,146.64850720344057
125.0,160.3842527471788
168.0,190.3259441825134
169.0,208.94324860312014
157.0,204.45206050908095
152.0,188.84177623490638
173.0,150.83661420010216
198.0,129.8513289112022
205.0,167.57153447391005
197.0,177.8928620961085
210.0,159.30672500722224
221.0,154.67556716042694
225.0,164.97424322840536
221.0,185.56497681151868
209.0,196.07753436330145
205.0,191.72931936004895
195.0,222.9171821407403
179.0,248.00244121731288
168.0,224.72043323864654
161.0,217.16068217753926
159.0,208.61980584569824
158.0,209.72285297619638
163.0,193.23578824138576
159.0,168.14941959052874
150.0,155.82479631469934
148.0,159.86212824748446
152.0,150.04745523093172
147.0,144.2827148672732
144.0,149.67467864038787
142.0,149.14807467148947
138.0,143.90829854390907
136.0,139.38975795285745
131.0,143.85356436265502
128.0,145.998013232807
126.0,144.31570725081403
126.0,143.87985330844006
126.0,139.2159693472689
123.0,136.16563379804072
126.0,127.87811939706319
139.0,125.64644851031932
129.0,127.76190037665525
127.0,129.07817528909544
135.0,126.4557596688588
147.0,125.97503551107401
148.0,130.09169936384387
135.0,144.2828285956961
124.0,136.8230506406407
118.0,135.13590069335095
117.0,146.00075601282515
118.0,160.31330542554974
117.0,162.9542907007519
115.0,148.04158993615027
126.0,134.263448640631
137.0,126.48716740120285
141.0,125.42359408408728
141.0,119.1789125624081
133.0,124.91950243388703
134.0,126.09474699360396
139.0,132.46893830677857
139.0,139.33395727835892
144.0,156.99389331184435
145.0,155.58369994032714
140.0,148.3897464682672
148.0,147.68486663527312
158.0,152.69766296685935
163.0,151.8257603742153
158.0,156.27220019375528
148.0,159.40046352580333
155.0,149.6247963289871
170.0,152.63219294032166
181.0,163.39560017935662
176.0,169.0923613598441
174.0,167.15504772147344
175.0,151.31897606042708
165.0,155.27136091628734
153.0,173.43785693853792
148.0,183.0025520405697
140.0,176.2382048682761
133.0,176.94458224947107
127.0,175.70152683841997
123.0,161.96088187668332
131.0,146.7099459516436
140.0,144.0054376691803
148.0,141.61561156294636
154.0,139.07403311977103
159.0,118.22005547784583
169.0,111.15592932614081
167.0,123.32362192964828
160.0,134.7080747248182
162.0,140.9853878653945
169.0,150.69477645554514
171.0,164.1169752192217
171.0,173.96288030349456
176.0,172.76433087471716
177.0,167.0543608643182
172.0,170.46283696681996
165.0,182.05110179863004
159.0,179.26302540529002
153.0,176.71736255547992
148.0,189.19835281080128
138.0,181.2888188597484
116.0,174.96507692565464
112.0,161.97076568090557
117.0,156.21650690218627
116.0,152.09726660192845
109.0,146.0119564009435
103.0,131.86401880775088
95.0,108.23292610359547
99.0,103.96665332743244
99.0,108.59164998052755
93.0,107.94297249231917
87.0,102.46643385402257
80.0,98.20472006481847
73.0,90.96265771411524
72.0,94.10960168488961
80.0,94.19925680634357
86.0,88.66868867564152
93.0,90.686300744232
96.0,84.0875065620108
97.0,71.98282953081583
97.0,69.32478445771636
97.0,80.7219317412504
97.0,90.29326860148988
98.0,101.38992529658537
98.0,102.42990949494515
98.0,106.21945683867655
97.0,107.96879244660585
96.0,108.7873520224605
95.0,111.14669396158806
94.0,116.28692906461254
94.0,118.83866324709652
96.0,116.79580635398304
96.0,113.81512452790642
96.0,108.77972282280194
96.0,106.4660000603547
96.0,105.97160816667117
95.0,105.47867972575261
94.0,108.25385751978908
90.0,108.38951229563472
87.0,106.71914040954212
87.0,106.90553897756773
88.0,106.02523400981661
90.0,105.89192023036935
91.0,106.49163858579888
91.0,102.56931748486086
90.0,98.19223683538456
91.0,98.38225582935873
91.0,98.60846028445582
91.0,101.02050224594299
91.0,102.37606368855643
92.0,102.41461019122457
92.0,100.94929075431328
92.0,103.75189168266876
92.0,104.69462034618914
91.0,105.99258681383246
91.0,107.13213000224684
90.0,107.03759814695077
88.0,105.84429255352327
87.0,105.86130129186441
87.0,106.39638801325887
87.0,104.53000439052516
87.0,105.01715358206016
87.0,102.93437778940626
88.0,101.04987420112738
88.0,98.97123319790447
89.0,99.14649508162097
90.0,102.6539677464898
92.0,102.65272698236112
94.0,102.83271422857445
96.0,103.91676506341278
96.0,104.41994525375793
97.0,106.0135121314705
98.0,108.16139751613657
98.0,111.96443415630127
99.0,114.3501996524723
99.0,116.25591275361691
99.0,116.03723857040397
98.0,116.56286385226016
98.0,117.83519602829676
95.0,117.19436736486446
89.0,118.16444179784395
89.0,118.12558825669105
91.0,117.92928860650301
85.0,116.16622463219359
88.0,115.43506849053875
100.0,110.7459416658003
89.0,103.64655841565585
96.0,101.94552557905955
102.0,104.5039995108968
107.0,99.26471754320582
111.0,100.80801710560462
110.0,114.3140977320391
114.0,104.69492101051188
121.0,111.80469714560063
130.0,117.29748975269996
115.0,125.7408773664049
107.0,131.91568535857806
101.0,130.32138166063157
110.0,131.79494732009238
123.0,142.34693155399287
132.0,151.59624847838154
128.0,128.82402668359464
124.0,124.18450725175383
126.0,116.05660608663271
128.0,120.72197677661748
130.0,134.8832012292927
124.0,144.2693453825337
120.0,145.5864382311277
117.0,138.35078022420245
