y_true,y_pred
225.0,201.54449651490202
233.0,199.88942191746685
237.0,202.00777373290148
241.0,207.7864959456502
246.0,211.20291390207927
248.0,209.78873564612508
250.0,210.3988756806104
252.0,213.69362479410853
256.0,216.227482208179
259.0,215.3465408547086
262.0,219.09270472474103
266.0,219.0097858307089
269.0,225.10454942131443
272.0,229.22613507861004
275.0,240.27244929310882
279.0,242.6012835980185
281.0,250.7607270932008
283.0,252.63398691202678
286.0,254.15613473450134
289.0,254.59363825281224
292.0,257.7379561268627
294.0,263.69991428366734
299.0,265.6586514384338
301.0,269.0520471928158
304.0,267.977288450524
307.0,268.3696431044427
309.0,268.77285242059634
311.0,270.8982238321913
313.0,271.32960678490105
313.0,271.76119708275695
314.0,272.4570777016667
314.0,273.9585659822112
315.0,274.88947574738205
317.0,277.7857711663302
318.0,278.92400431107325
319.0,278.2696936705404
321.0,287.5567532927418
321.0,287.514893179134
321.0,289.8651468970024
322.0,299.25042747417086
326.0,301.0442367597198
326.0,301.0514144221598
326.0,306.7262827519898
325.0,307.3428913145334
324.0,311.22718709157704
322.0,312.4360178315397
320.0,313.0095623705679
318.0,314.850008277936
316.0,315.5940377851504
314.0,315.46435824957433
308.0,315.4436395083107
304.0,315.44393660195306
301.0,316.1891739842622
298.0,316.1265019639364
296.0,315.940273879943
294.0,315.6282012307264
293.0,314.87054247937414
291.0,311.2454606986148
273.0,308.7634139279263
270.0,306.3573013134867
276.0,304.3122015682775
265.0,299.5801203289787
251.0,283.740431215006
251.0,282.0947689620098
251.0,272.2736947353358
249.0,271.19689928410173
255.0,270.27490233950755
294.0,268.1761001333173
306.0,266.9448707202511
316.0,266.12735987295423
322.0,266.7939218199328
311.0,262.293000151096
298.0,262.4567594495321
293.0,261.3835260317219
288.0,224.8529099449192
291.0,226.45558496611997
289.0,230.49852025973587
285.0,231.47478196462848
289.0,234.34013395917287
300.0,257.79766948845315
307.0,263.4216094214462
296.0,274.6252564292753
291.0,275.83198039969227
275.0,265.464234345256
270.0,273.50911081406787
272.0,275.57389207121014
269.0,275.8886781379116
251.0,276.3577984150468
241.0,277.47134012005307
244.0,278.96691988970355
239.0,281.0021430767766
237.0,277.3618006056561
233.0,277.97959205523574
228.0,282.5391128141953
222.0,283.4072308059951
218.0,281.3324137372082
214.0,207.534241727093
210.0,207.13600133185125
209.0,207.42861827306737
205.0,198.82087462285378
204.0,186.3738819521786
204.0,192.8016902057923
198.0,192.37989782844326
197.0,188.68197417882342
195.0,180.96316323892881
194.0,183.04579287713244
190.0,180.9143512635941
189.0,180.44380111968474
180.0,179.07746934349595
177.0,178.73341982200887
176.0,176.0487093068236
172.0,171.39325285558832
168.0,170.75412988840398
165.0,171.7755890188141
162.0,164.5888806501297
159.0,161.6201998657814
156.0,162.1534397885209
151.0,159.0899804969833
150.0,158.9305338128806
146.0,158.94650287916218
140.0,153.27607840792075
140.0,147.1841154195493
138.0,148.50007362265674
140.0,144.0584010184056
139.0,141.93709751264134
141.0,138.7425812950752
139.0,141.08338879813564
144.0,137.11910953759894
152.0,136.46762649358774
160.0,133.98534536279777
167.0,141.4791506965772
176.0,146.90029980034456
179.0,146.06239452107795
177.0,147.01316576426373
172.0,148.2698950563238
158.0,133.92318830302872
145.0,137.40744594798616
138.0,146.99394611358818
136.0,139.74206048847205
134.0,149.08712579742777
128.0,158.09612321225745
123.0,163.7224498023961
121.0,165.73367807475177
123.0,193.18264621127813
121.0,193.0288339768274
117.0,185.25702821989492
112.0,168.59481162583026
109.0,142.53867395974152
110.0,131.005361697341
114.0,125.3727236097346
126.0,125.80054459041698
142.0,120.66033586970555
155.0,115.33416616836323
163.0,117.14823530786438
159.0,116.51712530248363
153.0,117.03398258980448
152.0,116.76088556907035
151.0,113.80617608484329
145.0,110.32693272103606
141.0,104.80609156174957
141.0,106.14204790446459
143.0,115.47454369910785
145.0,139.88900793031038
146.0,158.1276810358952
149.0,166.8118519933919
151.0,171.50330792904123
152.0,160.9452057577484
153.0,153.52209618809437
154.0,147.0801084960297
154.0,143.34193439596828
154.0,135.2294275237145
156.0,134.766474920747
155.0,137.73590104645382
153.0,140.7893966012529
147.0,145.391724763278
142.0,148.2050430587346
142.0,151.30544178649362
143.0,156.67123185930876
138.0,157.00358950058683
137.0,161.6676058646251
135.0,161.83462319830429
130.0,161.49605100971922
131.0,160.4904245687583
132.0,167.13225964941233
133.0,165.5856109164006
135.0,163.4625588673839
135.0,154.4836525790708
137.0,151.19659894875227
140.0,148.82706443946722
145.0,150.04102232737452
149.0,140.72722846539298
150.0,140.72762960576335
149.0,138.59282279395276
146.0,128.7885934322205
146.0,131.58182183156643
146.0,132.02838020238437
146.0,137.49058684387595
146.0,145.1171242575144
146.0,145.9561360454654
146.0,150.78975947506262
149.0,155.8841020722213
164.0,159.29573721108656
173.0,144.85168371344972
179.0,162.43738376492678
182.0,163.06573580355223
183.0,163.22404276165895
183.0,167.42876834791053
184.0,161.12941555909867
184.0,179.61427562892155
183.0,179.87436038523717
189.0,175.76762390897707
195.0,192.51003460456897
199.0,196.30619841885797
198.0,196.08632322957706
199.0,208.99013974587717
198.0,213.24835382750106
198.0,210.67216089319496
197.0,211.6311110875843
198.0,207.35219729028566
195.0,208.29721083712795
192.0,199.58382888485744
187.0,196.01009471863435
181.0,200.03950540150507
184.0,207.32838764007215
183.0,209.9431495700191
180.0,208.83953891496063
179.0,207.7063194679974
177.0,205.26907668365314
172.0,204.43216866173063
167.0,199.95375355646772
166.0,202.56153277384678
163.0,187.07984424400922
159.0,177.0702313160085
157.0,172.0826242876752
154.0,160.7957575656424
151.0,166.2015701796613
149.0,166.18956522832391
148.0,158.96968715118913
147.0,156.86980544428695
146.0,156.2771845381043
144.0,149.66548740691857
139.0,144.38470899109657
133.0,145.76457945874407
129.0,148.27859486078822
126.0,146.32508012709005
124.0,140.27047759807166
124.0,135.80236522856114
123.0,130.90510351495269
124.0,129.64743750644539
125.0,130.16124024502932
127.0,132.02694211829697
129.0,133.56469016593084
131.0,134.0252347907544
133.0,128.99694341209323
134.0,122.19471870804922
134.0,119.92689159779533
134.0,115.78876875944972
134.0,106.94236177534357
135.0,108.56275916102912
136.0,110.0176664682433
137.0,113.21062376963302
137.0,115.74827083361944
138.0,126.14806737317846
138.0,131.71150619444614
139.0,133.5393360110345
139.0,140.1886383437589
140.0,145.2541618006713
140.0,146.14492831853636
139.0,145.8276920380235
139.0,145.43328365954878
140.0,145.02666101160847
139.0,146.69378098464793
138.0,146.58704526383556
137.0,145.83630695430085
137.0,146.3163400411319
136.0,145.84630639737816
136.0,146.68262309934858
136.0,146.38512964455418
136.0,143.63102872213744
136.0,142.82070963765662
135.0,141.648809720801
135.0,141.22119497132155
132.0,141.54390557437839
129.0,141.15496277376837
130.0,140.3049114675342
128.0,140.0309228180783
127.0,140.1916980316012
126.0,140.10003591495104
124.0,140.85197370866618
122.0,141.51578972781078
121.0,141.7796322538059
119.0,141.26628484737893
118.0,140.44335634078038
117.0,140.60780593042625
117.0,132.1604876714979
116.0,130.1248943149883
115.0,130.53774522983437
113.0,130.7916807633794
112.0,129.78700439847046
111.0,128.04769348813178
110.0,120.21657626687556
109.0,118.6939692052224
108.0,117.7255833817196
107.0,116.92878795193762
107.0,116.96579164495722
105.0,118.62271782198157
104.0,117.72360721635455
104.0,120.71700160852801
103.0,118.08864833877176
103.0,116.01757648499455
102.0,115.0962678720235
101.0,111.44370663729119
101.0,111.73359698447422
100.0,110.69841918889537
99.0,109.91139021107134
98.0,108.44032827891272
98.0,108.69155871542266
97.0,108.21224554574827
97.0,108.5894160736544
96.0,110.11430810161474
96.0,109.95944373834797
97.0,111.0000494879448
95.0,109.98234981908742
93.0,107.05681832568108
94.0,107.23663725414679
97.0,104.4250462274499
103.0,103.33088784160628
110.0,96.6592956449444
118.0,96.86934006047586
131.0,96.11984528714238
146.0,105.21592613086902
156.0,105.06309823930084
161.0,104.88539474588987
169.0,106.98649297138414
163.0,108.73348925455882
199.0,106.50194019579611
200.0,103.97074781931428
201.0,108.54688387730211
200.0,125.34518401301037
197.0,126.96231440811324
193.0,141.07593250400026
189.0,163.5314159224745
185.0,174.35698726224535
180.0,185.78440004336053
177.0,192.7153569637974
181.0,187.51354845483522
181.0,159.40196774000506
174.0,221.55993320127965
167.0,220.51966200309775
163.0,215.40908374368342
158.0,211.33159872376473
155.0,205.97494758736914
156.0,185.59029084415806
158.0,177.37239573015725
200.0,169.72778482382938
213.0,164.94860262053035
246.0,163.7873160208962
265.0,158.67518759864853
267.0,161.65301431156024
258.0,158.68521716294197
248.0,147.3150622267036
240.0,145.73670999581842
230.0,136.8933753335824
225.0,135.8285857639945
224.0,138.5371565694259
220.0,141.5707846655989
214.0,182.48131477714892
212.0,217.014213008427
206.0,243.98274847062908
198.0,282.80508136793327
194.0,283.6193910793615
195.0,263.1214340529105
197.0,242.3114239382716
196.0,230.34223907829667
194.0,209.1942247858792
193.0,207.22468394213962
193.0,206.5701439756164
190.0,202.96834144359212
186.0,186.2973916488578
185.0,187.62571657097774
186.0,176.8822307600241
182.0,167.89128063548085
178.0,149.81957042531332
177.0,161.66621614591318
176.0,168.6121536206412
173.0,167.41631601672012
171.0,156.67734163132465
168.0,157.59672943559488
166.0,166.1812939760175
164.0,172.4055384749335
159.0,176.4660213138756
156.0,178.45538879629166
153.0,178.37716401209917
151.0,174.92910512408417
149.0,174.4646616679206
145.0,170.56414428711176
140.0,170.80030702122778
136.0,165.2988709063521
136.0,160.00730295128167
133.0,153.59269516703742
129.0,153.37792604180316
124.0,149.0290124906458
124.0,143.62073081649777
130.0,141.68038796807315
134.0,143.3748936242823
142.0,142.14511576692317
146.0,141.77604981963196
143.0,141.68802932839876
147.0,138.7568245824019
156.0,137.981656096212
162.0,145.92092056187758
164.0,142.52236290423664
168.0,140.14495583844206
175.0,132.16171649794293
179.0,131.0367649621496
183.0,144.12657221895685
190.0,155.946162661264
194.0,179.12383732044617
197.0,181.96818021375768
201.0,178.1238437732367
206.0,178.84275539387178
208.0,191.8407484232601
208.0,194.8639967154373
208.0,195.79806554588296
212.0,198.10977391621557
209.0,217.66619927183768
205.0,217.00797397533785
208.0,214.10933086351963
204.0,217.43328572268985
201.0,219.00026918542528
201.0,226.5383232765931
203.0,228.03135526534277
203.0,230.78322836539866
199.0,230.9947305842901
200.0,228.67381755042314
202.0,218.65060733321113
202.0,225.78968826639925
197.0,211.48158403037502
197.0,203.01506009343697
199.0,203.11665081282024
198.0,196.66756528750665
204.0,190.2532920814186
205.0,192.08104474385277
204.0,196.07814782153127
210.0,197.4673346598531
212.0,196.24736906666683
212.0,198.69426018857826
212.0,199.44062930827016
210.0,199.84753673094244
208.0,197.85600568459478
206.0,198.02199264018802
208.0,198.98520723811626
205.0,198.2453596656108
204.0,199.39006739475317
199.0,199.75139913409595
197.0,199.63901183371334
191.0,206.43624753637803
182.0,210.786095054704
180.0,211.07275778554015
176.0,210.4343496354678
174.0,207.47177943162976
179.0,200.79793506060554
178.0,196.96288206258316
172.0,196.72684539713998
169.0,194.25476028793128
165.0,193.90666963617514
162.0,193.59232387275176
162.0,194.2140352575912
166.0,190.53277460330136
167.0,186.7309065481097
166.0,187.5216817093437
160.0,175.558736063681
156.0,174.63291376630002
153.0,179.97337375264112
152.0,180.0006404564943
156.0,162.99187283476724
166.0,155.6562284976487
166.0,147.480557243421
166.0,148.37177470554712
166.0,152.11113677839768
166.0,157.6493433018033
166.0,160.94406327783614
166.0,160.6696895046852
152.0,154.66399181076588
144.0,154.57849527722334
136.0,154.58745407965696
127.0,154.47230724724437
121.0,154.86949880971358
121.0,156.9207955982053
120.0,170.98894988568418
119.0,168.27763512490117
119.0,163.94979095480946
118.0,159.55542770386583
116.0,155.09209717515992
112.0,149.54093338609943
109.0,137.34676465517242
104.0,134.25785703787864
98.0,127.9661182696227
96.0,119.634175447065
93.0,111.27506576319287
91.0,110.50919585589646
91.0,110.58681303534813
91.0,113.36787083779784
94.0,115.66539119273175
98.0,118.32265962749399
101.0,117.77634576706251
103.0,116.88017256143168
104.0,115.68347484444418
105.0,113.14177187185393
106.0,102.38595170050404
108.0,96.26077753079888
109.0,95.57377008317484
110.0,94.06519571018931
112.0,92.43216722628644
113.0,92.36901897295262
114.0,93.96588453460006
116.0,97.80214917998022
117.0,111.01817126319885
118.0,119.73518184942814
119.0,121.43996969695931
121.0,121.65843295799786
122.0,122.2448664654086
123.0,122.88527260015152
123.0,124.3821804830327
124.0,125.69382780233896
125.0,126.95257717954566
127.0,130.01596526504883
129.0,130.39302806392388
131.0,131.83894385284552
130.0,131.1789416897525
133.0,131.15097933842327
136.0,131.21829319955782
139.0,135.02997626816918
144.0,135.90048892788025
151.0,137.54912812679743
157.0,137.29840268111911
162.0,136.50398320038184
167.0,137.20982257482754
172.0,143.77064003878345
176.0,145.63370886576362
180.0,145.7462252091677
183.0,143.77637451511293
186.0,145.8164860991306
188.0,149.90476177105617
191.0,151.43113744080875
193.0,167.3117545087952
195.0,176.45237287538362
196.0,183.34938868697748
197.0,186.773260208553
199.0,187.48585796188055
200.0,192.10996254414442
202.0,196.79652477829055
204.0,197.70690195115571
204.0,198.20721742021996
207.0,200.48330528733436
210.0,202.67034830817622
213.0,209.5341541294988
216.0,210.07172735873968
218.0,215.44191792147427
219.0,215.0513829827617
220.0,215.28924450139968
223.0,217.29877918246973
224.0,215.93241401524125
227.0,215.29738523017315
228.0,214.83689413476904
231.0,212.56296146266283
234.0,212.04834429897545
236.0,217.68843880957266
238.0,222.82814252469032
240.0,226.3008266420394
244.0,227.98871176704122
246.0,228.69584053579948
245.0,229.38993276138186
247.0,233.07214913474772
249.0,233.9269973945302
250.0,234.34138044810376
253.0,234.27807703044206
255.0,235.4129018611592
256.0,236.16595327518752
257.0,241.08985471489888
257.0,245.95536099993797
261.0,246.42594094768452
263.0,255.51774192139433
264.0,260.1582906564895
265.0,260.0684676845546
262.0,261.6255941948278
261.0,262.6477813421723
265.0,261.61090379372337
270.0,261.2693953535159
272.0,262.3009683353024
273.0,261.8670691909904
267.0,261.81083682542146
265.0,261.0765766423088
270.0,268.2649352620427
256.0,269.61284972362324
292.0,270.66720641976804
293.0,271.58569360889373
284.0,270.2206985587271
277.0,269.3590134972233
284.0,274.3059627035136
289.0,276.0090615420279
276.0,277.3318075114552
277.0,277.24148068478866
277.0,274.6932340369863
273.0,271.75011610694855
263.0,262.7753560105465
248.0,237.9965841058493
245.0,268.7539951799843
253.0,271.00078880116683
251.0,268.75648619427346
245.0,264.01625189542403
238.0,266.521920882003
233.0,268.0193617427764
230.0,263.99494669748117
227.0,264.4486486027388
223.0,264.09937362534254
216.0,263.1811517462739
208.0,256.35701383336817
210.0,220.1231863582833
214.0,215.37611614370545
201.0,227.94487732179294
193.0,228.2844221456648
187.0,222.24014935344405
176.0,220.61241241461713
176.0,192.61838969825882
179.0,192.04076677832504
189.0,193.39579617428006
198.0,189.3039854313023
197.0,181.6203668464884
200.0,174.09432685177882
191.0,186.7246285552103
180.0,191.8553566631138
172.0,172.54484669846485
173.0,155.34163996780657
182.0,151.43156461702472
180.0,144.20755109388742
170.0,143.3939395831223
169.0,145.3557435171679
174.0,159.49671370079875
182.0,181.45138567124167
195.0,190.15227893798533
197.0,192.51198059996355
199.0,186.24563823062752
199.0,167.5666934344197
206.0,151.87864465807343
209.0,157.4493068958988
198.0,167.88444421137154
200.0,168.78964002741745
205.0,147.45872733816378
207.0,144.46437951681597
199.0,155.45626406713663
188.0,161.20417256892208
185.0,190.4125074934612
185.0,195.61023484542872
182.0,196.90108270891875
183.0,196.76196282915635
177.0,201.2398135417136
172.0,203.06702459601507
172.0,195.39789429079846
172.0,193.29639094824302
169.0,197.1041562974013
167.0,199.92858353191107
166.0,192.72830064356359
166.0,182.01499164492435
165.0,181.62465786691538
164.0,180.11114608186054
163.0,164.76055312164553
160.0,169.6518810380317
155.0,173.44966406091942
147.0,159.10557660367928
139.0,157.8914289340418
132.0,159.7228031802618
123.0,156.2709045914346
116.0,154.7426532045116
113.0,155.9713564030147
111.0,157.2342283797293
110.0,156.55479904570566
118.0,155.89015550429176
129.0,155.72174348308766
142.0,151.5925003294202
157.0,144.9187582500966
167.0,137.95305742549849
170.0,132.85676026786084
180.0,121.4887037287008
187.0,126.41636377301893
193.0,124.22597484215515
205.0,121.98018426500285
207.0,121.2134654034163
208.0,121.08447682351978
212.0,128.5970534092837
219.0,132.141327567
221.0,169.76525124921858
225.0,182.17780880966936
227.0,189.3016310024913
226.0,201.78554064831994
224.0,218.45609735937472
219.0,219.4576300498337
228.0,219.04300974737131
227.0,233.6438259886172
233.0,232.84117528272267
235.0,231.35818578934854
234.0,239.54208793231413
228.0,243.3755109479258
222.0,244.05491732380486
223.0,246.3775574426067
230.0,246.33146614224466
230.0,245.9521642038462
232.0,245.34407898129652
233.0,227.7862251974841
233.0,237.7805624682736
235.0,236.54144555588144
231.0,240.302980984715
225.0,245.67986451116602
221.0,240.00590569251918
216.0,232.35276542435724
205.0,227.48769931846294
205.0,226.9285804057452
205.0,230.71711961798314
205.0,233.6066365319604
205.0,232.20022157891052
205.0,225.4266829492844
205.0,205.67510052374618
152.0,191.659461174155
151.0,191.659461174155
149.0,191.659461174155
147.0,191.659461174155
146.0,191.659461174155
143.0,192.66003912734473
141.0,166.64903647223866
158.0,160.8357090507052
169.0,156.04363493215035
179.0,153.85127010253578
175.0,151.62041926855562
166.0,150.76204729838878
156.0,143.5929335536958
148.0,141.66829409851854
140.0,137.52599635384337
132.0,136.58608030613448
124.0,137.10273003331955
116.0,135.6740296944096
107.0,135.51289502225202
87.0,166.28966656706498
77.0,178.3297389145798
66.0,194.75088513446832
58.0,189.95804498751687
53.0,165.62341185244588
51.0,151.02306885251647
49.0,141.56695293688995
48.0,131.64876612034254
48.0,122.49249282751086
47.0,115.49857824843096
46.0,108.3345702513542
46.0,100.7424778778484
45.0,88.4725015226725
45.0,84.89325599390423
45.0,83.65123234028461
46.0,83.84174362563309
47.0,84.20112221980894
47.0,84.58000274054915
47.0,84.34528443304707
46.0,84.29498840050373
46.0,84.60564007733942
46.0,84.17070399559846
46.0,78.62862434426083
46.0,75.36391286669993
47.0,74.73922550841559
48.0,75.87005125722551
49.0,77.29838608334708
50.0,77.2216993698836
51.0,78.17322312567596
52.0,77.93378527116276
53.0,78.08754665924953
63.0,76.03270873448301
66.0,76.46410194033774
65.0,75.93174858361616
86.0,75.97580218038469
82.0,75.7502460116212
76.0,76.22089794411016
78.0,78.18418755318493
83.0,81.11009490771356
86.0,86.71925799360368
87.0,88.65041279176057
89.0,90.08812404662362
88.0,93.22699870040326
87.0,95.70529449017863
91.0,109.18046213356672
92.0,110.17289491526246
95.0,120.54071843683195
97.0,112.90294891447815
91.0,110.93676686837452
84.0,109.99695789118397
81.0,109.88074855271631
86.0,115.42006057609125
92.0,113.83565817074182
92.0,118.7932889948429
99.0,111.90495945827809
116.0,105.54835063712004
129.0,100.49373957422793
139.0,99.75268825681087
148.0,104.98251318422969
154.0,106.06923243114946
163.0,97.41832654818863
173.0,86.32211871937999
189.0,83.7213309866765
195.0,85.54854776623252
194.0,96.53481533420924
196.0,100.36010133697866
212.0,128.47560664521558
218.0,149.23457550718308
219.0,165.89339461074982
223.0,164.15579787121217
230.0,158.69779560025975
226.0,167.50601615452572
229.0,166.0606225793741
235.0,186.5692158925027
233.0,200.15496169925336
234.0,205.6694826407746
245.0,195.65120033947989
265.0,201.5965988123498
255.0,214.01501563568397
250.0,216.04566131721407
241.0,214.86726359571975
231.0,212.71109186161024
224.0,215.18565616432193
224.0,202.6818665443057
223.0,205.41445874960678
225.0,220.1097741750648
228.0,205.0437194315154
223.0,211.9005559319234
218.0,240.9654106985411
217.0,252.93733129807026
216.0,252.90495391199013
210.0,249.74722605941486
210.0,240.13989031249372
217.0,215.590634555078
221.0,206.7115526525886
226.0,200.49802405297058
229.0,203.86230992162368
226.0,205.1392426268567
225.0,197.03295392728958
230.0,193.12365582227218
231.0,190.55005233430535
226.0,190.1714704277901
218.0,207.28106691663507
209.0,201.3947217767681
200.0,200.99400717349988
194.0,207.4698945377228
191.0,209.96315671055217
193.0,213.31910341783282
199.0,215.22573101913957
203.0,214.87718149179648
205.0,215.12778973479237
207.0,217.73920918216572
208.0,219.14279876924797
200.0,216.57925888148503
193.0,213.59957350742653
191.0,202.1707159789853
192.0,195.29622763963448
188.0,172.91916802012494
201.0,172.3698893206244
200.0,175.05912027022356
202.0,189.86591835357942
201.0,192.2722294297651
201.0,195.30754628563497
201.0,197.92000093460015
196.0,200.1675824800711
190.0,196.69283181205284
189.0,192.05815475884253
182.0,191.8188462531185
178.0,192.1320309115497
179.0,188.19449466497437
178.0,196.77079636649023
170.0,197.6897406998427
169.0,198.38023522849892
168.0,198.48327713749507
167.0,199.00395813594582
167.0,199.18832207594326
166.0,196.01632730157468
165.0,191.84900006733724
174.0,190.00814009292844
194.0,185.7345898361232
216.0,185.7079707983078
232.0,186.03952698029659
242.0,185.53855268258218
253.0,161.0071800051074
274.0,160.01023574334278
288.0,159.1709049611407
297.0,159.19071798512562
308.0,161.41451702554136
311.0,160.28937161166445
310.0,161.73401905487881
308.0,189.48877151386282
307.0,213.05451759339851
295.0,228.94993029884444
281.0,235.1922496283141
267.0,250.13335811723738
256.0,260.03404283396117
239.0,269.54040623280946
219.0,272.3855424040596
198.0,276.28940793636696
186.0,287.31204827490336
174.0,298.8295651617342
160.0,293.31524960355284
148.0,285.1003660937004
141.0,284.27734696566415
135.0,267.1773096108955
134.0,252.4216679409694
141.0,239.85426166558202
147.0,208.1543928836301
147.0,191.94174842864038
144.0,200.51555570987847
137.0,155.58925089527318
130.0,129.8133670168585
121.0,128.0459486110425
114.0,111.80758896682435
105.0,110.76312100140635
95.0,111.11113153612222
88.0,115.54152144701673
80.0,122.26371830348604
75.0,128.50742873347826
73.0,132.02014038839232
85.0,133.56521117244887
90.0,136.5854524033777
85.0,138.43859876764697
91.0,127.68125275127053
105.0,108.38728717601933
123.0,108.37514902463757
139.0,108.4905644912049
148.0,108.54571840861549
147.0,108.89955566616376
144.0,106.44815879960142
139.0,107.34165549271789
132.0,108.90106470648955
122.0,112.13285437548546
113.0,112.37795712453499
107.0,110.70687490836373
100.0,109.19120920866803
95.0,120.58606479952427
90.0,145.35816866889365
90.0,165.51407922766393
90.0,171.00418122113555
70.0,166.5815562523575
69.0,158.25078273393052
72.0,146.1767804052701
80.0,132.91874266519523
88.0,121.47913785485414
92.0,113.97011125926065
97.0,110.59951612018182
100.0,99.3072961195288
103.0,99.06428501309595
106.0,97.97368449075661
112.0,97.8337844358308
120.0,97.08922142736938
130.0,96.14140175319686
139.0,95.91509752672778
150.0,97.54126254510561
160.0,98.23595349044206
169.0,101.388137096139
180.0,104.6719992852974
188.0,105.78367947524356
198.0,115.21383448751754
209.0,117.50393890765105
217.0,117.27770031475507
225.0,131.77715320101296
236.0,142.22253873859427
242.0,170.95000717651783
244.0,171.17874430260807
247.0,188.3509291457433
247.0,200.2767356171285
245.0,204.14397438570305
243.0,217.20276727292077
245.0,216.37502354967768
247.0,200.67871102331264
246.0,196.25600832616897
246.0,190.16725979870935
246.0,187.46589424006612
245.0,204.02413291488372
243.0,216.41889158879587
239.0,215.4888051371605
235.0,216.35179569742806
229.0,213.89590320908093
223.0,211.59523477218497
216.0,206.6352456992845
210.0,212.93926929620693
203.0,216.72053606520657
198.0,216.33046889873867
193.0,217.2006013752002
189.0,214.81426305703772
185.0,214.4596071210942
181.0,208.28708489871656
177.0,201.34869981112854
174.0,187.5202444013124
170.0,178.2964163708314
166.0,169.71540937592715
166.0,163.51279354696777
166.0,165.88502903048047
161.0,163.03271678801454
157.0,163.70011975686162
154.0,157.5708161763304
154.0,155.62137890185136
153.0,154.46841223173948
154.0,147.88170168018004
153.0,148.6655952260383
152.0,150.72466355830068
151.0,136.9067768784764
150.0,134.92534612698645
148.0,138.30745955839322
145.0,142.02318415280223
142.0,139.9797782668966
143.0,134.22994820027623
144.0,130.32851987334138
144.0,132.04061676542156
142.0,131.51445913937775
140.0,135.01096134013136
139.0,136.55213224937373
137.0,134.1391561041432
136.0,133.09092240175045
136.0,132.35698249116393
137.0,129.1672113363193
137.0,129.55504914364946
137.0,139.47041582854433
136.0,141.80074213499307
135.0,145.14891152485328
134.0,146.583346977072
133.0,146.07334042234558
132.0,139.33575681681654
132.0,138.75876840565266
131.0,136.69005278791988
130.0,137.57519646040413
129.0,140.64059947982247
127.0,144.71890114126708
125.0,146.09844412743325
124.0,147.43993531640857
123.0,146.96425701121214
122.0,141.8858391341825
121.0,138.05805110856588
121.0,133.13596543301477
119.0,128.34539666843065
118.0,128.06922718380176
116.0,126.29817407639939
114.0,126.15800104047995
113.0,126.13322094021818
113.0,125.98918615482769
112.0,121.71537640590567
112.0,120.75153720932691
112.0,120.35262288351646
112.0,120.36396251343456
114.0,119.84878859281281
115.0,120.57238881064866
114.0,120.27933401269334
114.0,120.17573062101626
113.0,119.50830741215485
112.0,117.57379814889703
112.0,116.0260633336733
111.0,116.91142946416223
111.0,115.63841732752786
111.0,116.11344402092118
112.0,117.09043227472473
112.0,117.62869952993582
112.0,121.79993617247743
115.0,122.81118499590248
118.0,121.53542281500411
116.0,120.97003744454429
117.0,117.56935076844024
118.0,114.9176700072436
115.0,114.88031867259147
112.0,113.60921142325374
110.0,113.83554921467974
109.0,113.92531673623105
107.0,116.3173383617423
105.0,116.7136000268505
103.0,116.63969038995575
102.0,126.04799493008085
100.0,127.37493793635106
99.0,124.54668893566493
98.0,124.05474121763916
101.0,124.00780434157765
103.0,122.57860704812116
100.0,119.0639495075875
99.0,118.29661697688404
98.0,116.37281126837654
98.0,114.79201594467676
97.0,113.59904186065776
97.0,112.72320423786007
97.0,112.91680048874541
97.0,107.31873292659404
97.0,106.25450661090547
97.0,99.07828026826559
97.0,109.95071023942205
130.0,152.66176152138726
133.0,152.49490207784842
137.0,153.04310968985422
140.0,153.04310968985422
144.0,153.16550227783108
149.0,153.21563890340488
151.0,124.18629933289735
152.0,139.62960922440868
153.0,136.10601710732422
155.0,138.491991543819
157.0,138.44291744118897
159.0,151.36570891195933
166.0,147.78046610186945
170.0,149.4479050570934
176.0,154.07725340372113
196.0,153.98829106952192
208.0,157.63837306476583
209.0,159.69734295808607
208.0,164.02719681176558
209.0,163.46774836920318
210.0,165.86987205776356
212.0,165.67154889820443
216.0,167.433323355368
222.0,168.02201352187413
231.0,187.08538416461843
234.0,186.10767223647142
230.0,186.90321083090208
227.0,217.64330016959605
239.0,232.66570591865485
245.0,230.24233831463772
242.0,225.60676621130978
243.0,223.78261271781753
246.0,222.77245464579022
248.0,222.86441508496964
249.0,222.76081684701228
248.0,226.7450629727509
247.0,231.87287550086404
249.0,233.65078257489344
259.0,231.7285762576145
264.0,230.16288616665727
267.0,250.37060696415637
271.0,254.08248087785435
274.0,249.53380823022817
279.0,248.57723639967605
285.0,250.28750691440294
287.0,251.24140190826088
290.0,252.5318470192962
291.0,250.21318337429878
287.0,248.789279382835
286.0,249.63291711934355
288.0,256.1811909946697
281.0,258.40491320735725
274.0,259.84939138021286
272.0,260.07420188185495
262.0,259.9757092111071
258.0,261.1963005298516
242.0,261.1550042350999
223.0,262.0565272442099
207.0,256.52017488767075
195.0,254.6840186135911
185.0,249.71908375922698
175.0,235.9843073484281
164.0,235.85406124056965
156.0,225.6120449250725
150.0,219.44477371043075
138.0,210.81664724453503
124.0,204.6799050783342
112.0,199.35140958846614
105.0,183.75103967283167
100.0,158.43792686924476
96.0,143.3877316201401
90.0,125.1908569306216
85.0,118.6200969522217
80.0,117.71858207579412
76.0,94.44648128336698
73.0,95.60378444445935
72.0,95.29001995895813
72.0,95.27076969890965
73.0,98.73323950229852
74.0,96.68655344176884
73.0,97.28919065012387
72.0,103.15218387117831
73.0,105.30906520100737
75.0,105.2643108934276
78.0,105.13374551610258
80.0,105.28689519975394
87.0,105.45974657678131
95.0,105.35782587741193
98.0,105.165873109514
99.0,105.84557740059864
99.0,109.19921669283637
100.0,109.57782019240022
102.0,112.7662194849124
108.0,115.33294974322979
113.0,122.8881927605673
116.0,125.88839544534841
121.0,128.18615969954638
126.0,133.7494611150691
130.0,124.47716358777028
135.0,128.18057137795367
141.0,131.94994704706974
148.0,139.28122514712325
156.0,138.40848813788253
159.0,137.84775820167528
161.0,140.80779533231788
163.0,141.7482415709977
164.0,145.5274283303447
168.0,147.0441959266191
172.0,147.1155248752287
175.0,157.71615009268862
180.0,154.92622183557714
184.0,160.23945164011607
184.0,164.16234058372626
184.0,163.52715753301038
184.0,181.69893554233494
183.0,179.58359580502827
183.0,177.33133068745806
185.0,173.9524412140162
187.0,173.07924801782653
187.0,176.7389600267903
187.0,184.49695955498393
184.0,197.1351081032295
182.0,197.05483171195908
180.0,198.58220866330373
174.0,193.66633613249624
171.0,191.94473186620183
168.0,191.36539115527924
164.0,189.74505622371558
162.0,189.83592010177674
159.0,191.20302972566205
156.0,193.39816124678046
151.0,193.27700662217475
148.0,192.51146325612322
147.0,189.99997717266427
148.0,185.9268211906008
146.0,184.2642383232777
142.0,179.18713524612178
138.0,174.2621479390191
134.0,165.69283383060147
130.0,159.8994186152072
128.0,154.19428605041398
129.0,151.08656525421085
134.0,145.78802098986574
140.0,143.1138126525556
143.0,141.42623591772795
144.0,141.34464237943132
144.0,144.5783584072552
145.0,146.72984609446365
149.0,146.5083344335529
151.0,140.4418403860793
155.0,131.89164828990883
157.0,129.76988951394117
161.0,134.77981154235675
162.0,136.34606953474764
163.0,150.87254488710767
162.0,165.00793113106658
162.0,171.06355865836187
162.0,170.43821503276928
162.0,169.02391119545422
162.0,168.6446548698977
162.0,168.75587395246916
162.0,168.98691832566033
108.0,163.54114400267537
112.0,173.9771684688932
115.0,174.0478887209098
116.0,173.453660746429
117.0,171.9881715737731
117.0,171.6788405370128
118.0,120.6667926862534
118.0,113.22567010274697
117.0,112.18430075429157
116.0,112.18341269468284
115.0,118.80192918800383
116.0,116.614845034077
116.0,116.75003364391134
116.0,121.25542300909028
117.0,138.84602155447072
117.0,138.30809148077233
118.0,132.81827576820618
118.0,131.72989425784345
118.0,131.54672824644118
117.0,131.5526758247081
116.0,131.49265115700592
116.0,130.87016556637852
116.0,129.98343260331416
115.0,130.64698391743283
114.0,131.10429423693455
113.0,131.19796674539757
112.0,131.14190844594845
112.0,131.97741500369673
110.0,129.16156436271342
110.0,131.31575215001718
109.0,131.81019678638418
109.0,131.82368638267045
108.0,131.47964184576367
108.0,130.5339247784283
109.0,129.42906255652582
113.0,127.87842939750195
111.0,124.88234927457468
106.0,120.63074786014744
103.0,116.66371926416988
100.0,117.21874677092347
97.0,114.6526156631454
95.0,114.66028357457
93.0,113.51183855625969
92.0,114.35262906392578
91.0,113.66707415108168
90.0,114.4620018394588
89.0,115.77564340153624
88.0,123.76167918073261
87.0,118.24840179814642
87.0,114.47713127065637
86.0,113.42671889476394
86.0,107.89144071190493
85.0,97.70333424962375
84.0,96.25817950895558
84.0,94.99776716467507
85.0,94.47778842682516
86.0,94.07144275132701
86.0,93.6910539385953
86.0,93.68759700996036
86.0,93.44471353492754
86.0,92.6144876031706
87.0,93.15504807224531
87.0,92.20092553287382
87.0,92.17095373538797
86.0,87.23929343911102
86.0,86.19837860500421
86.0,86.08108211628297
85.0,86.79574567804397
85.0,91.11326509693257
85.0,91.07319542479028
85.0,90.97981720487824
84.0,91.03613191955908
83.0,92.26031883072471
82.0,93.27643891572393
82.0,93.51373357481756
83.0,93.90239064897335
83.0,92.86771332557487
83.0,92.83549709206592
83.0,93.02109345668704
82.0,87.65665194358321
82.0,89.69830581470497
80.0,89.9127398640277
78.0,89.96110860718198
79.0,88.96785487701912
79.0,89.01068669149213
78.0,88.7300134791693
77.0,89.01677588425407
75.0,89.75540874688062
74.0,89.73799145702603
73.0,89.59342900917979
72.0,89.62297976318239
72.0,89.04634744848978
71.0,89.41372640453179
71.0,88.17330772303296
72.0,85.98247879729047
73.0,85.91833621719599
73.0,85.99744517955726
75.0,84.57188202400572
77.0,82.23874337593419
76.0,79.55999064776015
76.0,79.41070559657743
77.0,79.1998806353656
76.0,78.71771003733483
77.0,79.667379978332
80.0,80.34741448547443
81.0,80.49359901368152
83.0,81.33772202845343
85.0,82.36374105168733
87.0,85.50133876024977
88.0,86.49018478911869
90.0,85.96867393880393
87.0,85.8050743372142
83.0,111.18694923543555
81.0,111.58506740751253
79.0,110.32846136372335
77.0,110.62343978603201
77.0,110.96745724389298
73.0,111.51361171635578
86.0,117.4650218020894
83.0,127.2409826356407
85.0,126.8132747800877
87.0,125.74534632094333
88.0,124.9527813480538
88.0,123.65598612838119
88.0,122.4427130513509
92.0,121.25002755691963
99.0,120.31835687891737
106.0,119.72301724961086
112.0,120.32871189975029
114.0,120.1971516388252
115.0,122.51471028240208
112.0,122.95890011685009
109.0,122.62847469612038
110.0,122.94874374561284
110.0,125.2244781333151
111.0,125.62725030103593
104.0,126.17720234318396
95.0,126.60890293043383
90.0,138.13940105267704
89.0,142.30916869392942
92.0,142.60292805554667
98.0,143.40923906473031
104.0,142.7226123459326
112.0,128.79183426492406
119.0,125.89903771566789
122.0,125.58339920573829
128.0,125.35173201590312
131.0,125.22816875257578
137.0,121.85652955741985
144.0,113.83169493839844
151.0,112.61130568588446
159.0,112.93422581516772
164.0,112.9028138056301
169.0,113.18975303890308
171.0,119.09337802193721
169.0,129.10181190629024
170.0,143.88225628385084
173.0,143.9421787168261
176.0,151.276690125976
179.0,148.50505173150447
179.0,154.47336269301982
181.0,163.4277949324676
187.0,170.04627444864778
189.0,180.88181617500598
191.0,186.66524185847032
188.0,187.66838492859563
187.0,187.54638192194616
187.0,175.82973088625684
187.0,176.48075834582716
187.0,184.7555967521845
193.0,190.44200746265724
206.0,191.2363325668457
220.0,188.1257072129384
221.0,187.2569979984053
217.0,196.22574083284857
217.0,201.98794875097326
215.0,204.38957116052254
211.0,197.32112498591394
209.0,194.51002678768717
207.0,193.86785090704205
205.0,192.99403740724293
204.0,192.23083439284576
205.0,198.08141504984192
207.0,213.72341593176435
209.0,222.58589595803335
212.0,225.91996554797262
221.0,221.56955825287102
227.0,218.76488579934653
233.0,233.84243903017443
238.0,227.73936487392496
243.0,212.79122850834165
247.0,208.50764062633897
247.0,204.45621231080736
249.0,192.30687701032738
250.0,195.22873946906483
248.0,197.11884906646395
245.0,203.21358289768648
243.0,207.20269149722998
243.0,211.728230014196
242.0,213.41457961574798
237.0,214.28048728332152
224.0,221.90186875189426
216.0,219.84825606752705
211.0,222.26914389280284
207.0,220.74756895866662
203.0,220.84459552036404
201.0,221.46635762231307
200.0,220.76174674679933
199.0,220.2046485098416
197.0,215.8347234918316
201.0,217.23098070636811
203.0,216.48431714188044
203.0,207.68723085371096
195.0,178.64151722518247
193.0,169.00227810667585
190.0,165.41097974172928
184.0,161.44836237741217
185.0,158.32286420091867
184.0,162.3979805914983
184.0,167.91765633698853
187.0,170.50848692124885
189.0,168.48892307653753
190.0,177.69793175378422
193.0,180.7831856122835
196.0,189.95978660098518
198.0,184.4343663702528
195.0,178.05499128099217
194.0,173.52548574852918
191.0,166.72064449326643
190.0,165.1813977795713
185.0,167.67349277618496
180.0,169.03488205075166
179.0,169.18509729945137
180.0,174.55833913768478
178.0,179.04978597645575
177.0,184.85335851275536
175.0,192.36715328691128
173.0,195.866316862254
170.0,195.62861305526363
165.0,192.26087810115396
157.0,190.64236504129886
150.0,187.3404854611761
145.0,180.74426925377375
142.0,175.61609175492018
141.0,181.61221697146823
142.0,182.97219242462685
143.0,184.5810893981391
145.0,183.01040489628076
146.0,181.54991848634305
149.0,175.19866171120535
148.0,165.96822806509832
144.0,158.04137482731647
141.0,151.30612655850956
142.0,146.8954428735908
147.0,141.7448782460318
147.0,138.52825635643234
145.0,137.93632950978804
149.0,138.60572008998614
155.0,140.8964729998382
155.0,143.74165643776251
155.0,149.2713619655642
155.0,152.77072661044602
197.0,149.7849873488751
200.0,146.2730344446761
201.0,144.7886214097709
199.0,147.425079942263
196.0,153.3457925706199
193.0,153.61018574942344
190.0,150.31581914669098
186.0,150.55487319577125
181.0,167.97900465287316
176.0,169.36014926576405
172.0,168.35996847814556
170.0,165.95165879203796
168.0,211.4305237057313
165.0,220.48704612747562
168.0,220.4408502791292
164.0,219.98009491379045
156.0,214.44246274119007
150.0,196.22888185595335
145.0,190.40840238063876
142.0,183.62555987053727
141.0,175.0795157880212
143.0,169.93524663835586
148.0,161.63757866893508
151.0,156.49709673045305
153.0,154.37183352708578
153.0,151.6674698567352
153.0,156.91333241232115
153.0,157.7562268291625
152.0,149.5331995867493
150.0,142.73172571378666
147.0,139.75757410132505
144.0,139.98497947146421
139.0,139.39560449278693
135.0,128.6874005093928
133.0,136.4066193803789
131.0,148.87974723259072
129.0,152.5686916855578
126.0,149.7779882123201
122.0,147.9675085391145
117.0,147.9774431483127
112.0,141.07386920383547
106.0,138.30356094727455
100.0,133.58798034938593
95.0,133.34104708552704
89.0,128.6840737606743
84.0,125.80256311768409
80.0,122.96312165721102
76.0,121.27029716751922
73.0,122.77493089668187
69.0,120.87883639962978
66.0,115.04024019012583
65.0,111.04306196772774
64.0,105.49064463103265
63.0,98.19580371115008
62.0,91.11130218013511
61.0,86.47202470068676
60.0,86.05551903446288
59.0,86.80298380688305
59.0,85.28040948621832
58.0,83.08598408729891
58.0,82.39544594787577
57.0,81.35249241104616
56.0,81.6146933973287
56.0,82.10777232089264
56.0,82.7430581704616
56.0,83.17903041243189
58.0,81.67795427196465
61.0,82.35742528279008
63.0,83.46855062324424
67.0,79.84754467108617
71.0,81.58154362769227
73.0,83.27489194940021
74.0,84.01389971931417
76.0,84.75788576237808
79.0,84.4128453488314
82.0,85.17918720255244
86.0,86.17968763890916
92.0,88.91468993016895
97.0,91.96749169162354
101.0,92.96879647805898
106.0,95.42994048229053
110.0,97.97171751706489
113.0,103.84690924358898
117.0,104.9544714068033
122.0,110.41336190552101
128.0,111.27344807186256
133.0,112.29251250737946
138.0,113.24559390971847
143.0,118.82073549138218
148.0,124.62682271745102
152.0,121.05959512071439
157.0,141.60846924560167
161.0,145.81504680132173
165.0,134.87355110160428
170.0,133.35622605661993
172.0,138.03722271985208
176.0,139.8840402431963
183.0,162.9979130131612
192.0,160.12737786264105
205.0,163.82573901165523
210.0,169.1993251375111
208.0,169.9317485545726
224.0,173.69332118495905
244.0,174.36028283757625
263.0,173.35140282761733
279.0,172.03851459193558
298.0,177.02895676239527
314.0,206.10053217251726
334.0,215.7705430285745
351.0,214.44108030064604
359.0,219.87943299680526
362.0,215.20943095440435
364.0,213.75018211976015
370.0,204.41606142958963
378.0,207.61080357925397
386.0,235.9017307586301
393.0,249.11107080722658
400.0,250.8490903257914
400.0,258.6755806868356
400.0,277.6820065054587
400.0,285.160773175338
400.0,294.9297073780928
400.0,306.05663610874865
400.0,305.8644950148092
400.0,309.50570358459413
400.0,315.3680211047588
400.0,322.6224729365683
400.0,329.3878029614474
400.0,338.26123002222647
400.0,340.938204578035
400.0,341.10416160855345
400.0,340.79140051707174
400.0,340.75355394202535
400.0,340.69631243852103
400.0,340.5433135004367
400.0,340.5649514778931
400.0,340.104542918301
400.0,339.82482358742624
400.0,339.64017885479205
400.0,338.26461411943615
400.0,337.1260708207092
400.0,336.31072629859597
400.0,335.7023920561266
400.0,336.41030598206845
400.0,336.3554229719331
400.0,336.5068168196065
400.0,336.2878623090553
400.0,335.261163124643
400.0,334.65311157399736
398.0,334.5058457955306
392.0,334.27820604713463
386.0,330.86616132262236
383.0,326.72253193643405
380.0,326.40069932349684
374.0,326.3168066156126
371.0,326.02905100644847
368.0,326.02905100644847
361.0,328.2580300036094
351.0,328.2580300036094
352.0,330.9744602720973
350.0,330.9744602720973
339.0,330.9744602720973
332.0,328.4243716486472
328.0,319.79384079815105
330.0,316.49738522783315
334.0,314.1668676042977
336.0,312.57602207711597
332.0,310.64353416866624
324.0,308.77207123463387
316.0,307.7091284884429
311.0,305.6487598037475
307.0,305.6946608676844
305.0,305.61033189003996
304.0,300.5695287579705
301.0,297.14028006471557
294.0,296.72084131348765
289.0,297.0971646097514
290.0,297.9593490141412
292.0,299.7781330004908
297.0,298.07641811253006
300.0,298.1706175852204
303.0,292.1222479679107
304.0,264.6904680389161
305.0,242.52132516653114
301.0,242.9562822329327
295.0,244.12144619191338
293.0,224.1193229677442
287.0,219.2066381890283
280.0,214.39207247034793
271.0,215.2934530332583
260.0,216.97921408133934
252.0,226.99419939485227
243.0,232.99543324607413
235.0,249.567911453946
226.0,254.5155025058258
221.0,262.06868549882415
214.0,247.1862254486186
210.0,244.54283607286595
206.0,241.7555256758708
203.0,236.87337008977335
200.0,218.68649686638295
194.0,211.24712377790385
187.0,203.27150743070558
182.0,198.1842564618389
179.0,188.51470078348606
173.0,178.9652317349612
165.0,174.291935374914
159.0,177.85052468643215
155.0,181.67296151855467
151.0,181.1798500579782
150.0,171.62267367507886
153.0,166.4124295998399
153.0,169.30112402054408
154.0,160.29745163369492
156.0,158.71925350686493
156.0,155.23305358575158
157.0,157.23292451421523
159.0,154.4665324827205
161.0,142.1073148867272
160.0,136.19685926442403
162.0,133.6633372052278
164.0,130.59158989297836
165.0,131.7707616741513
166.0,135.24693041486893
166.0,137.4690419255328
168.0,140.12734096004044
170.0,141.84934195149273
172.0,144.36496370604436
168.0,146.4575630203316
168.0,148.17776249480477
171.0,151.29037712179118
172.0,151.60271085257102
172.0,154.3553374209711
174.0,159.1841482174164
177.0,162.7254434259985
183.0,165.28137004742305
192.0,166.42387759544417
202.0,169.80494751611772
213.0,175.2275364738881
219.0,179.2626511118282
220.0,175.01446190547375
222.0,174.88154245414046
222.0,179.31366264359002
222.0,178.59062004182908
222.0,178.17686160577074
222.0,184.98207906069
222.0,187.01246774577905
222.0,194.23625109693737
173.0,162.30764866138222
172.0,162.8770099662776
168.0,162.93203846963843
169.0,162.926442497077
167.0,163.25486232779366
166.0,170.92291739707642
169.0,164.14353659960682
172.0,160.43688517961192
175.0,155.72573758532155
178.0,149.57423128660508
179.0,146.161988231137
179.0,152.1528254855968
173.0,176.04530274817625
165.0,163.62798279603308
161.0,151.94042484250153
155.0,154.62961875505846
150.0,147.45553153085834
145.0,145.72046384388753
137.0,154.69498465470608
132.0,161.04813992786669
127.0,179.24969011773626
122.0,180.04105391030564
117.0,176.79338851233985
108.0,173.59335364174046
106.0,162.07197598922343
108.0,144.16029579655614
109.0,141.48917041741632
112.0,137.6287553125934
114.0,130.45682220489127
114.0,126.84662617940667
113.0,120.03739825865148
116.0,113.78538148571332
117.0,113.0358597081092
115.0,104.57753205223018
113.0,101.57632682510595
112.0,100.85869274413994
109.0,100.1974572663025
105.0,102.124933283078
103.0,105.51860302581095
104.0,114.46506661537047
105.0,118.4925170725916
105.0,118.71600681931405
103.0,116.41836053048029
101.0,122.29928444975539
102.0,126.97687173412082
102.0,124.71176150340617
100.0,122.12139990740435
99.0,119.57614542279343
99.0,117.15831601281484
103.0,111.27635407397067
107.0,105.5187806813015
115.0,107.33806207116758
122.0,109.89913516127064
128.0,111.05791385543895
135.0,109.96035320428943
141.0,104.4254808186485
144.0,108.83264569537188
146.0,110.14054845285601
147.0,104.85122965763755
148.0,104.50664956642315
148.0,103.32483314308271
147.0,110.53480792659192
147.0,112.34406936734268
147.0,134.70067369953287
148.0,138.97665669126943
148.0,150.82586503573498
149.0,151.20598625946067
148.0,160.08758872696544
145.0,164.4548335788044
144.0,164.17788141052318
144.0,161.5135972833075
145.0,160.61143533657676
146.0,158.97898464947846
147.0,155.9704325071604
148.0,154.94899711612612
148.0,155.3975082586512
149.0,156.5354004476667
150.0,156.79173539029648
151.0,157.77587450447183
152.0,152.9023381596809
153.0,150.9714423512166
153.0,149.4496450649233
154.0,149.14976337922914
155.0,150.28109746598716
154.0,151.37564283888454
154.0,152.3785010152031
154.0,152.69009952826616
156.0,151.67744592839915
157.0,152.1298393678874
157.0,156.09858437991983
157.0,157.67174759698793
158.0,159.62913975448888
158.0,165.38251628545473
158.0,165.39819874184826
159.0,166.18944550490332
159.0,169.34515861794335
159.0,166.5567118550644
160.0,167.2306006628549
161.0,167.0815999178142
161.0,172.43773515832544
161.0,174.96127644010437
162.0,174.63084189601136
162.0,174.11351573561916
162.0,175.48702860169413
163.0,175.26485245690793
163.0,174.68600744081667
161.0,176.3402768901339
162.0,176.25932899592203
163.0,176.13665885426167
164.0,179.15170699783934
167.0,179.47641056332589
169.0,178.96313344514374
171.0,178.38523189993342
174.0,180.46832472980162
175.0,180.12982467688988
176.0,179.12781093770226
177.0,178.7942423824456
179.0,178.33200003534617
180.0,173.99037241739126
181.0,175.49371752006346
181.0,175.97705445926485
182.0,177.25544634256454
183.0,179.092540700323
184.0,180.93181970990216
185.0,181.65765305690965
186.0,185.05156730958834
188.0,184.98898354259666
188.0,184.1704705832883
190.0,182.54791729250925
191.0,184.71035471006385
193.0,184.02599793416542
195.0,184.1506849709324
195.0,183.74343489147046
197.0,184.5271131285721
205.0,187.24539998955794
216.0,188.0461104909519
202.0,188.1043878643944
210.0,190.39807449494168
217.0,193.42580033625708
223.0,192.38403007529487
227.0,196.68577341810456
231.0,198.16623728210132
233.0,200.66596561045267
235.0,208.277965661953
239.0,207.72002874867866
245.0,208.54619008586658
248.0,219.53118627049082
251.0,221.80074616978263
255.0,209.5866347894735
257.0,213.94360406180115
256.0,212.94192063990602
253.0,212.14414057890113
249.0,213.4646436420354
249.0,214.56221814751166
251.0,212.59279281470904
251.0,215.2168977788186
249.0,223.84638741126273
249.0,233.68113444584932
246.0,236.8616862972549
243.0,237.38389219632458
241.0,239.34578243055242
239.0,240.65061460019584
239.0,239.05520480984595
236.0,236.80928338958807
233.0,232.5867241566154
234.0,232.20498526638744
231.0,236.1099532467979
228.0,236.2681652373539
226.0,234.1209768549559
223.0,235.41888872374943
218.0,237.79036587166004
212.0,229.63665484635953
208.0,227.760306130383
209.0,224.87513177212958
209.0,227.17449460690602
208.0,212.81106457527503
208.0,206.58870213474037
209.0,206.72691695928526
209.0,207.84885773270304
211.0,202.62749857148359
214.0,202.93135392118708
213.0,202.950900617171
213.0,210.8864856812781
211.0,204.2502427982089
210.0,190.1917008898938
210.0,194.1494563189689
209.0,194.7776496910859
203.0,190.6771400997378
200.0,190.86510110052717
198.0,193.8632543745427
199.0,195.69659732028444
201.0,203.11545247677023
200.0,207.56638643065878
200.0,207.2300522901848
197.0,207.6674171823657
196.0,206.49313314706544
196.0,205.11233759871294
196.0,205.04847304527902
195.0,200.79994038044907
194.0,194.61521912634544
192.0,192.57772516959434
190.0,191.79014370868626
187.0,194.05650154252538
184.0,194.85460392980633
180.0,195.57084441371808
176.0,196.83668790290943
174.0,195.57972479124587
173.0,195.61834654133614
172.0,196.85852404903721
171.0,197.1534296894447
167.0,197.53062714877547
164.0,196.43380009832796
162.0,194.40384615627949
162.0,191.13985955406636
163.0,185.70283516080465
158.0,182.14756735326603
156.0,179.25618414306456
156.0,176.82270031229945
156.0,176.48599535157445
156.0,169.53228213216448
157.0,164.47463781752114
154.0,165.0375506453003
152.0,155.79111904119256
152.0,153.60149267772434
153.0,152.85917549448385
158.0,153.85314943873408
163.0,156.99727598022184
166.0,152.18203214279694
167.0,151.39121688326682
172.0,151.14930757299933
174.0,152.27528488918927
174.0,153.66060377854944
175.0,155.64112235630512
177.0,154.04388623006588
176.0,149.52673696882502
174.0,149.54470657138145
170.0,154.93593957855168
168.0,160.0404567502944
168.0,167.39644281984744
168.0,171.0298025592427
168.0,171.84622492399674
166.0,178.28143982911217
164.0,187.78269981675103
164.0,186.06390150752216
165.0,186.10981111532118
165.0,186.12437439513155
164.0,184.70531585553505
165.0,182.5488154891876
162.0,173.8811412301684
160.0,171.87879241790478
159.0,169.98782829236518
157.0,172.30199887795482
157.0,173.40349122063955
154.0,171.92036023506887
152.0,169.90672830799588
152.0,167.37348840580893
149.0,167.99322813215338
145.0,168.54786339493558
143.0,170.14130032003035
141.0,171.4823767466874
138.0,168.79499091517386
137.0,166.29816654663807
139.0,163.77846251110648
138.0,162.06664139366612
137.0,162.0039508898582
133.0,159.1538792397964
129.0,154.92689111697015
127.0,154.8211091670344
124.0,150.59513323857647
121.0,150.1157283910063
121.0,148.87885762385127
121.0,146.8305946370997
119.0,138.29575469139658
118.0,139.64839211606224
117.0,144.0208543464575
115.0,144.86091538431052
113.0,146.84499734923884
113.0,135.80485837233306
113.0,128.8200839073175
113.0,127.29679064566135
113.0,116.45816134005372
113.0,113.7861039801426
113.0,114.38533026168048
142.0,154.13055797451779
143.0,154.1866679473085
144.0,153.41268496901156
144.0,153.28883475996244
145.0,153.28883475996244
146.0,158.07285178251377
148.0,140.72247431613505
151.0,154.0121127374796
152.0,152.22426008980753
154.0,148.75443818493983
155.0,148.21691914789528
154.0,148.89347926421587
153.0,146.73378588906695
153.0,145.35577877743717
156.0,144.87469678445558
161.0,144.32545625605204
169.0,147.32967441176672
180.0,148.29303929986892
192.0,150.6955360038736
204.0,155.36972540282065
214.0,155.72195337828484
224.0,158.42470347521882
233.0,157.5629194998672
243.0,155.82118793341462
251.0,155.40707007564333
259.0,155.923048645078
265.0,161.49378924436
269.0,167.95338765098256
276.0,179.59250031719594
282.0,200.67424686887514
288.0,213.64213267247302
294.0,228.9335516538495
299.0,224.75350293793292
303.0,224.8082356997413
304.0,203.8056806626395
302.0,220.52521907030402
300.0,222.97256814502677
296.0,242.75593924050278
291.0,241.86527840567243
283.0,237.17247792883617
273.0,235.79473519203472
264.0,234.2557267362467
257.0,234.33460222670647
251.0,237.9126220920841
244.0,240.33428890205195
238.0,246.8214241901072
233.0,251.83798922783365
227.0,248.55251073629242
220.0,247.6074567467408
212.0,243.56618923379887
210.0,236.9432360953092
205.0,231.5851313127332
200.0,216.01293619604166
194.0,212.6095273817447
184.0,202.31102914024603
173.0,198.95345053312988
165.0,191.31315378987222
159.0,184.78968730300943
157.0,173.6583062333201
155.0,177.17012981229396
155.0,178.15026709626582
159.0,176.64238840483506
164.0,177.59215550838144
166.0,170.69526380042177
166.0,164.4887603619166
162.0,154.23285079692863
158.0,148.163737967239
153.0,131.91644345881136
147.0,119.32435543849431
141.0,121.54459459933092
136.0,122.4634133326988
131.0,125.81221604850694
126.0,130.2414537054075
121.0,137.4479268180988
117.0,145.90525380563733
112.0,148.19327210842604
108.0,146.69985673004095
104.0,141.01286332128538
100.0,138.12240334019612
97.0,137.01500935240875
94.0,127.27959328233005
91.0,126.07792476067841
88.0,132.36673248310643
85.0,125.67904617167078
82.0,122.93105863547476
80.0,109.32916888119966
77.0,106.1353185177355
75.0,104.7957311469526
73.0,104.77990944487983
71.0,101.01324852899712
69.0,89.947813216642
68.0,80.54395506688817
66.0,80.23121802339718
64.0,79.20142950871887
63.0,77.87159261367164
61.0,75.23845995593422
60.0,73.59386105432199
58.0,71.86369746554637
57.0,68.60971987987766
56.0,67.07117711486278
54.0,66.61256374760167
53.0,66.24533941516384
51.0,65.82209463289614
50.0,65.51095886852872
51.0,65.61895238348504
55.0,65.76979486828887
62.0,66.21281573397607
68.0,67.73767154940931
74.0,69.5690272843669
81.0,71.53568392499832
86.0,72.98137791380215
91.0,73.61201483209601
96.0,73.75217476742709
99.0,73.47643659564928
104.0,74.06166026091537
107.0,74.14677332341435
107.0,74.57503262915968
107.0,77.67798235280723
108.0,84.76767232032068
109.0,95.37600351603146
110.0,102.92815237965218
109.0,110.42159731270257
109.0,118.77563027051058
110.0,125.98984300155186
110.0,125.05036541325318
111.0,139.51060615108514
111.0,147.57598602417255
109.0,145.72658290144506
110.0,143.05337047523813
112.0,122.31323954387567
114.0,116.75388300614969
120.0,113.53880780476742
133.0,112.96767863342536
150.0,111.3833842777562
162.0,110.7279438542317
183.0,111.79686091917789
183.0,122.93007029993761
183.0,123.41916909803385
183.0,121.69448032533745
183.0,120.61101532059303
183.0,122.53970871170239
183.0,126.06788636662658
167.0,186.9367266041798
165.0,188.126081534717
162.0,188.126081534717
158.0,188.126081534717
154.0,188.126081534717
149.0,203.27400399292392
140.0,194.35494953798215
136.0,185.14800973495932
133.0,178.8386543087945
131.0,176.27192496172637
130.0,173.36662888384996
127.0,170.28684404814453
125.0,166.5209454238446
119.0,166.31488369618688
109.0,164.11371699109534
109.0,159.82847062319675
105.0,152.7440492076604
106.0,148.75492702530013
107.0,145.26880454176606
105.0,140.94373761018767
101.0,132.89265341271573
94.0,131.62352206581588
88.0,132.85778664855863
86.0,130.52994022866355
85.0,113.68015614656655
84.0,107.73300745493934
83.0,101.16878754602472
78.0,101.44294016169478
80.0,98.46036910009447
83.0,100.29712876755087
77.0,102.32027624223686
73.0,102.55451760292439
78.0,111.41936837842016
82.0,110.1996080540853
83.0,108.11912011993861
83.0,108.50093464437674
84.0,110.24124727622466
87.0,111.63456696678864
84.0,112.89561830437776
85.0,114.18660766098192
88.0,116.38565298604294
93.0,117.80952147817104
92.0,118.15584399482032
92.0,119.68443352593002
92.0,122.22306417997137
90.0,123.72408173731128
88.0,123.78000590889442
84.0,123.34374126245642
75.0,120.70624547591112
73.0,122.59951213037544
71.0,118.46535252306124
72.0,118.49155205473197
78.0,119.57454325542614
78.0,121.51728045306609
77.0,119.98074617246161
70.0,115.76637600639764
71.0,114.04224825219491
75.0,112.7185339736037
77.0,112.1138243837875
78.0,110.57432651675033
82.0,109.76446308988147
86.0,113.02983869033122
92.0,115.00128226463166
98.0,116.0375908399874
105.0,117.26588961971704
107.0,117.1979055798838
108.0,116.63837594599279
108.0,114.3102345837386
112.0,111.31561800901427
122.0,110.38881719899871
126.0,103.65669007051241
124.0,101.72773613111697
127.0,102.81671149666964
122.0,109.43150229481421
126.0,112.66050804820169
134.0,120.81830300040515
137.0,143.14084079624155
141.0,141.35129077000164
149.0,138.53895954226778
158.0,138.27928424478372
168.0,136.2317812686081
178.0,142.0899085379262
187.0,150.83055646308236
194.0,138.52460684945027
202.0,148.6586639371527
211.0,134.76719498361115
219.0,145.9400113241941
228.0,158.1666573316359
236.0,161.8849964143784
237.0,176.17638488982857
237.0,181.9361648974388
237.0,198.19950920378307
237.0,202.4982848817359
237.0,219.63433424271423
237.0,219.09339035324473
237.0,193.06010455387454
86.0,182.21114720154043
89.0,182.21114720154043
91.0,182.21114720154043
94.0,182.21114720154043
97.0,182.21114720154043
101.0,182.21114720154043
106.0,107.70640128070322
112.0,113.40341913659785
117.0,113.38227561022903
124.0,112.98016373646148
127.0,111.66670667629417
180.0,109.0180342645932
182.0,116.18780736588889
184.0,126.78757134571842
184.0,124.15421459907691
182.0,120.99828612328132
180.0,123.45135175647259
178.0,154.66368159893764
175.0,149.36916936690645
173.0,143.1519329274292
170.0,148.60781829869615
169.0,146.88432206575538
169.0,154.47093248584562
169.0,208.61357878333288
168.0,205.40750607484412
167.0,203.1117715957604
165.0,197.36329750859747
164.0,188.37317997293775
163.0,184.00593839148857
163.0,180.69430513800876
163.0,174.42518241055132
162.0,168.13047561885298
163.0,160.97726876765464
164.0,161.11644725968546
164.0,161.96538388981347
164.0,163.361846491727
162.0,162.76287318795227
161.0,163.00541395650959
161.0,164.3291583949346
162.0,164.57814171132523
162.0,165.29005537343517
162.0,166.58216400384578
162.0,166.36409842927534
162.0,164.6669359848592
162.0,167.84876565994728
163.0,170.87977183366166
162.0,172.87432757807412
162.0,173.13572069743987
161.0,169.6265576320487
161.0,167.18681192149958
161.0,167.2719410717762
160.0,170.40499024181258
162.0,171.2006295682883
161.0,171.8191761461498
160.0,172.66499985078985
159.0,173.38552077009277
159.0,172.4487240880237
157.0,173.1608517852544
154.0,172.15710456239358
151.0,172.17403156701027
150.0,171.03159799941
155.0,169.70736194490587
170.0,169.49989480184328
185.0,168.82058805492912
194.0,170.67432479317463
200.0,169.63405753625852
204.0,168.94631988582015
205.0,167.1602214390445
205.0,166.93287061019626
206.0,165.2594578437162
207.0,162.6029033114922
207.0,156.27256466168384
208.0,154.34379851734712
208.0,165.62554627817897
209.0,176.88531119094787
208.0,196.43056458357051
208.0,211.01241853120393
208.0,220.59315482785374
207.0,221.80547421913266
206.0,221.62052785024312
204.0,219.87177333450322
202.0,218.91963955250878
202.0,218.47155847661307
201.0,216.9781482010603
200.0,215.513862421964
227.0,208.38095155933044
223.0,205.34235002957107
222.0,197.95962940328087
220.0,194.2807628715811
219.0,193.63853433336712
219.0,191.6259019975521
219.0,190.99988266394467
217.0,188.99279134469634
216.0,190.60733078069947
217.0,191.0108246538961
217.0,188.48727756492252
216.0,188.9284825681782
214.0,208.36298687157594
212.0,205.55386655725943
210.0,202.76254814600807
207.0,198.39749396352033
203.0,190.26034148935315
198.0,188.0145645984348
193.0,187.06224915574396
187.0,185.3761337266365
182.0,185.8588586252731
177.0,186.15995875359184
171.0,185.1824870708906
166.0,185.57546715388696
162.0,185.35627447063754
158.0,184.7053851265639
153.0,183.14738623829743
148.0,179.355929530933
143.0,172.74264939316848
139.0,173.81853890645897
136.0,165.14557801203935
134.0,161.09430537070557
131.0,149.05612290581118
129.0,149.05043202630353
125.0,137.39462601925234
123.0,128.1298471035907
121.0,129.8160796839956
120.0,128.3392826298762
118.0,117.10377931278596
116.0,117.16421707662549
115.0,116.8857248031854
112.0,113.73395748555023
109.0,115.39470277655082
105.0,113.96760538410577
102.0,115.30480391432467
100.0,117.28716797950001
101.0,110.14328025807151
104.0,109.44984283543707
106.0,108.47599955694056
108.0,107.26358903051064
110.0,106.05621277796757
112.0,105.67476236754348
113.0,105.99676141058238
113.0,104.85327315296063
113.0,102.38973149409722
111.0,100.18002097711538
112.0,99.60572877942704
115.0,99.06923211777043
118.0,103.72164684180404
119.0,107.62770095368919
120.0,108.76662617301287
123.0,112.30634689135
124.0,117.49489114391785
125.0,122.17588331577113
125.0,126.64654031728475
128.0,126.34664382734071
131.0,126.10486407878042
135.0,123.45312002241191
140.0,124.24599826539851
144.0,130.21838954889617
146.0,131.73070591279372
151.0,131.03042246076876
157.0,131.04521445308183
162.0,139.62844560840105
168.0,138.5175636590708
172.0,138.81747524930412
177.0,136.7876667226071
181.0,151.62553956823336
185.0,152.05042986545027
188.0,158.93774717007335
192.0,166.9391550484597
195.0,180.85030919968423
199.0,181.2345040238291
202.0,192.1035719514308
205.0,196.84552903531318
208.0,198.19251100793602
210.0,199.76382717984248
212.0,208.13310585623967
213.0,216.4697660081535
214.0,215.01305026650894
214.0,212.5138200923408
214.0,190.99072103771903
213.0,190.12054145145044
212.0,189.95783730678988
210.0,184.18867190058006
209.0,182.5572084711995
207.0,181.31161274247097
206.0,176.3441252308428
204.0,176.26879378903814
203.0,174.45692749996184
201.0,172.6682943094513
199.0,168.94487381231815
198.0,165.80485786485968
196.0,164.78268184526712
195.0,162.25925710750454
193.0,162.30241202239532
192.0,166.40554370252448
191.0,172.93913729277244
190.0,174.9194257587978
190.0,176.39012442947552
189.0,174.0354851082291
189.0,174.32043294464583
188.0,176.51385071586955
188.0,179.3842143483279
187.0,181.02200712025783
187.0,182.07982871662182
185.0,183.57562425924613
181.0,179.95358504284948
180.0,179.16614821458623
178.0,179.3427658890564
178.0,179.04538870157413
179.0,181.07007690961228
181.0,181.59358886854244
182.0,182.39570177291233
184.0,181.3460094870653
187.0,181.35307611463242
188.0,179.9109345506159
188.0,181.12854340003005
187.0,179.1422746760624
186.0,175.21987907710908
186.0,175.27508775773572
186.0,174.8648658352655
187.0,175.56044438717197
188.0,178.07879605185613
187.0,178.09710512098547
186.0,179.98235654914797
185.0,185.63344016406757
183.0,186.23649635027715
182.0,184.4929633243352
180.0,188.67614372376
177.0,187.33891754102697
87.0,159.09382833880974
85.0,130.50717095895632
82.0,119.94543026381302
80.0,114.64977538844624
78.0,111.3974715551283
76.0,108.94196986484826
74.0,108.8682342482527
83.0,103.0035975984915
86.0,99.65879325700341
91.0,98.16762882537604
99.0,93.26244016344997
107.0,92.04936692792545
117.0,87.98133908147146
125.0,84.20024369623161
130.0,81.22401506997741
132.0,79.166956577945
134.0,76.48529700314437
138.0,74.26573290797812
150.0,71.95885276603605
157.0,80.9615136482625
155.0,91.80005057903155
154.0,107.25634048295704
154.0,119.91336457805754
154.0,118.1934063974906
153.0,134.3698062021118
151.0,139.09132168520242
150.0,144.8952267916924
156.0,137.88547037644258
156.0,137.24019380710664
151.0,138.66091726142184
147.0,152.36288817951637
144.0,166.0558542124106
143.0,157.6833977716678
141.0,153.81545245446145
140.0,152.49274289856186
140.0,151.78969622558452
139.0,151.32476074460624
139.0,142.25738461113176
140.0,140.89456161014306
140.0,158.3169945477288
140.0,159.28600857196065
141.0,144.99234197107668
144.0,138.9081565446682
147.0,140.04196427912674
149.0,138.6924407047045
151.0,137.68837607247914
153.0,134.28160534255994
155.0,140.85323275935852
159.0,139.04324611559355
160.0,138.84180066233952
162.0,139.55395924482337
166.0,139.6771434093749
165.0,139.5546673171123
163.0,148.0030841969324
162.0,154.26124712410567
161.0,156.69426612310156
161.0,158.8857931713937
160.0,163.80110536500447
160.0,171.04640616815678
159.0,173.681212733292
159.0,179.74322177132638
161.0,182.97914721526334
161.0,185.20748247590595
155.0,187.62119626740522
155.0,185.68770014241983
163.0,182.55696692912315
162.0,180.59641379687775
162.0,176.07845533702329
161.0,175.66298646673337
160.0,174.30478252597914
161.0,173.6009329560406
164.0,169.07485618159495
167.0,168.57938511185293
169.0,174.14596520936567
167.0,174.418256766023
164.0,164.39549191852416
162.0,164.94318575026185
159.0,181.09379926198685
157.0,178.47896171880325
156.0,177.47300523217098
155.0,174.64283579431844
152.0,173.73899660444
150.0,173.39334442509028
148.0,177.0231025559298
146.0,179.22371797340048
140.0,182.5391695488167
139.0,177.99001447988167
141.0,174.6939192947327
140.0,171.3923750345167
140.0,167.27398563475026
140.0,165.53233023365834
137.0,164.44028131301567
142.0,163.74846087100318
145.0,157.02436993162965
148.0,154.19083343368615
151.0,151.07664765330765
149.0,150.52968124493302
145.0,140.62898863980945
141.0,143.87433368373956
143.0,148.99102184119798
140.0,140.88375393561898
138.0,141.9160537434743
142.0,141.7589472190065
152.0,140.7577282048066
161.0,152.74725423231735
166.0,154.8875162555514
166.0,155.43649241811437
173.0,158.95104186149737
180.0,152.4384043269454
181.0,148.09159800989983
176.0,146.88680502188464
167.0,148.6118054789059
167.0,141.3254568773635
164.0,141.0595921528527
159.0,154.50816164927133
156.0,165.9918872577025
161.0,176.97468885624474
167.0,185.30547596356467
164.0,185.1689354268672
158.0,197.34220650069844
153.0,202.78154124570858
144.0,200.95739384097027
140.0,193.99977976377735
132.0,180.9777655883931
130.0,180.7199903846526
131.0,175.3001386507268
130.0,161.37031165874947
125.0,158.42060573239362
123.0,167.07116314407318
125.0,178.82728955601155
135.0,174.01987850218399
140.0,159.65194752943023
154.0,156.51342062888062
172.0,149.34765492324024
188.0,145.49446776748414
199.0,130.4300321601949
209.0,131.57436844683068
218.0,131.65337162439027
227.0,138.24009816336263
230.0,131.66496030248734
230.0,124.19769269573277
234.0,125.96671200571068
233.0,143.47257658881605
230.0,152.81601588138636
232.0,173.81065978873394
235.0,178.47837698769857
233.0,190.64108964491842
229.0,195.44830400689833
224.0,180.83863732827476
219.0,179.21184493076484
213.0,184.46758870137225
208.0,184.8298508228371
199.0,181.69530186802908
197.0,188.4143816750358
192.0,183.88759026901246
186.0,179.59779126395082
172.0,184.7748399446031
168.0,197.7853666705625
168.0,186.70884860141476
164.0,183.41850957174205
162.0,169.63134863895007
156.0,163.47378600826454
156.0,155.9309598131495
151.0,158.31894811454288
148.0,149.18034790264284
145.0,149.05194785150903
140.0,142.17244815080608
139.0,139.20028603573294
135.0,125.65242499869568
133.0,122.57117231535253
127.0,125.30376280106897
118.0,125.86876943864279
114.0,129.35689099019075
111.0,129.83047762756098
103.0,135.05880904822374
103.0,124.29695337400327
98.0,125.20562694033777
91.0,125.47237337946966
88.0,123.22068914942565
97.0,123.80220380848361
101.0,123.8134027183738
112.0,120.90517225060822
122.0,118.42340806201615
126.0,104.43840420024755
126.0,103.29293945394681
125.0,103.2414818822231
125.0,101.63586139967053
125.0,105.41289211677177
123.0,108.64497285762064
120.0,109.68340475564254
113.0,107.29944729257637
109.0,101.95384286519706
106.0,109.08577813711008
103.0,117.77123085844367
100.0,143.24830503656236
98.0,150.64592627174437
96.0,143.12683900342654
92.0,135.7454098421825
90.0,132.64437371232273
88.0,130.85791183845288
86.0,129.20981534539783
87.0,124.1359917373816
101.0,120.28974060777203
121.0,118.96076998933927
136.0,104.9315391720344
140.0,104.047543899473
139.0,104.96412739755604
142.0,108.02315069556242
136.0,108.77850261821452
130.0,109.29225072089143
136.0,108.9320648618653
142.0,104.32684390250944
155.0,102.58522603136991
164.0,101.54060285712103
178.0,109.45042916377763
199.0,142.76430794340388
217.0,158.84313454450273
231.0,158.4535827047638
233.0,156.68463059873537
233.0,163.01993609895902
239.0,149.34776588353762
245.0,140.17321639681725
248.0,139.04785202010464
239.0,144.433100320674
236.0,168.93872378400582
238.0,164.86050014514038
242.0,171.42237622532576
247.0,178.3915204581411
240.0,180.51747146789978
238.0,187.59542203323235
241.0,186.95878433897786
240.0,183.45942940228267
239.0,207.45329437906614
237.0,216.93932735362512
235.0,217.44944235788338
234.0,201.37787956624308
233.0,187.3413430845461
233.0,203.19745573357395
234.0,213.5547687334708
233.0,224.05447838976346
231.0,210.28489565808542
229.0,207.40211674526074
227.0,214.63484745956316
225.0,209.2825297234047
222.0,212.6777254657629
216.0,219.68662502169315
200.0,208.73348169658155
192.0,202.70101482221406
184.0,200.2293005204036
181.0,198.02189103151167
180.0,203.77378620339192
176.0,203.8704173496367
174.0,204.37823987455414
174.0,202.1419291473221
173.0,200.09370134976717
171.0,199.32169426584676
165.0,210.59558471963513
164.0,206.01952405959716
157.0,174.44140412267492
146.0,156.8653359895434
141.0,151.8473677982104
143.0,143.41040789861842
146.0,142.8629410674962
148.0,144.53875956146297
148.0,148.00755081187583
145.0,150.76682808536893
141.0,148.79823053271926
137.0,153.2471526446711
132.0,145.4638790989965
128.0,145.78469455361156
125.0,133.11383137249362
121.0,128.38182149186372
118.0,123.81730840580254
114.0,128.32383560076522
111.0,133.80820357615704
108.0,136.47946381662157
102.0,138.4222232723748
95.0,139.1865316711943
91.0,137.7350872962683
88.0,133.9097770242139
85.0,122.44720490327629
80.0,120.09995465462512
80.0,110.68862338744914
83.0,105.86062008616612
78.0,103.2194840998911
73.0,104.12319907628483
70.0,102.84458241675682
67.0,102.52471267319352
66.0,98.29807917694417
68.0,87.56470359017584
72.0,87.21070174979387
73.0,86.61973339082537
76.0,86.26639516998749
82.0,85.895379961028
88.0,83.02350299208685
95.0,83.55262082182087
102.0,80.38647453371492
109.0,78.95297182324855
116.0,78.08907717319401
121.0,77.73423417461031
126.0,74.19470099038601
132.0,74.29227200860826
137.0,75.04766473361715
144.0,78.35690903306039
151.0,79.59203446355421
154.0,83.78346274813482
155.0,112.22134215670951
157.0,120.64198594433961
160.0,137.35679101888016
162.0,138.4836644565732
163.0,139.20450003335492
164.0,138.24312218089707
164.0,157.00161196338667
165.0,157.55535279490678
166.0,155.67886987802373
169.0,155.22226900481812
172.0,164.97086894445818
175.0,173.89869069010436
177.0,171.84808557972045
180.0,169.05808330107442
182.0,169.55255313166253
186.0,169.15334758441992
191.0,167.95487327918187
198.0,168.6717454080886
210.0,168.91532801214845
218.0,170.78214254423452
223.0,171.91853017244566
223.0,176.02214991663374
224.0,180.75345375454214
226.0,187.71749769369927
228.0,186.8334995507266
231.0,188.89575347835418
233.0,189.92060569434412
234.0,196.40676186635025
235.0,206.19651514303948
235.0,219.0346959499046
235.0,225.0464504774486
236.0,225.79235757741742
237.0,230.62571505514046
239.0,230.5147046637765
241.0,231.39669759985904
240.0,231.7574635313534
242.0,232.47428329908686
241.0,234.38607049416603
242.0,234.81605254882885
241.0,235.04250836590532
238.0,236.5624523987761
236.0,235.44139501634106
234.0,234.91713570343833
232.0,236.4748980223225
231.0,240.39533985419388
230.0,240.95692528984216
229.0,244.39578301890742
227.0,242.32929772972304
239.0,246.4366417928305
244.0,245.38449158014964
243.0,245.38450896996866
240.0,243.79341391073527
237.0,239.6951445502823
237.0,232.73887668652094
236.0,227.3667162428783
232.0,224.59513252599749
229.0,219.70796091036175
227.0,217.31350151863566
224.0,216.41629750506593
220.0,215.9810468453838
214.0,232.3144245358662
207.0,243.58741456476952
203.0,240.96417051391708
202.0,234.7962862880042
200.0,232.90946714032333
196.0,233.1067984125239
192.0,227.51261213857748
190.0,222.15729815985748
188.0,218.1188626064092
182.0,217.3973296794215
185.0,216.14552120510027
193.0,214.25982733949928
192.0,212.23385860163486
189.0,203.3725895645061
184.0,199.47348413715562
180.0,198.9391253686337
176.0,198.54755867336414
175.0,193.7994719607049
175.0,185.19362891167464
176.0,181.5943290797847
178.0,178.98351786293588
175.0,176.1624784019122
171.0,175.74213681133892
171.0,181.5745460455829
171.0,186.51553396999824
171.0,184.4906982112597
171.0,177.4486529678751
171.0,175.55369836743319
171.0,172.07184662319807
242.0,155.01520959175792
246.0,155.01520959175792
249.0,155.1030223910251
246.0,155.1030223910251
245.0,155.1030223910251
245.0,155.1030223910251
241.0,194.75773546347017
236.0,206.3824265788893
232.0,214.3431955489926
227.0,218.48890112504753
225.0,216.0252202929993
225.0,223.88611412709608
231.0,223.69601094872996
230.0,228.39701627059716
227.0,230.6225815733215
225.0,226.81473182653545
217.0,226.05560555348436
212.0,228.8346435940297
205.0,220.18962205740453
194.0,202.85741756021338
180.0,195.85767956369614
173.0,187.60542076245136
164.0,194.26294414733476
168.0,188.97113003196412
171.0,192.83891993986742
165.0,201.73263082036124
158.0,200.61237580866313
156.0,195.47528043881937
154.0,190.75047499187477
151.0,182.253824950989
149.0,171.79449801517623
140.0,153.12721446554085
136.0,139.77202671769706
136.0,132.00017458569096
139.0,121.15805064413634
134.0,128.7291287314747
130.0,140.76184622295278
127.0,133.39503660967694
125.0,130.94946462964876
131.0,132.403620163242
133.0,130.48706873416165
129.0,125.48091843789732
127.0,126.60646800390312
127.0,122.53266474999027
123.0,123.31882349816607
123.0,121.80926435842757
123.0,135.72589053804782
121.0,132.73559111086206
118.0,126.69070081125732
113.0,126.03821722826609
119.0,113.67458550481113
122.0,133.23241096850828
117.0,140.455717860147
115.0,127.8566610963515
115.0,125.53251394783625
108.0,127.44042814562648
107.0,113.4059169012825
106.0,113.97691735866997
108.0,115.8357462001435
105.0,115.18550142352929
111.0,114.4796871137905
126.0,106.31538272274743
143.0,115.14735743962274
157.0,120.1574973239284
172.0,118.28697540513303
191.0,118.92690740352394
207.0,140.44186612604477
215.0,134.802675524585
214.0,134.9559937018222
225.0,124.54343236665983
228.0,124.91561588477553
228.0,125.41147933639013
224.0,127.08697363037528
224.0,146.50681077683083
225.0,158.04498205241754
221.0,179.4512437174998
218.0,176.9524048267894
214.0,181.13906001444582
222.0,180.23886712906003
232.0,180.60588061928846
242.0,179.37840600037458
246.0,181.95300325606553
239.0,182.57024167024048
229.0,180.8883294574456
218.0,169.1505225150626
208.0,167.7241377926284
202.0,170.43822634285382
195.0,163.90042991014948
192.0,159.6921016939969
195.0,155.94834020795346
197.0,170.10567201436032
196.0,191.16375328043023
196.0,234.62136650811928
191.0,241.5100057097012
187.0,227.30118121666018
190.0,209.99499274450125
188.0,192.47461332664344
188.0,175.65762024272632
188.0,171.7242235991096
181.0,163.854373556416
177.0,152.0268870732409
176.0,170.6723628163987
173.0,173.5374105941581
170.0,172.59706866745907
165.0,175.81165186985316
162.0,162.39925062712442
160.0,160.44876582583294
153.0,168.63911364658136
152.0,173.98681377049516
152.0,175.3852337923223
152.0,176.10378776014312
155.0,167.49911014525028
157.0,160.7034405526876
160.0,158.01575677300045
165.0,154.18289842687463
179.0,151.21856611655437
185.0,152.6788363650172
185.0,145.4914753429452
188.0,143.2197719295122
187.0,137.23220129602353
185.0,135.86814437695645
186.0,138.68852970148458
177.0,140.96586211447902
171.0,140.79786238697645
171.0,151.61413061748246
177.0,155.30661984035314
183.0,160.62797400366037
190.0,193.6597980261184
192.0,198.35457040785013
194.0,195.8211554800306
197.0,196.3334739158659
199.0,194.58058069024398
200.0,192.37925625553427
200.0,192.3109480999281
201.0,178.12982861983346
198.0,158.30040312673572
195.0,159.79532567873017
194.0,188.06384463850753
191.0,198.34193748760444
190.0,202.68489682624778
187.0,203.39072404264022
183.0,203.85915200457657
178.0,209.39695030351933
174.0,213.31056618627355
176.0,214.03715625004554
196.0,214.1908529146336
191.0,214.8956728751624
186.0,212.89220845262176
179.0,199.87707779883212
172.0,190.13561692068532
165.0,187.23524802875522
160.0,185.851722479416
157.0,184.82166172752204
154.0,183.5171024866874
151.0,173.31576735822316
146.0,165.8699809905432
144.0,166.7534170349287
139.0,185.72597758657045
151.0,195.8349366628092
156.0,189.49317208818567
149.0,180.38388549884965
143.0,162.4180335917312
141.0,154.00792944621853
145.0,146.71995602179052
143.0,142.91868064206852
139.0,143.02425070250203
136.0,133.07439620358625
136.0,123.99442242145508
133.0,124.64642806208954
129.0,121.04078686810092
125.0,130.82964321421755
122.0,154.2552464598066
121.0,144.34912665900683
119.0,139.66914127818762
119.0,138.3432885094668
119.0,141.61187890624882
120.0,140.35999931699664
122.0,135.59048298726242
129.0,134.72438676586356
138.0,136.3749060321248
135.0,129.33724832083183
138.0,125.30878263967656
141.0,114.53280094072662
139.0,112.60283925040571
138.0,111.0554294439636
141.0,109.4738116756972
147.0,111.17482929536149
148.0,112.92483637533327
148.0,114.34858000268426
148.0,116.91265710368288
147.0,138.0728196206597
146.0,147.96694146626723
148.0,145.21313378160602
148.0,148.01063879976667
148.0,156.37757098833484
156.0,147.62813598900524
157.0,142.2705851433711
153.0,154.4992249430134
149.0,164.47714888861526
147.0,164.96794787609778
146.0,163.08235367911416
146.0,161.1539038202613
146.0,158.85788181107358
147.0,156.11611188468623
147.0,157.4042513921957
150.0,158.79912039055267
157.0,158.89529533820678
150.0,173.81878446686324
144.0,173.61817371129484
145.0,167.10377839091606
145.0,157.93175462984695
145.0,154.9404706739211
148.0,153.41495856101625
153.0,153.45500537916865
161.0,154.12958614346186
169.0,154.4012031599366
185.0,153.8114203653048
185.0,160.3371064227376
185.0,177.91341284916027
183.0,161.39496453923869
183.0,152.8396053369632
183.0,152.87914636145294
183.0,151.4663673683734
182.0,152.37840418895058
177.0,153.33811597917884
170.0,173.25764586267417
166.0,183.35880724105945
163.0,194.88758635837672
160.0,201.99998070794166
158.0,204.38285179646962
159.0,202.10523045632434
160.0,199.34707375456182
164.0,198.78596828335873
178.0,198.65414211050162
188.0,198.18054978585394
191.0,192.69375218544656
175.0,183.38710656954166
180.0,179.39746726861853
185.0,172.92245753393536
185.0,164.63217480484246
194.0,159.90746656088987
196.0,155.45267632240754
198.0,156.19009697893202
202.0,158.45852492345983
202.0,162.5014784739339
195.0,190.71146120642686
193.0,203.08112099763304
196.0,207.57294078958438
201.0,183.67457411758141
203.0,186.88861721209793
198.0,193.52049987279668
199.0,193.19389048361788
196.0,204.94512024355424
194.0,215.0728147450338
192.0,216.30424886983823
193.0,214.5589372820469
205.0,211.7350500142669
210.0,204.2678029031782
216.0,200.4693131219403
226.0,200.8759553035535
243.0,205.71590265184216
249.0,206.77509638173984
256.0,201.04622040142667
251.0,200.86624955361762
249.0,196.58297860053554
251.0,193.4829850948129
261.0,184.45938078423282
264.0,185.57355633496158
265.0,199.30114718250286
270.0,202.57671078956835
282.0,202.62387133680775
291.0,206.58453029747386
295.0,231.40819896429062
291.0,234.2736857939409
293.0,238.0702222188567
299.0,230.8132451826474
310.0,226.97784739765478
322.0,229.1284584638648
332.0,249.52853344920237
336.0,251.46724932474692
338.0,249.88027827150634
344.0,243.1321192164135
348.0,242.66017849362956
352.0,242.4774710513725
354.0,242.87691582674384
352.0,239.00596358744593
351.0,238.0142713316847
352.0,239.1554545887618
352.0,258.4906739065757
349.0,282.5019564656626
337.0,286.84815231332186
334.0,290.7021728097683
328.0,291.62343684404135
324.0,298.05898707864134
312.0,307.70759675395965
304.0,309.61191493147606
305.0,309.9165390548192
304.0,307.98123217078717
292.0,306.41661788151964
287.0,306.02276098599305
276.0,295.0429935723851
263.0,287.9158388876347
247.0,272.36439667491436
225.0,267.18454243380586
207.0,264.09496982984615
198.0,259.8133511849722
183.0,238.40481982107738
170.0,222.29485420469993
156.0,220.489704422929
145.0,220.4667586640966
134.0,206.7043735272732
123.0,205.5650342710845
110.0,201.91466986371785
100.0,194.82575850698865
92.0,181.0689833181972
82.0,157.20550394378685
85.0,141.10947034333802
94.0,129.80025388167115
105.0,117.11292555244212
119.0,100.5789034057069
132.0,92.75773566124332
141.0,88.98305845205576
145.0,88.5708159458959
143.0,83.27410149112163
138.0,82.0150522199747
131.0,89.13974704752228
124.0,102.99637770206091
118.0,104.00117398409681
116.0,103.78968798940733
113.0,105.80217420743742
108.0,101.81884233284725
105.0,106.8695224483339
100.0,152.26928910215625
94.0,167.2049399270699
89.0,168.69873667518266
81.0,161.72837852755086
76.0,147.89768285223647
79.0,133.47955934521005
89.0,119.90861833840425
100.0,116.33601264507632
111.0,117.47603008272459
119.0,114.97202710625692
124.0,112.52955648706993
127.0,109.16438653040234
132.0,106.12461771265066
126.0,106.60311750899871
131.0,107.19205975793842
144.0,102.39194380125984
160.0,101.05541209086522
173.0,105.33742045650679
177.0,105.9508148253716
179.0,110.66901346480249
187.0,120.56991322404737
194.0,139.24730981226867
203.0,140.64567257832783
205.0,149.27904322963127
205.0,149.28954506007247
205.0,142.70243433184146
208.0,145.85347885844055
216.0,156.75060417416896
221.0,172.829210050704
224.0,189.08577395615364
223.0,192.65166677172616
219.0,188.03483781614585
214.0,190.41338756766393
208.0,192.85773650344234
201.0,206.0355309609648
194.0,207.3403895899009
180.0,206.76867939062348
173.0,205.4545575847156
166.0,205.60157743482603
160.0,207.76782323300733
150.0,210.21319903197684
140.0,209.87017516894267
142.0,204.14685069501414
140.0,189.4946916950764
138.0,177.94487489658422
134.0,173.17407326384665
133.0,166.9526307955233
131.0,164.7695251564857
130.0,155.26795081590336
130.0,138.7888119150409
128.0,128.4492700316427
125.0,126.7405477066467
123.0,118.5565447357055
111.0,112.36822125000327
105.0,119.12235035345957
99.0,120.92924657073021
98.0,122.69447326965164
93.0,119.48477850481252
94.0,117.80138631313555
99.0,120.6315237907803
103.0,122.51930331135927
109.0,123.22643044167206
116.0,123.23281604250644
126.0,114.54962332868747
138.0,114.9551566230027
145.0,109.7842849118387
152.0,109.14486590208409
152.0,105.98088875098883
152.0,103.73908853764222
153.0,103.56502684304596
157.0,101.8682068726984
160.0,101.7738726152926
163.0,114.02678561341885
166.0,121.69891606597702
169.0,129.94834113202194
172.0,156.0556866507899
174.0,162.25254805073948
176.0,173.90561987855028
179.0,177.70714968635173
181.0,170.97622912452297
182.0,165.28234734849866
184.0,168.79588990802785
186.0,173.18423821493647
187.0,178.4675972595892
197.0,179.1843201050836
203.0,179.29935328128494
199.0,182.95919386440733
196.0,186.07865640195013
194.0,192.2027105997218
191.0,191.89592464596947
188.0,192.2244739971873
187.0,190.99658409197366
186.0,189.8482352839453
184.0,192.89466830644506
182.0,195.01475722717063
181.0,195.8689151197421
180.0,215.43424109141586
181.0,222.73027188850776
183.0,220.4653198340822
187.0,211.93698877561187
194.0,197.80969671677167
190.0,192.350928118086
188.0,185.48939297505333
186.0,182.964396795407
184.0,182.15973316056198
184.0,179.73535734256023
185.0,177.50411010413183
184.0,178.16112423334104
182.0,179.76555707438277
181.0,181.70057030585653
182.0,189.99196732031405
184.0,195.0929148530347
184.0,203.68920152182565
184.0,199.93841395576663
187.0,195.01046814761426
187.0,192.20706340483807
186.0,190.4733739487719
186.0,189.82388210336632
186.0,189.4511137117814
184.0,189.01169873982693
188.0,188.24429910710273
198.0,187.1960575246997
199.0,187.40330796200706
198.0,189.94698979773702
197.0,189.02477168653093
193.0,188.94439537970632
188.0,190.4564814478449
186.0,191.42723191408135
186.0,190.33761040369117
186.0,190.13381162183768
186.0,189.5221447251137
185.0,187.263460350815
185.0,193.51701677877486
183.0,210.26569950903402
182.0,213.62047099110762
181.0,212.3893898630969
181.0,207.00011942354
180.0,199.76616185357562
179.0,193.85145234812953
179.0,190.52938624103732
179.0,188.85611683504297
179.0,189.8831966862815
178.0,188.24300015154168
178.0,186.73893835099764
177.0,178.7864275869758
176.0,176.6836034950071
180.0,174.4711115020656
190.0,174.01228743729743
188.0,174.5219520296677
182.0,174.62700375933758
179.0,173.2764932096209
176.0,172.88166714414646
173.0,172.85706495315617
172.0,173.20958146128447
170.0,172.6985480817981
174.0,172.91128070978348
176.0,170.51274783433936
167.0,170.25429987755584
173.0,175.5113018000524
181.0,191.08853163174373
184.0,187.13000997326102
187.0,176.06620666389352
185.0,173.10423173476536
181.0,169.79432629291696
180.0,168.53060973500433
181.0,168.84068049700005
184.0,169.75160974476242
187.0,177.47673744402508
189.0,185.28730757431185
190.0,170.0546640484337
192.0,175.71622588658633
194.0,194.61072775272402
197.0,197.15918902634598
196.0,197.50663006448002
195.0,191.80945467842082
197.0,187.56212848268495
193.0,187.11297377308654
191.0,187.06824367786777
184.0,190.33757536824825
184.0,192.79691756429577
186.0,197.2452742182464
181.0,197.6621881015846
181.0,197.52576846387223
178.0,197.85800518426623
179.0,205.6505291520693
184.0,204.6979265999414
183.0,202.4323203424119
184.0,202.68929874904453
187.0,186.53706534404725
183.0,183.27159792488908
180.0,178.83077747357012
180.0,178.39823859553968
184.0,180.86213209377433
182.0,171.33510328031937
183.0,169.2570578018341
179.0,165.472532224607
177.0,165.12186708242785
176.0,177.3811468219403
178.0,180.28593491780785
180.0,183.07219707342978
182.0,184.95694851488975
178.0,180.32316017326832
179.0,170.6899154554392
179.0,170.78571122591214
177.0,184.67383868549544
176.0,178.2405278910528
176.0,183.3236470032101
172.0,171.89904719235224
168.0,169.73902684435942
166.0,171.116795251816
159.0,176.06976815109385
155.0,181.52067845481452
159.0,184.97390244709618
156.0,179.15759399014883
156.0,177.76351888760595
154.0,175.38884216624
160.0,171.76959620995567
158.0,172.20997333297157
158.0,172.25247962670983
157.0,163.84153666344957
160.0,160.40847862129215
159.0,157.94913488219623
160.0,153.51783639543018
164.0,145.48213841142504
162.0,148.85821556383524
155.0,148.8983571315165
149.0,149.51202737186247
141.0,148.12080706304118
138.0,156.60193680252362
134.0,167.75818614476003
134.0,165.71854297092247
136.0,163.21869164744132
136.0,166.64319881937283
140.0,164.27416314774368
149.0,163.6826763683272
153.0,165.77724509867548
153.0,162.8563308191638
153.0,146.11834100485817
153.0,136.6003491305576
155.0,133.95499153390332
153.0,133.19597683056446
151.0,126.51714781582992
154.0,128.85631157204108
154.0,135.9388015752648
158.0,137.9533650394137
163.0,137.16470373530174
161.0,155.9450774438559
154.0,169.63758288694046
152.0,165.56009239431694
153.0,162.7525192435713
153.0,160.33613618943644
155.0,159.73441984834434
153.0,157.9443352224239
151.0,149.14936229185105
149.0,158.7620835643771
149.0,159.09238266001307
148.0,167.6467949048392
146.0,175.93537609693132
142.0,170.086062985662
142.0,154.95200322085353
141.0,148.19966085238082
137.0,155.03256962567184
137.0,157.22878672346718
133.0,159.7018349088688
132.0,159.27922264921838
129.0,149.87832424463673
126.0,144.698394858377
126.0,144.48968949699272
118.0,142.79260574493287
111.0,143.35507906159435
107.0,140.9047283375804
103.0,141.553006195669
101.0,142.39262501100015
98.0,135.42264559412396
97.0,137.13383207400398
97.0,128.7970742180979
96.0,128.41601587032127
96.0,129.23298651655386
101.0,126.15282881405511
113.0,126.36523173840092
124.0,118.12272232160994
130.0,108.24411353866952
133.0,103.05954893978928
134.0,99.63292219471005
131.0,98.32976560945379
128.0,102.85911138958173
127.0,103.50493503740088
126.0,101.03735502490672
125.0,93.67589061842723
123.0,93.93245038558983
120.0,102.17135220385111
116.0,124.34547989614646
113.0,142.79814557761705
108.0,148.23796847773468
105.0,146.12311964557094
102.0,145.4764520403189
100.0,141.64555836859947
98.0,141.11314934059615
92.0,139.60580630520312
85.0,138.1984797077539
82.0,128.00620474270116
88.0,126.15905674830316
95.0,123.79819230021724
95.0,118.2073459961963
98.0,109.0093583028616
109.0,102.17210049290479
112.0,100.73143417996451
126.0,100.54284639429663
141.0,100.03293046185789
159.0,117.13305537484955
175.0,140.83737111487974
190.0,141.6205568604289
200.0,143.52420423287666
210.0,143.76591692423517
222.0,143.33385393877023
233.0,141.6667099568848
241.0,140.43364107803674
244.0,129.98048390360972
245.0,121.63736963135374
243.0,155.79314321396535
238.0,175.3554355213857
232.0,199.87680679884565
226.0,216.40895998273558
220.0,216.6953087318563
206.0,229.00516763198254
212.0,239.39454112475474
218.0,251.09279121599042
227.0,252.4038143052687
236.0,250.1052200956808
244.0,248.11369371323576
251.0,245.45396025657
252.0,243.25642489186342
249.0,243.3340115896687
244.0,246.2264264746836
240.0,239.23631578491526
239.0,231.77184685971494
236.0,187.32977283186133
232.0,180.9223385243041
229.0,187.20390291185552
226.0,194.70953449195682
223.0,212.98604893555432
219.0,229.27044259543746
219.0,238.67064587185277
212.0,235.90586527818206
207.0,228.39557943011334
207.0,221.59327437402533
205.0,210.98427246746976
204.0,211.82059714009702
199.0,203.70806396109182
196.0,194.5881779426543
197.0,192.56383205499876
202.0,186.03431185159488
207.0,175.23540940235426
204.0,175.19931901863626
202.0,179.0225681813964
201.0,178.15613234730156
201.0,173.70736096275346
201.0,176.1891442487489
201.0,175.80897541934635
201.0,177.90393025097643
200.0,175.85596012165325
200.0,170.82604082883486
200.0,173.12723173682434
200.0,182.0918723032168
202.0,191.53544752783964
202.0,195.08343105556995
198.0,194.64574965200805
197.0,194.2342326761558
196.0,193.85950980871542
195.0,193.63669248046898
192.0,193.8893683178882
190.0,195.33580889956636
194.0,195.24383479577307
199.0,195.0500165314651
193.0,195.23201242366088
186.0,195.4555724505496
184.0,196.92569606918875
183.0,197.1979967595236
181.0,196.55485081359893
181.0,195.74185874013966
184.0,196.53455861284544
186.0,197.03488670272515
184.0,193.34630900424946
186.0,191.07873958221825
185.0,193.6383867876481
184.0,203.3887383477782
182.0,195.41330453867945
181.0,186.50706387743355
181.0,183.00701528701305
182.0,182.24768672439205
182.0,181.08087143023462
182.0,181.6584073502332
186.0,184.18139276779962
187.0,187.33883635445116
186.0,184.27256244869653
186.0,188.75747258790454
185.0,185.61779491276508
184.0,185.9140460576864
183.0,183.12098517023875
185.0,183.3011739785468
185.0,183.2076744269463
185.0,182.60376397453118
183.0,182.575661040335
182.0,181.80786788837918
180.0,189.65060160216447
175.0,190.9010235066609
173.0,190.68438728911804
175.0,190.60847021246968
182.0,188.54085221527413
184.0,188.3965065326446
185.0,187.17990263359061
189.0,187.9075271790243
193.0,188.1299698953213
194.0,188.61800581382263
194.0,186.55877984151178
193.0,184.3497511194491
193.0,183.4380579021197
195.0,176.35320124366967
193.0,172.67708732142708
191.0,178.4769715953702
194.0,190.81778821890364
194.0,194.14932899593416
194.0,192.1135823996214
194.0,201.23181050787645
195.0,205.87595268715322
196.0,206.44894003382026
197.0,205.44110870884094
198.0,203.34882275818137
199.0,202.81354418755424
200.0,209.02493861373398
200.0,200.8257102427467
203.0,197.55517202926015
203.0,187.5764352902038
204.0,187.62316247275933
211.0,187.53529590150504
209.0,187.69074892255068
207.0,196.76290038258426
204.0,197.26061898240303
202.0,198.8120336884152
200.0,202.71171730536048
198.0,203.97676576279497
196.0,205.29431444125166
195.0,204.27395540409142
194.0,205.91416498355593
194.0,205.21891987950465
195.0,205.90678903418922
195.0,215.89695527665975
192.0,212.18962619455857
192.0,209.10719781932397
192.0,203.32414635357011
191.0,199.7797439732894
189.0,196.76120483365008
187.0,195.294323018707
185.0,191.18109073097887
183.0,191.3378581591176
186.0,185.785641966463
192.0,187.03360626979332
192.0,195.1337002715919
194.0,197.99827709308997
194.0,192.71583521103076
194.0,193.35948023004525
194.0,193.94575391404473
192.0,193.39086392530675
193.0,191.5066327026397
192.0,187.66434938321805
185.0,184.56694248296085
185.0,183.95393365591505
179.0,188.25880817490483
176.0,194.37862947503515
182.0,194.5990906495805
189.0,195.2451147083849
191.0,195.60566313072624
198.0,195.54302225260142
200.0,194.5049688293899
201.0,192.3892332277349
204.0,193.0088939292525
202.0,191.8811755052659
199.0,187.86691798811694
195.0,186.29771873693204
188.0,172.64434688741358
185.0,169.21053736566327
183.0,173.70005255191586
182.0,186.80384228014952
176.0,186.77846412816308
171.0,188.89884842802093
167.0,189.25701784310124
166.0,188.23513562669356
163.0,190.55273144158673
159.0,187.2279213199657
153.0,185.71403760885542
153.0,181.14834646825608
148.0,176.91012877718632
145.0,178.0329005170596
143.0,176.79261470910583
145.0,172.753300775128
139.0,164.4201538783694
134.0,150.56348668784725
137.0,137.8765095894777
135.0,138.80791243224942
134.0,141.38067837645812
131.0,139.70998388326427
131.0,125.31521109367591
133.0,125.6602324813201
133.0,126.42169330368232
131.0,124.9890697281998
126.0,124.85591060446993
122.0,128.1232708535639
127.0,126.29181459911266
135.0,118.43326405117219
142.0,124.0311442835224
143.0,130.82688695958475
143.0,137.02232191755334
147.0,123.59553997287804
149.0,127.49103077417101
152.0,140.19155012947334
152.0,141.5660670919443
155.0,131.8080125017363
166.0,132.44116200664425
166.0,126.43758135201813
169.0,138.95555538187097
174.0,152.7896061413048
174.0,160.68894880233108
174.0,154.21919345338748
175.0,147.8351799893553
175.0,151.19711526866158
178.0,153.42900591590566
184.0,158.40415601698754
190.0,154.25386889959057
198.0,158.40885622165882
199.0,173.8751035530632
203.0,167.93043181930182
206.0,169.8940392015666
204.0,188.31074220555138
199.0,185.22472279164938
198.0,183.1979954487939
191.0,183.84323376373837
192.0,183.23724318104976
189.0,184.64169298957557
185.0,194.63805622211575
184.0,196.69989113785743
183.0,203.79240633791795
177.0,218.9714141632632
173.0,220.8573745542564
172.0,223.04242893762776
166.0,221.46258038473482
164.0,215.136462032231
166.0,209.64860812331355
165.0,183.45094113253035
157.0,182.3243559615737
154.0,179.14030572018143
155.0,173.65991500989665
150.0,172.74242717421131
146.0,164.81412632857572
145.0,161.97403967721996
144.0,155.90539397253698
143.0,153.98938393932764
138.0,144.6255328215625
135.0,145.85322818537006
132.0,147.6314391748605
130.0,153.03873981089032
127.0,145.07296092650628
127.0,134.01007283627945
126.0,138.9028431621065
125.0,134.86903274859472
129.0,132.02531662959856
136.0,145.75633004241212
143.0,147.3506073107143
146.0,147.8296835911534
144.0,141.65451950095743
143.0,139.85079505372485
143.0,125.38791782934155
141.0,124.80937421276124
138.0,124.3308383137055
136.0,125.78748232142699
137.0,122.51369766320536
136.0,114.46494257833216
133.0,131.46547845529878
130.0,155.82896770671564
128.0,161.53497641422484
124.0,159.9732643394795
122.0,156.62828867041088
122.0,154.9582619151624
123.0,154.15189021937766
124.0,154.80668286896045
128.0,146.41446937670864
131.0,142.60035289626867
137.0,146.24143376082495
138.0,146.07774784391376
137.0,137.3732818999741
138.0,131.2580964722045
139.0,130.84146709637787
145.0,119.2095811760173
153.0,118.75458718862576
167.0,118.7308274336542
179.0,119.92205214816606
190.0,125.1361548277654
197.0,159.7670553200924
199.0,153.7414471699069
203.0,163.38314387274042
209.0,164.38475697656216
209.0,162.6730714838723
204.0,163.36829254351895
202.0,155.65406067699735
198.0,168.1544222891322
197.0,173.60594198773256
195.0,178.44033278931406
193.0,180.3090689297359
192.0,183.5415779121293
188.0,182.86991234766202
187.0,178.95350396980646
191.0,177.7777389622054
184.0,177.21897299766414
179.0,178.42438440941683
174.0,173.99884985032443
174.0,171.5238749092186
177.0,167.44101784396688
179.0,163.2412275776746
177.0,162.59213756596458
176.0,159.05980695125496
179.0,159.92849319900225
183.0,153.48290178628312
189.0,154.19456777530368
195.0,166.65202489228938
196.0,167.22926050384515
197.0,154.83628835618546
200.0,154.35825970022105
205.0,157.045995727296
207.0,162.76055663734084
208.0,168.04183563285065
210.0,168.55907130921463
211.0,167.5940634368774
207.0,168.46275930966718
204.0,176.89163771213873
204.0,184.00326245855112
201.0,197.25241893825284
199.0,198.76881680410847
197.0,200.0009494239144
195.0,206.5204846755073
196.0,212.06841315139474
194.0,213.0403864058524
191.0,212.5696398819382
187.0,213.4229206422185
182.0,213.55013716642807
176.0,206.599445439383
170.0,192.843913845588
164.0,191.71918750719448
156.0,187.72395206662117
150.0,188.783195829646
145.0,188.23563172055006
142.0,187.92759829612277
139.0,188.8563883779245
135.0,183.02493364724162
131.0,179.9974007574537
128.0,177.5556297026908
126.0,169.95505489533514
122.0,162.04124828349944
118.0,145.68768609054308
115.0,136.48027109014097
113.0,132.4266661015221
110.0,123.89855305519926
108.0,121.43274752313752
106.0,121.65402920008218
104.0,119.80550802311342
101.0,118.61425954012924
98.0,116.90963523606342
96.0,116.62016270413449
94.0,115.86967083668955
91.0,106.59600328808422
85.0,103.18626906237236
81.0,105.70294960000862
79.0,105.3044395129352
81.0,103.56224728574675
87.0,102.54267886195748
91.0,100.23727017416583
94.0,99.56389396090196
96.0,93.09031124192364
97.0,81.72959088317722
97.0,80.50775719053833
97.0,80.21853891635526
98.0,80.004879000233
101.0,76.20986677538342
101.0,73.77929160223405
102.0,72.44836733046654
104.0,72.3840044369504
104.0,83.86952808011894
104.0,92.1454483939722
103.0,96.09644783102888
105.0,103.45961370434445
106.0,105.75324098230321
105.0,103.87316727884541
104.0,103.66139703823094
104.0,108.13452248795625
104.0,115.4620691382763
106.0,114.71320284149304
107.0,115.56028033246615
107.0,117.59546442048841
108.0,118.87055439257847
110.0,118.38213532896272
113.0,117.79768654433067
115.0,118.50619110718044
119.0,118.42199368166844
120.0,117.73504760167545
125.0,117.50072643906826
133.0,117.13398150860299
136.0,115.88780433509835
139.0,115.8870910161942
140.0,115.82082972796012
142.0,115.15392634775887
144.0,115.05788521664135
146.0,118.55401368862024
149.0,125.60260430123728
151.0,129.99086025643933
154.0,131.2302881045298
158.0,131.7847833867483
161.0,137.0787574031608
163.0,147.8535082790825
165.0,150.14761701360482
166.0,151.14892236131146
166.0,149.4895679408227
163.0,155.76002939451047
161.0,159.7542030786689
160.0,161.52504911596978
159.0,163.58776310793004
160.0,167.14515841358133
161.0,171.84685210160512
162.0,175.49001167025628
162.0,178.98796620645973
166.0,179.75904193695422
168.0,183.41098873204078
170.0,183.65615193056513
179.0,183.36817306856997
182.0,177.46291852030203
183.0,173.216913883678
183.0,172.14357553807747
182.0,168.19421777562854
179.0,171.4881370963282
181.0,171.92878797818634
180.0,174.35327743622634
181.0,174.01924671876307
181.0,181.5995909152148
181.0,185.09336083211062
183.0,189.27265181142107
181.0,194.9433771479688
185.0,195.69183725170305
185.0,195.319573937329
186.0,194.65104783128197
190.0,192.4095964217732
206.0,190.5763734548579
215.0,191.78718908618276
220.0,190.76825347832406
221.0,191.79022458478434
223.0,192.38583073282146
223.0,192.6664157135746
222.0,196.0619694660478
225.0,189.89283154918846
228.0,198.22251290395437
231.0,198.39020340268556
231.0,198.83978923713244
227.0,199.0508244409036
229.0,205.24001091362967
225.0,204.96808175273773
223.0,203.90127206999708
222.0,201.4231488553392
223.0,199.72572891630284
219.0,195.98937826247058
217.0,192.77978145133736
215.0,196.27447203840674
214.0,200.66816688497062
210.0,205.38312706578716
208.0,206.79050424172698
212.0,200.52548103281336
214.0,208.1451259725685
215.0,200.15511904431156
212.0,194.89854794960317
208.0,193.8828375601126
208.0,196.6178942302607
207.0,191.51932345227036
204.0,189.2267003035472
203.0,188.3530391923267
202.0,197.9191432040999
200.0,193.09058590017523
193.0,186.00571891882424
189.0,198.02011528643123
189.0,204.44302060788084
187.0,206.9449709970867
187.0,203.7733047635119
190.0,197.6105583943679
189.0,197.10066348873352
190.0,196.50385026772736
197.0,194.0104242652822
207.0,192.90639412872795
208.0,193.29941629204845
205.0,192.87785570373453
204.0,184.83868597513361
203.0,177.23534570900947
199.0,177.7725454626246
198.0,179.04057311458098
198.0,178.98898948363367
197.0,183.4630924937522
194.0,185.8734975790534
188.0,188.02301666347267
185.0,198.51784510855268
181.0,203.68574527469482
178.0,206.1122060594145
176.0,205.25202458336418
178.0,204.4555486382007
180.0,203.18550394350117
179.0,200.57258830243282
174.0,197.775619682923
179.0,198.42140192088468
188.0,198.47807332844366
190.0,196.51420289403796
191.0,191.30396782747923
193.0,190.8160420313401
196.0,191.1647990954938
203.0,189.96619636988598
211.0,187.07590721201922
218.0,190.1954260383981
227.0,189.72455816227722
235.0,169.91584413748265
250.0,166.08575277785886
262.0,167.62271624004669
265.0,185.7164941412088
267.0,186.83108792936628
272.0,186.01727528670827
280.0,184.7405199153375
291.0,193.73158694377375
288.0,206.781205178946
292.0,215.6925803542319
298.0,217.01974420366625
304.0,218.80227086974014
309.0,221.010989070721
310.0,230.77584740426744
307.0,244.69311784374526
303.0,244.45889084626867
298.0,244.99018536713916
294.0,244.61777648541
290.0,246.37661452517145
286.0,248.31728759900443
283.0,255.11097319459944
282.0,253.87769737782213
280.0,255.05106015227574
278.0,256.294704392559
276.0,259.2064238297844
275.0,262.40387652053175
266.0,258.7212389448088
259.0,255.78346729053123
253.0,250.1214062626649
248.0,244.44043322186437
247.0,238.53705398760806
243.0,222.86204435441448
243.0,221.14146993988481
244.0,217.648399193804
240.0,215.6183455775816
237.0,214.63065717068412
234.0,216.7527260459452
228.0,219.30973927530326
221.0,217.6566957606565
221.0,217.59554485445506
219.0,210.205849797677
221.0,207.33214115511223
217.0,204.0566880023711
213.0,199.3173239348878
210.0,205.82521055970793
208.0,208.27037051470722
207.0,202.2473614878871
204.0,201.45438439694033
199.0,190.1136134982478
197.0,187.290465891817
197.0,188.12723705250917
198.0,188.5707541597417
195.0,190.23281384974226
191.0,192.61997299449106
190.0,192.64072025495176
189.0,190.85093854434473
187.0,188.94481144222488
184.0,181.6324903768761
179.0,182.1376206384418
171.0,180.75286301819415
174.0,179.63839786775605
183.0,180.4517630593353
191.0,183.18021495124208
193.0,185.89197191973116
200.0,184.28426638438197
211.0,181.3781904365036
223.0,179.74100353759712
235.0,179.81526686814314
242.0,177.30045343024742
238.0,173.97094663760856
240.0,161.77188513159797
240.0,148.10084468944146
239.0,157.90994448049452
236.0,169.19415670039407
236.0,188.28029666022252
236.0,190.11892030559042
233.0,196.62854283986638
229.0,199.10698912728267
225.0,201.6212827205687
223.0,209.50772954299148
220.0,217.51354786528947
217.0,207.55166345704464
214.0,206.97139552281948
211.0,206.5773281722448
208.0,205.298223656269
205.0,191.3614884066438
203.0,193.3023584548178
200.0,195.48622348593065
197.0,183.84105037827487
194.0,182.24734388624645
191.0,176.1789619576906
186.0,173.0914923887662
185.0,177.2770772765837
184.0,179.45319306438168
184.0,182.63682727353878
185.0,183.24219930501434
185.0,178.72279144240824
185.0,176.90301941205615
187.0,174.72647479222246
188.0,175.72436470334426
188.0,172.41281696091752
186.0,168.98585535978125
187.0,165.56699680008245
185.0,162.4315557031817
183.0,158.5500626707853
182.0,157.8845308506587
179.0,161.43362540531695
176.0,164.16953755193109
174.0,165.97909156567422
171.0,168.56188132594895
169.0,174.1596680895518
167.0,176.36635756136644
165.0,177.70829358714926
162.0,176.88555340287766
161.0,178.56314375781628
160.0,177.75799387246786
158.0,174.4743887456416
156.0,171.52274757359652
154.0,175.99722687598404
152.0,171.3411923661963
149.0,170.96705908019737
147.0,160.04586600623915
144.0,157.22291861503442
141.0,155.29138881596808
138.0,155.27436337937465
135.0,154.05428270484086
132.0,154.99156259510542
130.0,154.64076418158615
127.0,152.14854786020817
123.0,150.83294075709776
120.0,149.35305547984723
117.0,148.2745958089084
116.0,147.9339695046829
113.0,147.62519156662856
110.0,147.09832070789605
108.0,144.7874638140142
106.0,141.59923040267034
105.0,138.98755987840266
103.0,128.68569006949815
101.0,128.7546974752874
100.0,126.49273332182194
99.0,113.5925239445262
97.0,110.24530611557041
95.0,109.86702880684952
94.0,108.5434263267207
93.0,105.18071015229262
91.0,101.99609124414881
90.0,101.9360275549898
89.0,100.48499567136327
88.0,100.42993046835012
88.0,99.50977830566602
88.0,96.34388945471225
88.0,95.2355004485873
88.0,95.46373611368301
87.0,90.09336064577971
86.0,91.28088948464769
86.0,91.56388867030398
86.0,91.94267832607862
85.0,92.58867907797271
85.0,92.19612153771011
85.0,92.73964764784355
85.0,92.74569734651072
85.0,93.33112807921266
85.0,94.16975813939841
85.0,94.03275145701019
86.0,94.94879336914751
87.0,92.79592977486892
88.0,91.66291789699096
89.0,91.7041586066302
90.0,92.02361731452001
91.0,88.44544838497394
93.0,88.92572712292473
94.0,88.7214566592351
95.0,88.70105251804036
96.0,88.6240656985568
97.0,88.61534594974363
98.0,88.21648743956708
99.0,92.86941647181038
100.0,94.75141634022447
102.0,99.08838714814048
103.0,102.20346315712304
104.0,102.35354210121149
105.0,102.69325709036038
106.0,103.23759470666698
107.0,102.57000968563486
109.0,102.21758334829417
110.0,102.52934845858988
111.0,103.39533419970063
112.0,108.69136511832313
114.0,115.9962011876513
117.0,115.86253631371524
118.0,118.31943268851397
120.0,117.24277150108186
122.0,116.02010520801
123.0,115.41191117849013
124.0,114.33365026675153
124.0,113.1817716193402
125.0,115.56549238041852
127.0,116.82136100546377
127.0,118.34203768742937
128.0,121.54045410024645
130.0,128.9231160785143
133.0,130.7778315725376
134.0,130.12285756825588
138.0,131.70149320588277
143.0,134.817417948423
144.0,134.89590826500154
145.0,134.63330184962632
147.0,134.40503652198868
146.0,135.31924811296648
147.0,140.44835132918348
146.0,139.82356013840555
147.0,142.93013758617573
147.0,143.3257320814702
147.0,146.20943257529265
148.0,147.70428026454775
148.0,150.52119388998574
149.0,161.39977174480862
149.0,163.13987095604517
149.0,163.8800504401692
148.0,164.59269006384164
148.0,163.72092876039602
143.0,161.78401549311772
148.0,159.50043257607624
153.0,159.36459648721075
160.0,157.8024383488924
167.0,157.18054194633967
174.0,156.74128455203459
180.0,155.4017500953468
183.0,154.60324643109294
188.0,154.13357760215544
189.0,153.84213853820964
188.0,151.57533917325958
187.0,151.51899846362952
185.0,149.23974441456576
184.0,150.8273991241169
183.0,166.06172171052793
183.0,175.89388803828982
181.0,181.7130697192168
178.0,194.9305250482791
175.0,196.43577895723962
176.0,198.623348124056
174.0,200.95800613663604
173.0,199.88232020975028
172.0,195.71717055975756
174.0,194.2983837071291
176.0,191.42361129884358
175.0,189.974803400184
176.0,189.00951697832755
174.0,188.7457200582868
172.0,184.84142494583764
168.0,182.65577473297694
165.0,177.50559338644402
162.0,176.49085918593937
162.0,178.08724660977282
161.0,174.85901410960588
163.0,173.34813488598147
164.0,181.1560337303725
163.0,183.72705311941309
164.0,184.40193795123798
162.0,181.82573950845247
161.0,180.1302012425838
159.0,172.8546238117549
158.0,168.82833344304169
156.0,166.07594805358872
156.0,162.55648014716678
156.0,161.30317774672642
156.0,160.25246564211338
156.0,163.61519634903152
155.0,165.44954793430287
151.0,164.42490273928877
152.0,165.66109449757138
153.0,165.58566284827634
154.0,165.24532911650363
155.0,163.3958641366071
159.0,162.31779764443766
163.0,160.80366021171366
170.0,161.3427457479259
176.0,161.97314417552877
183.0,162.7624837743956
187.0,163.0161554785972
187.0,161.94563697779174
192.0,143.33545654645104
195.0,150.60777871789603
199.0,157.458624391507
205.0,158.40075781298125
211.0,158.66650559861873
213.0,170.32273684458428
212.0,171.98009790651707
207.0,179.32008269118106
206.0,189.375961758734
210.0,192.89981181524527
213.0,191.20073364764806
216.0,185.96353067499098
212.0,186.72046586570093
207.0,195.55182215339207
204.0,204.33218105716816
197.0,210.45239585234623
194.0,213.11091619805586
192.0,209.74499488017082
188.0,206.02320009428175
186.0,197.34707804259085
180.0,191.88759862899616
175.0,199.65851998266592
170.0,202.99376643354944
169.0,203.8818513929485
167.0,211.46283967714385
166.0,190.8629570756832
166.0,184.07503340865523
162.0,170.51985691768363
163.0,164.61118394222723
164.0,169.0913192069304
161.0,163.51469190309464
161.0,159.47252603226636
161.0,151.29365112637714
164.0,151.85321709293876
165.0,137.04145484278646
161.0,138.94361989800885
160.0,140.60553511881366
157.0,143.57391183328272
155.0,145.53500053581683
156.0,144.61837448587093
155.0,145.5683253624243
153.0,148.84386043666535
153.0,146.96283290090497
150.0,147.50158265350976
153.0,148.19772139867266
153.0,152.05763605400563
149.0,153.3520121679902
145.0,149.24015979147882
144.0,159.165349199458
141.0,152.75566831167276
139.0,153.14454778877382
138.0,155.39096922855148
136.0,156.02906335426397
134.0,155.6405510285938
132.0,156.76331315198533
130.0,149.1174864265801
128.0,158.01168839931833
127.0,160.11118603311357
127.0,147.5284812398836
124.0,145.4044859794134
123.0,145.53406789793092
124.0,143.9978225783208
127.0,138.03090557056782
128.0,138.61794989691728
129.0,138.85438386858132
129.0,134.91210654284245
127.0,128.01121939084476
125.0,126.85477304115282
125.0,126.93448216938876
122.0,127.179546461664
117.0,127.95710524008351
117.0,119.77695510156185
121.0,119.39318174530655
133.0,120.05703033998134
142.0,134.232864473525
151.0,133.70749918018078
166.0,134.6768930220516
177.0,135.12452662131153
181.0,134.21745048148455
188.0,125.72764127046507
194.0,126.95308148388405
193.0,126.91358768167129
193.0,128.8969654497002
192.0,141.76133499176842
185.0,150.27233079520505
175.0,167.92489702990545
162.0,180.8801738403206
156.0,181.29671432916217
151.0,188.02606081165547
147.0,176.50092124779187
146.0,170.70223665460816
147.0,174.20850426054034
146.0,173.1000814246738
145.0,168.8202091267365
144.0,166.46035038142736
144.0,162.70131118430953
146.0,155.74450491913942
146.0,142.19380166229726
143.0,123.80247132563576
141.0,123.67484015007399
141.0,122.2106370487233
137.0,120.64497345643412
137.0,120.54827839885644
139.0,126.85915687473839
140.0,129.40611858549556
147.0,129.17367084343496
147.0,131.8415398127958
147.0,126.7441642266763
148.0,135.69029967784172
149.0,138.31879196549184
150.0,137.12770544409
150.0,137.41325294014317
152.0,138.98796646978488
152.0,130.21117941575736
150.0,131.6800934992195
148.0,138.6792077106647
146.0,144.0197541702113
148.0,155.3210639973759
144.0,153.14811373438343
133.0,148.87677524841706
125.0,145.9704466330582
120.0,147.90174266223116
125.0,153.34208649560895
127.0,154.51243406170158
131.0,159.01207623372065
135.0,158.6947555925415
138.0,154.23190447883994
144.0,146.1593124402066
148.0,145.41918024919997
152.0,145.4881116521669
156.0,145.22191953067784
159.0,123.37927971029532
161.0,120.10666514737594
163.0,118.26189548009442
164.0,121.97392483307462
165.0,139.1607549376378
165.0,138.20029870695703
166.0,146.54620210241478
167.0,149.50208668191925
166.0,160.86488138120453
167.0,161.6831736719631
168.0,169.95248883789603
169.0,174.53365242297969
171.0,175.08928868207317
173.0,177.57820225539075
174.0,179.1657453654873
175.0,181.2034216086485
175.0,183.31934178366464
175.0,182.53508412985425
177.0,183.42211381525075
178.0,184.38738997147067
179.0,183.59166695039963
180.0,183.44860922031322
181.0,185.37074591327067
182.0,187.2260684048942
185.0,190.56211084857284
187.0,191.07914084137016
188.0,191.03537021495077
189.0,190.5130622666366
192.0,189.27792021078804
194.0,187.1167931833809
195.0,186.6432111995157
198.0,188.18368890808236
203.0,189.11933827849558
208.0,190.08590702426088
212.0,191.55892020427518
215.0,191.99845190459348
219.0,195.0299079305379
223.0,196.65386119457386
227.0,198.20684308270714
231.0,200.43727437950741
233.0,203.5748027641162
234.0,206.42933275336313
235.0,211.37005398212096
235.0,215.6511904775964
235.0,219.1235392314535
235.0,222.08708023372427
236.0,228.46756594702936
236.0,230.68480020082922
240.0,232.33362910374834
244.0,235.13600152243944
245.0,236.3050641587913
246.0,236.4580124252352
247.0,235.67939264508152
248.0,235.1701172784164
249.0,235.00994799502234
250.0,233.05512574937973
250.0,232.4974468775751
251.0,232.13819718480232
251.0,234.1078630079982
251.0,234.44232857413596
250.0,240.56326027994137
250.0,252.6731443273589
251.0,257.85857047493425
251.0,260.3887497325601
249.0,261.38136554627357
248.0,261.9635414631647
248.0,261.9881802923244
248.0,261.7150915335812
247.0,260.02868772149594
243.0,259.13869606843775
239.0,257.8958335707684
237.0,256.8988368751545
237.0,255.5554877387763
237.0,254.85419776072408
236.0,254.54748178063846
235.0,253.5565140873024
234.0,252.27828278743732
233.0,251.13126944124872
237.0,251.03654480748813
237.0,251.20926223191387
237.0,250.13643828764904
237.0,240.56227914167772
237.0,232.29269483697593
237.0,230.5968806999914
237.0,229.9814888187401
170.0,178.38957855693985
169.0,178.58414816132233
169.0,182.459283389174
164.0,182.459283389174
167.0,182.459283389174
173.0,182.459283389174
172.0,212.32791017855914
171.0,199.91479783876872
170.0,191.48882651137083
171.0,177.8807086543265
171.0,176.9285959841653
173.0,169.09862455163466
168.0,166.95988923836146
165.0,167.03988194508307
169.0,168.74939259576212
172.0,164.71177347837397
173.0,155.1413314092168
178.0,175.5214066152263
175.0,175.98967785373728
174.0,176.66873205100728
172.0,174.3408499918374
175.0,176.80866127362546
176.0,177.5293038181541
177.0,181.7085268131174
182.0,170.45947796943392
189.0,168.48440599891188
188.0,173.75312779869395
198.0,179.2347677590065
210.0,178.99155300907603
215.0,182.631892504127
210.0,178.79958827190208
213.0,177.141427917992
217.0,166.18952609821756
219.0,178.09644822294388
217.0,180.7329232165218
213.0,178.21571747066898
210.0,182.97734342228492
210.0,191.66248618611436
211.0,186.7093579771302
211.0,207.52373215790647
213.0,218.02440824229092
210.0,218.21527636465208
203.0,214.01182955318276
193.0,212.95971539140112
188.0,210.39689980368732
187.0,207.32400592044468
196.0,205.1337903592124
191.0,200.3605741961503
190.0,191.9169130913211
187.0,189.5826038304181
185.0,194.23621060603784
186.0,197.25453868397335
186.0,202.59429141782044
187.0,196.23681253598406
192.0,179.9056731187875
194.0,163.2577217818541
194.0,155.6300352293199
189.0,157.73427465856398
183.0,172.4726369478432
181.0,174.4937236903678
182.0,169.1952463911121
176.0,167.32114246015306
171.0,164.83905866028405
169.0,171.2683905468565
167.0,173.85849853593888
167.0,177.64181758628095
165.0,187.7609923223176
163.0,190.44872639489506
164.0,190.4582766049928
164.0,185.5451533985119
167.0,175.97070860729826
165.0,173.83782151700962
162.0,175.61036130854933
157.0,171.11629112940287
151.0,157.57663340388888
155.0,161.51673349496656
156.0,154.31478372948547
156.0,152.98630930652823
156.0,151.81369716558143
156.0,153.27701459340173
156.0,157.04762792864116
155.0,159.0185153448616
153.0,162.46342428308844
147.0,161.93889652889297
140.0,159.0324609173543
137.0,155.23822566733824
131.0,150.71432270797655
128.0,154.62963072169114
126.0,156.6504955775087
126.0,158.28728783360407
124.0,156.96338319365236
117.0,158.0603799758401
106.0,157.86440676231692
108.0,158.5651750509942
112.0,158.62778774396793
107.0,147.42652406770324
107.0,138.56368163297984
104.0,136.51820136833464
100.0,125.9072808298752
102.0,125.87266573129983
107.0,124.57397173183077
117.0,125.8532522191881
130.0,116.20221046491521
144.0,112.90425284563514
161.0,100.86460421885666
191.0,103.99829126779483
186.0,108.82850049364632
191.0,109.69409778731728
185.0,143.46517839342465
177.0,142.5948415132107
174.0,137.6444761613754
177.0,133.3804661378246
181.0,131.9715278688546
185.0,142.43191133542302
191.0,151.93284697972982
200.0,158.8228956019616
210.0,175.72872391649864
220.0,204.85960197446488
228.0,199.57026858053027
233.0,195.9252834458014
240.0,189.19237078435538
241.0,175.6889781964463
242.0,173.8012138284071
244.0,177.10958096838812
244.0,183.47663097417956
244.0,189.5959970858959
245.0,192.07405130622428
248.0,206.2925022608122
252.0,212.33931202395675
261.0,219.5928258275567
253.0,227.95006684089836
251.0,230.71277467546034
250.0,241.75459374058596
246.0,240.5969235797834
244.0,243.9565285214732
246.0,246.06891171301186
246.0,245.83395267319364
243.0,245.26679338695155
240.0,247.55322436619414
235.0,230.6474355818636
237.0,234.81161455362275
235.0,254.63968049436005
229.0,227.86557950084682
237.0,222.45324349336218
244.0,219.47775020725555
239.0,210.1407743968449
237.0,207.20550517132375
233.0,209.56524737676634
226.0,209.2585499876837
223.0,204.86688687138508
219.0,199.15250260932348
215.0,186.63014531659047
211.0,203.82503502224276
206.0,195.28483942511238
202.0,188.51168656560748
196.0,208.01335830414513
190.0,215.6772472274157
185.0,207.46662733142622
181.0,205.14581868737628
177.0,188.52416887153848
172.0,183.29840380490475
167.0,179.16676630659276
164.0,178.16744323853152
161.0,178.57575744800366
158.0,179.8655593380595
151.0,172.36486910438603
145.0,168.27541433933442
140.0,161.1102896227831
140.0,152.9643028227284
141.0,150.79892590227695
135.0,140.15221101086553
128.0,142.12954206782297
124.0,135.08547099603138
122.0,128.71155025010418
117.0,129.8947828488426
112.0,133.23558149750644
108.0,131.79908791665449
104.0,120.12761807339288
98.0,117.89782611455654
95.0,114.87466651885359
94.0,116.25669459171236
93.0,123.37396178640542
93.0,121.07588402580312
93.0,116.40571697835436
93.0,107.50556558417323
91.0,108.36430293586204
92.0,103.2914583494862
92.0,100.93821295930778
92.0,99.25463084943405
92.0,94.38524303717696
93.0,79.41168285089508
98.0,77.98143066774135
101.0,77.69109931206081
102.0,77.66900805860799
102.0,77.84868957929486
103.0,78.1511625460397
103.0,78.69169821635263
104.0,79.03136988348767
101.0,79.91650290977506
99.0,81.36509183519773
101.0,85.30841238385376
104.0,90.98837959494591
112.0,92.9171345766205
118.0,103.39270251120148
120.0,110.96905625955876
123.0,109.17437523798131
125.0,108.00795411812058
128.0,108.98220253921788
130.0,109.94630271230494
131.0,111.86106428341047
130.0,109.85350757084493
130.0,107.18993427239366
131.0,110.88765716014453
125.0,113.67018831106026
119.0,123.22391555866862
119.0,138.02813390327998
118.0,135.3226935938497
120.0,139.29660627913015
126.0,138.77337298948393
127.0,146.09456875035121
128.0,143.1981691789999
128.0,142.25369484461822
127.0,139.56337357626808
128.0,138.7769983466226
127.0,138.68396313581087
127.0,131.96197746218257
128.0,130.0235957937731
127.0,128.60966290046403
126.0,126.57412975441427
127.0,124.6878492529657
129.0,138.60604257580067
136.0,139.78333975214017
149.0,138.3714969901005
146.0,137.9504191532615
144.0,135.7104127292266
142.0,138.6543109954183
142.0,136.37886944056416
152.0,136.28187207970814
156.0,138.39938417497058
160.0,136.61869771718088
169.0,133.24463530219595
180.0,137.21904636859608
195.0,141.2725137388111
204.0,148.9624203264268
210.0,169.91810821842378
214.0,165.69692625748434
214.0,160.61256987354585
217.0,156.70161977652972
219.0,156.91148976333696
215.0,170.59013313028365
214.0,177.2135524704335
214.0,181.30244224064543
214.0,191.76689166825946
215.0,202.09295249477418
213.0,218.85254483732064
213.0,225.16565681547615
196.0,226.01075372112248
204.0,223.69097400071215
211.0,221.91909738186052
214.0,221.17054440860042
221.0,221.43354212683056
228.0,219.07111609031253
236.0,216.42673484796256
247.0,215.37279226585173
257.0,212.93190853387367
261.0,212.0577111614504
258.0,209.12657088258285
257.0,184.20595752453104
261.0,170.08905890058455
267.0,173.8050926810686
273.0,184.00866360709185
280.0,186.04389420380406
284.0,193.1603897352559
286.0,202.46463284742927
288.0,210.82459299311884
292.0,223.71406302492713
296.0,229.94626904112187
299.0,240.0237304951086
293.0,230.12051891693338
290.0,229.27416222931535
292.0,240.42181729459912
295.0,247.07332479374924
297.0,247.92184101866866
296.0,249.67571864572554
295.0,260.2550723427076
294.0,263.8227039257668
292.0,264.32359331994064
289.0,264.7384162247872
286.0,265.1993998636621
281.0,263.3722008172729
276.0,259.54846882756283
263.0,255.85706769600924
242.0,251.85348917750144
232.0,250.44963496332798
239.0,247.11296036592069
239.0,243.55640514295743
232.0,241.3286630683217
225.0,237.91253189174824
222.0,225.434292847371
227.0,222.96162193903183
229.0,223.66928012827452
228.0,220.6732090821161
225.0,216.94262908543777
218.0,206.68236844637164
209.0,187.57570305583593
206.0,175.6150286416163
209.0,182.42807394645286
211.0,184.51387404039738
215.0,176.31065463642778
220.0,177.27614317273276
223.0,178.0635901817121
221.0,180.69310901098476
218.0,183.44957691660633
212.0,185.5221839176617
206.0,196.52427272400234
200.0,198.34843819893067
190.0,180.48666553140237
186.0,176.68963688166306
181.0,180.40284279478152
179.0,191.19768938566702
176.0,198.14017556555066
164.0,205.46495580696867
143.0,209.0928748418517
180.0,207.88520525946097
184.0,205.77498847237715
189.0,200.07485878551543
190.0,187.66350520567752
191.0,184.38157988224086
191.0,181.65075370482995
192.0,177.7500890614583
199.0,174.8407538702408
211.0,173.98624680217253
224.0,174.10969289355452
238.0,133.4783908688244
268.0,122.18086726457415
279.0,173.36581893190706
291.0,186.09199458416347
285.0,199.9443832826601
294.0,183.58708406024465
301.0,175.89299391917498
308.0,173.7421511673177
308.0,173.10547799451652
305.0,185.1268841515416
294.0,185.9259327954622
291.0,189.66908169716905
303.0,218.73049612319014
316.0,259.3460286456889
325.0,255.524430306471
329.0,256.8823786992224
330.0,255.27996113593343
328.0,255.23523317288993
327.0,255.50123969333285
325.0,263.2017076879404
322.0,259.2854798392693
319.0,256.9877951283123
311.0,244.35715193039704
303.0,238.46981642925098
302.0,250.80416385222293
298.0,288.7397112948966
296.0,294.658919425752
295.0,282.0843316634202
292.0,280.9546968126094
288.0,281.8636055267672
281.0,281.4393477671857
271.0,281.15873746677585
261.0,279.67382701197965
256.0,277.6835999999611
246.0,260.85186323108064
243.0,236.13326383649706
240.0,221.3562347219974
230.0,221.3332326514997
230.0,218.36533730740354
225.0,219.52316609827884
221.0,215.12824562095363
210.0,211.53361724774166
207.0,208.83721944343964
209.0,202.24455609641146
212.0,197.39896552689356
214.0,193.64959781763537
211.0,185.75844841874456
207.0,184.20045117872695
204.0,183.37354595328108
202.0,173.8265530535678
200.0,178.21030833265928
199.0,179.01745977234597
195.0,180.72482446095944
193.0,180.1619328168954
193.0,174.0692121775052
197.0,178.13919883106658
195.0,189.33380066749746
189.0,190.72109414825917
187.0,189.50964533196623
189.0,179.81637378701802
187.0,178.40891700831241
186.0,177.82379835535096
185.0,178.06523735321522
187.0,181.93412290357102
189.0,183.33304997440527
186.0,181.22194636980308
179.0,177.89597737075707
172.0,183.40474407891054
173.0,187.43265880253423
175.0,181.2125977638059
176.0,175.26893541445978
177.0,178.49346003587038
174.0,178.01966690012594
173.0,177.47524677696572
184.0,176.12171679203706
183.0,178.92175698877685
180.0,184.90286407997604
175.0,181.9257321067949
167.0,180.70295310118544
161.0,165.50068913291483
162.0,169.16352496735536
169.0,177.31854098594545
166.0,177.81733367405386
161.0,177.989336722147
155.0,177.13398619004215
147.0,172.15480100879148
144.0,191.20913634361943
142.0,193.80939477912852
139.0,192.82453031418802
137.0,181.57952609044943
144.0,164.4189961825317
139.0,158.6997158033943
142.0,157.13734180870802
150.0,166.60075744281878
158.0,164.85361904502145
162.0,160.10211652503273
166.0,151.05617487601322
172.0,144.03554680926055
178.0,141.85618924398418
182.0,148.63884453429333
192.0,149.3240249784038
191.0,141.69717094886101
179.0,151.9172570322791
174.0,142.90725631000495
167.0,146.10535874987048
158.0,158.44838510437418
150.0,169.66641137037485
144.0,171.05298704783448
134.0,171.96496239141308
124.0,174.5956067070583
115.0,179.6801333279921
115.0,180.3068957264756
105.0,189.3189586045869
107.0,184.267648767314
118.0,157.30979640896828
124.0,152.84527305592113
128.0,136.27546018931025
133.0,129.69121559245406
138.0,127.2062718046431
144.0,125.55201468141937
148.0,111.5031110168476
151.0,107.67246190358343
154.0,103.757092933309
155.0,104.17031383206624
142.0,99.37734128081706
139.0,99.6288811962554
146.0,110.74222482911294
149.0,120.0496686205877
151.0,130.46572016202822
151.0,139.04810056540597
150.0,148.20339807997678
150.0,157.92298226485798
151.0,154.77620626199274
153.0,157.0668919094278
154.0,159.36990222530935
153.0,158.90839465607704
157.0,135.3150324960625
163.0,127.70813764335388
160.0,141.35163022795118
156.0,147.40384299956645
157.0,154.26570627415
167.0,153.39579632214668
174.0,149.82841712238445
187.0,147.14101907018662
198.0,148.21786497701186
199.0,160.35450661276977
201.0,161.71779272824224
202.0,161.20533017298894
203.0,166.0768525808257
204.0,179.60625480298663
206.0,173.80261438097148
207.0,165.08691279869026
210.0,167.5891884840255
212.0,185.68847949886413
215.0,197.08605312832134
217.0,203.81184383729016
210.0,222.71731707892607
206.0,222.31796092851565
211.0,221.54425070142875
208.0,221.15337792166147
207.0,222.00439315010314
207.0,221.13045038345692
208.0,220.06210055732492
211.0,219.32691757674448
216.0,223.48541427879047
216.0,225.65835359641912
216.0,226.07523307182993
213.0,227.87601460998883
214.0,217.1849361291876
218.0,201.91592778071433
219.0,214.6776453423253
219.0,202.96106832686456
219.0,200.7014770564053
220.0,200.3305482852185
222.0,201.5638479179659
223.0,212.9750955238741
221.0,220.51587913149265
219.0,221.5414096447111
218.0,222.38640792618835
219.0,219.72065025478932
219.0,218.75957163055833
219.0,222.69686721126607
218.0,222.59531184994606
218.0,221.1115009242895
218.0,220.7333300852485
218.0,220.4774886928816
222.0,224.7083783996836
242.0,226.64056021172942
252.0,223.53759166193348
243.0,221.67416053681572
238.0,221.01926045225864
234.0,221.30652657122621
232.0,219.19751435418019
230.0,218.96231745130515
227.0,217.87755764738728
224.0,217.62284471248222
226.0,217.5908471081086
228.0,217.74492653422482
228.0,220.2859218086238
229.0,239.30748462046623
233.0,253.50461967907194
234.0,242.24308396357097
229.0,234.14797811674939
226.0,224.3475207971401
224.0,222.14433953294326
223.0,219.40994153009672
221.0,218.57523869816092
219.0,218.1872436765852
218.0,218.62749728569452
218.0,217.91993821235798
215.0,216.1440692791373
207.0,217.61178174716608
204.0,222.62964605023836
202.0,226.14956044037376
202.0,221.12392296917608
196.0,220.65474122146531
191.0,220.8654529339294
188.0,220.3998235668203
187.0,219.93568264232903
185.0,219.5871158456707
201.0,219.04470541157892
203.0,219.18028344027556
200.0,215.56745275408534
200.0,201.80688670431735
200.0,199.2881797230077
199.0,198.3451469057003
197.0,197.69986970716943
195.0,193.8719918182516
198.0,187.01152163202946
198.0,185.66994703711654
196.0,185.11410749592488
191.0,184.19860274794877
181.0,195.28748693920025
183.0,197.2573235045641
179.0,196.56684278521737
186.0,196.8002953168292
191.0,196.57832211848316
188.0,196.6572091920751
196.0,195.1312716542659
205.0,194.58114424427012
205.0,198.52025247875625
211.0,199.5747101929644
221.0,195.47767914158572
224.0,192.99677379209135
221.0,186.0413225893308
213.0,184.01240506666457
206.0,173.294304242784
201.0,180.0372827656921
193.0,187.90590933185746
183.0,187.0425293575846
174.0,191.75703631908448
168.0,195.8471828462581
163.0,195.31965437104435
155.0,199.85558097486012
142.0,201.96476696085253
136.0,200.98830123487215
132.0,197.29062199671665
132.0,191.75850543742996
130.0,181.28943782544962
130.0,172.47259118845363
139.0,169.95421890676886
146.0,168.16533501098684
152.0,148.79450108250253
156.0,133.07670305924808
169.0,124.61759862526975
175.0,120.96438240286922
178.0,109.23571870599682
183.0,108.1432346206034
186.0,107.5116833240982
180.0,113.40631163010131
165.0,117.19445523284611
152.0,121.93625905601985
140.0,136.24231979028409
129.0,146.29536814225395
119.0,154.2144572832461
115.0,150.61371380504363
110.0,162.36310403142141
96.0,177.27982701766905
99.0,174.9035031904641
108.0,181.6621557564047
113.0,180.3600906834689
110.0,162.49963508932044
107.0,132.40002969051514
111.0,124.23130463243166
117.0,117.98486440824621
119.0,115.98673523166467
114.0,108.49548763790517
109.0,108.08812764167023
107.0,108.05412488239655
108.0,107.33766018890356
111.0,110.47392977036797
117.0,111.1000811643186
129.0,117.57253113386278
130.0,112.10881666936073
139.0,108.81450945468926
139.0,113.11276039176968
139.0,129.5001267629167
134.0,135.5215716534402
128.0,128.81010748925036
128.0,124.03135224722718
136.0,120.83083325305289
134.0,118.60680236666005
132.0,120.89879338013715
128.0,134.4605730470052
120.0,152.3762428501318
117.0,146.41593653360687
116.0,156.429631484341
118.0,154.21174538628534
121.0,150.7382665801354
123.0,143.28334081825443
120.0,134.56320564261455
120.0,134.43367961570408
131.0,147.61193733330418
145.0,144.480019210116
151.0,137.13073014390366
151.0,134.81134778710285
153.0,115.39893731340041
146.0,111.7141708935397
144.0,109.49995893645219
143.0,115.03017885292952
139.0,121.73693078625205
144.0,125.60054934729932
142.0,120.77222617704419
141.0,120.96498310500364
149.0,143.4360757627235
158.0,170.2112408910045
163.0,178.34742933236188
164.0,175.8776855844807
159.0,178.57506591758485
155.0,159.5311910430026
160.0,154.8995946868878
159.0,154.91692003088582
157.0,144.0844828891761
154.0,159.5981381182046
146.0,158.00732317340916
142.0,156.11586684272467
142.0,160.91415299801255
137.0,179.1140516894571
119.0,177.61674653254497
126.0,172.6865462198864
119.0,164.9569455060173
113.0,150.30446384520525
116.0,160.57448060471822
117.0,159.91986442478876
120.0,159.91773689149434
116.0,151.03144048778347
113.0,137.3779563316492
112.0,134.3336499384883
113.0,135.3038974243118
111.0,130.93242910710543
113.0,107.13855354074286
114.0,120.06894736376637
118.0,107.00189554964307
125.0,106.48294259288895
116.0,109.41790251184524
112.0,114.84195749761582
111.0,119.7821928865407
114.0,117.36703453045027
126.0,116.51229672073158
140.0,117.36932105101232
148.0,121.06948757761128
151.0,107.39800882607365
154.0,118.26378423220656
155.0,126.89310736687277
163.0,130.0582597273678
165.0,137.14323277894863
176.0,126.69818876506027
185.0,126.42597160810631
185.0,126.42008394593951
179.0,125.64693212304968
173.0,150.80133740628708
166.0,162.8854204370089
168.0,170.7887957109591
169.0,173.93531604687288
169.0,173.04909058258693
170.0,161.50078243199184
171.0,170.52937488692692
168.0,166.5498395832055
170.0,196.11765546624923
174.0,198.3087216733568
173.0,193.58462674789268
177.0,180.60021852260385
182.0,162.49805220147243
191.0,133.1382741485697
203.0,138.92344028566566
215.0,145.56927304203296
223.0,148.46871381184394
230.0,154.80784447328702
238.0,165.99360833333705
243.0,149.244530212222
250.0,156.00478953592764
254.0,179.31852426150647
263.0,170.9329184743046
280.0,180.84971967804543
288.0,186.93545664669114
301.0,197.9880504265552
305.0,222.12986992763408
305.0,225.10430073073798
304.0,225.64806099838373
307.0,227.00038725997103
311.0,241.3253189150605
321.0,245.03461546678724
204.0,161.36833616600427
205.0,153.9325363449795
209.0,162.07336444709927
214.0,173.99955939038006
219.0,181.24309187304473
223.0,189.10253639840073
222.0,198.9174368390224
220.0,201.98400918058292
221.0,210.28557638007373
222.0,212.9321367289911
226.0,218.92837766405708
229.0,218.96863428577402
232.0,219.31287680035487
234.0,219.29833455647943
235.0,219.6797075799942
237.0,224.42829296833764
239.0,225.2005567777398
241.0,227.21257337244657
244.0,225.28410374163644
249.0,219.3533277775387
253.0,216.78352009422753
255.0,215.12540139978753
260.0,218.39117616975798
262.0,222.15734362804503
269.0,225.3902842744456
280.0,227.36371251184264
284.0,232.76386429550155
287.0,240.8487274019539
290.0,241.34118059143788
291.0,243.8571492456084
286.0,250.98537477798592
281.0,255.40824328449344
279.0,256.6763856678783
283.0,258.47446106297883
282.0,264.1016726712874
281.0,264.6569504465702
283.0,267.6270093815167
287.0,270.5813604883824
291.0,271.3094919734444
288.0,273.30496619500053
284.0,274.0089587309687
283.0,274.6409045228253
286.0,272.747470369453
292.0,272.0600438299464
290.0,270.5866810652217
286.0,271.688617700895
286.0,271.37763767687886
289.0,275.20674354263207
295.0,267.0145877763583
306.0,268.9119222827226
312.0,270.5714120904721
314.0,272.0516360858552
313.0,270.9068815149002
309.0,271.07899031882914
305.0,273.52593676369355
305.0,275.023837651158
306.0,275.77138543290505
309.0,274.48527621961813
310.0,273.4828406752988
310.0,273.0530751323753
309.0,275.32530260840184
308.0,285.5497868472266
305.0,295.2461537082697
304.0,300.34057653207054
299.0,295.8918236681724
288.0,287.8726792071105
294.0,285.33021260464614
296.0,285.1717462686648
296.0,285.3108663120438
296.0,287.169683753718
296.0,291.2704699603173
348.0,291.672412916703
351.0,286.3499622917626
354.0,284.42020788502504
358.0,283.65792173475563
364.0,283.646553735188
368.0,276.1643107963879
368.0,271.17308273981195
368.0,273.1243096450369
368.0,274.1549649202456
366.0,274.37282090331627
370.0,274.3683380637474
377.0,274.40922434657307
383.0,307.5524970141437
384.0,294.71578537721916
386.0,295.0960795176508
388.0,295.90328571119056
385.0,299.21259762962893
382.0,311.4314915978503
380.0,311.1573569068895
377.0,309.72897932322866
374.0,314.88021565669214
369.0,313.91436684665433
366.0,314.8226330636149
365.0,320.53110906133827
365.0,323.7924613509353
363.0,326.87902942949614
358.0,327.26305676141413
355.0,329.1394476132326
353.0,326.8513067231672
336.0,323.34914484564905
333.0,321.0913621826781
341.0,319.94224617424413
345.0,318.61625244924204
346.0,313.3501414216967
345.0,308.56080483568337
343.0,306.487445004103
340.0,304.64990133832003
338.0,300.5371198227627
335.0,297.22524611285706
332.0,293.9058503292045
329.0,293.03664113918586
323.0,275.36490820663954
320.0,273.30988965653745
315.0,277.3591633070651
310.0,282.81645013208436
305.0,283.6533139018652
302.0,283.527261259744
297.0,281.314686440298
292.0,274.46051903390355
288.0,274.69221165315184
281.0,273.84370178880914
275.0,274.2862621914352
274.0,274.1438177372095
270.0,259.1556444851036
266.0,267.04947649447365
261.0,264.52765639842113
258.0,241.09886456164668
257.0,231.7602891129774
255.0,224.0166475542696
254.0,224.58855594403016
253.0,220.9433216307122
251.0,220.67152305461966
249.0,217.97790793010876
249.0,215.50810514502177
249.0,215.24308871267556
250.0,208.3655877025099
253.0,210.1992801497269
252.0,208.28847180203817
256.0,209.3867932452637
261.0,209.1018805823999
267.0,210.50872502936983
269.0,212.71036732932816
275.0,216.44962213142387
282.0,223.04126603267633
283.0,225.3571670801675
285.0,227.51840909459682
288.0,228.55739194939926
289.0,230.3595988550713
294.0,231.65546440663618
305.0,231.49892954844503
308.0,234.31333154941478
308.0,250.11892409467941
308.0,255.57372107360302
308.0,256.27966089716716
308.0,257.04317906748844
307.0,257.36037151431657
306.0,256.21688654629844
307.0,255.83802303243684
305.0,255.01146282292686
300.0,254.07974868864693
295.0,250.60208492497253
293.0,265.6271623906346
291.0,266.8401783787835
288.0,266.18629433192746
286.0,264.36483927450473
284.0,260.470265144377
282.0,254.98773232415627
280.0,245.98388785446488
272.0,248.38310116634014
262.0,249.75537444045008
257.0,249.7363070532397
256.0,239.21249304094565
257.0,229.2521171231874
252.0,226.2719253359583
248.0,224.63060203523074
247.0,224.59961555181536
247.0,225.21421428387293
241.0,225.29800590000957
235.0,225.01891324071474
231.0,225.5990297076911
231.0,219.428888498748
232.0,215.09265645945277
230.0,209.57623047883544
226.0,211.14067964191534
222.0,215.80491455699556
219.0,214.3771833583157
217.0,211.79149106683357
213.0,216.657833290863
211.0,217.04355660770617
208.0,211.68507415728186
206.0,196.56283829994538
203.0,187.25443437553733
199.0,186.9164592714152
192.0,189.62481639493205
196.0,188.90096879815152
199.0,186.5616957361522
199.0,184.0048818831626
191.0,182.15523260679979
184.0,179.97515832745137
189.0,178.233352399701
188.0,179.77024559650252
185.0,173.88002343069994
182.0,174.71626421648173
180.0,171.73640437546337
169.0,172.37426243404673
167.0,161.94237656663933
164.0,170.48556862817617
161.0,176.97800111995568
156.0,180.87162577716595
154.0,170.72783120080854
152.0,164.1467863131193
148.0,167.7103865572495
143.0,170.89547087754528
140.0,169.70590307734628
137.0,167.67237820487594
127.0,167.91570274167992
122.0,145.68701983949666
120.0,138.7415117419602
117.0,137.83969548345277
115.0,139.80654922507904
116.0,135.92743561056375
118.0,130.02042339673008
120.0,126.83806589900188
124.0,126.58521194318631
130.0,125.2056579103743
133.0,122.93901008357052
136.0,124.18310856145251
145.0,116.16379007520126
153.0,108.98532802690865
160.0,106.0598476889599
175.0,104.92484716333328
189.0,103.96636745429586
202.0,104.67323781154312
212.0,108.64119102255482
218.0,109.74121220163292
219.0,120.74265304082466
215.0,148.17844284908065
210.0,142.76088529289746
200.0,143.07386484353134
188.0,157.56832178076962
184.0,170.34643900709517
180.0,167.60841635140972
174.0,182.15372646635714
168.0,190.99592518366174
163.0,202.95591311316264
158.0,204.63599589451195
154.0,208.11906168084957
153.0,207.405298246709
153.0,200.77062827565788
151.0,194.1130346674911
149.0,176.9497427932225
146.0,157.15913108450417
143.0,157.83886914052624
140.0,157.18558591129468
140.0,143.27107658857076
141.0,129.73902449744378
140.0,127.28269163806044
140.0,126.06752227716748
141.0,123.8894054775849
141.0,121.87725896255921
140.0,124.39544836917979
137.0,126.27275689172546
135.0,125.53064900119722
132.0,124.75299552155822
128.0,125.33207142941939
126.0,124.71257332359099
124.0,126.74890765045767
123.0,135.78767396952426
123.0,132.08989824905882
122.0,133.2659464951461
121.0,142.2965898982417
123.0,142.9439651194399
125.0,134.0581123808254
128.0,132.10741113604715
130.0,131.81008692426374
130.0,121.7734865968407
130.0,119.91813268176918
131.0,117.74210806008658
131.0,112.29462917896028
131.0,111.8543355200874
131.0,113.36705641643499
132.0,113.75199418250918
132.0,113.5583228974685
132.0,117.31858686484095
132.0,120.13297064910833
132.0,135.52442856920888
132.0,134.84071046589645
133.0,137.36814487787956
134.0,138.77673647292426
135.0,139.0333529276786
136.0,138.12939458665124
138.0,137.43701908804297
140.0,136.64231802544256
142.0,137.04477582144415
144.0,136.54512275922465
146.0,136.4860556338758
148.0,135.95894339225157
150.0,136.33668957933997
151.0,136.30728442936126
151.0,139.5279189789479
152.0,142.4201712379807
154.0,144.22746911707551
156.0,145.54613556430363
158.0,146.39240746875544
159.0,147.03668880945338
161.0,153.86495931330802
163.0,156.93071743443898
165.0,158.8661556904219
166.0,159.51581769016246
167.0,164.86226315131938
168.0,165.2873024413221
169.0,164.14752150290045
170.0,165.4159713291371
171.0,169.07946944305965
172.0,171.64906874660812
173.0,173.5521572092636
174.0,172.5577730368117
174.0,176.6986835498242
175.0,180.5581626513641
176.0,185.4410971445606
177.0,185.9945969894464
179.0,186.632307494386
181.0,189.25785281780665
181.0,191.329940861707
183.0,192.1915399057259
184.0,193.72274474904543
185.0,193.43170245541816
186.0,192.25782901400186
187.0,191.6699063576422
188.0,190.58049510335331
188.0,190.00503253845974
189.0,189.40910817236056
191.0,188.11670635153988
192.0,191.59733305327396
193.0,192.89323060963707
194.0,191.5330156143893
194.0,195.02890625352453
195.0,196.09531204112238
195.0,195.56080257487423
196.0,196.4250194409024
196.0,196.14564270754738
197.0,197.2307791162107
197.0,196.38114912437996
198.0,197.2901604309635
199.0,199.92510074947194
199.0,201.53102410851238
199.0,202.3790843904843
199.0,203.29192541563089
199.0,202.50339185720014
199.0,204.29535290953257
199.0,203.132273292967
213.0,202.22208358067314
218.0,202.67105232474404
224.0,202.75509241107912
218.0,201.31040679992267
221.0,201.13717063630875
226.0,200.95145792157973
228.0,174.56659321039717
229.0,190.23143823407787
230.0,196.50043703985014
228.0,215.50965528946293
228.0,220.76937256443563
231.0,224.60814986301193
234.0,224.09778013891247
243.0,217.3921738466692
259.0,212.3058920418228
267.0,206.97636936133392
272.0,212.7829521965572
275.0,221.34888565161376
280.0,223.48133675817058
282.0,225.24610304582282
283.0,225.18632538277475
285.0,222.68321388454817
285.0,221.68438685530617
289.0,225.24241691633193
292.0,225.67910614269965
288.0,229.34651934692872
283.0,246.90632432488735
287.0,246.90883481715395
284.0,246.5090993997531
275.0,245.82711774468538
272.0,247.43747600165761
272.0,244.67695140591997
272.0,240.8985925959815
268.0,236.8692881183113
267.0,235.35927755792045
263.0,235.60571084814717
256.0,236.24550526875447
253.0,239.21859820168171
251.0,236.75829881404903
244.0,238.13999645684981
238.0,234.17135051251083
233.0,229.3753347104052
232.0,214.7137953877301
232.0,215.63364732553163
233.0,217.67241415272161
235.0,216.59872603069564
236.0,215.69409955283226
235.0,215.9771505629756
232.0,212.38652380605166
219.0,208.68020148032312
224.0,211.78946959230385
225.0,211.0487336629174
223.0,203.81315123690638
219.0,187.40417427502504
214.0,189.53091855607212
209.0,191.60714141638098
207.0,193.32352200208766
205.0,199.42132677173902
204.0,202.26872440026625
202.0,203.83678433451774
200.0,200.63432131712588
200.0,189.58944217252127
192.0,187.63582161827472
188.0,197.4055174352414
194.0,193.0457807477822
198.0,193.16718674353885
201.0,188.85549424615184
201.0,180.2305218122534
196.0,177.4108350827981
191.0,176.4411126106009
186.0,176.55647051540643
189.0,182.54340583388404
190.0,178.27552369890742
187.0,179.60952860060064
183.0,168.09260588540886
182.0,159.55682931911156
181.0,165.94478413946356
186.0,180.58724999098447
194.0,185.42960716805868
202.0,185.65170598878234
205.0,174.6538525128664
210.0,180.25954923898314
216.0,177.0639698432496
222.0,179.97717023396746
228.0,184.20258122270414
225.0,183.54651458582964
220.0,181.68910003488554
225.0,179.39819853169803
233.0,176.2509429510441
248.0,184.0260102131867
269.0,192.61379077364361
292.0,202.0230326715725
309.0,203.40681979214241
321.0,206.15598362011517
331.0,207.8521738698824
337.0,211.2522339091323
341.0,216.10271423486427
342.0,212.8638578224293
344.0,206.18961431329436
346.0,213.71774044424052
347.0,229.24752121596583
344.0,245.79418033916224
336.0,248.0118495075399
340.0,249.50486389726512
344.0,275.86394839266165
344.0,293.24663163121016
345.0,293.8610694065021
343.0,299.2763974454011
342.0,301.3641380872304
338.0,301.73568768819393
335.0,303.27901411831226
334.0,306.05544949259246
332.0,311.6255665606945
332.0,308.3748266865045
329.0,299.60230961506284
328.0,299.0673289952571
331.0,304.23107898502496
327.0,294.5467319719669
320.0,296.62308403578095
310.0,293.1503354048229
303.0,292.41059405873074
301.0,286.6812450992515
294.0,285.1252193112666
292.0,282.7658636233741
296.0,315.9736563523798
298.0,314.11914760174517
292.0,274.3063944945809
288.0,271.5400062418032
283.0,268.4584453564178
280.0,265.2287619330455
275.0,262.52297913604974
270.0,241.31722562785947
270.0,230.17404576730286
268.0,216.6335947035017
267.0,213.56650654611744
262.0,211.2314506133855
260.0,215.83787553486337
261.0,215.85653798108478
261.0,209.03468629110634
256.0,208.55826472967857
255.0,207.11127664006918
252.0,208.45645183688185
252.0,207.5339410494521
257.0,204.23026251595385
252.0,206.6979358071743
249.0,208.92638110967368
245.0,209.82547123025296
238.0,208.97333691917584
235.0,211.1814378859644
235.0,213.41861836954243
237.0,217.93492948858022
233.0,219.5695485801651
228.0,221.36188175733523
220.0,222.5774961877431
211.0,214.16968666494523
207.0,219.63377600197234
203.0,217.16464562838397
200.0,215.2893119704294
199.0,210.42224296109353
197.0,222.62046925434706
197.0,208.6547504850992
195.0,211.16226912239213
194.0,224.75245748762825
192.0,203.79814215102542
191.0,200.1884210218622
191.0,194.91765314085595
189.0,180.45188500871157
187.0,174.31404292535703
184.0,171.4831438405322
178.0,173.9716830952356
174.0,177.45604352117704
166.0,173.985927358441
165.0,175.46303146065642
169.0,174.81569212993892
176.0,169.88841945686661
179.0,168.0717517346836
180.0,171.64586917003962
182.0,172.8285845089357
184.0,171.84132528797326
181.0,171.58168584577305
176.0,172.23406805735442
177.0,160.0456513572204
181.0,159.13036277238416
184.0,136.42321586968222
187.0,137.8588549687487
190.0,149.80510928407594
194.0,166.57216733153984
198.0,171.7926006093328
201.0,171.33226281411774
201.0,177.1017970162681
206.0,184.78027668463466
210.0,173.88228909705106
209.0,167.60978527265087
210.0,168.70165576961804
210.0,177.19172028717142
218.0,190.73173195758906
229.0,194.88661597856444
236.0,202.8300427164557
241.0,206.74877623280426
243.0,211.0646458334297
242.0,211.69626554406165
242.0,211.51386810269048
243.0,213.8956568716743
245.0,218.63873384280572
247.0,213.0321221887416
252.0,215.8426601459826
254.0,214.5691960920411
255.0,223.2848246115379
259.0,231.3700452446234
262.0,233.03361988789587
263.0,236.8116993973861
264.0,237.61824332810798
266.0,234.9163203438871
266.0,233.28577615388915
265.0,233.8716945352533
266.0,238.72582831993262
268.0,241.99960404735285
269.0,261.6373942421009
271.0,253.93804196641307
273.0,255.538649802937
275.0,262.53140059158636
276.0,265.6714949313601
276.0,266.20671461802505
277.0,267.21987157459387
279.0,268.9216122900722
280.0,269.1290662292474
285.0,268.74414769054454
291.0,268.9613017908815
293.0,270.1133726235538
294.0,270.5276194274011
294.0,270.8501463015186
293.0,271.8541949519611
295.0,272.87520999533376
296.0,272.82219774820544
296.0,272.24612861336436
297.0,272.7666635795401
299.0,274.40971547935874
302.0,274.9197029045555
305.0,277.15809914745756
308.0,279.00055486861436
310.0,280.0933188447813
310.0,280.9319978742398
310.0,280.73527343571385
310.0,279.94140194211974
310.0,280.95805608048295
310.0,280.9429603624015
311.0,280.4107701272024
311.0,280.2886626773404
311.0,280.64155873539795
311.0,281.0944598972822
311.0,289.8016616087388
311.0,291.1143244830518
311.0,297.64521661631267
312.0,297.3652146336147
314.0,297.2266947341992
315.0,297.05129141671046
314.0,296.8680980019557
314.0,296.5239163785122
313.0,300.34254933939667
312.0,300.15333306277034
312.0,299.8818623621974
313.0,299.3494372508366
312.0,299.08377822316595
312.0,299.0322094507462
311.0,299.0322094507462
313.0,300.5441367404044
314.0,299.3490025378954
314.0,302.56855960676313
314.0,299.43249647555706
313.0,298.3564890540021
312.0,292.7798609532961
312.0,291.70003265625985
310.0,290.4917752608719
308.0,290.18749905268044
307.0,289.18888025136687
306.0,288.97742389772196
305.0,287.74200870227884
303.0,288.51965314850935
300.0,292.35227170887276
299.0,292.7433868816234
299.0,292.75317405924585
299.0,289.7406142080765
299.0,289.3425704814223
299.0,289.1364677549518
299.0,287.097100828139
299.0,281.9923661592958
299.0,281.4295290004667
325.0,183.64503290890607
320.0,184.03825589805228
314.0,180.90000001980414
317.0,180.90000001980414
321.0,185.3958704032523
316.0,185.3958704032523
313.0,305.9491916066496
310.0,293.1462408738121
303.0,286.3154579309676
299.0,282.86164264692974
295.0,282.1957554065996
291.0,281.5419183065757
289.0,276.4617364287493
286.0,261.9879534990993
286.0,264.2243725715549
282.0,264.89162600401636
277.0,261.7571503836802
273.0,261.24381209297275
284.0,248.03363773855784
285.0,243.74826984187334
278.0,235.6652583648609
286.0,224.32818342989518
286.0,222.14122088856774
285.0,218.36380884813323
283.0,218.624921823059
278.0,207.7676128768679
272.0,208.05764831115079
273.0,207.09394162125378
278.0,204.9667000407638
276.0,202.4687887788283
265.0,211.14595431507652
264.0,219.10521803802928
271.0,217.74218499435318
279.0,222.55507110434223
281.0,225.8241119600409
282.0,235.8178884050404
281.0,233.79156722153098
281.0,244.20637823594868
282.0,242.1235527142083
282.0,235.15864511405923
280.0,230.97977562880786
276.0,233.6599899973581
267.0,228.43640195186805
270.0,223.39996993567868
265.0,226.04753740459984
259.0,235.86404452017817
251.0,239.8107889323975
248.0,254.53693899138517
243.0,254.50895308842365
256.0,253.53709351695062
268.0,254.79638653687394
267.0,255.70716740410325
261.0,253.64293791847402
255.0,250.2465036921346
250.0,245.43296510940272
245.0,233.71182089682083
248.0,232.85984978931612
253.0,224.54575935360967
251.0,214.7760413602354
247.0,211.30609335309956
247.0,211.22412917977047
253.0,220.06252501243125
257.0,226.77913649393503
262.0,232.94741562134737
268.0,244.25311008551134
271.0,228.16857685893336
271.0,227.90766992944373
279.0,221.97213098018622
284.0,224.14610774489108
286.0,239.93471458624495
281.0,239.73321330309585
276.0,228.5817298830193
278.0,228.3656521174378
278.0,229.2824663221227
274.0,234.44436468840317
270.0,250.29560779454343
266.0,254.62847591803887
261.0,255.9639144203954
257.0,255.96355474080374
257.0,257.17079671322085
260.0,258.2844182959669
264.0,257.1856641468118
257.0,260.8039354464166
255.0,257.9638052657076
263.0,257.76034571540436
262.0,255.99891164117128
257.0,254.2131779839054
254.0,251.66716629228065
253.0,241.94425281635742
251.0,225.0864153503495
246.0,215.10051380412347
246.0,213.7491276287028
236.0,223.08842412391428
224.0,225.08499358607392
221.0,222.93220186571776
213.0,219.96244732925322
204.0,222.674249076782
195.0,225.97239267510426
178.0,224.05893091120132
162.0,222.7444410122143
151.0,222.6944253781793
141.0,221.82776440377145
136.0,219.58386873740466
144.0,218.6630873077206
137.0,201.16332514337526
132.0,189.00476169049296
126.0,191.1042025312363
125.0,176.4330754472725
126.0,162.01392909156826
123.0,146.43813881474705
118.0,133.21741348864776
117.0,100.5249372122007
121.0,98.60742011995501
126.0,99.39423641100088
142.0,98.84389100221644
155.0,112.43141284222604
159.0,113.48337180043154
160.0,113.36393945801201
164.0,102.6019262926913
170.0,95.57237744827651
168.0,113.1214179741691
169.0,102.59440024296848
172.0,102.45830040822372
177.0,111.593176516397
192.0,110.13241748246796
203.0,132.13618787770562
212.0,156.19685504288657
218.0,160.96303351073007
225.0,159.55213662135705
225.0,154.7853028911994
226.0,155.577887904644
229.0,157.88788346601362
229.0,150.87765666177845
226.0,150.9584852714326
231.0,158.6582268687351
230.0,173.9400801205129
221.0,188.7153365081313
213.0,201.7828666252236
209.0,204.92153176240222
210.0,207.9195519293298
206.0,213.8150018003391
206.0,213.5880316634107
208.0,212.02205864033016
207.0,212.0806226384278
204.0,211.9503782765108
203.0,209.71200235740994
204.0,215.83984098298944
205.0,206.68284851113202
208.0,208.34084495097326
218.0,193.6512177737612
226.0,182.36521232031635
226.0,183.6350216770954
230.0,177.10731949174962
230.0,171.26801345866795
223.0,179.17785182124024
224.0,185.72866741457364
225.0,178.3490222679927
225.0,176.49599735139955
226.0,185.80831378335165
227.0,194.1053598953645
226.0,194.35295003704354
223.0,213.8479756981556
221.0,219.1642102822376
218.0,218.69223555558878
217.0,218.89679725290927
216.0,218.81135819577491
216.0,216.68113490334702
216.0,219.82344830120869
218.0,220.28455277453713
215.0,220.73066274468044
215.0,221.81616121661398
218.0,222.5400345490714
222.0,223.31091584178557
229.0,221.75599146786396
234.0,219.35643354903527
230.0,217.38927713751522
225.0,215.29570335357002
224.0,214.97988743989137
223.0,215.48438698709865
223.0,216.08231510662932
223.0,219.68037421042698
223.0,218.40557256770447
222.0,217.27392862128852
222.0,218.919709334219
221.0,220.06218393012767
222.0,224.67306320423236
222.0,228.01541912753703
221.0,223.25613822949083
222.0,221.80735434852951
221.0,221.20439222666124
217.0,220.51358357458008
215.0,220.40631305772774
214.0,220.29421088363765
214.0,219.31826672017507
222.0,219.05678472066327
227.0,219.21992260877013
224.0,217.60512876189404
225.0,218.54953307071733
228.0,217.92090647682812
229.0,218.72396567112804
232.0,219.74844699814096
237.0,217.95146470636584
240.0,216.78663470213638
243.0,215.22873929512593
246.0,213.96098429646645
249.0,214.034509267802
253.0,218.38329128695887
258.0,221.1733087329649
258.0,220.35677684247713
258.0,220.24558755050504
261.0,220.89850043790375
262.0,221.14812805407755
263.0,225.29809239080356
261.0,241.25839324374084
262.0,242.18558607920215
257.0,244.57222191554345
247.0,244.69874090346235
244.0,246.46742249307331
244.0,247.98703886671223
246.0,257.84150981950756
247.0,257.6453330512478
249.0,256.78965084498157
253.0,265.2857209823152
258.0,266.0529650580415
255.0,266.2528318595512
254.0,265.6594276155179
256.0,265.9214039460755
255.0,252.86855976416504
254.0,239.8245036923073
256.0,233.5581595348769
261.0,232.73665226143487
262.0,235.70314175712969
260.0,237.7201934026736
259.0,240.470797873137
259.0,242.0920429795352
261.0,252.64771511811114
275.0,245.0072893823703
284.0,240.78616748453405
284.0,244.6265248003104
280.0,244.09923930599214
280.0,239.1163384794242
278.0,241.0991893043461
279.0,259.1365062070237
286.0,260.3406041556672
295.0,258.8872722156794
298.0,253.94271196876159
305.0,254.31491426037198
311.0,259.7258515472997
259.0,268.9593206141471
259.0,272.21374662663663
262.0,272.547766497961
258.0,272.26214827752756
259.0,273.74771233967437
258.0,272.2413031769034
256.0,272.9660167594875
254.0,274.78707489242413
252.0,276.348177192447
255.0,275.2179515298052
264.0,275.3249190025139
272.0,270.30129246041156
277.0,244.2419213132923
283.0,243.8745480817621
288.0,249.06835777901665
294.0,236.54233073496528
298.0,256.7336851371117
288.0,261.198194412016
285.0,252.10545982853202
282.0,247.90394536567158
275.0,246.53005631254572
271.0,252.69075830733414
270.0,290.9574869659298
271.0,295.6718809234454
262.0,296.5706446554254
254.0,298.15096424188613
249.0,299.04705729513523
251.0,299.3138084488712
248.0,265.0348058053696
235.0,257.44754207004064
226.0,255.06747502791606
217.0,252.72981634851206
214.0,247.86329326444312
206.0,244.12984382803856
199.0,230.4925644466779
194.0,227.38534599363655
187.0,217.38650593715096
180.0,210.43630991793194
177.0,207.88361487648726
179.0,216.203782389415
183.0,215.24940970498628
183.0,190.09612599811086
183.0,189.34240550997953
182.0,176.71849495933725
180.0,172.74593115975003
180.0,161.76668259753123
181.0,153.03094906117767
181.0,138.94558733780536
180.0,144.9938953928217
178.0,137.8256773619729
176.0,138.71222315249972
175.0,143.9983988546084
174.0,149.12604746728013
172.0,149.7352204149307
172.0,155.14203965609033
170.0,156.11353461373542
168.0,160.55715141720225
170.0,165.88374117077865
170.0,167.78730229971143
167.0,169.2671172654352
168.0,169.69300108565722
173.0,168.50420254902295
174.0,164.56482800360777
166.0,165.579983340485
164.0,166.05718555470722
164.0,161.6503132773345
164.0,162.48097271698336
163.0,162.07214780665703
163.0,159.07151562582837
164.0,163.28265182864115
172.0,164.89706747473915
189.0,162.89973266429922
202.0,164.39577184153478
210.0,175.1933730768509
219.0,180.4762468921557
229.0,158.42976194102238
225.0,155.34992595882437
231.0,155.66620103966184
238.0,154.9326779830107
241.0,153.72120546878884
246.0,155.5107894738196
248.0,157.81320321238283
248.0,182.9038074715303
249.0,204.69127423485276
248.0,209.67329729954773
248.0,211.36560505427283
248.0,214.67833586679325
250.0,220.16209461783868
248.0,215.80432749626834
248.0,216.79427626942984
244.0,229.20714278068422
241.0,232.23728358904503
240.0,236.63002700211442
241.0,235.4496795179699
245.0,233.35644395511295
248.0,233.9633710721968
243.0,232.89072890254405
241.0,233.52818115435102
242.0,234.5010604930498
240.0,237.7683936915408
239.0,238.3189593839661
242.0,239.63388822593424
247.0,234.44864420156293
253.0,218.8617545677039
257.0,215.3945718325814
258.0,217.82733260484042
259.0,226.1047569440842
260.0,232.99222812943307
260.0,223.836763821157
260.0,219.89071799295266
263.0,222.15373351164558
265.0,218.25169095888083
264.0,215.01680241237813
265.0,220.01640503667412
265.0,226.5767886272478
264.0,230.915660222041
265.0,236.13923069423055
261.0,237.70797175942536
255.0,240.79165784283484
253.0,243.07446582543614
246.0,241.8589746162424
249.0,244.4242791510081
248.0,251.45562737539103
248.0,255.76031924358472
249.0,243.62371068472297
253.0,245.11200721125613
254.0,244.79700815946376
254.0,243.87058200550496
258.0,244.76705848566294
260.0,237.75557522676962
261.0,223.91031294063936
264.0,221.1906535336631
264.0,218.35453066653892
261.0,224.85880338428075
262.0,226.09220356309382
259.0,226.01331592669644
259.0,226.44903368662455
262.0,228.20753797104393
266.0,229.03781743455798
265.0,230.0566011092194
258.0,238.9451289622319
251.0,250.58355912527472
251.0,252.0646576859182
254.0,255.97656081137646
254.0,256.6085933686579
254.0,252.6192236106358
254.0,252.57382810814582
251.0,249.4324308383104
249.0,249.02670058051913
246.0,251.10187742376428
243.0,254.44947668817196
239.0,253.9718734464987
237.0,243.86961493730766
234.0,231.38826654392827
231.0,226.49155965613582
228.0,240.79439796926005
230.0,240.6569941158898
226.0,240.71341299154017
222.0,241.13996307898603
219.0,240.27144110501163
217.0,238.47366839547806
217.0,235.40293177853826
217.0,230.97143711204043
219.0,226.14559734940048
220.0,225.96745139427009
221.0,207.3678212318761
223.0,203.5494867631062
225.0,202.09145519354655
226.0,204.54150569503764
227.0,203.9756953874638
227.0,201.87817208938964
229.0,199.70839293790158
231.0,195.0765169402686
235.0,196.7565965200123
240.0,197.3797447794952
241.0,202.61642763510986
244.0,204.4174287354958
246.0,205.28910021973246
247.0,207.53325014328516
247.0,215.0926022444896
249.0,216.9740305832532
249.0,218.48629329985326
249.0,219.36337733449705
249.0,221.4126849047485
250.0,223.81610904521662
251.0,226.28521783508572
251.0,234.8322723233397
252.0,232.666712650427
252.0,235.1473088072962
252.0,236.25004405915467
253.0,236.47001744266626
257.0,234.34425709394048
258.0,235.87470429412798
259.0,234.8513027482024
258.0,234.12536850242734
257.0,233.80692385795072
256.0,235.0892534148911
254.0,236.15665686871105
253.0,236.859231297225
249.0,239.6555517650015
242.0,239.81316439158454
236.0,240.04488551159582
233.0,241.68233677014325
232.0,245.243292044468
233.0,248.16245893837765
232.0,253.37963511771446
232.0,247.61386110428535
232.0,243.8595050225775
230.0,242.05018617037518
235.0,237.35471319813988
244.0,235.4960468177308
247.0,235.71964007509365
249.0,224.94483616224989
251.0,216.875111747117
251.0,207.64063265430664
252.0,207.42301089864227
252.0,207.94427331505187
252.0,208.47643962599517
253.0,208.73545501575452
254.0,209.35358300639206
255.0,211.82412633018572
258.0,222.44929568823557
259.0,239.99814108328775
259.0,242.27301266110922
260.0,243.8432497424222
261.0,244.69623608367942
261.0,243.8386930998395
261.0,243.03679166700843
256.0,243.89197770239744
261.0,243.62600142908315
265.0,244.06453723701017
264.0,245.02255710523175
264.0,248.4667535664299
267.0,255.04705466899304
270.0,259.93577164251724
273.0,263.2899410139397
274.0,264.799809793907
275.0,265.612784605004
274.0,265.83358379068096
274.0,265.82574445160077
274.0,257.75842405554613
274.0,264.9454305493914
277.0,268.14775813367794
279.0,268.10017006730317
278.0,267.5693860218281
277.0,269.6625602328971
279.0,270.9631748635965
279.0,271.97387925621456
281.0,272.1858191537132
285.0,272.8548662989301
287.0,272.58357112592273
289.0,271.8941859665674
288.0,271.4902501488846
286.0,270.9881599957653
287.0,272.1191341081659
288.0,274.2385209662972
288.0,273.58242275683295
288.0,272.2595274479908
290.0,273.18452813074293
290.0,273.95868461765184
290.0,275.06717561787684
290.0,276.92794732826695
290.0,277.9558609762536
291.0,278.63736715061293
290.0,278.29550829053557
290.0,277.19508843279255
292.0,277.26980178536047
294.0,277.45162985719134
293.0,278.12943618149603
292.0,278.0498235376128
295.0,278.0818763488752
298.0,277.9219496774291
301.0,277.27019515838447
302.0,276.3388951336919
297.0,276.7346311562931
296.0,277.9439154379738
294.0,277.6646118936518
292.0,276.49660602904225
290.0,276.3861831452359
287.0,278.71669631884805
285.0,277.8078018767272
284.0,276.74159004136
286.0,277.8309559851735
283.0,278.40911409060374
277.0,267.96467487550876
273.0,267.8117882069538
270.0,267.31473673144086
268.0,267.1458299231945
269.0,266.7602407763936
276.0,264.9419352944267
283.0,263.7899715354643
289.0,262.8673739308114
297.0,263.23282168953307
295.0,262.68291139530123
295.0,261.7138930538832
294.0,261.7693403388691
291.0,273.65093487774016
286.0,273.12816617361744
284.0,272.7316413070235
283.0,272.81450051242786
280.0,273.2438240526653
277.0,275.9861509349225
277.0,278.3869841499299
280.0,280.63057160607923
276.0,298.0459409298192
274.0,298.2152299379284
276.0,298.1782171819892
277.0,297.3679046515553
278.0,297.1904726423262
280.0,296.6301060209121
282.0,295.51360260339766
273.0,294.7218794027815
267.0,290.16155690762446
262.0,289.1581796142412
260.0,288.45597504252294
258.0,288.7791527091689
257.0,227.93675969564086
258.0,228.85095530154425
256.0,231.02256269578922
253.0,234.26250735677175
249.0,233.94628673209354
250.0,235.7967769287677
250.0,248.46938827187267
247.0,243.417518731774
245.0,230.11960175718264
242.0,225.17981537637166
240.0,223.92365105587825
238.0,222.58478603870878
230.0,219.51863631026563
225.0,224.7976233314512
220.0,225.64632845027882
215.0,224.61641177164992
211.0,221.98418140527642
207.0,225.01821375658378
205.0,225.96953122042305
207.0,225.11736890465048
210.0,222.6677625726947
212.0,219.4579160849939
214.0,215.14268381725458
217.0,213.6644337054578
219.0,197.50464956779805
218.0,190.48980734285092
213.0,187.4536996878115
210.0,177.0219420793711
209.0,177.5795328063433
211.0,172.21167082853185
211.0,171.687455228374
214.0,178.8859910686235
214.0,189.01633053938528
215.0,192.61490973046506
219.0,195.69774783876426
222.0,199.38237743756662
224.0,201.96366500193596
226.0,202.1795828538886
229.0,197.30472853435495
227.0,195.4601598923933
229.0,191.31880204499944
232.0,197.1115444304521
233.0,198.34323104294964
235.0,201.46354130975243
237.0,202.55819689054547
240.0,204.1828898476209
242.0,209.78479602557093
243.0,217.82849290298765
244.0,220.72822987486774
244.0,223.07624833389545
244.0,225.65300089610554
245.0,226.32422389662645
246.0,226.56160276037127
245.0,226.68043975561142
247.0,226.08234419885116
247.0,228.43450541442357
249.0,231.22218065895578
249.0,231.42654156475416
246.0,231.6357501164839
247.0,232.4743711630536
250.0,235.02237979647896
254.0,235.37688060839932
254.0,236.2848746207131
257.0,238.76262316296635
261.0,240.05743976010967
265.0,238.53740130615688
263.0,239.91685748672063
264.0,239.64977853744875
265.0,242.25545076318505
260.0,241.9875242515406
262.0,237.59299247478626
264.0,237.74979714750583
265.0,242.38806189097917
269.0,245.3243482358922
270.0,245.05357109067057
268.0,247.63278894847474
265.0,252.21175091531927
267.0,254.83201416927827
270.0,252.87307809241855
272.0,253.04606634646603
273.0,253.03165764835003
272.0,248.87043928138868
271.0,249.58568357234114
271.0,251.59811293985044
270.0,252.5089164927123
269.0,254.1393271003888
269.0,254.45039966542757
268.0,254.33330250284178
267.0,252.7854050901566
266.0,253.19823906044863
265.0,254.4478918431285
264.0,253.8945979817741
264.0,256.0053642001095
265.0,255.85449323806435
265.0,254.28251262059894
264.0,249.88594761407106
262.0,248.99378201585552
261.0,249.03846186935093
261.0,249.44179177660297
261.0,249.58606939371205
261.0,238.03757402958996
261.0,235.83364895987435
261.0,235.4398916903959
261.0,235.6009990621117
261.0,235.72024898777576
228.0,236.30985204288893
228.0,237.2250891708974
226.0,240.67939233617682
227.0,241.23231643886106
228.0,175.3646848583797
228.0,202.1385203423411
225.0,182.65373885745979
225.0,182.60797199952086
223.0,205.08216312676836
220.0,195.7491415141268
221.0,195.27399874857417
223.0,193.68855199924394
223.0,192.80519327035248
223.0,192.45987622887424
222.0,207.05995363180637
222.0,208.54509774639178
221.0,210.30919178901553
219.0,210.64955620105454
218.0,210.01867780407585
217.0,208.91850022917515
215.0,208.03560831349753
215.0,205.9964300837183
216.0,206.13238521948116
220.0,207.93301505893643
222.0,208.62222922260426
228.0,209.08434236566808
237.0,209.07992162950262
252.0,211.35288919746316
268.0,212.68623652857642
280.0,223.82540387620494
292.0,224.1419689028134
302.0,222.5095907572338
313.0,220.49555021515266
322.0,220.12875412472775
329.0,201.99557830069602
329.0,207.73344570101708
330.0,206.87696761050478
329.0,210.92859696080168
326.0,233.70575755770912
322.0,246.99671347078785
320.0,268.95342172176487
316.0,265.6488568564991
310.0,265.8219819268913
307.0,267.1061290063932
305.0,289.0885774655298
299.0,304.2055509353665
292.0,305.5451615018184
285.0,305.65509771167456
280.0,305.2178557545674
273.0,304.47739755410936
265.0,303.1145365912419
258.0,300.2277922857023
253.0,297.5466917725048
248.0,275.89442528866493
244.0,248.7702652645822
239.0,231.4189868574838
233.0,227.74043620770803
227.0,213.4827009471969
222.0,206.3512496813285
217.0,208.58923558922808
213.0,206.4075755496956
207.0,203.30511458617278
202.0,202.61216015304325
199.0,202.71031719977248
196.0,200.46259357278564
195.0,199.46118288981395
192.0,193.37827789068987
188.0,187.7810365267448
184.0,175.11731302264926
181.0,175.71420129026055
178.0,177.54485598498542
176.0,178.37633874844025
174.0,179.04002131559403
172.0,169.2177723363189
170.0,163.37309162373379
170.0,164.35155471701987
169.0,162.0436790675818
167.0,163.41219037936628
165.0,158.2969850973496
162.0,149.04162721742333
159.0,148.03693416922624
157.0,146.40022622597823
153.0,147.82067081283304
148.0,169.03329664022257
146.0,168.61361642343113
146.0,158.09919857054535
146.0,154.5379048180919
146.0,155.06776705513323
148.0,154.3343550568149
149.0,152.09692187905614
150.0,151.80234348941087
152.0,147.9625077074412
153.0,145.90563945122554
154.0,145.21392621369793
156.0,144.61573251437858
158.0,139.7197936302818
159.0,139.67985031995426
159.0,140.36592536180132
160.0,141.08613985533643
163.0,142.33492447452463
165.0,142.13919693300858
167.0,142.66837785621553
170.0,145.8317797331503
172.0,149.8329660537329
174.0,157.16861868989858
177.0,158.60702117960815
179.0,161.9692730398683
182.0,164.47825189921394
184.0,166.36130054812133
186.0,166.4237255227539
188.0,170.76974637750624
190.0,174.09801268242288
193.0,177.87987620783716
195.0,178.59588067774447
197.0,179.10849799118375
199.0,180.23053339915126
200.0,186.76937318676477
200.0,187.76086241908288
200.0,191.27547266722132
200.0,193.60020333997642
200.0,196.98016362448652
201.0,198.64947217373455
203.0,200.7027218449057
205.0,204.08825805077032
206.0,206.69501821758502
208.0,213.46002954390653
208.0,214.46671575719725
207.0,216.7110845071442
207.0,216.50676631634678
208.0,214.93647560593152
208.0,213.364436937627
209.0,211.76780424736484
211.0,209.620200806334
211.0,207.30979827481622
212.0,206.82936636530684
212.0,206.72305395629957
211.0,206.76522109766242
211.0,207.86111811253872
211.0,207.87767533230613
210.0,204.40973077624304
211.0,203.93405068862128
212.0,205.1016764704928
209.0,206.25561338691278
208.0,207.41072421684208
210.0,215.04986288305227
211.0,214.49694327018676
212.0,215.11788647284865
212.0,215.15441987282014
210.0,214.66387099947016
208.0,214.444337575096
208.0,214.4122048556698
212.0,213.04362264669564
217.0,213.84784947562784
218.0,214.806078330426
217.0,210.46622481657622
216.0,209.00571038725292
216.0,211.81412063303114
215.0,213.04055733572218
215.0,213.21399002675076
216.0,213.28709054208412
217.0,212.34056529222352
217.0,209.20081794304662
216.0,209.20197978021295
215.0,211.84405770336747
215.0,217.375778592983
215.0,218.8363576175738
215.0,217.4781063956907
215.0,216.89026432307165
215.0,217.0907372188148
215.0,215.430070986073
215.0,215.25247907640042
212.0,217.57185262269059
213.0,217.80784288504353
213.0,216.67997938943023
213.0,214.98262543216816
215.0,214.86007700194378
216.0,214.829904509531
218.0,214.6273444665556
224.0,214.75401888061037
242.0,215.07517935957037
260.0,214.85851626791757
278.0,177.20103150457234
293.0,206.12992095142334
300.0,213.03615860441062
310.0,213.12571013737994
316.0,212.88800614804944
321.0,214.19612121111908
329.0,203.3234688517023
335.0,219.13692735278826
336.0,221.6080822961433
332.0,226.71731052754106
327.0,244.40803372233466
320.0,264.9125403613374
311.0,270.71126195572504
302.0,268.35041336305983
295.0,267.62913432718744
286.0,287.8092354533213
276.0,310.18479770889365
269.0,312.35105232770815
264.0,313.2046228891502
262.0,315.0050411991715
258.0,314.58417928179705
252.0,311.0355406840005
250.0,308.94495076819584
248.0,305.29365167522127
244.0,276.0045666922791
241.0,235.08598508867803
235.0,217.37084046744434
228.0,205.7492093098371
218.0,200.7022789539119
209.0,197.952516961603
200.0,197.57925022305048
193.0,198.0828148689108
182.0,199.39745978807133
171.0,197.00124190201387
161.0,199.046838609065
154.0,205.02332638025044
147.0,202.60298476428414
140.0,199.95123955569323
135.0,186.16182212738514
130.0,176.9787799260539
127.0,174.1975072646286
123.0,165.3482119879472
121.0,156.95641808131865
118.0,138.91953399545787
115.0,137.42354827302572
113.0,123.56138497810575
111.0,111.04340838027932
110.0,114.26358024853435
108.0,110.21950567529065
106.0,106.12268893762965
104.0,106.6750004181247
101.0,108.15612329063966
99.0,108.71478733801067
98.0,94.70363664395218
96.0,98.95516643793441
95.0,103.78237270445427
95.0,105.519462820975
95.0,107.58198103539543
82.0,109.10189855586476
82.0,111.43711116998566
81.0,112.51321759338859
81.0,113.55888684301291
81.0,113.81486863820962
84.0,112.13202116370768
88.0,110.90824475005562
91.0,110.19887782051487
92.0,110.30591577770896
93.0,110.29169900561641
92.0,110.57549863685782
92.0,114.33653767228634
93.0,101.8561975321294
94.0,98.13772216996043
94.0,92.11917783140157
94.0,91.69741734753352
93.0,92.08062248045017
90.0,94.03559309951976
89.0,94.51477904754083
86.0,96.4980897736423
84.0,97.10291109777835
83.0,97.52587023124286
80.0,98.97297328971074
79.0,99.00236798996458
78.0,96.32246809447963
77.0,96.47534465133478
75.0,96.63795728393545
74.0,96.73001544377554
74.0,96.73785754979136
75.0,95.88621146333982
80.0,91.75643782833598
85.0,88.90736171523824
91.0,87.74193474514261
96.0,86.08152587334587
96.0,84.01337191244183
97.0,83.90740347577693
96.0,84.84315771444341
91.0,84.66395455411163
89.0,84.64584240717707
90.0,85.08549120445423
90.0,85.23526350523574
91.0,86.24819793974882
90.0,88.30343422953494
91.0,92.93457684588566
92.0,101.26244909805041
91.0,103.3198291649521
90.0,106.89780046664698
88.0,105.89005309896785
85.0,103.98274911986768
84.0,103.39041706752135
85.0,102.50184618372444
84.0,100.39012249969268
84.0,98.64355515852326
85.0,98.29607867062863
86.0,98.00441166463355
85.0,94.16575914716931
83.0,94.37917299616285
82.0,93.94585701499267
82.0,94.0120775018804
82.0,93.84594883082238
83.0,97.65037491522793
86.0,95.72272561508834
90.0,95.50059762691943
94.0,94.86183486475612
98.0,110.64367317387362
101.0,97.74218801980726
103.0,94.91194299557283
105.0,90.96238880723239
107.0,85.84438906476021
105.0,84.88020418861993
102.0,85.19883219590567
100.0,85.45526594727998
95.0,86.18856460646012
88.0,88.46696335294233
83.0,94.42065300044278
83.0,95.73428166729842
83.0,99.42945928714956
84.0,116.31674588921527
84.0,120.43559835071783
83.0,118.98955022724486
80.0,117.98459990541207
75.0,116.82895818100523
70.0,114.68426051785053
67.0,106.62820209530217
64.0,91.52791201675039
61.0,88.91156820296746
60.0,82.88614457405697
62.0,82.66645584729868
68.0,82.55694324082761
80.0,86.69686292303857
91.0,88.37875354385388
103.0,88.60586797031505
114.0,87.76146714456532
120.0,86.37600865653883
117.0,85.40853546720112
118.0,85.11059360587558
118.0,85.98588609986469
117.0,92.32225045498326
114.0,89.9514580457154
110.0,85.99718203635406
106.0,84.64870291971668
101.0,87.69959788552809
94.0,118.40585721359243
90.0,146.62997710607465
87.0,148.65161388361756
84.0,149.894578870483
82.0,150.609457905969
81.0,145.1689060202069
82.0,137.36092959172393
84.0,130.56580411703018
83.0,126.41341708769383
81.0,116.09434718328924
80.0,113.23838806509548
79.0,113.14861983026542
81.0,100.52882979849737
83.0,98.6037021915841
86.0,93.06614334035781
88.0,87.3648045649924
89.0,85.62845819413987
87.0,85.12617151762961
87.0,87.04514669452696
86.0,84.38399865157216
86.0,83.5518212553565
88.0,79.89210476744381
89.0,78.97018384992643
91.0,77.97189659871601
93.0,83.92550679407672
95.0,87.35304907052821
96.0,99.05020741248234
97.0,106.58288338330046
99.0,110.45099326303259
100.0,99.28666414313805
102.0,97.69188992846021
104.0,96.00580717244189
106.0,95.36172717140758
107.0,99.7990669665727
109.0,103.60385887629802
111.0,103.88410521503442
112.0,105.12015761609904
113.0,106.00704770598243
114.0,105.03932393176751
115.0,104.81890723008627
115.0,117.69550004442304
116.0,118.40361238267182
118.0,120.30415241937418
119.0,116.0446519211176
121.0,117.28099986915296
121.0,116.61089528945475
122.0,117.19332236926172
124.0,117.93094419091574
124.0,118.98632801826186
125.0,123.47075230048412
125.0,127.66329631647226
125.0,128.36648119789896
126.0,127.78899362339335
127.0,128.0741818286054
128.0,128.9658811129295
129.0,128.66320780390748
132.0,133.167745935173
134.0,132.72491591779712
137.0,134.16006375261702
139.0,135.36233238851875
141.0,135.7546309059373
142.0,137.49790343544035
143.0,137.02802597728504
144.0,136.9398048750397
145.0,139.60837064880366
147.0,140.52926908331796
148.0,142.06816430825742
149.0,142.04662923023582
150.0,143.37003917932623
151.0,144.65467238640477
152.0,145.68528353999042
152.0,145.7829499282387
152.0,155.0265152288973
152.0,157.3370156174882
152.0,158.62885219984494
152.0,161.34079577583577
152.0,162.74442820655378
151.0,163.32196512140086
150.0,162.44693451121591
151.0,160.03571333983706
151.0,160.4311097535506
152.0,160.87122472620644
152.0,161.2478155857102
152.0,160.8171058920653
152.0,160.84773632037025
153.0,157.58385535127667
154.0,157.11650715102815
155.0,156.45625077434235
156.0,155.47022406693787
157.0,152.46428547953317
158.0,150.47901197588737
158.0,150.47515824280634
159.0,150.00702160727118
159.0,152.45784000619898
159.0,153.01337388842234
159.0,153.26660250382415
159.0,153.79837895711654
159.0,158.78758155014242
159.0,159.44368699494677
159.0,160.9687286391776
198.0,166.18016400070326
202.0,165.91118681321325
204.0,167.2462861476358
206.0,167.17070263407777
208.0,165.50493389847384
209.0,165.12726881959807
209.0,164.47320004603245
208.0,164.11064726443266
208.0,156.16904159887196
207.0,158.98932563953454
207.0,206.99818677488167
208.0,218.07364748244856
209.0,218.42450025939883
210.0,219.11581170454843
212.0,218.7148008532387
212.0,218.6251418436147
213.0,215.9981131285959
213.0,216.6775896734055
215.0,205.50770225045883
217.0,199.8632270977548
218.0,200.68333474904912
219.0,196.25946352905066
220.0,195.04008544544376
227.0,196.2198893281559
236.0,198.1475928810834
246.0,205.70034106974396
254.0,209.48115699695433
263.0,209.6311619130052
273.0,210.00912085068492
279.0,210.9688181148994
285.0,212.84474439941414
294.0,225.24217029785174
300.0,229.01003619471177
304.0,226.89812533649945
299.0,226.1756279974844
293.0,232.5286400884776
281.0,237.7831642223175
267.0,243.0916900098752
257.0,246.55255372296932
251.0,259.4454214196876
246.0,263.5853351786499
242.0,263.60126817082113
241.0,263.8755379663714
238.0,266.2190039019241
229.0,264.10561444815886
219.0,275.5585077571825
210.0,262.3352055560993
204.0,257.3827725661436
200.0,250.12980228214053
195.0,241.7475451379525
189.0,208.7765700899917
185.0,200.6785187945397
182.0,189.27560398166855
177.0,186.4338110444906
172.0,191.6464317075059
167.0,194.49478749702547
161.0,176.6322818992472
155.0,173.6563047890435
149.0,165.7900182859099
145.0,156.1301414093106
144.0,156.21722580042496
145.0,147.969278461441
149.0,144.79366966313097
152.0,145.632529115275
155.0,144.89218872565024
156.0,146.26989107908923
156.0,137.22819639664974
155.0,128.6930597405466
153.0,133.44917465047772
152.0,127.75926850359876
150.0,111.96957235086587
148.0,110.85099367200954
147.0,115.09248825091447
146.0,119.43812335136056
142.0,124.78672354425892
139.0,130.21312990078385
136.0,141.05137143645536
133.0,140.7041548913694
131.0,140.77764616407597
131.0,140.09125763040964
130.0,150.20326530009558
129.0,147.65363409352605
128.0,146.25060169467966
128.0,143.14824357241886
128.0,143.37897113024107
129.0,143.1948621623944
129.0,142.143519296452
129.0,137.35532129955095
128.0,137.03854113509465
127.0,128.65179029821851
126.0,126.11380633823732
124.0,127.17994449016622
123.0,128.93153736839264
124.0,130.46720820844448
125.0,131.00261999080195
124.0,132.99914380775922
124.0,134.6722339767626
123.0,136.09421094734734
122.0,136.93052471789855
119.0,136.96495398258193
117.0,134.07968524674104
116.0,132.8640419054943
115.0,130.23936204598172
115.0,124.1392433879311
113.0,124.80584070212397
113.0,125.86641921502394
114.0,128.42654721596023
114.0,128.46323018272494
113.0,128.3906454806501
113.0,128.03957922551493
113.0,127.5404650971793
113.0,125.76046284059821
111.0,125.55674017369738
110.0,124.8208991019402
111.0,123.24507570611777
111.0,121.25621792948935
110.0,118.39656092109736
110.0,118.10967524650724
110.0,120.04548112421405
103.0,120.91102334621465
104.0,118.85098378303374
104.0,119.61354840056703
103.0,120.82059191906752
106.0,121.00843025050061
110.0,116.33068005689283
117.0,116.35328661294056
122.0,117.00519006832863
125.0,116.89089055164891
126.0,116.77731380715066
126.0,117.18618196495274
124.0,117.7565292910274
121.0,122.51719036970199
116.0,123.1805829438787
111.0,120.33293631159324
107.0,117.64271322941678
103.0,119.0943701305464
98.0,124.79279061921008
92.0,139.84291715313412
86.0,141.20735419164777
82.0,140.51676194640586
78.0,141.97446762814081
74.0,136.30962103704175
71.0,130.38690988105907
68.0,128.40725545713468
66.0,124.66876251386309
67.0,113.0393750184444
70.0,109.59821228539742
73.0,110.38368933693003
75.0,91.82913928270439
78.0,90.00949731619431
79.0,87.31949862865727
80.0,84.31208866026526
82.0,82.97419411647496
83.0,82.16251043440404
84.0,81.6457040055164
84.0,81.20018742971867
84.0,82.7512718334618
85.0,82.73360183288332
86.0,82.73352677205246
86.0,83.8684527449716
87.0,86.21525776226063
87.0,89.46165588810331
87.0,91.80161852892613
89.0,92.53352333673601
90.0,94.10445875604971
91.0,96.9893623360571
93.0,101.63514652613661
95.0,102.25527354636898
98.0,97.40876681420576
100.0,96.39609727359597
100.0,99.01845889737825
102.0,99.02669300741965
104.0,98.61919954973311
107.0,98.89449445505993
111.0,98.27206700595325
114.0,99.8706689719124
117.0,100.32227913481485
118.0,101.21384347384881
120.0,101.5299991840374
122.0,101.86414666358563
122.0,115.69869826647385
124.0,126.12348732072692
126.0,125.71201198329317
127.0,129.5702552697699
129.0,121.02713333859631
132.0,119.99407147156762
136.0,122.58627145239618
140.0,134.91548387394494
145.0,136.68864222901044
148.0,134.89605203738813
150.0,136.88640087019226
152.0,140.27220496825373
154.0,138.98765245946097
158.0,138.78836979983984
160.0,145.5270348991371
163.0,145.13372950270363
166.0,147.0337128861397
169.0,147.81882890914196
173.0,156.72025560489936
177.0,158.2934389948252
180.0,168.17863667072982
184.0,166.8445136882217
187.0,170.66033194232136
189.0,172.0017041571797
191.0,175.2749409324282
193.0,177.97621115378072
193.0,179.57215537569857
193.0,180.488970648006
195.0,182.13784978706104
196.0,182.06420980654156
197.0,183.95741101380958
198.0,184.44519250788136
199.0,184.0633897384496
199.0,186.69120393740477
199.0,191.58299333273428
199.0,197.35852255281324
201.0,199.28589678743026
204.0,200.5127849333995
207.0,199.76248336860525
207.0,198.05635708372563
210.0,211.93954282566474
213.0,212.27298107470853
215.0,211.25570917637853
217.0,213.38867186820065
216.0,211.33992425765766
216.0,207.83074604943855
216.0,205.0011592643499
216.0,203.64650844837251
218.0,204.29300370333797
219.0,205.92307936771746
220.0,207.5421797036462
221.0,209.61273216438587
223.0,216.45778521673913
224.0,223.6112950671828
226.0,225.53182645987283
226.0,227.69679354703587
226.0,226.76609997060547
227.0,225.56589522376743
229.0,225.02577435204512
231.0,222.9991277663539
232.0,223.46969153849798
234.0,224.02944207025726
236.0,224.47596686288503
237.0,225.16301619536048
238.0,226.28129236051345
238.0,228.83127518694667
235.0,229.40202378628302
234.0,229.46012246086616
233.0,229.5316000295075
231.0,229.86212223699428
230.0,230.73258704111342
229.0,231.81463178410672
228.0,231.6861453785637
228.0,230.6112424615663
229.0,234.9133758182865
228.0,238.38791601049763
228.0,237.93628371830948
227.0,235.51651671893993
227.0,229.09139704832106
229.0,226.3746504203318
233.0,225.34759140132516
234.0,223.214127209601
270.0,219.68481174144958
270.0,218.94964299990556
269.0,218.04441754858075
268.0,218.32213878549032
267.0,218.3521220110752
266.0,218.90240998232608
265.0,218.23013522145948
263.0,206.51400559303107
261.0,206.93557853611202
259.0,210.08834281505094
259.0,209.73640023993974
256.0,207.7405934380638
253.0,257.48096307244515
252.0,252.95878884187627
255.0,250.7879346482211
265.0,246.60130123318334
277.0,246.39082816447905
286.0,245.87312118510886
290.0,247.75084801711415
289.0,250.10651053467026
296.0,249.25212343390055
300.0,240.98786727221366
301.0,262.6516788049354
297.0,252.78295312106943
291.0,250.24889188131976
287.0,249.6643387799137
285.0,254.37105300866443
284.0,276.4473172506689
285.0,280.65965519482154
291.0,280.61141037348193
292.0,299.3936189375556
295.0,298.90552462521026
296.0,298.70358309204966
293.0,298.01865698117865
291.0,296.8142786168648
290.0,296.17161492272623
289.0,294.98498408171446
289.0,295.56598404769255
285.0,294.8531532095173
279.0,293.5403332474796
263.0,292.6033007539417
262.0,289.9736334303362
261.0,226.33314029415118
258.0,232.1198015473263
254.0,232.54717143195316
253.0,233.7091123010995
251.0,230.72620345478674
246.0,230.12690560355614
239.0,230.64148802804877
237.0,231.55389268911256
235.0,230.2286656670569
233.0,225.5322878800282
229.0,215.81397890247734
226.0,215.42093262663056
225.0,215.9938160187757
224.0,215.4696029322171
210.0,212.51529639641032
191.0,214.27109156062676
174.0,222.40055389307378
186.0,217.2162510345817
189.0,206.44206798458876
194.0,205.6950757413635
198.0,195.56040458450178
199.0,188.09593737122725
201.0,186.04922032609443
199.0,185.1918073704223
199.0,185.88830382727068
199.0,186.25462892704078
199.0,180.03565471255075
195.0,140.63475313337094
191.0,138.05596937441834
188.0,146.228962362745
187.0,151.04724519579048
177.0,156.51601339557027
156.0,170.9901093700956
143.0,173.9192769129152
166.0,180.62514074822477
176.0,180.47230822286707
181.0,194.3182916422308
185.0,198.33671314662936
186.0,200.24850864374986
186.0,194.7234370633542
186.0,187.3624784300107
189.0,180.6491963802845
192.0,177.49841471915758
191.0,168.13172743008263
191.0,136.90273391183499
194.0,125.06689277984464
199.0,139.04679193163295
212.0,170.07927078401264
220.0,176.90001365339788
227.0,196.39364598232325
232.0,194.33560595733795
236.0,192.3626896918796
234.0,188.56977997301553
230.0,188.99604464043483
225.0,192.9302886764719
220.0,190.64131861461613
216.0,189.87861065065678
209.0,193.33552862452402
199.0,204.5804549763941
192.0,210.9292629845515
186.0,212.82686968449943
183.0,217.17442165138814
182.0,218.04423402921483
181.0,221.38194019524738
179.0,214.09780825726133
178.0,208.18127501209662
184.0,202.77026007818728
192.0,194.4217299551329
200.0,185.5444237119909
208.0,180.88089624683542
213.0,171.26679712429868
214.0,146.02617924898047
219.0,148.62069535835082
222.0,144.912061669845
223.0,144.2072905731342
224.0,145.62977959482745
226.0,149.26725786832577
228.0,151.09262109831127
229.0,160.8835139060979
230.0,176.02412649117213
230.0,208.85390818783677
230.0,213.97571692645596
230.0,216.9773653420895
226.0,214.1634002231677
225.0,211.37835356404912
227.0,212.1059987387958
233.0,213.02568094952665
233.0,214.74552112723245
233.0,215.24510054566915
235.0,216.8934443370654
235.0,217.5944289154555
233.0,219.12578229697948
239.0,219.93124997608007
245.0,220.12908399362996
253.0,220.87912167752012
255.0,215.3500480494092
255.0,214.76050358583885
255.0,215.01079915853487
255.0,222.14430001238972
254.0,221.87620939736087
253.0,206.96255375487064
252.0,230.43042834823223
252.0,228.7412111959921
255.0,219.97142472489782
258.0,234.166969697694
258.0,241.09816029551627
256.0,246.07655844306242
255.0,247.69683223689424
256.0,246.92339160081252
259.0,246.58505828955543
261.0,246.32477138457568
259.0,242.4457835854943
259.0,238.75853576614114
258.0,235.31497878484194
260.0,235.87558231110563
263.0,241.43599105182088
263.0,242.76479605190144
263.0,242.40909310399206
263.0,241.88570882268206
263.0,242.4594746214591
263.0,244.16902752305484
263.0,249.81145072492407
291.0,186.7995275303375
288.0,183.93282982224653
281.0,183.93282982224653
280.0,183.93282982224653
283.0,183.93282982224653
288.0,185.43098180597894
281.0,296.4385145077663
273.0,274.81867343585157
277.0,271.7989845869633
275.0,269.0841925678379
273.0,266.9799563258681
272.0,262.5257861541343
280.0,260.5779967060947
296.0,265.75000477132147
307.0,265.97795558531135
314.0,257.6815371505196
315.0,223.16290429627503
312.0,225.70692138415095
307.0,222.31143057402676
301.0,217.18973615333084
302.0,217.0022629189426
302.0,224.38843024080893
299.0,222.23349334983834
295.0,225.0003335052984
292.0,231.80705820606732
287.0,257.345924926518
283.0,262.7820990925275
276.0,276.6174752039984
275.0,265.321638441512
273.0,259.28775438097006
270.0,249.00246382387633
268.0,246.89988677022637
267.0,240.8392100260383
268.0,240.52840443702516
262.0,239.07855507726146
256.0,262.1522961120944
261.0,261.5180817169685
265.0,261.29282613533644
262.0,259.05654114387903
252.0,258.19845943870627
249.0,259.1442381902063
245.0,260.10683259834144
249.0,258.6312752583157
251.0,258.74524334940315
246.0,257.92546415058456
242.0,256.79334929218436
234.0,252.4224097845055
226.0,233.05787448072934
218.0,248.54968601417528
216.0,252.2667706908596
214.0,250.01889802693927
211.0,230.1949741704442
207.0,232.71169725288763
200.0,229.30142826389317
198.0,233.62877820891234
204.0,235.2631911778455
212.0,231.97852906643635
208.0,227.80141217709507
202.0,200.63504755075198
202.0,190.37694037657448
203.0,185.64023969304571
200.0,184.88813014041094
198.0,185.8371128272891
198.0,187.75761388144872
198.0,179.5836784901818
198.0,172.1538538462223
198.0,169.6817966076685
198.0,180.6537416206869
198.0,204.34838388318244
174.0,182.0231540895774
177.0,181.97628328017117
180.0,183.0854791663626
185.0,185.88190078654998
189.0,188.63189244676332
192.0,191.9505596755658
198.0,168.67327395392007
210.0,165.21919751715416
212.0,166.5451670058161
208.0,173.45080291226873
208.0,172.62901992645968
209.0,172.31434814584668
211.0,184.89575946447417
214.0,186.28335052770328
219.0,193.6329309909533
228.0,197.6051220604244
239.0,207.81137551257646
250.0,211.53762096361956
258.0,223.34549741107736
269.0,229.86515678315135
273.0,214.03852107525262
274.0,202.69422910221795
285.0,228.97527028741632
293.0,229.31086459991428
290.0,235.03034982988865
287.0,235.51103177351973
285.0,237.91343839145406
284.0,241.34847565210268
285.0,251.201270281314
286.0,253.05094701400324
290.0,275.54826549409165
290.0,297.709005508552
289.0,297.555226939777
295.0,297.3922377904391
313.0,299.7559031616126
321.0,300.4044720551173
324.0,299.3320807356083
325.0,298.4600850748839
324.0,292.20944836452935
325.0,290.0505416678375
327.0,289.8329142228562
325.0,242.91979976169404
322.0,244.7364522437704
324.0,239.8521304878527
327.0,235.35420284964837
327.0,233.1852941866519
328.0,271.7328777751476
329.0,292.9109758570032
327.0,296.4080941488099
323.0,296.6455924227107
318.0,295.74678914409367
313.0,294.9491266499631
309.0,293.4268830647983
300.0,291.835899158127
297.0,290.06977412077697
296.0,290.62716583637723
291.0,289.58401414387856
286.0,289.3272495971128
279.0,272.915727024291
268.0,272.88448057799127
265.0,272.42356638780905
259.0,271.1339950643024
252.0,269.19268522353656
248.0,253.33403683761708
242.0,240.22191376056762
237.0,226.52769053741898
233.0,226.080564276423
228.0,226.38231537153524
225.0,218.48643464991622
222.0,213.18507784331277
215.0,208.88721938683295
183.0,203.5579610833027
181.0,202.29276474557838
178.0,200.42344737955258
175.0,197.5318984804572
172.0,196.66567240770468
169.0,191.28570820311558
173.0,193.90316912467563
180.0,177.82611674512947
186.0,178.12471807704148
189.0,179.984265843702
188.0,180.80250834512643
186.0,177.5608369166393
187.0,128.8395283752426
188.0,124.45240196227707
190.0,135.1814882072915
193.0,139.03154842230498
193.0,126.5292287339169
195.0,128.86183691277105
194.0,150.25599383529487
190.0,158.99898173802944
184.0,166.51491663026522
180.0,173.41315145684015
178.0,181.29128292322247
177.0,175.38682922799464
177.0,175.35351524116635
177.0,175.8968440786923
176.0,178.53468694992756
174.0,183.66263068868736
173.0,182.9134726285966
173.0,191.43039834169483
171.0,183.4105245517849
171.0,177.85802905484215
168.0,175.3012339604705
167.0,167.9804928077575
161.0,167.25893959089018
154.0,168.20344662568678
149.0,171.45082670043408
144.0,173.3996396605989
140.0,173.43272746639755
137.0,171.42095742565414
134.0,167.3634199177535
131.0,170.3032722336901
129.0,165.4170451746311
127.0,167.16557550199843
125.0,158.1166771178459
125.0,158.61164640099503
125.0,154.45005321470012
125.0,144.68404088828706
124.0,130.78734450165936
123.0,127.36733451809219
122.0,119.59572575730013
123.0,118.35093705560148
123.0,114.91966769232036
120.0,115.35974045319526
121.0,116.51768422305922
119.0,116.90692855713799
117.0,104.42137319083562
115.0,105.19097369963109
113.0,107.5048360947066
112.0,110.51810545213965
111.0,111.79687504496148
112.0,113.75925212479623
113.0,114.51760658530957
113.0,116.26425995970821
111.0,118.27336477175197
109.0,118.86710416433243
110.0,119.82305385387038
116.0,120.75333090991455
126.0,119.96553124638753
136.0,117.23035610063121
143.0,113.91481069870478
151.0,112.26520661343909
155.0,109.54346050997493
164.0,113.1727309348278
170.0,116.66068373616994
175.0,131.67156428290738
181.0,133.92145980643505
190.0,131.25849630315065
193.0,127.0909455360533
193.0,130.99547394585105
190.0,143.55362037080334
190.0,149.09100752540778
188.0,155.59076542819994
185.0,164.79365429884172
183.0,168.1172745116829
183.0,170.20654806827892
182.0,172.6555445058521
182.0,186.67968282921822
182.0,187.78776643482584
179.0,192.4694248992203
176.0,191.76890623213004
172.0,189.03429578237618
166.0,181.44512404278873
168.0,180.24505805046903
168.0,178.83823606971325
166.0,178.47856061867762
163.0,177.2657550093486
162.0,178.36568698639798
162.0,175.98891987467243
163.0,177.91015480333863
164.0,176.5180549670972
164.0,168.38308387802402
166.0,166.31448496939643
167.0,150.1777320960168
165.0,135.89030871407104
162.0,147.23222379084046
159.0,149.50233389465708
155.0,148.18206904692178
150.0,148.63867349190176
147.0,147.52773589015268
145.0,148.7572261418606
143.0,153.2005731978426
141.0,155.75300862086874
140.0,155.35462999211612
137.0,156.83116812003743
136.0,157.64413815768128
135.0,155.56346195057705
133.0,150.484695751695
131.0,145.6876285454004
131.0,139.11340115939834
130.0,134.25950677948694
130.0,134.891135455688
128.0,136.44390733574664
128.0,138.4952167520655
128.0,138.30192930237223
129.0,136.30883633892464
131.0,135.4502478196652
133.0,136.70445368626383
132.0,136.16929665966498
134.0,129.13406275505096
137.0,125.3511833056588
138.0,126.90621597018885
138.0,128.47139989538144
140.0,129.2664356567623
142.0,129.17247219749947
146.0,130.57071186556053
147.0,132.5511948804588
147.0,134.26666303246452
148.0,135.42923744592417
151.0,141.8655494910769
154.0,136.68199756084354
155.0,145.84893117823785
156.0,150.50268085004865
157.0,149.88190303226446
158.0,147.87894267794283
160.0,148.88131613930898
163.0,161.10380570934512
166.0,167.12475353069607
169.0,166.46573322674166
173.0,163.9368273998005
176.0,161.84163308310082
180.0,167.1458001992144
183.0,172.4179112873932
186.0,174.51159483057708
189.0,173.16553587147988
192.0,173.22605800297504
195.0,173.6318012667162
198.0,177.85806703465627
199.0,181.62029074107215
198.0,186.9217730428932
200.0,191.8506499930405
202.0,195.31545539733955
203.0,195.17895115586907
205.0,195.7185653206721
208.0,197.80330267590597
213.0,200.4340706808
217.0,206.24523466623006
219.0,208.639708582366
219.0,216.10062434288284
215.0,218.97467950948646
216.0,219.15669633685047
220.0,217.8162543639927
223.0,216.91820093657512
225.0,216.04215541349498
227.0,214.56864877267097
233.0,214.0086248042484
236.0,214.91970873571339
236.0,225.83642119760557
235.0,230.00344141951985
233.0,231.59550131751269
235.0,231.7234471638989
240.0,227.55333955064563
241.0,226.9335350565706
242.0,230.18756319953582
243.0,233.9424129635275
244.0,235.17374643708084
244.0,235.01047469062624
246.0,235.64955212505058
247.0,240.37775868522058
248.0,240.4919277796952
250.0,239.36939172758613
250.0,233.77589703257752
253.0,239.34652945572378
254.0,246.09325725219995
253.0,248.17618349724452
253.0,249.35562600491457
254.0,251.40602004275655
254.0,255.76772759679918
255.0,254.30780521828567
259.0,257.0630956939146
260.0,257.9319269978035
260.0,258.2275437891171
261.0,258.0513924947131
262.0,256.9052391127068
263.0,257.0485934799058
263.0,257.6767864941066
265.0,256.53730723796593
265.0,255.32947075308644
263.0,255.80998164403192
262.0,255.52356257952422
262.0,258.0166659752252
263.0,264.97110249920854
263.0,267.0817847947438
264.0,267.18425553879155
267.0,267.86660689560426
269.0,268.51791896371526
275.0,268.8942343217053
276.0,268.97811828607405
275.0,271.08500382390946
275.0,271.39041967781986
275.0,269.3270312133528
274.0,269.042870661777
272.0,268.9983301444617
271.0,269.6360986416383
270.0,269.58271164448104
268.0,270.9408777515736
266.0,272.6319200093857
264.0,268.25881865301506
263.0,269.82384704889114
264.0,270.39406890786444
269.0,269.8550716028945
279.0,269.293188729991
288.0,269.024904490517
295.0,268.30487063481587
300.0,269.31183498718747
298.0,269.44519254227663
294.0,269.3934497495809
290.0,267.2026530152714
289.0,274.5855531111407
286.0,272.82777668135196
279.0,270.84975240812645
278.0,273.3982593450935
280.0,278.93766959785745
287.0,280.9480192921296
289.0,284.6385465357661
289.0,286.90555061473833
287.0,299.75551249937536
284.0,299.64154819158904
284.0,299.1604573758315
282.0,298.55634738784295
278.0,297.7006368313258
273.0,296.4451802210688
270.0,294.0922990562756
270.0,293.16009634572646
269.0,291.17189570120496
265.0,291.68618896751923
262.0,291.1328150857307
254.0,291.2633404094987
245.0,234.07351498253823
242.0,234.42130204651508
241.0,234.5642116464271
240.0,236.19190832464696
239.0,243.50488749292086
239.0,238.64842817415175
240.0,228.425743713098
241.0,228.7029621734231
239.0,229.00931011834976
238.0,228.21665564185605
239.0,225.89416140918595
239.0,218.16735588515363
240.0,210.31158930143383
241.0,207.18987270384324
241.0,207.765381238805
239.0,209.84012017119443
237.0,210.66821251819235
234.0,210.21255955358757
230.0,211.76019330328603
229.0,215.7970425634777
227.0,214.49743174213
223.0,215.69313801818444
219.0,218.48018902756905
217.0,219.03855168416953
217.0,219.5117707353739
218.0,225.67558679291366
214.0,226.62031754370764
213.0,224.50967335606347
215.0,220.40489372222856
217.0,215.1381247902991
217.0,213.1130449230764
212.0,212.36096074553504
208.0,212.14487803203158
206.0,213.23722239179227
205.0,211.13142199554295
206.0,210.37595765458857
209.0,207.92666871676863
214.0,209.50643228474144
216.0,206.45922866705206
212.0,205.88628712659525
206.0,207.57061691362472
201.0,211.02789878165552
194.0,212.04652198037343
184.0,205.16928730288262
175.0,193.12041848829296
168.0,188.34738284321818
156.0,182.81524517783856
143.0,187.97506084357846
135.0,195.81765744606892
128.0,202.82396312274793
122.0,203.6111896983597
118.0,201.47636874302373
113.0,188.0984943930717
112.0,188.93701400142547
113.0,174.1356155443676
113.0,170.2523557879764
113.0,164.32073557026766
111.0,135.3536143143205
108.0,127.54493835209914
109.0,105.91475182778265
108.0,100.83523335234385
107.0,101.54696339179822
106.0,99.69506754234597
104.0,98.37850086214982
102.0,99.47986475094687
99.0,101.227180812996
95.0,104.46327080322864
93.0,107.95518834691347
93.0,110.4375272122823
94.0,111.68095179811534
95.0,113.83950574231777
94.0,116.2389414831111
92.0,118.76161111951194
91.0,118.89407829687043
90.0,115.2653923749295
91.0,114.72429312685384
92.0,117.18144047960243
96.0,103.0720916033972
98.0,96.17748936706114
101.0,96.25236955423064
104.0,97.06243965374624
106.0,96.79642573173918
109.0,100.49958904652041
111.0,102.0662955866981
113.0,102.55425120675935
116.0,102.74712201821332
120.0,102.8300449668099
124.0,103.03439120884956
128.0,103.18686416762195
131.0,102.62139605618826
134.0,107.38131014722055
137.0,119.98841920415894
140.0,124.29998400257375
144.0,125.36296078075223
147.0,128.85377079408468
152.0,129.62085813475147
157.0,131.60900279644173
163.0,134.7036511237051
165.0,136.53875984479455
164.0,139.8669133354316
164.0,151.65667076965659
164.0,150.5054948948769
164.0,155.60148188739842
160.0,158.95704095204454
160.0,161.8391316151942
161.0,167.4821117399296
162.0,167.7490757032639
164.0,175.65091658420175
165.0,182.9212423738692
166.0,186.4481512664793
166.0,183.12874564206743
166.0,178.33904295111216
167.0,177.81366727614989
168.0,178.9416434295944
168.0,179.73121420515758
168.0,170.82517026291387
168.0,171.00746348068745
166.0,172.27435457541785
165.0,175.06964718305153
168.0,178.4710121029628
172.0,179.33960565817063
177.0,179.6409291708237
180.0,179.49603226311248
182.0,179.4264301876377
184.0,180.11833804829547
185.0,183.84166628945138
186.0,164.8630214159987
189.0,164.8755036835536
191.0,160.8562735466772
189.0,148.3123351598884
187.0,147.53227906688247
186.0,155.81136614134093
184.0,171.0854811165521
180.0,184.54349026147668
178.0,181.51049188151896
175.0,183.97646570713812
173.0,187.8343643444525
172.0,187.0033160662549
171.0,186.2180673666888
167.0,186.85236264512213
161.0,188.72840848333308
156.0,185.1977949234067
157.0,183.72533332758678
158.0,183.7416780180365
159.0,183.63365599747175
159.0,175.41968395444619
160.0,173.15128364845077
163.0,173.65556595157216
165.0,167.26077239810402
167.0,161.56482543021238
167.0,164.67027218967468
166.0,150.64998164378989
167.0,146.7254520470998
168.0,136.6056853717022
169.0,137.4478597224596
171.0,145.04529594861364
175.0,155.13754673845122
178.0,159.39667707942573
182.0,161.30515328783835
185.0,165.61326007097742
187.0,166.59110524798
190.0,167.26988484981084
192.0,166.67789168783582
194.0,162.74689607172354
197.0,163.16240668447614
200.0,165.5742220877029
203.0,169.1575041023442
205.0,174.90370090729263
208.0,191.09136937306994
204.0,196.78987392666312
202.0,198.2677301819591
201.0,199.83152669927236
201.0,200.24944637122883
201.0,204.82098313168393
202.0,205.62302071705375
204.0,208.49036610860438
208.0,212.9608278380561
212.0,215.47526349503175
218.0,215.6228950833322
224.0,215.05280329531845
205.0,241.2894019784205
204.0,235.23585623160736
203.0,228.94491609452976
204.0,222.35838139834286
203.0,219.76329055058454
202.0,214.6325102707191
203.0,212.03075250704444
203.0,207.89578470583606
199.0,207.2660121853064
196.0,205.77282919428436
195.0,190.36532682429996
197.0,183.08434601595187
199.0,179.79209797121857
206.0,177.8143575534144
208.0,174.32724696558807
206.0,180.72774422224984
202.0,178.79814817426183
203.0,182.3080146252
202.0,185.10277070866238
198.0,193.89523684310262
197.0,192.33856399582797
197.0,186.0228250212317
197.0,186.0817711845024
198.0,188.7725972035395
198.0,193.57651936913717
198.0,203.1915240409512
198.0,205.55109569028681
201.0,204.32484821237682
214.0,198.2499191118654
217.0,197.97791934044855
214.0,197.30663801085217
208.0,194.0669350177908
206.0,191.05411224636612
206.0,191.49603469599924
209.0,192.26518381904418
214.0,195.704999558735
213.0,195.88268938343168
215.0,195.91140664204244
215.0,196.71178165893699
213.0,198.94657307178622
211.0,213.85476555264373
208.0,216.47703220130813
206.0,214.24650390684096
203.0,206.4158063771791
200.0,202.40082456653167
196.0,201.03737008860833
191.0,204.35809795778724
186.0,206.66935856903027
182.0,206.88293277821228
178.0,206.60699682187644
174.0,205.17913246050168
170.0,202.8152994561365
168.0,201.73167692341366
164.0,193.7419434930685
162.0,190.34796438396583
160.0,179.94898388483324
157.0,178.3626007781219
148.0,169.37238687463682
139.0,162.6165563974104
135.0,160.71109949855813
121.0,150.26875163675925
124.0,150.411830716792
125.0,151.38962006700274
123.0,137.74344246993218
121.0,137.30618774907026
123.0,137.40167222878296
126.0,138.667585194893
122.0,139.8985172244203
121.0,135.75659563877306
119.0,121.81399118837433
115.0,112.760757418551
116.0,111.95277792111062
111.0,101.80541524489533
113.0,104.60513485287753
113.0,108.81551146343251
108.0,108.42440497505135
104.0,105.40517591031357
105.0,109.92329567472781
108.0,121.85656414603493
111.0,112.85311052648954
111.0,112.76794222755859
107.0,114.39156898617045
105.0,119.41718047287537
103.0,112.36972630418005
102.0,107.83550645983497
101.0,111.85738609091821
98.0,116.9740040497811
96.0,108.32300177352442
96.0,105.9698137071963
94.0,107.4813742585488
91.0,112.96208215028734
92.0,118.73516719769975
97.0,124.93908492679357
105.0,119.8116289849172
111.0,121.37147910537904
115.0,116.33728437632287
117.0,114.99203849253242
117.0,111.52471723211458
123.0,106.61162537031855
128.0,105.9194887186316
129.0,105.79766923347022
130.0,105.36571411802257
135.0,105.36648531519151
140.0,105.6005353799549
144.0,106.2908402469863
148.0,117.23171545016744
151.0,123.64267682014467
151.0,138.98920871817649
156.0,138.0759653922665
159.0,136.05817269217243
162.0,143.00959814931224
163.0,150.75618779057143
165.0,149.6839643615828
166.0,145.81514437760654
169.0,150.33167992264154
173.0,154.97242511202708
172.0,162.10146169187126
171.0,162.53933988342047
172.0,164.91645292088853
169.0,160.77630976550296
172.0,166.76842199974624
172.0,163.83523238166327
170.0,167.32096944287983
167.0,165.72892279361523
166.0,166.79347492438143
165.0,165.00127383013802
163.0,167.43530844391745
166.0,178.06270855782435
160.0,173.71851286226402
162.0,173.425351047753
178.0,173.41575741745265
180.0,167.43575678358155
180.0,173.9215404902498
184.0,175.42118486925366
190.0,173.0171830952823
190.0,166.0358290134809
188.0,165.94557056633366
188.0,166.57077863505896
189.0,163.66018470697892
186.0,165.9360976781972
185.0,156.88571366082198
183.0,158.07820649782863
177.0,185.94577585687765
162.0,181.69846887501603
157.0,174.6317735636335
153.0,178.31215841800565
148.0,178.75955927090408
146.0,175.82780479792535
147.0,169.33300183958565
149.0,167.34669041535122
149.0,168.2298392280653
151.0,167.2284593045373
155.0,167.55524753138113
157.0,166.31801427179806
163.0,157.43160894286675
160.0,134.58972691727288
153.0,125.34994847162965
150.0,116.55872159106178
152.0,115.15633706683009
154.0,115.10709791174871
156.0,117.04362446185584
160.0,120.41623611883826
164.0,121.27436840170581
165.0,123.46441521078407
163.0,138.772901334942
161.0,155.87512945980703
158.0,161.89945732058789
154.0,158.17327313519152
150.0,145.78801942383527
146.0,137.44368639365473
145.0,140.27250452148905
143.0,147.67571760264138
137.0,155.64465977626108
134.0,162.1833486540567
133.0,165.48944134023097
133.0,166.87116335990146
132.0,160.5074514666567
133.0,155.66244229810923
136.0,151.56379254013848
136.0,145.01593395549054
141.0,135.12215786250624
145.0,131.63899518099453
147.0,132.4557917426439
149.0,132.49550986123427
155.0,123.74557202672611
163.0,115.74898408036937
170.0,116.65407760533965
176.0,118.2954298296887
178.0,120.94657339865827
182.0,127.97954990182616
185.0,141.72781368985878
186.0,142.4429222603504
188.0,152.2518849399951
190.0,156.82062029007784
195.0,158.95681002269743
195.0,159.41976244679532
194.0,167.61236866728478
196.0,176.9753014379022
198.0,179.18317521223202
194.0,188.53963874817322
185.0,187.7822917555306
181.0,191.76389376773994
176.0,197.91480691471344
173.0,197.1572845186185
167.0,198.19139293044935
160.0,200.76826376959534
151.0,211.46549112635708
141.0,185.8047374023008
133.0,174.34721909649707
125.0,176.05985272416385
118.0,176.54508655916018
114.0,166.64223310637055
111.0,160.6189009645847
110.0,154.0557397495965
111.0,150.54281562472102
112.0,146.6027624230755
113.0,135.31968289330482
114.0,130.062399632012
115.0,116.31530600334236
116.0,106.6453596934068
117.0,100.57751453501888
119.0,100.12768390675011
122.0,100.38747960995104
125.0,101.40403395261033
127.0,101.35791764726879
129.0,101.89580488397114
130.0,103.21641327806914
132.0,105.80751399743328
132.0,107.10769695048724
132.0,108.63352541517995
133.0,110.45652406702847
133.0,112.75095616274308
134.0,118.31816980257007
134.0,120.95015600400188
135.0,128.5658263635147
136.0,129.6830805937214
139.0,139.93542597400742
142.0,138.99498062019478
147.0,138.81684431439157
153.0,138.5020147773003
161.0,137.1357563625789
138.0,136.88266416011447
144.0,141.47385917791067
149.0,140.7417685837466
152.0,142.14526028787975
151.0,150.2491548866641
146.0,151.69668041910413
143.0,154.42707696208413
136.0,157.8320604840356
126.0,171.75879575709735
121.0,173.3781106662318
120.0,177.42061049990028
122.0,177.0284455114413
124.0,133.50188603323912
126.0,141.15476203072956
129.0,147.48928666198603
132.0,155.90685691957563
137.0,150.5648119979513
158.0,141.85336842564143
163.0,140.03849250293877
168.0,129.33150645908398
171.0,117.50311646003911
174.0,110.15134972768686
179.0,106.51499904703442
182.0,111.43322741154768
182.0,115.44462692709763
184.0,125.83139566781897
187.0,133.04582955054636
191.0,136.78243828180763
195.0,141.78168459951718
193.0,174.91520080520868
191.0,176.67617981969792
191.0,175.18814006569866
192.0,171.62125274862188
193.0,173.93858750418585
193.0,172.85362947102516
195.0,175.5004660617326
199.0,171.51378067521944
201.0,175.61134239071924
204.0,174.08948439526603
204.0,177.1487960852745
207.0,179.74674964994836
209.0,174.3193712008938
213.0,171.11586756920903
215.0,170.77330810696287
214.0,171.72878766371844
213.0,173.5906529835534
215.0,173.93415730132733
218.0,180.27623784037053
222.0,187.21742306142778
232.0,187.44259683316932
238.0,190.62669485875853
241.0,190.580573878946
243.0,204.28466212633674
250.0,209.57441450955162
253.0,214.51928960462493
252.0,214.90576080516925
252.0,213.53375873654744
250.0,211.53371446734158
246.0,210.6277841135433
241.0,211.5123182584883
238.0,216.76431604584872
236.0,225.03455086741232
232.0,232.0867739715535
231.0,234.0559148663635
225.0,237.26148279414468
221.0,231.99081050781245
217.0,230.70118769991691
215.0,227.47636361207077
211.0,224.6403069038176
207.0,223.39727731144083
205.0,221.15910898555626
204.0,218.84227405852022
202.0,215.6085803470667
200.0,208.67980178899174
197.0,199.34471201247763
195.0,193.79749313702564
193.0,185.1744380135706
192.0,182.9585813576981
192.0,175.65703943045366
194.0,175.28225101983338
194.0,175.42474294625939
191.0,168.10695360004064
189.0,167.4600481292005
189.0,167.25322192176435
189.0,166.48290364973423
191.0,166.56442459537104
194.0,162.46531266145237
197.0,162.7983664560813
198.0,161.1606817897015
196.0,160.56883132878923
193.0,165.93940088485877
192.0,173.4740530481851
191.0,176.7081836880565
190.0,173.1191189298231
187.0,171.02371833458403
185.0,172.31464215322478
186.0,173.63178088638495
188.0,176.6142003324065
189.0,182.0704767247515
188.0,190.67997147856425
185.0,195.64326684078395
183.0,193.0540692482198
186.0,185.07736526195384
188.0,183.7531703373729
191.0,182.87373819005686
192.0,182.30357267132808
205.0,179.2738534502699
216.0,177.82451590826676
227.0,179.31865540112452
234.0,181.91920429302738
246.0,184.4352628316238
243.0,182.936986654546
253.0,181.03679699095505
254.0,182.2306188416516
253.0,184.99988260148623
252.0,188.12485218913042
248.0,193.36327083875534
241.0,186.03008955064146
236.0,205.14828813102267
235.0,211.5663501269524
240.0,214.67513493993258
248.0,215.7091173785475
247.0,225.70970519418464
251.0,222.29364602917389
252.0,225.42633162891875
249.0,225.15971472414543
248.0,228.3662280199909
250.0,227.36198341545764
252.0,225.94621467434007
249.0,219.11113314749682
248.0,202.17643072868967
243.0,198.31887398001126
237.0,219.0086075540881
239.0,233.02998325298336
236.0,232.018955383645
228.0,234.86556157986487
227.0,233.5881101194885
227.0,227.61944851294277
224.0,227.18838367150852
222.0,229.21643778985012
221.0,231.95724263689593
219.0,229.1168185369808
215.0,229.49499486585736
224.0,215.74385194893506
225.0,211.1786985637648
221.0,213.49434353004264
218.0,205.20608488019525
213.0,194.3670707810561
212.0,194.04123140494968
209.0,196.41467630704642
204.0,194.3051500495524
199.0,195.04355573011347
193.0,197.99930447623333
187.0,198.12946342599673
181.0,194.41071461371254
175.0,201.45086520832055
172.0,207.34401612658877
167.0,204.5546846320133
162.0,202.0526278424254
150.0,197.60730798573616
147.0,196.13078873104607
141.0,190.11834294169557
135.0,183.4470947894378
134.0,178.2496285090277
130.0,169.33768784333304
125.0,158.90602491437065
117.0,149.6729420430959
116.0,149.65120531869673
110.0,139.71569213398828
105.0,131.3647893013806
105.0,129.04230536986555
100.0,111.04829716542284
96.0,108.80440190036514
93.0,106.83148756210511
92.0,104.76446300519024
87.0,106.80054380168266
84.0,113.1452945104814
79.0,102.05783464412325
76.0,96.51558726431026
73.0,97.45829341279179
71.0,96.83856061929816
67.0,95.89135098910866
67.0,96.7980806128544
67.0,96.50463894523327
71.0,96.34073901830676
76.0,96.33265013138312
79.0,96.89211383289793
80.0,97.26087896062826
81.0,97.63784038949925
80.0,98.14019341566132
79.0,98.8220371864355
79.0,100.99949476081865
78.0,101.86786061581716
77.0,102.13835684052617
76.0,103.58862128660326
75.0,104.03021698506923
77.0,107.82566295848886
79.0,109.70313148368824
83.0,112.50030326940208
89.0,112.16623321174184
94.0,112.34771986321904
99.0,111.77629079962894
101.0,110.54228768672627
105.0,110.51052762622068
111.0,108.36710576157397
118.0,108.5286169814024
125.0,107.23562926981229
135.0,108.29242660930852
120.0,111.5438013600516
130.0,111.31541124227941
138.0,111.72040749455272
146.0,117.49956443676884
151.0,120.56812134130398
156.0,130.71525641543167
161.0,131.86199573141232
166.0,133.42370039487415
170.0,133.21193142768226
175.0,142.54529123793571
178.0,145.59931212393877
182.0,150.3551830655311
184.0,138.96228498387552
185.0,145.0198050046792
188.0,149.40789181885864
189.0,151.69233359369548
188.0,156.2225269559565
187.0,158.02342991782234
189.0,156.07247182929387
186.0,158.82408231091418
184.0,159.19506392950052
189.0,169.02096616039708
189.0,165.0680198607033
188.0,163.31397931474552
186.0,166.0652764074573
182.0,161.92121244131775
179.0,159.45785259625015
177.0,158.7270135315573
176.0,157.25364655044046
175.0,156.76514523557154
181.0,158.66429185281226
186.0,158.21611744752684
183.0,158.34168286528833
182.0,161.35896134464025
186.0,161.95660013363766
190.0,155.3073604050784
195.0,154.40898456820818
195.0,149.91944448199715
192.0,145.48398200124072
188.0,147.18112627225963
185.0,150.2734282075593
180.0,152.81205182816083
176.0,161.09451030458922
173.0,174.22330336623844
169.0,169.83173987599318
165.0,165.16533834968524
159.0,170.53445654307313
152.0,174.1532489641816
148.0,182.1604737086543
143.0,182.03955201431887
164.0,175.24442403548258
164.0,171.48754698297847
165.0,170.19494497537966
166.0,161.10413565416667
167.0,159.29702617647658
169.0,159.67749496305498
170.0,153.25496607892177
168.0,145.67362956816632
166.0,136.60833719628351
166.0,121.11043393357546
162.0,119.44648335111218
159.0,119.2958774011361
153.0,146.60738125973558
147.0,165.37700694189246
141.0,164.3512499558075
137.0,162.63719803164037
133.0,162.27983586391133
131.0,165.95197247470836
131.0,168.88996379263884
131.0,161.36514808420364
132.0,156.62043051776578
139.0,156.5412126843453
140.0,153.64614209897323
143.0,149.84367242956043
147.0,141.77784560126574
151.0,129.6227169547641
154.0,129.34266109965162
157.0,120.72210449638915
158.0,116.596835860475
159.0,116.49594608223407
161.0,118.8547038070407
164.0,121.22032322040216
167.0,132.053447126332
167.0,141.0599842851293
168.0,146.94552903222498
169.0,152.1550360707642
169.0,155.19261413347147
169.0,161.56541913858254
169.0,166.05186388039297
172.0,168.3394722008217
174.0,167.20419882607698
174.0,167.1833030854653
174.0,167.2960337826051
175.0,171.9907384065403
175.0,171.17667720469785
174.0,169.15152411600621
174.0,168.52881647588435
173.0,169.18654144948405
173.0,166.84095531522658
172.0,164.54493179092907
175.0,163.17636309430702
181.0,169.42818047319523
179.0,178.51214393072144
174.0,176.17817437891563
172.0,174.96913029039135
172.0,175.86664664505443
172.0,170.21124643648184
172.0,169.43032266314756
169.0,169.30733964373565
166.0,163.75613377639897
165.0,163.96454115522928
164.0,159.91902820264235
162.0,171.81841876486854
160.0,174.88793389626184
159.0,169.68865787736604
162.0,164.3598340785046
163.0,155.47507964275192
160.0,154.690457015391
158.0,156.90389561149934
158.0,159.2602522149902
158.0,155.09609988669106
158.0,146.1949918218303
154.0,147.02620762990213
152.0,147.1329850610656
151.0,147.55272947276237
149.0,148.38710974934
146.0,150.4552021908568
146.0,156.19036902639647
146.0,157.18657002545402
146.0,154.18588856241283
145.0,151.18211088448163
144.0,152.0739967873979
143.0,152.950301622113
141.0,154.10048797053045
141.0,146.02024562732228
141.0,139.7388864917454
140.0,138.927212459768
139.0,136.59168672647775
139.0,135.3051693285879
138.0,135.74587053002443
137.0,137.28724892999807
137.0,138.97791197719667
138.0,139.58652213219403
137.0,140.38237308612815
135.0,140.99482415669354
135.0,139.8766194770657
135.0,140.86830649680286
134.0,141.66449295092522
134.0,134.621777247794
134.0,133.76024540580994
134.0,134.39469741352497
134.0,134.504211424519
134.0,135.2892990738937
135.0,137.22620996449663
136.0,138.9500805528013
137.0,139.43595607228386
138.0,138.14350186967343
138.0,139.2487261139869
138.0,139.01319017483846
137.0,137.0554038140164
139.0,137.59276182411747
140.0,137.4035931345617
140.0,137.81336176788116
141.0,137.97687333937856
142.0,137.793872831798
143.0,139.66605662497992
144.0,141.4920441987176
144.0,142.06605290896655
144.0,142.8720927605862
144.0,143.1772343115918
143.0,142.72922321851144
142.0,141.4568240691699
140.0,142.86870612003295
140.0,143.84286524748015
140.0,143.42750766896017
142.0,152.32467007189314
144.0,155.57061853338416
143.0,156.66696234792744
144.0,158.7124429549378
145.0,158.77950333420137
146.0,158.33862618347342
146.0,158.11836402335538
147.0,156.03713653385032
148.0,154.56468258011026
149.0,142.0594719355016
150.0,141.23438938959885
150.0,140.8128965546925
151.0,153.972287522664
152.0,158.13516410531395
153.0,155.8220860859909
153.0,157.6172884978133
155.0,159.29339995640808
155.0,160.28081061320785
155.0,159.98909587079774
158.0,159.46130860439348
160.0,159.40121936084353
162.0,160.47027382268482
165.0,164.24811756793966
169.0,163.76794713382324
172.0,165.2665409113703
173.0,166.63458829508417
174.0,171.9368924570085
174.0,171.24574724441806
175.0,174.85711831560735
180.0,174.31113682293986
186.0,173.68957185209504
200.0,178.182683553325
211.0,182.95379039030334
220.0,185.71703307276812
225.0,190.1610696800355
229.0,194.18561272365963
236.0,196.64051696091033
237.0,195.60766559266642
235.0,194.16998918531257
232.0,192.53552270949507
231.0,192.34443395597225
226.0,183.7390034898818
217.0,189.06573651408027
206.0,190.76310468977462
197.0,205.82224984552167
192.0,204.89007815732595
189.0,189.94015500005867
191.0,190.56647983948773
189.0,200.7497027579627
183.0,208.51797832784888
178.0,191.02598536829805
173.0,180.49408758409677
169.0,180.56505767177842
166.0,171.67290543986394
163.0,151.72359620809925
158.0,144.0646038265846
152.0,137.89585216734824
148.0,130.1801491666248
145.0,132.41583788686418
142.0,136.94033940967128
141.0,138.43384946621413
137.0,136.808577520497
134.0,137.10925590158084
131.0,132.89765375832377
128.0,130.53405149506747
129.0,130.83017468892479
130.0,135.1791627108787
127.0,130.78378708976064
123.0,118.53834571224958
120.0,115.71390500919046
119.0,116.64284707334266
118.0,118.1156098290651
116.0,119.4911346508197
116.0,118.53495335689813
116.0,116.44474389139907
117.0,117.42186123660002
118.0,118.60079292196129
120.0,122.29173943520436
119.0,126.03887141580246
120.0,123.38425273830885
120.0,108.16682553596536
120.0,103.96666520614453
120.0,104.20930395174845
119.0,105.6824419748931
121.0,104.51978756309614
123.0,105.93493933812175
122.0,108.08835057631148
121.0,111.3355188522114
120.0,113.31476680082025
124.0,118.74813136294792
130.0,119.95731116001237
141.0,122.6021168196995
154.0,125.03984102761278
167.0,125.76981242282874
177.0,126.34752249596438
185.0,126.64197345343264
189.0,128.80575480603724
195.0,133.65663870297155
199.0,137.75869744194094
203.0,137.01587964953382
209.0,135.14009702133268
216.0,137.91279868189972
221.0,155.01302587080838
228.0,156.0990049287761
234.0,173.90497381395963
241.0,178.53429231604835
245.0,179.54225766570934
244.0,183.17852991481988
244.0,179.6307091023586
241.0,179.24712635502524
236.0,180.91122562809335
234.0,181.85139127515563
232.0,184.75657423813152
230.0,188.338092521184
228.0,189.53383563450762
228.0,191.57166227083908
225.0,195.8532742763291
225.0,214.21954716370456
225.0,216.8064030361991
225.0,211.7832296983471
228.0,210.57850585453727
229.0,205.09071996749924
229.0,188.91872033900088
229.0,181.55308899641028
231.0,180.57116025126084
233.0,181.46133697044306
234.0,182.43811713972664
233.0,184.60732636093792
235.0,178.49631414044538
240.0,177.0203292335013
244.0,180.52481475470614
251.0,190.54599839671116
257.0,200.46275258366106
251.0,204.3157018538324
244.0,205.32599124582885
240.0,205.32302249477974
238.0,205.94020582954678
233.0,206.38821010330048
228.0,204.8007832269608
223.0,202.28445161309432
218.0,204.88506518774275
215.0,212.53805171846534
215.0,216.11453107841425
214.0,219.40076556935864
216.0,227.48264091800954
223.0,218.2569894163173
234.0,212.3081739798072
244.0,208.47788851566108
253.0,209.00949801340343
259.0,195.4231916444737
266.0,191.82687411864643
270.0,187.32410038984193
273.0,184.47824025982734
274.0,180.34653305716571
273.0,183.5558925057972
270.0,186.4519392315119
262.0,192.82187027428228
258.0,205.43639795694529
254.0,216.0049222662323
220.0,235.9395766792568
217.0,234.11896148122315
221.0,244.14728594037456
219.0,246.9658552000133
213.0,246.57747281755186
205.0,248.09227008691886
194.0,247.02109852526294
181.0,246.31205760367754
171.0,244.84160170573574
164.0,234.8519520546681
159.0,227.51034983476782
154.0,214.93073850153135
149.0,187.2256571549207
146.0,164.85412823658615
138.0,179.07000326364977
131.0,190.42861749422406
130.0,184.45083192345587
128.0,169.8735103000189
129.0,147.2566971344645
129.0,136.5513900229761
128.0,115.03012035920962
129.0,109.58895017780976
129.0,121.79824512177233
131.0,119.81770740801183
132.0,114.13755419097069
132.0,114.01695293202879
133.0,107.72279794891564
134.0,105.72812182133029
135.0,108.48888477872784
136.0,110.73741944160341
135.0,117.36881487970167
134.0,123.02523915815779
135.0,123.5302970476125
135.0,126.36272092400918
136.0,128.9498136365446
139.0,130.41847045662607
140.0,132.5302036165599
140.0,133.73768646913916
141.0,141.56014605315877
142.0,148.5856466607902
145.0,151.12438429452564
149.0,154.36157034440794
151.0,150.74960382288748
153.0,147.66500211921857
156.0,149.41321228602223
156.0,148.590845900948
153.0,151.8839225293731
149.0,153.5015715532962
145.0,149.04265204376165
143.0,146.68937866730923
140.0,152.5119340556267
139.0,147.2669599171557
139.0,150.76366776181374
139.0,153.2306886675044
139.0,157.13332944376359
139.0,164.78948059167183
139.0,166.61871791127191
139.0,165.03457131583895
139.0,158.20157505710668
165.0,173.32825517718106
162.0,168.37848133000162
156.0,168.37848133000162
149.0,168.37848133000162
143.0,168.37848133000162
148.0,168.37848133000162
144.0,169.46189089234562
137.0,152.37048376359462
141.0,154.6661391697864
140.0,158.0427839947164
140.0,161.67231197632773
140.0,160.33400044859252
137.0,156.96925642952
134.0,154.21071305093415
132.0,147.54686393551552
130.0,134.6169545979708
128.0,131.58866930094297
125.0,134.6185461780036
122.0,134.14605303359573
121.0,129.7912362073654
117.0,127.41300924691197
112.0,130.24158886598877
111.0,132.60040205740543
113.0,134.23006888490124
113.0,136.56639728027454
111.0,133.74758986469587
109.0,128.9283617883946
109.0,128.69271327595345
109.0,128.58099501024154
109.0,120.09458351610567
112.0,116.64119045174469
114.0,115.98250795358138
114.0,114.5380101958158
121.0,105.50133982570526
139.0,100.19232241079207
152.0,105.18533854004897
166.0,108.03102878980928
163.0,103.48681666312477
172.0,103.3461086685914
183.0,104.94788234457828
194.0,106.05012646964369
209.0,107.34890014401074
221.0,121.618694794733
223.0,133.122213640366
203.0,131.99985159459285
206.0,137.18883108537813
210.0,156.9680532225286
212.0,172.3499488058246
210.0,185.34265593188127
211.0,176.6681316485375
214.0,186.97598557726582
214.0,202.0605140211474
215.0,212.6435023978848
215.0,225.97761581849105
211.0,230.5258753161224
209.0,203.39787854841447
209.0,179.42516063006212
203.0,169.0716046712558
201.0,164.471603843945
199.0,167.09228287047705
199.0,169.57622078519515
203.0,172.05522529652904
205.0,173.68510215038063
204.0,172.57763085176308
207.0,171.74175419790492
209.0,169.07217625223592
213.0,162.22722236047287
216.0,157.383369925086
217.0,157.20638700409813
221.0,149.47383306112138
228.0,153.76486040418698
232.0,159.05567176941145
234.0,168.15411296722235
243.0,174.0117858654736
253.0,186.32137479598254
262.0,185.07910291786396
267.0,193.46257972053084
267.0,195.2622885646215
263.0,201.91562204148042
268.0,203.49065762419673
275.0,203.07969487034643
283.0,203.90255369048737
291.0,208.75626076595503
295.0,211.06252242044658
301.0,209.54859306893778
304.0,216.98303831709165
306.0,214.1736257715655
305.0,234.30028841277402
303.0,243.3874668007243
297.0,242.18737198012266
290.0,231.87841370304332
287.0,240.87894250663936
279.0,242.2380371111783
268.0,244.62360410216394
266.0,246.9830909845857
265.0,249.82726777516075
277.0,250.1173085148532
276.0,251.30756401884906
276.0,251.13699988473996
275.0,250.59978530315382
273.0,248.77643910026922
271.0,243.23289454364738
269.0,239.02892609759976
270.0,236.0902215717678
268.0,219.27818645138115
263.0,211.94631360712154
263.0,208.48751488036456
258.0,209.34617498034706
248.0,210.14867136350375
239.0,212.49136660783407
232.0,216.85301869415716
237.0,221.00308207990642
237.0,222.341463259246
232.0,222.93291564462197
225.0,225.71196128001662
222.0,232.37776144239922
217.0,232.23286753871236
210.0,227.32419793641108
212.0,224.09034399524643
217.0,217.94549325587678
221.0,207.8839566562026
223.0,198.2966189827254
219.0,179.85943773461167
213.0,202.07078797534822
208.0,203.90106683277608
202.0,192.46897342304726
202.0,189.2885336252957
201.0,187.7948248007416
200.0,180.39380854695438
200.0,175.7596407508715
199.0,181.6990483799088
195.0,188.8716044891343
190.0,194.46521880407875
190.0,194.94607884847238
186.0,193.52087669457723
181.0,189.09258233509104
183.0,181.99786994707853
182.0,174.094645166216
184.0,174.30683387819843
187.0,175.5274778682968
195.0,177.70382907074188
202.0,180.17843542545685
210.0,181.31600649365583
216.0,176.67091629232948
220.0,167.67148354023365
221.0,170.46694264261333
222.0,166.0183050919294
223.0,155.62618290002558
225.0,160.92922890315674
227.0,158.95039938135815
232.0,164.94044854479858
231.0,165.92288359915688
231.0,174.32267633675878
229.0,182.05318184425718
227.0,192.98666329811803
228.0,195.23518783794563
228.0,196.6131103351316
223.0,195.84627178872756
217.0,194.39741524165981
212.0,193.37939935126852
207.0,194.82445542102295
204.0,194.19836292053935
202.0,198.98638201113658
201.0,198.17902893692354
200.0,198.38425761996277
199.0,197.57294889669657
198.0,194.0512347093428
195.0,195.42635033385827
192.0,195.5188930556123
188.0,186.89378612652575
186.0,179.69506231858344
182.0,177.19702767281612
180.0,170.04346278590342
175.0,165.83928030273538
168.0,164.6873615690262
163.0,166.92218340035288
159.0,168.66006524906618
155.0,169.37163002531304
151.0,170.5364865132015
149.0,168.56784336122294
151.0,166.18649336728407
151.0,163.42942134608856
145.0,162.56188619663897
138.0,157.5122858937421
132.0,155.4226926947948
127.0,153.6793278377094
123.0,139.29486462131035
119.0,134.1550357585359
118.0,132.79194703898045
122.0,129.64580540863173
122.0,120.13969652087161
117.0,120.329573905287
115.0,124.18296973425501
114.0,126.38715803868205
115.0,124.2556340006843
118.0,117.76969536965389
122.0,113.78380128187179
120.0,112.39628332291146
119.0,96.16149494481334
123.0,91.5223469703874
129.0,91.95414590620922
127.0,99.36631723786697
126.0,101.94172844370162
118.0,98.32104245342362
115.0,101.02098016983719
116.0,102.45574437269286
116.0,103.69642038530529
116.0,108.32357883678293
117.0,119.86887564028837
116.0,119.29606907589307
116.0,117.37071257381471
115.0,123.11975291638903
114.0,141.3326599893556
113.0,135.51429083149853
118.0,130.89309370482854
119.0,116.7254314155263
116.0,116.27995509616574
114.0,116.95619144038147
108.0,117.91030128899908
105.0,118.85996498094694
111.0,119.33264444585238
111.0,118.24740970368623
109.0,116.97827079250614
107.0,116.76127559314664
102.0,115.77493747918813
97.0,116.19481214110422
99.0,121.88264149315904
101.0,123.41143176197261
108.0,121.61678107810374
112.0,120.20217668615064
111.0,111.9269354561299
110.0,111.06061298943685
109.0,115.51828877214342
109.0,116.19541261875868
109.0,115.63873612330012
109.0,113.67888097365906
110.0,111.35730121195398
109.0,95.65039482318981
109.0,104.84132620747447
117.0,109.04282629621541
117.0,118.23656129202026
118.0,121.02439551703367
118.0,116.80384069626756
116.0,115.6069749503587
108.0,114.12666551478809
115.0,114.05807579778687
121.0,114.42735687341342
125.0,114.7163452387112
128.0,116.05653291350396
127.0,115.35911803103775
125.0,116.16638751865999
129.0,132.06995176689816
133.0,131.24018182016587
135.0,129.8570830125846
134.0,130.40510317314374
130.0,129.56486776151309
131.0,119.54062741465378
132.0,129.19282436463854
133.0,134.5144447654753
133.0,135.6464718740012
137.0,144.38780573019105
136.0,140.0443311520128
134.0,133.8513823993055
133.0,142.93525380599522
134.0,146.41314190719848
138.0,148.3108500786016
144.0,146.4968079487481
145.0,138.52237257789045
142.0,138.60736707836784
143.0,137.94482539951247
143.0,139.67213568426084
144.0,139.94484393084264
147.0,145.69316310504522
148.0,145.5813134687293
148.0,141.62576158512772
149.0,137.07117828066785
153.0,141.6718528904874
156.0,147.84696856338186
156.0,164.68252761382448
151.0,164.72468323916175
150.0,160.1821469613
147.0,159.83033247085385
152.0,160.03109004810625
159.0,161.7560880700972
165.0,164.01251575960723
172.0,164.26351467624653
179.0,162.37825531663793
183.0,162.15433842788767
186.0,173.68069168656592
188.0,175.97913028999207
190.0,194.54820087011723
191.0,182.3312620867278
193.0,159.08713585852144
192.0,145.65123486948238
192.0,152.25643598505917
190.0,168.4607796383184
188.0,175.2258413820777
185.0,182.32026420428997
176.0,187.6245069337613
168.0,190.31340989030704
164.0,189.8975819364702
168.0,187.28359191320783
168.0,184.10438042811714
170.0,181.8441355691696
173.0,184.83229701405153
169.0,179.39845815588433
169.0,179.06504866984068
172.0,174.82329800997147
176.0,171.87865010543413
179.0,171.1647275065529
182.0,154.69904919547054
184.0,135.3689963949318
184.0,134.3614834309421
184.0,149.7294743981927
185.0,149.24348409320982
188.0,158.58364848309475
191.0,168.65255915016854
191.0,160.98681301320784
185.0,160.87584960397368
181.0,170.26675850003798
183.0,181.01936149703766
183.0,178.36434917579385
185.0,181.43453814669607
185.0,185.70502623216566
187.0,185.2382287410386
188.0,183.24284504291998
188.0,182.44302714774247
187.0,190.54480320373503
189.0,196.01107377565384
194.0,196.12700954538414
204.0,189.17323381296976
196.0,177.86299836202238
198.0,185.3794241263299
198.0,185.6998807788248
197.0,188.4785806339031
196.0,189.23850140821133
195.0,190.30237430729358
196.0,195.8274491340387
193.0,192.61086847763642
192.0,199.23252773660448
181.0,200.5933652865171
171.0,191.6092395917485
177.0,206.56420137142084
174.0,194.11412928623656
174.0,201.14603102535855
173.0,201.54885823705976
173.0,193.48655423631573
175.0,190.90109407047206
177.0,188.7090531266844
179.0,190.16705605616013
182.0,178.09180062256996
182.0,175.28879348761293
176.0,161.02918039072796
178.0,149.49324144599976
180.0,159.47230211558798
174.0,164.5965096652221
171.0,165.9619228663556
170.0,164.54464829112382
175.0,167.6841676595236
175.0,173.1790934762687
182.0,176.0242434467079
186.0,173.090487660664
188.0,175.356899105779
189.0,173.37201737138156
185.0,163.188860324836
178.0,169.7265371136629
180.0,172.0578348768325
176.0,168.10684836886435
176.0,158.27259552024586
176.0,157.74758411707415
172.0,176.8120413595616
179.0,179.36665853133331
183.0,186.31387810611795
186.0,195.80446185008844
189.0,198.07831012366262
190.0,198.77840618112495
190.0,190.4452301976715
188.0,184.35728313584497
186.0,187.18025121052182
184.0,179.59338984408453
181.0,179.7495484537835
180.0,180.74733624589595
178.0,167.62266315331757
176.0,189.47078285547184
175.0,196.12757594741848
174.0,198.40492647787448
172.0,202.58191254199406
173.0,203.60954559452233
173.0,203.40666278200004
174.0,199.42920722241695
174.0,196.73148751705355
174.0,195.8227457353688
178.0,193.11201597794053
174.0,192.78223151709525
177.0,193.15143275894508
181.0,186.2836529099645
178.0,184.07181078800724
180.0,183.32892134375024
172.0,171.80748043451572
170.0,175.62967257943893
171.0,175.18023030268984
174.0,182.66054398680131
171.0,182.85619147082193
167.0,182.62790824832155
163.0,190.68314639758017
160.0,183.61464484986905
155.0,183.02815779751066
148.0,193.1244137672049
141.0,182.951622837404
136.0,182.85492546184452
141.0,162.80363867288278
143.0,158.82983474395343
142.0,162.68039636742017
142.0,179.5399139745983
140.0,168.28023510073785
138.0,156.57278705706145
139.0,155.81274052119056
144.0,153.32770179823012
146.0,144.99809953828108
149.0,132.27251138752055
151.0,126.98526121477333
150.0,121.51080929221153
149.0,126.96996492989831
148.0,130.95788408025973
146.0,132.35107090237304
145.0,139.00423668613374
146.0,137.72654749211725
147.0,138.76738865630895
148.0,139.31029503559483
150.0,151.58589191890005
151.0,151.87803238491367
153.0,153.24604003177657
155.0,153.83126856141533
156.0,149.53313383790362
157.0,142.73043370947303
159.0,139.75013056849588
160.0,138.61735342381445
161.0,137.90720850597972
164.0,139.56428896042428
170.0,140.97892100632723
175.0,141.70677344557345
182.0,147.14642583604177
191.0,149.16255691340015
195.0,156.7948073761197
196.0,155.41776832345585
196.0,158.24397862430348
189.0,160.51254656175155
200.0,163.0378207520811
200.0,164.0694464310073
192.0,164.66374977240565
184.0,168.73068647672488
175.0,173.43015527494032
168.0,175.78655524636375
158.0,176.23639264830965
149.0,178.18589995788764
142.0,176.0954405394196
136.0,174.88534815264273
131.0,172.24710077946548
127.0,159.6463984547661
124.0,178.51835490230522
120.0,177.2245535381927
115.0,160.82531764457497
111.0,156.4033739759494
107.0,148.83407811722648
103.0,136.20686743805553
100.0,123.3583575263911
100.0,114.27177022021993
102.0,110.37148010142732
101.0,108.99466093365346
97.0,105.72441121947541
94.0,103.76483252566013
92.0,93.13253451661555
90.0,90.99877993192212
86.0,91.19600773808602
87.0,92.03559525459207
86.0,92.0866670808159
81.0,90.95476547169217
81.0,87.90902789490472
88.0,89.45904944363905
88.0,99.95778191142882
88.0,96.28464364460146
87.0,80.77891462130401
80.0,80.42093431944151
78.0,80.30074477142601
78.0,80.24494124433843
82.0,80.05449710136713
86.0,80.93843451170088
88.0,82.20445429168589
90.0,80.55171427917729
89.0,80.16259091933811
89.0,87.61755526235966
89.0,90.35374636328416
87.0,92.29760197431344
84.0,91.9970397673768
86.0,83.14644067192674
87.0,79.73439008961564
92.0,78.90790352933459
95.0,82.2092714852306
96.0,96.88614394768098
98.0,104.40554013187578
107.0,110.87203910608977
122.0,108.50125837595023
117.0,106.19879035029172
122.0,105.05891249716403
129.0,96.73320957455795
137.0,90.17264675710597
146.0,94.88303823728033
153.0,95.1268185106194
163.0,104.00100932433162
171.0,104.5886540216867
176.0,104.01978480153255
180.0,108.44181988961148
183.0,119.91404998200119
186.0,143.15409124100265
192.0,135.11441219076403
190.0,138.20608931672257
189.0,150.24616414963748
189.0,152.30727979857937
188.0,162.7717494061113
192.0,177.3047221813199
190.0,183.28598129375732
187.0,176.5056446524839
184.0,181.93790207360317
182.0,174.74229668614643
184.0,173.83494580280677
187.0,170.42885740320884
184.0,169.71382049247262
180.0,165.95802946816576
176.0,162.44519528051958
170.0,161.2833206767344
168.0,161.23909199327963
166.0,163.30547239068153
171.0,162.60413143407854
170.0,161.02796479811812
164.0,160.3167846854039
166.0,156.9724227238715
164.0,165.40738383852533
162.0,168.8611010523863
161.0,168.82381293659813
159.0,159.41011318811948
155.0,157.05096103478257
153.0,142.6860707704514
151.0,142.64011893963416
150.0,144.41995622553523
157.0,160.87234057966074
170.0,161.27927042877545
174.0,154.4761306901494
177.0,152.25121687122876
179.0,156.9273842923631
180.0,157.34890328095955
177.0,156.76034502192076
170.0,157.247726871122
165.0,149.54418986481306
159.0,149.13519308406867
153.0,140.78615075650734
155.0,142.1582477877082
155.0,158.1674747110348
154.0,173.47942640371613
151.0,185.876244967746
147.0,185.27431544215565
144.0,180.78397181842723
145.0,177.73766680143515
141.0,170.95447551123584
135.0,156.7824385578035
136.0,147.15362377501236
137.0,143.14799574007455
137.0,141.79708661186686
140.0,142.5467564244711
141.0,143.23384248389507
143.0,141.49040111115124
146.0,135.3751823277401
149.0,131.25931522847463
152.0,131.22124525973183
153.0,135.0598612610159
152.0,134.89080693137092
151.0,129.0593214334649
153.0,131.09188646029446
154.0,133.6898189128572
154.0,138.22139784038563
161.0,141.47636123743106
167.0,146.76655575881006
166.0,146.99442511110243
167.0,149.2133143263978
168.0,151.80702038510802
167.0,156.4282770298033
169.0,159.65848370972077
171.0,152.11965456352624
176.0,148.6085985954326
178.0,156.02172489466722
180.0,155.43916330118375
183.0,154.67907555392168
187.0,163.48969459607366
190.0,170.10015610843897
188.0,169.68743339907672
189.0,172.87523505898218
193.0,172.2470861158606
197.0,168.30348910679805
200.0,171.54612851252082
204.0,177.41714128911437
206.0,188.5344499501657
206.0,187.80968081008626
208.0,186.38900187313283
212.0,192.1891305749507
212.0,197.4612596506089
218.0,200.7359103533987
221.0,194.20747058745926
225.0,199.81413153103375
222.0,204.51801197023698
229.0,215.5108307913411
234.0,216.94768422951358
231.0,216.8419900735045
221.0,215.59298360184013
214.0,212.73024413561495
210.0,210.20845592217103
209.0,216.62986375076886
211.0,218.26787850984869
213.0,223.48955653189617
217.0,227.56044660107878
214.0,232.53892719497838
217.0,207.3484976798115
226.0,210.8551694309629
235.0,212.23226386909158
245.0,207.18947132071395
256.0,192.50545062545837
258.0,179.36196052361308
257.0,174.0875808140653
255.0,173.36826087972904
254.0,183.51829287376248
253.0,192.01939382967288
249.0,200.09272412482838
242.0,196.8100427881071
235.0,188.88636942817803
228.0,201.8570540305432
222.0,214.05249666332892
213.0,221.83004893237364
209.0,222.5655912591155
203.0,223.4419320026653
199.0,221.57339115110815
197.0,218.44593797933516
192.0,214.20610619680664
188.0,213.19746103190968
188.0,210.44961664917264
190.0,208.16896574082793
191.0,198.45211720806338
190.0,189.59928193432717
186.0,180.5604756320831
177.0,165.86630463881826
178.0,162.57516962047555
178.0,155.5313869791397
177.0,156.08700119147198
176.0,156.48430963835457
172.0,150.4398207509939
170.0,151.3438043975272
169.0,152.87466226376014
167.0,156.70645156146293
167.0,159.09446629861907
166.0,160.67946391511495
166.0,161.61830937912904
168.0,153.20211824744692
174.0,153.29875030985892
179.0,155.46386299201575
179.0,157.7952787214378
180.0,159.58575109106104
181.0,150.9346578145702
183.0,148.17902561518773
186.0,148.01733939048373
189.0,147.4441109899429
193.0,149.6842358154225
204.0,150.52415684911645
209.0,152.42042519261184
183.0,153.13421827422403
183.0,178.15959496205667
182.0,185.2017245546769
182.0,186.33617027542664
182.0,184.43656965733916
177.0,185.62786520193336
174.0,190.3156921963811
173.0,196.34287764720688
171.0,202.1019937611925
167.0,207.57468417222535
159.0,197.98648707330236
152.0,199.89310285525295
149.0,165.38523110924345
148.0,160.38905492058961
146.0,159.62966713019833
143.0,161.0287184496321
140.0,161.7639199446347
138.0,155.54525602995503
136.0,156.26787572482405
135.0,155.78755176339263
134.0,149.39018209061905
133.0,139.16185612812325
133.0,136.70728190250549
132.0,123.55802577899914
132.0,119.12907369610654
133.0,119.6876730724823
134.0,121.45127766101216
134.0,122.78778533693179
133.0,120.23120651533452
132.0,118.63080644435973
136.0,120.07600731865553
138.0,122.83349327544198
139.0,125.92038368690979
140.0,132.20718690662198
144.0,136.54833214565758
147.0,131.38155448362974
151.0,131.78749442002243
155.0,140.88484965485998
159.0,147.1011210090626
162.0,147.68829481118465
164.0,141.6963949859369
178.0,132.343053742446
182.0,154.31230701841312
185.0,155.81710269912267
187.0,155.46205043379808
189.0,155.17231312203467
190.0,159.71869555982644
192.0,158.72325236919568
193.0,169.05652682605628
194.0,174.7726435929469
195.0,176.64127077478474
195.0,180.04723392936833
194.0,178.2160059191285
198.0,192.2670815142555
200.0,191.99899832485232
203.0,189.72975034068764
207.0,186.22080161491976
209.0,185.79738268251015
209.0,190.9844239922828
206.0,197.45125865436867
201.0,197.82645717686768
195.0,197.51676551346654
188.0,204.90153765436028
182.0,203.88890541774947
175.0,193.6712742292796
166.0,207.2788435237243
160.0,208.95218398659648
157.0,200.7541016823414
153.0,198.47709854314704
147.0,194.97558448424954
143.0,194.8734621914509
144.0,195.118975017543
143.0,191.1782408054226
142.0,181.47733094956266
140.0,163.09613610486292
144.0,158.6692131136256
145.0,154.12625833507164
142.0,131.93704566803794
138.0,129.68953084053615
136.0,125.76846809699013
134.0,116.37475475148183
132.0,115.0539727653506
131.0,114.27992342587612
130.0,116.16967989232458
130.0,120.24426095863065
128.0,120.03688382196836
128.0,119.21541455433909
133.0,130.45869991130564
136.0,142.06397446386737
135.0,138.07159426468283
135.0,128.9367807343267
134.0,128.0926166102235
131.0,126.51336487287207
131.0,123.37518868105916
132.0,124.03032257409974
134.0,124.53150269417625
132.0,126.30235047561818
133.0,125.34463402797802
136.0,125.84525655333744
139.0,138.3261264242388
139.0,150.63338578575545
141.0,146.83237231139069
145.0,146.06395915873003
145.0,142.5618610205525
141.0,130.12832051593236
140.0,129.74905943466325
142.0,131.12276354161003
142.0,139.57722920908196
146.0,134.1197390189522
152.0,137.06091372207084
154.0,143.4947959951945
163.0,145.52092397988517
170.0,145.6082385477104
175.0,154.62178668483972
180.0,160.75963271735006
180.0,159.444845100463
179.0,152.39366004905716
182.0,143.88262354840654
185.0,153.9792809465011
187.0,154.24942056543895
193.0,159.38497914924545
195.0,169.7420395609307
196.0,174.48771076588002
197.0,185.9190563414219
198.0,193.71853559704098
199.0,198.73140486000028
201.0,200.3983978551982
198.0,198.04582412614607
197.0,195.38266086907058
202.0,195.24894472946986
209.0,199.97324713374206
214.0,201.86576016605125
220.0,209.9042616192171
223.0,215.9066146517109
224.0,215.45671907234467
225.0,215.08526697973227
228.0,216.28265066142484
230.0,215.57101223074045
230.0,214.98564278502363
230.0,210.9702712962796
233.0,205.72789498480924
235.0,207.79370725894321
236.0,211.26429591623761
238.0,224.52792736372072
240.0,230.24882211568277
241.0,235.23078345874254
243.0,235.79723396315794
246.0,235.47866415843714
250.0,234.8581679153093
254.0,234.37860177834196
257.0,232.3627128556961
258.0,231.6868316728733
254.0,231.52879692639414
246.0,232.04397949403779
238.0,233.6615452029631
232.0,239.12308109806676
230.0,240.06572139508387
224.0,243.05578515466843
226.0,247.03711483585408
223.0,255.9633140637494
218.0,233.7748618989781
207.0,230.86308410637773
201.0,233.56177821118203
193.0,231.50162508229687
189.0,222.46383911417857
185.0,219.4829543496063
181.0,212.56663920256557
174.0,197.00525343815983
161.0,195.20482522857336
166.0,186.89543436579532
163.0,186.74485533074846
157.0,186.2892807102621
148.0,181.50065628884283
152.0,165.01773968944622
155.0,158.25387927943908
157.0,144.98276626701374
157.0,144.021207102782
155.0,146.1679729857718
157.0,139.4494809085174
160.0,142.23941405523985
163.0,121.3827599865227
169.0,124.408123464753
172.0,130.1383736428558
178.0,129.99044182708306
180.0,114.94757085759417
185.0,120.04205654862166
194.0,138.21397911836448
202.0,141.7353516021883
211.0,139.54451238048856
221.0,136.0134415541753
227.0,141.62167778733357
235.0,143.4513877455347
245.0,146.46863251161173
255.0,153.8370395841647
265.0,158.93308223960005
271.0,169.60305824570167
274.0,165.30906809097797
284.0,174.82843546743638
293.0,178.87664640566476
301.0,188.665736135636
300.0,201.4378214756145
303.0,200.7063213896731
312.0,188.9347688882797
313.0,198.79024959390156
306.0,211.41288583052275
309.0,219.59275636878854
304.0,246.4895803814594
300.0,248.66119030185183
297.0,247.79557537553177
291.0,250.10607107516455
285.0,252.62917931558974
278.0,254.54566946772522
272.0,253.6080069568165
264.0,257.13918041464046
257.0,263.64836592606474
254.0,262.524642890286
249.0,254.67020383418608
245.0,254.7625686641757
238.0,249.48158976008315
230.0,241.83324548380568
220.0,237.68576677500621
213.0,225.37350991001531
206.0,221.38510276687163
200.0,216.04090118404434
196.0,209.4191658291156
184.0,207.28282134242863
180.0,201.28150304442266
159.0,202.3253873709559
154.0,200.55251955077665
149.0,196.71122072070378
142.0,186.70552384305827
146.0,169.7923920230518
135.0,169.52930103348277
123.0,163.26992132309573
120.0,157.22330906278015
124.0,151.9741085932846
129.0,145.21058205417617
138.0,137.7009283573577
149.0,134.93600660037797
161.0,101.6016105803985
173.0,108.65581527342113
183.0,104.08268307471914
188.0,102.59525166725163
194.0,119.30342194350452
199.0,113.52784911996267
204.0,100.5007835764654
218.0,95.5082004476889
225.0,101.67157908827807
224.0,127.36896936629181
225.0,138.16738867748214
230.0,157.911491390938
226.0,156.67171512202304
218.0,169.68379617673224
211.0,182.53640194617287
206.0,182.4240675325121
200.0,181.63569527155443
195.0,191.2159962958917
192.0,193.6598616732361
190.0,200.87001994436065
193.0,208.72803185052814
196.0,203.98182396753083
194.0,205.05689570383691
189.0,208.8768685696665
185.0,201.80408867311075
187.0,181.7556677650152
189.0,171.97043811739942
189.0,164.78720652784247
188.0,150.120080448444
190.0,143.90119297874833
192.0,142.03896234722157
191.0,142.16737515726962
191.0,149.71832430615441
184.0,159.45036302493003
180.0,153.79344097319753
180.0,149.6379583714895
181.0,155.91098717034356
179.0,161.43570586143133
178.0,167.33273643983685
180.0,168.00839510475424
180.0,173.29390759127276
181.0,176.8838931162963
181.0,180.55540730878184
184.0,179.25329524366498
186.0,179.2433420507177
188.0,171.7845781687159
194.0,161.9809139189178
199.0,163.95174540731105
203.0,168.74795403510043
206.0,168.90681666420502
207.0,169.35440021218184
209.0,171.82749166506167
210.0,180.1281181557234
210.0,181.51361835197494
205.0,182.27479373813793
197.0,187.85831697410103
187.0,191.05386370138433
179.0,195.85936124555857
169.0,204.7967209982924
157.0,212.70497115554824
144.0,214.4746519563598
130.0,215.81867426133766
117.0,214.01614850128868
106.0,210.7074229862495
95.0,213.55270491233432
87.0,210.59818158408214
80.0,192.98495147750134
75.0,178.249906484187
71.0,165.3072704854857
71.0,154.68426793708622
75.0,137.89239717344338
81.0,122.53007710676319
85.0,107.85097362070171
89.0,99.14746229675083
87.0,98.64352895672103
82.0,97.25654386386789
76.0,94.48035269062277
72.0,92.83935908559235
68.0,89.43261107124584
65.0,87.9296968738287
64.0,87.61356319255725
62.0,88.02214905385561
62.0,89.34067276207347
64.0,91.18036572117836
66.0,94.00641655149
68.0,97.92586805899101
65.0,100.09098375196058
66.0,98.6833191369192
72.0,97.70771577236742
72.0,97.68752405347507
74.0,98.78363894125263
78.0,99.44217341725131
91.0,98.67652821811797
106.0,97.48987615280595
116.0,97.4443249684349
125.0,96.94174269784519
127.0,98.43051069384973
126.0,100.93793165708546
122.0,101.53895716513227
118.0,102.62746713736041
113.0,104.13690060386062
110.0,104.66999539731584
111.0,109.73886327868931
113.0,111.67943992082473
114.0,123.14333086427763
115.0,145.52796845630192
115.0,148.46706888661814
113.0,158.41115590477196
114.0,169.91478700930395
113.0,155.58564466133362
100.0,138.85396189783287
100.0,132.9087044016011
101.0,126.71783152567036
104.0,121.14802582605503
107.0,119.99168394891433
111.0,124.48548274710413
114.0,130.5769327762113
107.0,131.24620939229726
102.0,129.91748936687966
108.0,125.10666660639384
111.0,129.02324824230072
118.0,127.62178067257226
123.0,115.77278001805628
127.0,101.68675949713673
130.0,105.03602523082107
132.0,112.44843610311305
134.0,115.16179053711782
139.0,123.62771014789024
144.0,140.06802671537417
143.0,118.44827351397072
142.0,113.41468148073726
143.0,119.1704840623008
144.0,119.69603488224064
146.0,134.51820420297867
148.0,138.7085935757557
151.0,148.13041701688192
155.0,147.2407601587639
154.0,144.50192306063357
153.0,144.33655619074355
152.0,148.30295403007452
154.0,154.92571907500889
156.0,150.2148914279644
166.0,148.9977483177821
175.0,153.2985081225623
182.0,157.2137555740217
185.0,160.64721697469903
184.0,161.4359889888534
185.0,161.97875757663647
186.0,165.31794764831994
185.0,161.08272456635697
188.0,159.24362185548816
189.0,153.70913814809484
191.0,159.18423004942446
196.0,162.69980744106905
196.0,177.2583871988523
192.0,188.96302677059418
194.0,196.78402806990982
199.0,197.08294072123388
202.0,192.92810127337643
206.0,191.86961821255682
206.0,194.98977092351515
207.0,193.9687276443385
211.0,196.06125770842237
213.0,199.45696041607758
210.0,198.79039717215986
211.0,212.54563255027378
212.0,212.02436463751
209.0,197.30861984441418
206.0,198.19406557768227
204.0,200.11824759403075
202.0,202.35630691006216
201.0,204.87013156479503
200.0,202.51474253674286
198.0,202.74742807335235
197.0,208.67667655943177
195.0,208.29924443074825
193.0,205.36093814174998
191.0,206.72075668039406
190.0,209.2037593927466
189.0,203.1104256978424
188.0,197.1211268515731
185.0,188.2128533089042
181.0,182.43013307646905
182.0,183.21337171242791
181.0,184.04566335510492
179.0,183.11554812890014
177.0,179.9582597817814
176.0,178.1847177373762
176.0,171.63095754901346
175.0,172.98283621359633
175.0,174.75721934876867
177.0,177.19704228618323
178.0,178.74470604735203
176.0,177.24292187921736
174.0,168.05902149617413
174.0,168.89680374166238
174.0,169.03711219465396
172.0,167.92486209714914
172.0,165.42592474034853
171.0,165.99330021388923
171.0,167.59123894184629
169.0,169.58024972131162
169.0,172.4285455425376
168.0,175.78699321447488
167.0,180.77358677955615
166.0,173.88204934675207
163.0,172.39578211620434
157.0,172.73225184201425
149.0,174.19150277007918
140.0,163.17274024346426
123.0,164.0942396471122
139.0,165.00263184048563
148.0,167.2309587854954
143.0,164.30969341643586
140.0,167.12430864509167
134.0,167.35296261288582
143.0,167.94802227414667
154.0,171.15874391408954
150.0,190.63765174641975
156.0,185.99889799667378
146.0,166.73424240949663
149.0,150.58900258725927
147.0,125.05217782774834
129.0,128.19242762212616
124.0,145.50107137319182
129.0,149.17451040585271
142.0,139.83198288021512
151.0,132.93996746583872
156.0,141.81247927534454
160.0,167.42082987558018
160.0,155.72951673750939
161.0,165.75831455377724
145.0,141.49297457181078
125.0,143.62806984022322
111.0,138.8248249205563
118.0,121.78470883552579
132.0,110.39428016986079
134.0,123.24211088465141
125.0,151.86687697151746
120.0,162.58466278178486
115.0,172.4485686391009
113.0,171.56732448529897
111.0,169.93755828149335
124.0,167.50808902678318
135.0,139.1216651316336
137.0,117.31252254731886
133.0,119.03509999088615
142.0,107.98069762995121
148.0,127.89169512056891
149.0,136.67864970610202
143.0,116.85937649612602
137.0,113.93442167200396
135.0,109.3714188967195
133.0,107.8350963685283
125.0,102.45503187208578
117.0,120.33631215767551
115.0,147.87574919636202
112.0,146.60551567284875
108.0,138.81761375273507
103.0,152.4221593427408
103.0,157.52183804685788
103.0,156.69129110762228
103.0,147.02340148896312
81.0,134.3596454288755
77.0,130.88838800276514
70.0,126.46833278903638
69.0,120.95102634899112
70.0,109.26438775572001
75.0,104.60086245377822
79.0,102.02091940800753
80.0,99.23264249192137
85.0,98.25600520580039
91.0,99.61545594647704
93.0,101.11504520634564
102.0,102.48752278855825
109.0,101.42305166670073
115.0,101.40444974562118
120.0,101.3903892053571
127.0,102.11054037374672
127.0,102.39151096903002
129.0,102.91671755286124
136.0,101.95650165046476
144.0,104.18044942525826
150.0,102.06484780641253
152.0,104.30059534528066
154.0,110.87456035045611
157.0,144.54253290751032
159.0,147.1848577773263
159.0,144.43917813149088
158.0,140.88356226879839
153.0,153.1061244010679
150.0,147.80040041281475
145.0,140.50807325766428
139.0,142.21256883261765
136.0,146.22132719592835
133.0,150.34651455930697
131.0,147.60094160515752
130.0,147.74972641506542
126.0,150.65958403041637
122.0,152.58991832697143
116.0,151.67652852771485
114.0,149.7598524732629
114.0,140.71012024850364
108.0,134.30036840612684
109.0,128.2317938322357
112.0,121.04955563935658
117.0,122.41322263226223
123.0,120.76580590745347
128.0,124.40442901728962
129.0,127.33338492290662
126.0,118.95173744038229
125.0,109.10812190147675
123.0,101.29244192410262
120.0,100.96990441248452
114.0,102.3154122075252
108.0,99.73317915747951
116.0,100.60673397536574
121.0,107.57166563372951
121.0,117.73953330361716
119.0,124.8366329010943
120.0,144.53927207641127
122.0,140.9777122570559
123.0,131.20063827743465
122.0,126.31978483914752
117.0,125.19931858648556
114.0,122.97152695084803
119.0,121.88604922351954
122.0,119.58794974416256
122.0,121.09453732888203
121.0,129.83957778263047
119.0,129.85289849875733
120.0,126.26961602980579
119.0,126.361042764997
119.0,128.9694873049914
118.0,130.74435615845817
115.0,130.59360214263305
112.0,127.51143759927811
112.0,125.85642731689627
114.0,131.13389776265376
114.0,134.47434188967543
114.0,133.30811223290203
114.0,130.80795209926862
117.0,127.97068479082094
122.0,128.8621834992832
124.0,128.5689071894478
122.0,128.35818217825536
125.0,128.03296911787427
132.0,127.03440613406077
138.0,119.66897608779325
147.0,120.37643677885634
144.0,122.91212116483457
146.0,125.22672556804218
148.0,124.9108769976189
152.0,124.71017325981744
156.0,128.46341716353058
159.0,133.04385088893443
159.0,133.519388519843
160.0,131.8716097396197
163.0,132.99805742038035
168.0,149.05530296494143
166.0,154.6012312440365
167.0,171.014454286471
174.0,166.718854411813
172.0,165.93109292184383
173.0,166.00389520589252
179.0,173.76292318339833
187.0,179.29645065672253
195.0,179.6470245123781
198.0,176.6220766021991
193.0,176.28919861265572
189.0,179.9971992386948
187.0,187.48140384902285
185.0,183.22593658587138
187.0,183.17714008764383
189.0,193.21595379690245
188.0,190.62824005904508
189.0,189.9287677160199
188.0,190.91890330473055
188.0,198.75806793753478
188.0,215.69172809083022
184.0,219.44477544969442
182.0,208.75898620766867
177.0,201.78968849607156
195.0,194.62640123879711
225.0,191.55954750056648
244.0,191.59309653295907
253.0,194.78082584935748
244.0,193.4950719325913
235.0,192.90955688817527
242.0,190.97656264129117
258.0,189.96756125252753
254.0,190.01023680008186
245.0,189.43057736432354
253.0,188.39666435008962
259.0,183.87287608486588
265.0,200.46747980816824
273.0,227.27286515016038
282.0,228.5304871512387
278.0,226.73374614984624
267.0,214.74880619480837
271.0,209.0281913759889
271.0,224.34553284615023
269.0,248.86027942200937
253.0,237.1924700824877
239.0,226.08419008027005
247.0,234.195821804964
243.0,253.23840543991756
235.0,259.6006585697796
246.0,261.64392903692095
248.0,262.77323232207146
248.0,261.2357066402147
247.0,257.2500807118458
246.0,252.51806771715542
245.0,250.42626965601875
243.0,249.7859801672537
241.0,214.0576470468438
236.0,193.98861591705486
232.0,213.35296433331834
227.0,198.25698497588073
216.0,179.46835815365347
212.0,216.51437393404223
208.0,226.45705190813504
204.0,224.78412538149024
199.0,225.79121907785625
193.0,216.28652047373623
187.0,216.23512675760352
184.0,213.94819118067292
181.0,212.11155225241592
177.0,202.73532799589955
176.0,197.2100728266554
176.0,193.51682493613438
177.0,178.43567255883997
176.0,178.14650763734178
175.0,171.85211873757953
175.0,170.12391252221744
174.0,166.6223202390539
174.0,150.80470729107535
174.0,149.0104281295179
174.0,146.7566913375685
174.0,142.93565790137296
176.0,143.9844692661675
180.0,147.0576297079648
184.0,150.9998014311223
177.0,153.13353656226036
174.0,154.36062358475715
173.0,156.12844432019142
177.0,159.98160112617012
181.0,164.44574075992
184.0,167.68605077778298
183.0,169.7147661190573
184.0,170.82553784303767
183.0,171.91281903252403
175.0,171.199423827189
169.0,177.21129542707803
156.0,184.89577972804463
150.0,173.7843619846822
163.0,171.5660436044476
174.0,165.20951756451902
179.0,174.10236152079713
179.0,187.0939694468523
179.0,191.77536059220762
179.0,190.0944690523219
179.0,191.05370639145582
179.0,189.68555199968648
179.0,179.52221011245467
180.0,168.98567436134024
180.0,161.20434169910928
184.0,148.48105692143244
184.0,156.30477423893046
183.0,189.42160328063738
181.0,199.41464061140385
183.0,199.72688832080487
183.0,198.0484102783927
179.0,196.61137009403103
184.0,196.30516392855688
190.0,196.02218217278565
191.0,195.83097802766054
190.0,196.96043684207413
188.0,196.71546891156498
191.0,200.54066820758555
193.0,200.28271001539395
195.0,199.645277707943
196.0,197.36999197388627
196.0,199.02823103372702
194.0,199.29585386230593
193.0,196.28022477534287
191.0,198.0924156280621
188.0,204.24823462880914
187.0,205.3691738992692
185.0,200.93122686361815
183.0,185.10362811427407
182.0,186.0148756242752
182.0,186.0493702641017
181.0,186.08406319521455
180.0,185.57885327620997
177.0,184.58066197495594
171.0,178.00913609402454
169.0,176.1740206053816
165.0,173.73786240634848
162.0,171.85610235388575
156.0,171.64132427191853
155.0,172.4481247946824
155.0,170.62911794989506
152.0,169.28935418176448
150.0,171.3248337248706
148.0,168.97782633265496
144.0,167.76300483554573
143.0,164.48860819097632
140.0,155.78385135018428
139.0,153.00119472136154
136.0,147.10135235197512
135.0,148.47829220380163
133.0,141.62183044618382
130.0,136.53113925309634
127.0,139.12471197484854
125.0,131.19805835131083
123.0,127.98175096913982
121.0,128.35211974405303
120.0,131.77330942144874
117.0,130.9337195962992
116.0,128.7341803759787
113.0,129.01663598921297
110.0,131.06112369825712
108.0,130.50483798988776
108.0,127.07473875887794
108.0,122.8440626905257
108.0,121.55641659502155
106.0,112.85866631088136
106.0,112.58872165852391
105.0,110.8906132883271
104.0,110.5624936850005
104.0,109.70085353818904
105.0,108.36322235822165
107.0,106.44676848595368
102.0,103.49134554817692
97.0,102.83932184896709
93.0,104.18280248595762
99.0,105.6329516641089
105.0,105.59472426639557
110.0,103.5263784952679
116.0,104.17446376424179
122.0,105.44998292893794
125.0,106.33475403834528
127.0,108.79185983966333
126.0,112.40644840844644
122.0,115.79165277410596
126.0,114.40441512202833
128.0,111.52352602179008
129.0,111.90870792316348
124.0,115.03706586823755
124.0,122.2153576227753
122.0,125.8543677482827
119.0,142.91014459040647
115.0,145.20689740190355
111.0,145.00448829294842
101.0,149.7213096295648
95.0,145.19420236521654
99.0,138.2171463188262
104.0,144.20288464444758
107.0,149.3260741019937
110.0,142.2269049225444
113.0,135.8489986771131
118.0,135.16569158329213
123.0,135.678702787361
128.0,136.53345533346098
133.0,132.56332332665193
131.0,123.23525912138598
122.0,114.95434188173442
128.0,111.49606071817416
136.0,113.20290203409252
144.0,116.77408350263666
141.0,118.86823287524676
115.0,123.95384468014271
106.0,129.9626588128806
117.0,139.1836846523951
129.0,145.40548473956787
109.0,152.0595561082141
112.0,150.89324342226325
133.0,144.8488984161011
144.0,132.44695742361452
146.0,143.8521891130841
155.0,152.76310690171988
163.0,164.19486988965636
163.0,156.3647747011651
162.0,125.1405942620791
146.0,123.99210304760898
140.0,117.09014269081564
140.0,146.96125330155704
139.0,124.74068576880644
144.0,116.20056783514352
147.0,148.41896410499837
156.0,157.5029555238636
163.0,155.5356255813275
156.0,172.51468898873438
151.0,175.67996177045814
133.0,170.06172317869877
124.0,163.69550210680762
129.0,136.66042045050352
150.0,125.15537671008136
161.0,125.32937212825473
194.0,126.5976091100602
224.0,137.13688527304734
220.0,142.80046124328965
157.0,166.99417902520094
109.0,170.67983060902762
161.0,160.53599487227038
155.0,142.28478147153126
127.0,120.54419778143239
159.0,110.7500733975606
145.0,118.330223801395
109.0,155.5600308465554
100.0,175.66996218986478
182.0,201.3912597600917
215.0,200.78791567495077
186.0,197.26722532148534
155.0,134.1986455969724
154.0,119.06955614266509
196.0,135.50944330886745
241.0,131.6243466858715
273.0,122.36111611132323
286.0,143.5252588564092
277.0,138.06346039205448
274.0,100.79605310072247
276.0,96.70733880699571
279.0,158.97435181707894
281.0,186.6007497471603
281.0,163.9795642893634
279.0,139.62932867337187
277.0,134.85407089065305
275.0,167.0443767854665
273.0,213.25490540034048
263.0,246.49432168786635
260.0,243.3869213489599
255.0,241.7510935969924
250.0,243.01039965681363
245.0,239.79304707484155
240.0,239.16451190031376
234.0,238.57032619038108
230.0,244.2257975175073
225.0,247.62045608328512
222.0,248.81604129444727
219.0,242.14745496861212
213.0,229.95105839598386
211.0,219.40152338229285
208.0,213.56821593289004
203.0,204.43512087627903
196.0,200.6014588426167
190.0,191.28211963710092
185.0,183.21816805342561
178.0,167.83295416267796
171.0,164.4616873543907
165.0,164.69377445821945
159.0,166.49551009253472
152.0,166.71852092054414
141.0,163.08932919832844
125.0,165.8022587354293
106.0,164.7154130308451
92.0,163.58302972023887
85.0,165.24592896257084
83.0,159.1057651221199
81.0,157.44090757169397
78.0,146.48338332017698
73.0,134.19990522261745
70.0,124.31183683006098
70.0,124.61153182935337
72.0,110.64965504963038
74.0,102.53674258128841
77.0,88.13745146471817
79.0,86.06216175686943
78.0,94.98393673644439
76.0,94.16838742235907
78.0,93.52264540581153
79.0,93.77092314012586
81.0,94.53641698656139
83.0,95.90725872836624
83.0,96.170882434154
82.0,96.22095519397392
80.0,97.29533924798093
79.0,98.60806509061132
79.0,103.74490093617503
81.0,106.06024503714059
85.0,106.2144782078897
87.0,106.2218219149897
91.0,106.56057608505282
93.0,106.9454305348296
89.0,102.8913384574651
86.0,102.76657486368694
87.0,99.99862829650236
88.0,99.1026369987153
90.0,98.14765750558878
90.0,96.95427076721906
90.0,97.08992802660319
90.0,98.29024048876845
90.0,99.99885872839214
93.0,101.2250307395544
96.0,102.93104433920853
98.0,102.40993193942614
98.0,99.6246604738038
98.0,97.71432914834215
96.0,90.67717554426238
97.0,93.40151214146553
100.0,96.86382112972736
104.0,96.45309693712593
106.0,96.52186078743954
108.0,96.0086458924874
111.0,94.43971865426326
115.0,96.25163002143356
120.0,98.97611205446975
124.0,104.93767676355787
129.0,104.88999896362554
133.0,104.53788621606975
135.0,98.89073100569213
136.0,99.39630793511182
138.0,112.80062685497336
140.0,116.47938773635731
144.0,117.53495311597024
150.0,117.96389895801131
153.0,118.52387349704881
155.0,136.54431756601628
160.0,137.77957569217185
147.0,142.7471678402614
152.0,152.1388554785007
157.0,151.45438398717425
161.0,149.36109742562786
168.0,149.3631754711975
174.0,149.71546340371808
175.0,149.57921629378419
175.0,158.5882045394776
174.0,166.73189540806837
173.0,172.84708167282037
172.0,166.2291871241484
173.0,169.97859600032382
172.0,141.3527758961723
167.0,154.49376373707636
164.0,160.44248302337002
163.0,162.69917527329153
164.0,167.35040118261531
173.0,183.40525982215595
187.0,181.88510584257978
183.0,179.27927902946092
187.0,176.5819354674011
189.0,169.6011531047622
191.0,165.11991976062833
192.0,171.67218976979427
192.0,165.69471178495235
195.0,152.3051594075146
198.0,152.33330899692217
200.0,155.0257571815828
193.0,158.05910173591548
199.0,179.9894224889041
206.0,197.26217562771933
205.0,191.13828404759676
204.0,193.7178108556102
203.0,196.42890066721452
203.0,202.1490913017584
203.0,200.7083482449148
203.0,197.8738363263341
204.0,212.2725011511375
202.0,218.53093563108214
187.0,216.64863459487313
177.0,196.3236444910603
184.0,208.90169515599428
187.0,215.91876792439442
196.0,215.27390205492435
209.0,212.21463260679968
215.0,209.78741569351013
217.0,208.35135100335384
218.0,204.6342751855854
215.0,203.00386808096653
212.0,203.08684705753097
209.0,204.77518850768644
207.0,186.62789020756813
212.0,172.5285156808332
217.0,174.94842202189153
218.0,182.98094917891507
217.0,194.16628824022465
213.0,210.4819644447213
209.0,221.16432063781235
204.0,214.84762320134837
200.0,213.18224208710444
193.0,208.38252114020807
184.0,203.77801084944215
182.0,193.49849723183627
182.0,190.010513894545
181.0,203.26204617075135
178.0,208.38646481708366
170.0,208.93768010946084
166.0,207.32573577444106
162.0,203.32224587794192
156.0,192.20182718983156
149.0,178.12993133413207
144.0,172.3505301568221
145.0,159.97791826002774
145.0,154.48525664448175
145.0,145.25410844421557
143.0,145.5585357306544
141.0,148.01686579850212
140.0,149.16138112429397
151.0,137.01802910431923
154.0,133.14585220411223
152.0,134.51175517806092
151.0,130.1684131259432
149.0,116.28758032829852
149.0,115.32587430406035
145.0,118.78813591195403
137.0,122.30719097171387
136.0,124.12620383665259
139.0,124.8592086288534
144.0,125.64180565316303
140.0,125.93493433209193
145.0,142.18797411296447
195.0,270.03022266359096
189.0,268.5078031756418
185.0,268.40911677472707
179.0,266.774340788009
154.0,266.0050419585976
138.0,250.44667958472186
151.0,230.4488382391635
146.0,211.83812540764524
141.0,200.7951688640778
135.0,192.18889167473455
130.0,172.15180423198106
126.0,161.76943049211542
123.0,149.71768815378562
121.0,144.20298859749505
121.0,149.79051135606488
119.0,152.84535109125224
115.0,113.18059335554513
95.0,114.81879952124973
89.0,121.48482964771631
98.0,123.54436306539604
98.0,123.22135496952127
98.0,121.85143600243849
96.0,123.27402790654155
94.0,119.30468240505353
94.0,105.09806824790613
94.0,104.38256908632032
94.0,106.15413441584703
94.0,106.33321513287977
93.0,105.993832679072
91.0,81.12402928637952
90.0,80.52177509451897
91.0,82.94193272340358
91.0,82.98170125701533
91.0,83.12603270422886
90.0,81.42497609637086
90.0,81.6134643213638
88.0,82.84764655038508
82.0,82.98038412270078
79.0,83.48148197002054
78.0,90.07596230782578
76.0,94.06218276170188
74.0,88.68946285665695
71.0,87.69029831059214
69.0,86.41098939308203
68.0,88.99366200175494
56.0,91.42068096385174
43.0,91.62656718851197
47.0,91.98092539059576
55.0,90.21021780159482
51.0,82.1207647821651
50.0,81.54863665922657
54.0,80.89321212406296
64.0,80.45994714298953
59.0,79.55837583798909
59.0,78.49223360293719
59.0,78.79982906268542
60.0,78.96448677623293
74.0,79.27997513313294
89.0,77.75577928042819
97.0,78.78925036835152
100.0,80.97370525721269
91.0,80.06612833107317
83.0,80.00913928136619
82.0,81.18752335882104
85.0,84.43560549602564
83.0,85.94079930624486
81.0,87.05200909954496
90.0,86.05219671579765
106.0,97.5632909682302
124.0,96.37163353025515
141.0,124.03842944909393
156.0,126.1527659991393
172.0,139.15229499884907
185.0,120.97541935728043
192.0,102.35098123440902
194.0,97.99636580144133
206.0,99.53643606719851
216.0,108.58329252129798
223.0,107.22241924647739
223.0,110.07578360683428
226.0,140.1073740368669
218.0,152.77884893921393
186.0,157.4957628741177
155.0,169.9948679541481
132.0,182.60354678672755
119.0,196.68570285416558
109.0,198.0941963090068
102.0,195.86487421739437
102.0,209.399227379819
104.0,213.54300417628863
99.0,215.61494851963
89.0,212.52495352161438
83.0,211.30300553888634
79.0,190.64760332718413
76.0,169.28422910535426
73.0,127.08550230513414
71.0,104.3465190568413
73.0,117.34400949028282
79.0,112.69694267835027
80.0,110.46034103709907
86.0,111.16398737165203
113.0,105.88295615000692
141.0,107.4397346008615
156.0,109.88166808510198
162.0,109.91882040575375
161.0,110.1633903457304
156.0,108.7331530083909
145.0,109.08895359452536
131.0,110.21991704597052
123.0,112.53456243220855
115.0,114.83443133941371
109.0,116.10267925004412
103.0,117.56266035795224
99.0,136.21705139980787
103.0,171.63301812312704
109.0,167.6717987410377
110.0,168.71598417478083
110.0,164.0475014210982
114.0,157.4656005869424
112.0,140.66237892495008
114.0,125.36537954304505
116.0,119.31707819916257
113.0,116.92871110443542
109.0,111.09273977624413
106.0,117.07600459081465
104.0,114.92230494079945
102.0,120.39182128408183
100.0,127.5387408246538
98.0,128.7197713250836
96.0,123.16227444292996
95.0,128.12090615681527
93.0,124.59707019393178
91.0,134.35165315502604
89.0,133.67855239903355
88.0,124.9566910171955
86.0,116.55892174933368
86.0,113.96553324892206
85.0,113.81846076444496
85.0,113.87761730142618
85.0,111.71215244552498
85.0,111.05930725861529
81.0,111.70990660816264
84.0,112.03266884480875
86.0,111.9069294802721
85.0,112.99821656024177
87.0,113.81101061899254
87.0,114.85977812743351
85.0,115.7086182267592
83.0,115.94886282021874
82.0,117.46157446444997
83.0,117.99976320476328
72.0,120.02918835978964
65.0,122.37350465178896
64.0,124.74387236758082
70.0,124.83201519376027
72.0,124.49789638553291
69.0,123.48333880419823
70.0,119.6916866968687
68.0,112.75457041546157
69.0,109.26226506203946
70.0,107.12726360903585
69.0,106.16146212509415
70.0,106.33696233588576
72.0,106.14290378072965
73.0,113.96221618762549
71.0,122.9072242081571
72.0,123.01795141709536
66.0,119.12138513979292
56.0,117.13605740135809
58.0,120.88333091471785
68.0,117.85104522087185
77.0,116.55392660242002
87.0,116.37263691932105
91.0,116.07826332713763
96.0,115.43059855672156
99.0,116.84421324088706
104.0,116.63995167770967
111.0,116.04279345615575
118.0,115.93714972646524
126.0,113.78560245638788
133.0,109.7373267101656
145.0,108.98922252310685
157.0,110.86613795410621
162.0,116.32712157993275
165.0,122.71863344207972
170.0,129.41804404417655
176.0,132.81785601511461
178.0,146.36206004998328
155.0,154.98425801733777
133.0,152.00108590909255
119.0,152.23977160939614
109.0,160.6407606503447
101.0,164.57932369774778
99.0,159.24038439376721
126.0,176.6911551490093
155.0,174.96595788843382
170.0,170.4134893119294
211.0,166.64140864359013
207.0,183.95510897691315
210.0,180.89319434444803
200.0,144.23728281135203
159.0,119.77071050932298
120.0,115.529240752761
123.0,113.62942921559484
141.0,105.98222155426551
158.0,104.55670116707473
172.0,132.75751783352084
177.0,151.80770310891387
180.0,167.72583418467417
177.0,198.38201572853325
174.0,195.9118371674046
175.0,193.3348239773157
174.0,187.97193679032213
169.0,129.50272632042515
162.0,110.87857318971209
152.0,111.15786055524305
140.0,135.34253965382436
115.0,145.5896209888673
102.0,154.8423557932487
97.0,160.95695558100724
93.0,155.63771638849084
87.0,157.32719130197563
83.0,152.9635300546893
78.0,149.25947318692437
72.0,148.75812007461172
70.0,134.86527805811932
67.0,128.5888409920238
59.0,127.09761648391097
44.0,121.29183947775596
46.0,111.48819298297367
58.0,97.5241853872344
66.0,99.72550122024016
57.0,99.91300693375112
47.0,97.20281032885525
58.0,94.98256904086408
68.0,92.96331203614452
81.0,91.92872934637784
87.0,91.57458916262665
92.0,91.89334002343583
94.0,90.70388546297063
96.0,88.70763818642325
97.0,92.78660085236561
91.0,89.56840663005289
85.0,92.81554483767962
93.0,96.56021849116493
100.0,92.60369884772923
105.0,93.01657323291414
115.0,102.6674593661091
120.0,111.3504062588105
124.0,119.69031373037278
117.0,122.63333265720108
110.0,122.20662331151985
102.0,121.19178420211294
108.0,126.05827875620393
125.0,124.26834392303022
142.0,119.99187481293343
157.0,124.12228083003822
165.0,135.38883127272607
167.0,132.5327521595696
177.0,143.46465288585304
193.0,142.52472137020845
200.0,143.75656442092253
180.0,133.44344075600128
177.0,111.4401441475118
159.0,108.23121784525678
138.0,109.92418507681028
152.0,142.57289676390386
176.0,172.8906735627271
184.0,184.09832480717503
184.0,184.8799987121311
183.0,182.2477533276927
179.0,208.4785044819315
176.0,219.5587789901348
175.0,229.57611769266472
177.0,185.04807643537717
180.0,179.64280245662246
184.0,137.75102133213204
189.0,133.8295611877147
196.0,133.29959121252594
198.0,172.3087379675757
201.0,180.63721800501693
205.0,179.57358689753096
209.0,175.594577942782
211.0,164.47137500152587
207.0,164.3111824949892
215.0,164.31146142230355
221.0,166.73129079592644
217.0,170.62178061128685
208.0,178.24258305987368
193.0,182.90003076091512
209.0,195.86457564378557
214.0,201.70511800726877
213.0,203.1423906396771
214.0,208.57346176332396
217.0,208.49004935819679
209.0,205.72556796138576
208.0,204.60160958501052
207.0,203.7322970926052
201.0,219.9952999001924
199.0,218.56333699093906
195.0,208.05918242440268
189.0,184.28353075750545
193.0,198.66136020814818
200.0,213.20776898109006
207.0,214.44792384662068
213.0,214.908340634607
222.0,217.4002636177515
223.0,206.64636307052493
225.0,201.88362057577257
225.0,202.28310788212175
223.0,197.9494909918108
221.0,196.41223981336069
216.0,189.91060309989712
219.0,175.55482992553553
221.0,175.52929411988382
222.0,192.72904036030826
216.0,202.03937803393063
185.0,216.23332803519756
200.0,226.56029055461406
203.0,226.20890938545523
208.0,227.98628106308962
211.0,227.3841132226379
212.0,224.21732251711637
213.0,221.274008148863
215.0,216.64819803597655
217.0,219.28644199346462
220.0,221.03055270932316
224.0,222.91740927304483
224.0,218.2226939948487
223.0,181.94091824258484
225.0,201.57946766404328
227.0,202.89385618752402
226.0,206.91626356051435
235.0,210.664680971236
236.0,211.85941112335144
236.0,211.8408377185873
218.0,213.22883118741044
211.0,215.23453496091486
218.0,217.91804694262007
216.0,222.22838197684743
209.0,222.31912716910028
210.0,220.07132565965338
210.0,222.306271382519
198.0,219.9888414125123
174.0,219.39485262013713
162.0,226.5068238310658
173.0,229.53221132880006
185.0,229.74829980192774
186.0,214.56261114072709
179.0,208.50461347337566
174.0,212.821343358472
169.0,212.62876311723366
164.0,205.71606348952724
163.0,208.6425739486251
162.0,209.38922640390237
161.0,201.1004572358244
159.0,180.90952206587303
152.0,123.5802534729024
151.0,144.23780966745224
154.0,157.82400104392588
149.0,159.80703960519466
145.0,155.3444243691792
139.0,153.074281070951
110.0,142.72908589469168
111.0,138.3669803874015
119.0,141.54744099468792
106.0,144.78108239416764
92.0,147.65400017507247
90.0,145.19124589834155
97.0,136.40975615172002
101.0,133.15017350496785
104.0,138.56680048655136
108.0,139.06582832381144
92.0,139.24164847856363
68.0,134.9409154438581
57.0,100.9384013252917
57.0,99.88935313343318
57.0,102.18179305780971
57.0,100.51755774649357
57.0,97.2916859921304
57.0,103.74117306239722
57.0,109.42252556679635
78.0,178.17319366779387
78.0,181.66633250088728
79.0,181.77822028494367
80.0,180.95997242590292
77.0,176.04794386914764
74.0,176.04794386914764
71.0,116.09148273584074
68.0,112.54822521024748
67.0,111.92221329144365
68.0,112.86450800305406
64.0,112.47416213081306
67.0,112.68066917774453
78.0,114.60930123514102
85.0,114.33625531665453
91.0,114.02089917790988
99.0,113.95511843708702
106.0,119.22905046846475
109.0,151.82415537808978
111.0,149.07026344955403
116.0,145.10494829967465
122.0,127.80254807807744
126.0,124.85436811932175
129.0,122.20302449687338
131.0,121.18871558931271
132.0,122.63722773759909
135.0,123.1406045717441
140.0,125.45055864476365
145.0,135.0750537403452
147.0,147.98400044892398
146.0,149.1426579204961
148.0,149.33197449823624
143.0,147.54929263952442
140.0,148.37257654413622
142.0,152.41240389128606
146.0,152.3264995956121
154.0,142.70876293447174
162.0,137.46874390400708
170.0,141.8143864193231
178.0,145.48897557311213
181.0,146.37010178950456
186.0,148.2366702720769
190.0,146.20328879777145
187.0,144.9918343414602
192.0,142.25633320450555
194.0,131.74453224214207
191.0,143.0531597833261
187.0,153.5682607403131
185.0,168.84274830598977
188.0,172.20245446405463
188.0,176.4355435438677
195.0,185.0418620956917
200.0,187.22229087214868
198.0,192.93448312006933
205.0,197.9024045563268
213.0,188.8953636126056
258.0,196.64324280317462
252.0,206.32785029984512
250.0,199.228908753814
249.0,187.87372839669436
249.0,183.35402198048266
250.0,186.7013563181227
251.0,187.51158908489384
255.0,199.30151445989085
262.0,204.59625687256505
277.0,203.33550495666105
284.0,199.81499937074338
291.0,197.55537247466054
291.0,234.48003656027086
281.0,221.15636091944657
277.0,214.92105124388436
277.0,207.11078229741824
275.0,204.77058655002097
278.0,205.78003154489102
271.0,206.05438805264987
262.0,210.0812902518301
257.0,221.96407418442047
252.0,230.77077961895552
256.0,231.38405254400163
259.0,233.7161275277829
260.0,232.86682177590114
263.0,229.1737693214611
259.0,227.10870356361622
253.0,227.11497852427055
249.0,226.37306905723173
244.0,229.18866742557088
239.0,227.85388420020996
233.0,214.65270798135475
229.0,204.16043640093653
223.0,196.4066856106641
216.0,200.90471195641027
210.0,210.78181034397025
206.0,219.1788118344985
199.0,222.55343158625274
195.0,224.25442493751504
190.0,222.9558266952177
182.0,222.0331596898721
173.0,217.29316190265772
168.0,212.36486173220737
160.0,198.15753039338637
152.0,190.04457083479602
147.0,185.8804035217855
144.0,180.9108592949054
139.0,182.6042315579887
130.0,170.7089877948929
131.0,163.38611041213804
130.0,160.57852116603993
129.0,156.55863903592785
126.0,150.55018473047474
119.0,141.78687248311812
114.0,131.02094501750432
121.0,128.8686482860926
113.0,119.14643904405916
111.0,117.62595229844366
109.0,117.871689790984
106.0,124.2312460572806
104.0,121.50492491328932
104.0,122.80920051782785
108.0,123.57372511341121
113.0,125.38618260792336
115.0,121.49209608315708
113.0,107.00900118694398
109.0,104.94111932615498
111.0,110.1093932567404
99.0,107.31249177539958
93.0,103.6291400506101
94.0,106.17728748047978
94.0,108.22259351071227
95.0,108.13777775802117
98.0,108.78790345031513
99.0,115.340331653827
101.0,127.59325637432335
102.0,137.3208073255781
102.0,128.29898231306626
104.0,114.5674921202525
107.0,117.71560574044551
109.0,108.04481644268446
108.0,92.68903456044544
108.0,92.30647990079817
110.0,93.16075840560266
112.0,93.94585644791472
112.0,97.04747198512462
112.0,104.37704749691862
115.0,108.16459892891157
116.0,113.0492634590085
112.0,114.89717597875027
105.0,116.60812321271912
101.0,116.25168953030717
98.0,118.48127794875928
96.0,115.38376119985449
95.0,113.40291523845744
93.0,116.19773495762114
91.0,119.70273990477864
92.0,119.66400931595598
93.0,119.09840092225578
92.0,133.3977530983446
91.0,133.93075845122834
90.0,119.04699024871914
91.0,111.89052271249221
93.0,106.9854096031379
95.0,97.39037378169976
102.0,93.8851238943909
102.0,94.00173722135322
101.0,93.46474957027952
103.0,91.9882453746461
105.0,92.08123781175061
108.0,93.07961654544222
112.0,93.2856730596176
115.0,93.08408840174367
118.0,93.20518425988445
118.0,94.4719268772482
119.0,96.98918395254866
119.0,99.55195632347983
119.0,115.47065509747516
118.0,115.06185168485952
116.0,113.20009616774327
115.0,114.2846148972619
113.0,114.64811133634754
111.0,116.24729007730157
110.0,120.36699360789657
108.0,130.82315728531606
107.0,130.40051097556096
107.0,129.29717182356953
106.0,128.7482315328737
105.0,128.41290235366688
103.0,128.93130100420024
102.0,130.06300470098128
102.0,129.43050360293438
101.0,128.88775971041878
101.0,123.07196000073621
100.0,114.11038477245025
100.0,112.38133504734009
99.0,109.25876530064384
99.0,107.71306128697216
99.0,108.54382325808105
99.0,108.47917449990844
99.0,108.54951949465526
100.0,107.93620416752846
102.0,108.2089370027849
103.0,108.65905175006628
103.0,104.76732563970562
102.0,105.05423737614146
99.0,102.71994787290346
98.0,102.85437670841588
100.0,102.47130959472723
99.0,102.71649180099791
96.0,103.04369349629543
95.0,104.65116113129626
93.0,105.99758489947145
95.0,108.81953683662265
94.0,114.30979035818032
89.0,115.6767085488825
87.0,116.13165432324448
86.0,116.21785771243486
87.0,115.6982457367916
104.0,110.26398806780591
111.0,113.12315715437965
106.0,116.16052332399777
109.0,105.46290360016403
108.0,102.71519866003429
106.0,100.18973548533886
104.0,99.92030376643172
101.0,99.41125139372791
99.0,97.48985797533031
99.0,94.09251691388351
103.0,92.50180278730967
104.0,91.5184166868874
114.0,115.85585977778217
116.0,121.2741296440846
112.0,115.68101734481617
125.0,116.65428184944973
140.0,114.66948929709774
153.0,113.18335690299565
169.0,120.28168729001978
178.0,118.40397761781574
181.0,117.10829180749747
183.0,118.21837252285457
189.0,120.45011873110676
191.0,119.06215423114163
192.0,139.59850543907783
193.0,150.9338369100651
193.0,138.42472868206818
190.0,154.15838520698733
189.0,161.04140114905215
189.0,173.28488652346815
185.0,173.2155758083116
179.0,185.64728297996987
176.0,180.79498003246994
167.0,180.44911208174773
163.0,177.967577253111
156.0,173.30137276817862
145.0,171.08234388784152
142.0,171.9198444652978
147.0,170.82364635551048
150.0,164.58024072609115
159.0,161.60786255014688
170.0,162.4759536740515
180.0,161.6282088744059
189.0,160.0019591280314
197.0,159.06775946848074
203.0,134.53625872699618
207.0,135.65529992183951
208.0,132.62631690362434
206.0,116.22635842633238
206.0,110.0681981705867
202.0,119.07241999292668
197.0,123.9284156824379
196.0,145.5747349635999
194.0,167.18924774883425
189.0,187.91595794570432
186.0,203.48519930684293
183.0,218.0110787511467
180.0,225.44673002457174
175.0,225.87374720272564
172.0,223.5788137108681
169.0,221.7196745488751
163.0,218.7075655689662
156.0,216.16956114760032
156.0,206.4933982887688
146.0,196.99502407772025
141.0,190.2692852046483
146.0,186.7800676709665
151.0,180.63838810081378
149.0,167.36662711351602
145.0,161.31110463138748
140.0,158.51848742923445
140.0,149.6352577308165
135.0,145.96438097066485
125.0,148.32572951951488
123.0,141.9636489879319
128.0,141.87133771485009
123.0,138.08365904882132
118.0,135.4094111853747
115.0,137.55841539507176
114.0,141.20158075129217
111.0,146.20649433328992
107.0,144.74051732419088
102.0,141.45265405595626
106.0,141.59183439300702
106.0,133.72654908801292
110.0,113.97190150005939
117.0,109.50169805656606
118.0,129.38158005774142
117.0,119.1815491499182
115.0,114.76716923352194
114.0,118.0839360913084
116.0,122.34252552191144
114.0,118.17520232493328
110.0,112.64971517518818
104.0,110.17804798918289
100.0,114.61920584083765
99.0,116.4586143238197
100.0,123.07746467409011
104.0,131.61250458729234
107.0,138.27831666655422
110.0,132.87393837248808
111.0,130.259923194127
112.0,127.58341646358701
113.0,128.72879683100595
114.0,129.2718979521583
116.0,126.08659118121177
117.0,123.25664471111567
117.0,116.60299615817533
119.0,115.23446550314726
119.0,115.53458756310388
122.0,122.62450409377263
126.0,125.51118608455674
120.0,127.86680301157914
121.0,127.81663145610922
126.0,127.78638842045166
124.0,131.5496289694051
121.0,135.81157322650301
110.0,138.775227566864
108.0,139.0806996175413
108.0,138.1440423169046
108.0,138.20746001270425
109.0,137.97788808860088
111.0,140.6819823378393
113.0,147.7530448974551
114.0,135.8630462786975
115.0,136.18157227189295
114.0,145.15439886501042
112.0,136.63617543109564
115.0,135.08241977232893
120.0,120.08672286093662
131.0,112.65930406869569
134.0,112.06518783141414
135.0,112.20097971878566
139.0,113.51853426430628
144.0,117.38164964925086
144.0,123.61469642990971
139.0,123.8655071608841
139.0,127.38212551374825
143.0,127.37725906603278
147.0,119.51705022206778
155.0,131.0606731288088
162.0,134.61281115658215
167.0,151.97870719353602
170.0,152.06705012656866
175.0,149.75171783445523
179.0,154.31602764066753
180.0,168.99746031068668
181.0,170.06454086365238
186.0,150.11804130732872
186.0,145.01972686803947
189.0,150.40699447004738
192.0,151.60023269527713
197.0,169.32895872372458
208.0,171.20117625268026
215.0,170.16774250130712
219.0,167.12433211384908
222.0,176.74598478660977
216.0,177.21515640228122
212.0,172.46506642399714
213.0,170.09089503478188
208.0,177.62685210644233
202.0,175.7266651656107
199.0,175.68667855054989
202.0,177.7251650154301
208.0,180.8949097568732
213.0,187.86949750293547
213.0,191.13098622224175
212.0,191.45782181739952
213.0,190.617928255141
213.0,184.38846363815207
255.0,179.37212857500958
247.0,196.5729291333216
244.0,187.08097084739137
241.0,181.15699290365157
239.0,174.75150589049076
236.0,177.80093624083952
230.0,186.8846749160259
225.0,198.19501380788643
217.0,199.10243704659882
210.0,198.4378229834218
197.0,199.5251364984694
192.0,198.599295526752
195.0,249.81082610776616
201.0,237.20938517221177
200.0,232.84022550924212
198.0,226.7373977271763
192.0,222.22590736039788
190.0,215.36452393077414
185.0,208.58414284749432
178.0,205.62030036820582
177.0,197.45083166662243
182.0,187.75180464836808
187.0,154.5873263059453
185.0,143.1224051082931
177.0,158.38053587013653
168.0,172.82479563870444
162.0,176.7414381434909
159.0,175.36133264585123
158.0,162.5445417552305
158.0,161.3929067270683
159.0,159.60159333190722
160.0,157.96364858244215
168.0,160.38351998180096
184.0,166.10787968899143
196.0,175.4254014899592
203.0,173.0587039291657
205.0,161.92704556340337
205.0,150.27157816883948
204.0,142.64752859232354
204.0,139.18924904785393
204.0,140.29173034665774
205.0,143.1956270533317
205.0,144.96808650661208
205.0,145.38230011955915
205.0,154.07260506067013
204.0,181.04747774364847
204.0,207.63039897411997
204.0,215.0298217085831
204.0,218.31840277702472
203.0,217.34703499931192
199.0,215.14132144997757
197.0,211.70244156254776
196.0,214.1291582938398
195.0,207.4031203205227
194.0,207.68576183910406
193.0,207.04680703994592
192.0,205.130324284938
193.0,200.7577318462781
195.0,199.51157039102588
194.0,198.70947771997402
194.0,198.9607430942691
193.0,197.19845806253147
193.0,194.8052020061428
192.0,190.36601688374364
192.0,190.28783891071419
192.0,190.70523557896863
190.0,186.22661498068172
189.0,186.09468259546085
188.0,185.9137760491976
187.0,189.84322138414052
187.0,195.95267496595685
186.0,191.70880313170372
185.0,191.9477977038166
185.0,191.3208337490073
184.0,191.38875483169056
184.0,189.6876384432321
184.0,189.3834953034306
188.0,189.88685185128358
191.0,187.80706365543494
194.0,187.13994541090167
200.0,185.10487836429266
202.0,183.97280474926373
201.0,184.02643588373354
202.0,183.54054015069357
203.0,182.08400532121573
203.0,182.5316353523995
203.0,182.54982055783785
205.0,182.82611197680498
205.0,183.70199741561575
205.0,188.78613153768293
202.0,192.19932604244892
202.0,194.879344163981
199.0,209.460023734575
193.0,213.66712003996088
189.0,212.43681949546612
187.0,213.07530670742227
187.0,212.35731333709396
187.0,211.91497141007065
188.0,210.93752104701503
192.0,212.63981611559205
195.0,211.5412500122717
197.0,208.77028822570634
198.0,202.28331974123344
201.0,201.13289283510636
205.0,198.37665807059898
202.0,187.42306906758287
200.0,183.7287348835293
200.0,179.7861214650193
200.0,180.08378178942613
200.0,179.9844445840889
200.0,180.85202582263608
200.0,185.1393540549584
199.0,196.76666903413076
195.0,200.3415799220828
192.0,202.9261306093371
192.0,205.84196767601327
204.0,212.06464098714042
210.0,209.75712042018608
208.0,207.2417324729202
200.0,206.126628480208
201.0,205.19835530991142
194.0,203.58943375218183
191.0,202.44597203169545
189.0,201.34746460148588
185.0,200.9025176043741
183.0,200.0340768084548
192.0,196.39318766695817
190.0,196.29175065037052
185.0,205.0666766584541
183.0,210.66436145598698
187.0,209.79899535366178
192.0,202.93606417659853
192.0,199.73909328410105
200.0,190.38285567405046
213.0,186.94190722829967
226.0,184.96643383657107
237.0,184.61479734365594
246.0,182.71072349852787
256.0,178.31578257430772
263.0,183.60922144162464
268.0,182.87054745072274
274.0,181.07910727816267
273.0,174.94522656393454
268.0,183.664939798725
263.0,182.80757242517038
259.0,202.13950921623356
253.0,212.5551244170062
246.0,216.16452845795524
237.0,222.4795145565677
230.0,225.6467163934335
223.0,229.6609959936453
215.0,234.51545110891652
204.0,235.02500913274358
192.0,235.2676816766125
180.0,236.96062948887925
169.0,234.80048344462395
160.0,230.90356208012534
156.0,229.5734560006499
151.0,221.73134582837764
146.0,206.90278827384242
141.0,187.19250013301678
138.0,165.5340692631448
134.0,163.58628143474405
126.0,158.88248426423831
126.0,148.66201223287527
123.0,123.98352702371325
122.0,120.46306948316102
123.0,103.23647719162258
120.0,101.41298666041602
116.0,110.10060956721495
114.0,109.97325644363794
110.0,109.33930714677162
109.0,108.25921068620792
109.0,109.2482666886001
108.0,109.42376246338885
107.0,105.52007380199558
106.0,109.11295064538035
109.0,109.08583434877711
112.0,110.24373393343458
113.0,112.54713521340105
114.0,110.33797407118271
117.0,109.53581405205925
117.0,109.3059078771636
118.0,108.67076574026092
118.0,108.32399392542297
117.0,110.71708329677364
115.0,114.38249459803755
113.0,114.0865253587491
107.0,113.048695534682
94.0,117.29865727397791
87.0,120.66229664146483
85.0,127.24857740033659
83.0,132.18390102546888
80.0,133.65150999567823
80.0,131.94188416092027
76.0,128.82459998545264
74.0,126.81085387983758
69.0,125.80341844854298
67.0,124.52690645934358
66.0,124.79926809746304
68.0,124.42769243696377
72.0,107.57184081188817
74.0,105.74414960332358
74.0,98.73347181246007
71.0,98.2744480370772
71.0,98.05698633206435
71.0,97.92893569717911
74.0,97.73761875633411
74.0,101.35143768923176
74.0,103.25854473894775
75.0,104.42630107140319
74.0,121.34328303207195
74.0,122.78820159194561
77.0,121.90472771516144
82.0,122.7121209605623
91.0,122.16487269603054
97.0,120.78835967025255
98.0,120.01687352399198
104.0,119.83640422333491
110.0,116.5465123597189
111.0,116.28438029892644
119.0,116.54067077734122
118.0,117.21559498274992
112.0,117.51991547296358
111.0,117.51946528118695
112.0,118.75032142148835
115.0,120.09762817248198
119.0,127.11409483000504
123.0,130.72611119312776
125.0,134.78839940760355
128.0,148.8717496998563
131.0,147.6956410099662
133.0,141.3708053698377
134.0,143.1039525698792
136.0,137.8818939563373
140.0,131.88612687565592
154.0,128.50517235611287
176.0,126.40501225566639
166.0,127.77204575562914
168.0,129.05140222125485
168.0,135.4098492793336
169.0,134.357673993055
171.0,147.98094755011803
175.0,145.16303837707193
178.0,148.16127056712415
173.0,151.55622585290848
174.0,155.82922650817412
180.0,158.56894850751974
182.0,168.58982608456228
191.0,193.47144462770083
204.0,169.42746199284045
214.0,165.03264241724574
225.0,162.20154172521399
238.0,164.48499492708166
248.0,171.46000997391545
256.0,186.71394440708715
263.0,189.65237708952665
267.0,177.85414138364936
267.0,177.94008721907232
269.0,182.18537578980698
273.0,184.57585036179023
277.0,203.2642435042686
277.0,226.25148522206914
276.0,228.7512122785199
273.0,209.1101540715475
266.0,226.02455776611586
265.0,233.39370201510536
259.0,234.95656510890188
255.0,248.57535897049786
254.0,252.31459166802418
262.0,249.99500902396198
257.0,247.1974901676704
251.0,246.56921861734162
246.0,245.9612021960354
242.0,245.11005130217782
242.0,246.20061545854068
241.0,243.20688330229234
237.0,238.87765178384512
234.0,236.71351818008628
232.0,224.30922868546287
222.0,215.00124442027507
211.0,207.9675128281534
204.0,219.3087221003133
201.0,215.18078764880147
198.0,212.32327860708762
201.0,204.93597048125653
196.0,199.87851961860278
184.0,202.1826078145814
180.0,204.7193074203158
181.0,204.5016495129407
175.0,189.5894836139429
174.0,189.71750060935975
169.0,186.26865870735776
167.0,171.50284664357892
160.0,162.35777919677048
158.0,163.9799628829971
157.0,165.16659453408676
150.0,171.82489147977648
145.0,166.7791641732981
138.0,153.71482255541963
137.0,147.2603221002871
139.0,148.61407800474902
137.0,149.5724475751287
144.0,152.6965123902696
146.0,144.61516237787424
138.0,145.35159628923458
131.0,143.09755756139094
136.0,141.16438351052534
138.0,138.66735735863028
141.0,126.52450184451925
140.0,125.74806701439697
137.0,119.33124946168083
135.0,120.65762782945191
136.0,123.59064788865776
141.0,128.14710194344238
146.0,135.07642193017102
149.0,150.5836251785311
151.0,140.82259123159756
150.0,121.51903076693593
155.0,138.32926250090708
156.0,146.43261944864156
152.0,151.5133538447376
149.0,149.0264001350308
146.0,147.38279186327478
145.0,141.55870517595443
144.0,144.82698275609502
144.0,154.32670499289523
145.0,157.88686597666225
145.0,157.996889450276
145.0,158.06548337670682
151.0,153.33132507755212
151.0,158.26672713485064
150.0,157.7900401809221
147.0,149.71285434683062
148.0,146.5094603344649
150.0,149.21106430120574
144.0,149.50392917293942
136.0,149.324908116042
131.0,150.4008671604946
132.0,151.98500397924008
131.0,150.0780588758868
131.0,150.48211014429222
133.0,157.22641374579257
129.0,155.38906459774023
125.0,153.70890497482637
122.0,149.56457132090495
120.0,149.20465452671706
118.0,152.42739903252507
119.0,147.2969776894147
121.0,134.75402055987004
130.0,126.10576163498473
133.0,126.67668641442914
130.0,126.31477019614641
133.0,127.06765589261941
137.0,133.3583709095064
135.0,128.838604828157
133.0,123.2451000038737
129.0,121.36682447843808
126.0,119.22505370360456
124.0,117.01834429197176
123.0,116.88397389180801
122.0,119.62432443646108
121.0,140.23280763971923
121.0,138.67387580973084
121.0,133.08090348640644
120.0,137.80746741291722
119.0,145.6859363216521
117.0,142.58577228214725
115.0,137.71321313334334
114.0,133.1348104833357
114.0,130.34996841409128
118.0,124.65128805278813
128.0,125.38173516517682
128.0,125.17303844888575
121.0,122.03030246254093
115.0,121.50552084728547
115.0,121.694652177373
114.0,122.02473622675457
109.0,120.58228908502996
108.0,121.89769714135157
107.0,119.52563162632043
103.0,118.8271134507077
100.0,119.33943191957388
97.0,124.56431633237841
95.0,144.81865920320038
92.0,142.26585015139048
90.0,126.43938009704023
90.0,122.57617313985087
90.0,123.76868737889556
87.0,121.10462717063434
83.0,111.40917287897496
80.0,109.43810290193116
79.0,108.36358684739115
84.0,107.23472221625374
85.0,102.78258199068708
75.0,93.70973768169358
74.0,93.09161168755577
74.0,92.34251204459243
78.0,91.87402531678111
86.0,91.78215502176523
93.0,92.653880176935
97.0,92.69354018072717
101.0,88.80910209378652
105.0,84.77073952863273
107.0,83.19697331534735
107.0,87.63063261899198
106.0,89.94682439257039
106.0,81.66703814674707
106.0,82.02501047958826
102.0,91.19696958657659
97.0,91.80550031813814
93.0,98.85866850956079
90.0,115.03933824604019
88.0,117.8475070200672
86.0,134.5844508291121
83.0,133.49987187749127
83.0,126.53851930440791
83.0,124.13379686037332
83.0,122.60460499495616
83.0,120.64674628640493
82.0,118.67382681789617
81.0,116.7681084164027
80.0,102.04676444802463
80.0,100.07595625556333
82.0,110.80856439963235
82.0,110.0588459298737
81.0,110.36254137619478
80.0,111.11671467481749
80.0,111.93814869313319
79.0,112.10058258140964
77.0,112.21231058241959
77.0,112.53824534556327
77.0,112.96514561519811
78.0,110.88273642726561
80.0,111.6228450175091
79.0,113.8937525536373
79.0,115.72424964031826
78.0,117.4250447637019
77.0,117.80017222357648
76.0,118.67651041855329
74.0,119.20662016218397
73.0,118.38987809264792
74.0,117.27337488476896
75.0,116.91519845188743
75.0,116.22431248199274
76.0,114.60850427122772
81.0,113.1565268581292
88.0,112.63687188258396
99.0,113.43471186199203
113.0,107.95702087320336
127.0,107.90960583476277
136.0,107.98008962594972
143.0,107.5345690045521
151.0,108.79222774225575
144.0,109.63015800368062
145.0,124.05434437617932
146.0,138.77722280927352
149.0,138.22037488716498
152.0,136.56056169671265
154.0,135.38039372712424
149.0,141.86277899831123
144.0,150.3686942104187
141.0,158.52889035221867
135.0,152.17612538381073
126.0,146.592597963591
121.0,151.05632621471844
114.0,128.29513763408738
108.0,127.52968776230175
103.0,128.3396977432563
100.0,133.85855729446314
99.0,140.1264228941361
93.0,142.26079190838254
88.0,134.81192089528966
84.0,132.68750163938074
81.0,128.18357743073338
73.0,120.36349063833458
69.0,119.09556049503908
66.0,125.53098668137561
62.0,122.51557482992207
61.0,123.09165338260289
61.0,103.86429541993577
62.0,106.8974113333314
64.0,107.2620594248288
66.0,109.69655980330133
66.0,110.05693073173477
67.0,111.36165285741863
69.0,111.12068536482363
71.0,108.76729512993721
72.0,107.79543955489218
78.0,113.85393500550322
85.0,112.52805675544583
97.0,111.095019348245
107.0,108.00777465206745
114.0,108.41191101420495
123.0,112.59220985685693
128.0,115.96529765119963
129.0,113.0247968127503
129.0,113.96149680036591
129.0,115.4360335428804
123.0,113.90259675211466
117.0,115.97808893244182
109.0,118.58979268665394
97.0,126.40013551390345
85.0,130.57200234468758
76.0,151.24323615419127
70.0,152.83193124300706
64.0,155.06007413487572
60.0,171.58766689822914
58.0,166.05852355618276
58.0,155.68549410192733
61.0,151.6460965308407
63.0,125.25589028944336
65.0,120.92283305590531
64.0,114.19985609329984
64.0,111.57848387336762
71.0,109.4247166795276
79.0,111.14915563477453
87.0,112.5085170369419
94.0,108.68926755492372
98.0,104.19332981761593
100.0,100.1865609644218
99.0,99.97758293555735
97.0,107.5257703322961
99.0,111.21815399356342
98.0,116.05449911958586
108.0,113.1109402129924
123.0,110.34969878120722
119.0,117.57336233624153
117.0,115.98701822699387
117.0,126.99044976889584
118.0,129.50215782065916
122.0,133.55023200149535
132.0,144.40460423553228
141.0,141.699520786666
158.0,123.74370823694969
164.0,139.6982581024636
171.0,125.55807515459948
178.0,140.3324000156815
185.0,149.1159661364665
197.0,139.97690571977992
202.0,134.3651330615994
204.0,132.29620902610833
204.0,128.52337855769554
205.0,132.92942288490687
200.0,159.53880496264836
186.0,162.5213796473583
182.0,170.4680728433821
180.0,167.2736550299422
173.0,165.38386548179986
165.0,176.5198458425597
166.0,183.7900135619498
172.0,183.38322312056528
165.0,181.68481519075314
164.0,180.62699445071698
164.0,179.171594845742
161.0,178.11626660877815
162.0,177.5225236735086
163.0,158.17214034508962
168.0,155.40321327155695
176.0,151.79912406067794
178.0,140.6427086579514
177.0,131.73201735981664
186.0,137.4234269982264
193.0,152.85547138074514
196.0,145.27392869310492
196.0,143.82570914719201
195.0,145.97790538417163
193.0,143.3696403861309
191.0,147.5469589447769
187.0,150.8650769055376
181.0,160.61230538492697
180.0,180.00785999772546
177.0,181.7984447988203
169.0,175.58993484796687
160.0,184.57305273600406
152.0,194.68260184491405
146.0,201.23199245132844
141.0,198.9506663527998
137.0,195.4713391847876
135.0,183.7731177337102
135.0,183.88280554113695
135.0,179.88414875015357
131.0,171.11883718925617
125.0,170.06180687083906
116.0,165.58544986659558
122.0,147.09783103942465
132.0,135.1445144788762
130.0,122.43482669798306
128.0,118.82279195916094
129.0,114.35755638696229
132.0,112.90721346819527
135.0,114.26319550467908
137.0,123.48564625668756
138.0,125.6283423136368
138.0,122.88806365338645
137.0,109.08695170722375
137.0,102.97624487735953
131.0,110.07750986927627
126.0,136.02139342874045
129.0,136.36847846969798
127.0,128.9361820244837
123.0,130.77515846794094
116.0,135.0656614763205
111.0,150.49375640146482
104.0,152.49785886894676
95.0,152.3275356941354
88.0,151.23294170044667
84.0,149.97663537028146
78.0,148.85851202370944
77.0,129.52812413699226
74.0,124.7462340907975
80.0,129.47869393021207
85.0,131.4754331908367
91.0,121.90953145445732
96.0,113.73718381427304
102.0,107.83070975313028
110.0,102.49776447878229
120.0,92.86725154396055
130.0,93.51658829029843
137.0,90.2964425602864
145.0,82.45329544195508
151.0,80.67068079753606
156.0,74.10262773088084
160.0,79.6163122201509
163.0,87.60716365851596
166.0,98.59093653650494
172.0,98.96034881761028
174.0,116.74341951229364
175.0,119.81871061612561
173.0,135.86900262839077
167.0,149.71268101302874
159.0,146.57142843215647
161.0,153.26591096849927
163.0,160.25866699577273
163.0,166.03451191053887
162.0,168.43036111046106
169.0,165.34159179342166
170.0,164.68236642267996
171.0,175.40043239852253
173.0,188.30163266941221
173.0,186.28759603002072
173.0,177.0760125996856
175.0,165.1676055259169
166.0,159.5420822939842
159.0,162.9792529880589
156.0,166.09426216575966
153.0,168.17968119156083
154.0,168.15445858007135
156.0,175.3012854578432
157.0,178.10119609838958
157.0,179.754387458695
157.0,180.30040828700515
160.0,180.73248572632696
161.0,183.3638425043921
160.0,183.74881409261684
159.0,177.1883634307415
156.0,166.0303572249242
154.0,164.4355315825281
154.0,159.39701023753366
154.0,158.75476705050698
153.0,161.08485870375517
154.0,163.26714764617486
153.0,162.6226219045537
149.0,162.93853514257464
146.0,167.8178172229055
148.0,168.05044880516394
148.0,167.18610548349744
146.0,166.3336754831814
147.0,162.1177735302427
145.0,155.93220228485967
142.0,154.41476847096314
141.0,154.1216717236744
139.0,153.0642759936726
137.0,154.01312882927033
136.0,153.88544693507725
132.0,144.19201630193282
127.0,143.26426451929777
122.0,144.77684861364617
125.0,145.16475919852044
126.0,145.59332686910184
125.0,145.51097130240518
125.0,146.02749330750112
121.0,144.187760634547
111.0,142.06080468058278
104.0,136.48244688364787
111.0,135.41118842091151
114.0,135.47274867513082
113.0,127.16395123678525
112.0,125.92289171319902
112.0,119.07071155022392
107.0,121.33308384881902
95.0,127.63895217055227
93.0,121.9853339127814
91.0,122.57487176139324
95.0,121.81854052855522
106.0,108.82082562905096
108.0,97.95569091737168
112.0,102.36840053547999
118.0,113.06784988666432
127.0,115.07007589141207
137.0,111.22531475036492
149.0,111.62208888388702
155.0,101.92667649029897
156.0,93.58670397753161
154.0,92.72506895093757
147.0,91.67801663384726
142.0,100.68645726319122
136.0,128.57768814745975
135.0,129.52732124441715
131.0,135.58741119648948
124.0,141.96812811831867
123.0,151.31833575910474
124.0,150.90928610367072
127.0,156.86762632972136
123.0,162.99820702417225
118.0,147.66015687549182
114.0,137.52032264366028
108.0,126.39901643020593
106.0,122.90337432889694
102.0,117.27552406767713
104.0,117.24114586269319
104.0,114.76558077456119
97.0,117.05164344096507
89.0,116.03169544988117
84.0,118.3224246509586
84.0,127.96852808892685
83.0,124.88528840104154
84.0,121.21383276134897
86.0,121.71941427296466
87.0,118.62407741698648
88.0,104.97458792932214
88.0,105.73535531778106
91.0,108.49981607443891
91.0,110.83357678777881
89.0,103.96930457057601
94.0,103.63943626694349
96.0,100.5626627478835
106.0,100.81321730529349
124.0,101.62049253509711
111.0,103.06352723581595
103.0,105.06921426120644
96.0,107.9898245693866
95.0,106.36657713788878
95.0,107.91571760065563
93.0,111.05626007310958
93.0,115.7882496332568
94.0,116.95373134865893
97.0,118.37954911419544
98.0,119.70761085538234
97.0,126.87108229422516
96.0,143.8967400170914
94.0,124.28846444546159
91.0,126.66728066320097
85.0,117.21422493851985
80.0,117.22225585630207
77.0,118.22150933090163
76.0,117.92472278189773
77.0,120.05016544602391
74.0,119.73826653141862
75.0,117.24203509137429
75.0,113.29133783436316
73.0,111.9362566369186
76.0,110.60613100301242
87.0,111.15270751475289
85.0,107.12757515761804
84.0,119.83156722983047
89.0,139.06203091775646
91.0,137.25056010263216
98.0,133.8794964531362
103.0,133.0779870090482
112.0,131.4509841257907
118.0,129.2732390467818
111.0,128.75711735035725
109.0,127.78042111752147
117.0,128.01197391660085
121.0,128.15968472351386
123.0,128.001120551665
127.0,126.9149101223911
124.0,127.12155464931679
120.0,124.61166007103866
119.0,130.887742173899
124.0,148.63644030160285
124.0,146.13871771890095
123.0,147.79233776777585
113.0,137.2462189970285
119.0,134.50559030318954
120.0,140.8586853521465
116.0,143.15666897793793
115.0,141.63540152348787
119.0,153.2166221716223
124.0,134.75160445077685
129.0,128.40682071857626
132.0,125.73796164414335
131.0,131.10366754262066
130.0,131.02622022324292
135.0,130.49870124570867
140.0,124.45511164680012
148.0,123.42782001151934
155.0,127.16637537665794
154.0,124.22801987197097
158.0,120.59052044818253
164.0,126.23518419650091
168.0,132.32784177316285
164.0,146.6253815952438
161.0,145.87222134756362
168.0,145.79991739705935
172.0,145.2029555530841
181.0,149.67840164554113
193.0,150.34085536240437
194.0,156.60998351762967
196.0,171.00949852432012
192.0,164.24495467160622
182.0,166.35843268348324
174.0,168.83839549242074
165.0,164.85036551636125
158.0,156.8718601806143
153.0,150.38808903898212
145.0,156.91171727520646
134.0,170.9535569626584
125.0,188.2585892012382
115.0,192.3866658558036
103.0,182.63639543096772
101.0,182.5552615595879
107.0,174.93976740429596
112.0,164.22728959867817
113.0,154.12334150354855
115.0,129.36143019997655
117.0,125.18029497507389
117.0,124.88866007352401
126.0,114.39371424682146
122.0,105.30795840226081
129.0,100.18341851820954
131.0,94.96468419969911
134.0,94.1270162399505
133.0,92.29390589680865
134.0,96.43303723959274
153.0,103.82761398663004
148.0,107.99323279421658
144.0,110.76709504253404
135.0,116.34618342117541
129.0,135.87532277483226
119.0,148.86481363292677
116.0,131.97438346007775
115.0,141.48982471403778
114.0,141.7637046943732
112.0,138.08362343396533
110.0,131.44458833164876
108.0,131.62273124119025
106.0,162.83116091763867
102.0,144.70995012667345
96.0,138.53310106758997
96.0,126.23228042156914
101.0,119.71185752511269
95.0,113.01224379151947
89.0,111.97989745510876
87.0,111.60687596493574
87.0,114.1777338891211
78.0,117.06558488454404
73.0,118.85836865921387
66.0,118.28800504905936
60.0,117.43040468384758
54.0,116.39345824162314
50.0,114.92981515699155
47.0,115.8114733414991
47.0,108.73951768873735
49.0,102.69711298716594
56.0,100.65062112895741
64.0,99.1725712808289
68.0,99.537558290707
73.0,106.57492009846193
77.0,106.84326330085237
83.0,105.13289486097266
90.0,97.44820800435889
92.0,93.46200240008966
107.0,92.34050969424374
128.0,93.09743558570034
130.0,91.00653596400629
136.0,91.40476865709803
143.0,93.02322702057819
153.0,102.12863904559963
153.0,105.73253826224921
148.0,110.02403127261171
148.0,119.62839964824653
158.0,124.16214072867962
168.0,123.39593827915508
172.0,122.03113552766439
163.0,159.7071707645743
148.0,167.10072210238366
140.0,163.42171092639447
136.0,153.60290588522574
137.0,149.66434174125112
137.0,168.94315495872658
135.0,157.58714414353068
132.0,136.1632269867481
129.0,131.59012218127955
126.0,148.90248147188228
126.0,158.10802730157693
128.0,167.22626769498856
128.0,145.35522696352498
128.0,131.1097708737568
129.0,123.63435535262117
127.0,120.64507884359527
128.0,123.57163769067463
128.0,128.72695752010353
127.0,132.67888137068596
127.0,124.36621791535057
128.0,118.17505347507097
131.0,122.23917787123864
132.0,124.29743926186165
134.0,128.8343076024256
138.0,131.01492962932787
139.0,131.45793566087036
140.0,133.93130108872165
141.0,130.3431642711613
143.0,132.1927344632169
146.0,133.1208542343074
146.0,128.8841728676514
147.0,129.58961495027353
147.0,131.6458840669856
149.0,132.96707468871193
145.0,133.23415368273035
145.0,141.54746036323655
143.0,147.06965773104383
142.0,145.07792989096546
143.0,144.556309654919
142.0,152.33877295644066
140.0,156.6255203688218
140.0,161.95402235594517
139.0,161.33383070950464
138.0,160.27792074309932
137.0,159.10311179323926
136.0,158.76290785351054
133.0,153.40617798971635
131.0,152.31609663947276
132.0,151.43700798369713
131.0,149.3710545737123
122.0,149.92939095508535
117.0,149.59091791694848
116.0,140.95747296842396
115.0,140.40365306680903
114.0,140.04928262934664
114.0,139.51531467076106
114.0,139.3426920759584
112.0,139.61845280248036
116.0,133.69082066222364
130.0,129.0938522853563
144.0,130.17484436569563
158.0,128.9775974028486
171.0,120.31961708996442
178.0,117.2951848733871
184.0,116.00810444662667
186.0,114.49326900993576
184.0,112.32962830639956
179.0,112.74769834595303
165.0,112.41025269105266
157.0,110.03963887191479
148.0,116.11222738846084
155.0,143.01575700868966
161.0,160.69681191236307
160.0,176.32963433376696
154.0,191.11652026405565
145.0,201.86651053111814
136.0,204.56355650476723
130.0,203.0146621036447
126.0,198.2911867581412
125.0,188.46888981724456
128.0,170.220452610528
130.0,159.84233340308538
130.0,147.48842765633617
130.0,159.2719103615401
128.0,166.44845146451595
128.0,167.1948548521654
128.0,154.15494460494395
158.0,143.78872207317312
166.0,139.30225759500016
169.0,130.39570475744006
166.0,125.23633077820273
161.0,115.89042148483647
162.0,130.52454891015967
162.0,135.67607083279125
160.0,135.77673841568154
158.0,134.25124954234363
158.0,129.8651913054333
153.0,127.61656124243872
146.0,129.92826046878693
142.0,167.0513469397935
137.0,174.55406210792717
134.0,175.37787706572078
136.0,166.5791330134263
127.0,158.29068397631758
118.0,160.20528433693397
115.0,159.98439355332053
111.0,158.45501964983018
106.0,156.83448642758717
111.0,157.41147210209704
112.0,149.27636260667035
107.0,140.1405643776973
103.0,136.5538869796481
100.0,131.86452420430322
116.0,126.91285257995757
118.0,130.58229399071024
112.0,124.86645231307659
113.0,120.55236711155337
113.0,117.4129220801293
116.0,113.7496841379483
120.0,108.83579128572684
119.0,112.68275749397453
110.0,119.07586099573604
107.0,112.26467113679958
104.0,109.37983304606442
104.0,109.36892130517876
105.0,127.39203131551878
107.0,139.33595039978306
108.0,123.26854994302413
104.0,128.96950950117144
103.0,128.6935350857324
104.0,134.8804697407203
108.0,134.62499598451217
112.0,132.57480240111502
111.0,122.56091531260898
113.0,119.05829901150916
113.0,115.02874079864797
104.0,114.98325794571741
111.0,118.06629607487619
125.0,118.6541644737105
134.0,124.13288558804037
136.0,119.799873060256
139.0,114.57984486778766
146.0,115.873690389715
152.0,124.66671291430453
164.0,130.50077261609445
176.0,128.24868965719781
176.0,133.46049554620572
185.0,133.0411363464501
194.0,123.17815815767244
197.0,124.96151819175084
190.0,145.46975790862345
186.0,154.67163338866402
199.0,152.58226388000702
205.0,155.26837034616446
206.0,166.4343045039384
204.0,172.90547787779704
204.0,186.84042074900813
204.0,201.53110464931356
203.0,198.17479596615047
203.0,202.16332310659402
201.0,213.92541639678066
200.0,220.16444401671325
212.0,208.07696041628557
213.0,197.2092541999959
210.0,219.83589281207682
200.0,221.71977558465102
203.0,221.8200934633647
207.0,217.56134193041854
197.0,212.06046918540125
199.0,207.23388922512436
198.0,201.328365543067
190.0,198.83762609875444
180.0,201.56019479339187
160.0,201.777657504024
159.0,208.90363536906415
154.0,210.69337734940876
165.0,206.63052759985095
168.0,195.93459454206032
168.0,194.04352440383627
171.0,194.0245083694494
173.0,190.39693370017665
173.0,193.91222625070046
168.0,196.0136839451501
167.0,189.9020387992314
174.0,182.74913833110844
180.0,136.47690013074555
187.0,130.4298402958993
188.0,135.34437282506104
180.0,138.6624047498718
170.0,150.44058545437463
165.0,156.75067728626047
164.0,164.69853075559496
165.0,168.12916141062408
166.0,173.33905429920415
163.0,153.2356959908496
164.0,148.56003629629745
166.0,183.69274799536169
168.0,185.94896121261914
171.0,192.39660554981972
162.0,189.88361766598305
158.0,169.9931276193787
170.0,146.68903887411102
171.0,136.6896160481152
161.0,135.58946515533026
160.0,142.8639407381808
158.0,150.9128446191258
155.0,153.67805588445717
153.0,159.27044988802535
151.0,159.35693006771132
150.0,163.81162353359753
159.0,171.71561466959585
170.0,155.3979431144306
181.0,148.5600689139724
192.0,169.23603969050535
182.0,170.83650570160833
177.0,158.65357717853925
189.0,153.84992223077268
201.0,152.22138561092885
213.0,147.50661913463807
221.0,147.0954165173092
224.0,140.65374887282755
214.0,141.32669402211923
203.0,162.90976752909017
195.0,172.90272000182895
191.0,187.64697231544508
188.0,201.2940574636351
187.0,186.21398513929353
189.0,176.24317816645944
190.0,196.33066928513753
190.0,219.47404403324165
190.0,226.28190221962691
190.0,228.3161408671846
269.0,230.29430852774829
277.0,223.67127791915047
276.0,205.13888094278482
275.0,187.365492766647
275.0,180.16088454380954
279.0,177.21399626691138
269.0,175.68257828290788
255.0,173.1634924430884
232.0,163.9660724507285
243.0,162.21476433792287
235.0,158.75267020214412
217.0,166.53400109424706
200.0,233.41198662822444
192.0,257.1957747980419
185.0,249.98738087386997
179.0,248.14018371449305
173.0,245.33496062393448
171.0,246.19471514874067
173.0,240.05464917282745
171.0,215.71613581135597
159.0,176.05831200921438
142.0,196.1494225549864
129.0,172.6219150057863
118.0,153.5500228739027
110.0,140.02073847314776
106.0,119.88776197474671
107.0,125.34998211850628
111.0,123.21052739660875
111.0,119.05715597213278
111.0,122.37051489456292
111.0,141.6069021863971
111.0,138.43093239097044
111.0,128.81150428099545
111.0,109.46842540193086
64.0,177.96089971670315
71.0,178.06049007977313
79.0,178.06049007977313
86.0,178.07596021854573
89.0,178.14564631501798
91.0,178.22718016996618
92.0,102.97180293653682
93.0,104.80070767975585
93.0,104.70088140247725
93.0,103.76077394335174
93.0,106.69185644798648
95.0,106.00677171165452
96.0,106.44928693844952
96.0,108.79652155942897
97.0,109.8776495874053
97.0,113.25584657884114
98.0,131.29433787699443
99.0,130.24971077029699
101.0,127.04632912271245
103.0,121.85265508196828
103.0,118.2078205774789
103.0,114.29352437821153
103.0,113.48177902952149
103.0,113.03772433192755
102.0,111.187884441821
102.0,106.66336153212173
102.0,106.24266586556575
101.0,105.63063672718798
100.0,110.0242393805023
99.0,118.11998583149297
97.0,121.79631942411251
95.0,124.57097052721645
95.0,123.19726699315883
97.0,120.73418627254918
99.0,118.10271996598142
97.0,117.61160314611864
92.0,116.32425468026638
89.0,116.24127838174402
85.0,114.81184674120337
82.0,113.85263723012201
78.0,113.42926374089987
75.0,109.70352898622549
71.0,102.00375165748568
69.0,99.58278488403606
67.0,99.36819776871765
65.0,99.58392937326487
64.0,108.50485666960364
63.0,102.74531068328263
66.0,99.8279253290828
66.0,97.89408686168133
65.0,91.42224778023868
63.0,87.25605032282452
61.0,80.03747002701326
60.0,75.30985378823208
58.0,73.2710202800206
56.0,72.78055980679558
54.0,72.41781003078223
53.0,72.5909688966332
58.0,72.31213369976105
63.0,72.17694452376804
67.0,72.83385072302259
66.0,73.68075979620953
64.0,76.2007293002344
60.0,78.42629788056766
58.0,80.85336801102152
58.0,80.57507296216662
59.0,81.28655900631561
59.0,79.53313519585684
60.0,78.16761690396832
70.0,77.27097982240372
84.0,78.29060389178427
93.0,81.69407580493997
106.0,84.97956190114479
104.0,86.97030129750803
103.0,86.77925635063197
108.0,86.15632777672421
113.0,86.24478698328981
117.0,86.59589738617889
120.0,86.2523669437954
121.0,87.78709820910647
125.0,87.73721513083751
129.0,93.19621964729724
130.0,96.80163660564534
130.0,127.22426232599601
126.0,143.67303915446075
124.0,144.8112693525068
121.0,144.1370171933897
119.0,143.95604360883334
118.0,144.66464712542987
117.0,139.022088630031
123.0,135.03202927524293
130.0,133.62665546258685
129.0,137.5722578904155
132.0,160.18852602125625
133.0,149.95586538914011
133.0,144.25419737380122
135.0,134.57282577265764
143.0,125.31903707580477
151.0,123.14807878845787
159.0,122.69036468302423
161.0,123.63466246149144
174.0,123.6609453281772
173.0,130.44270026731112
172.0,151.91781574839968
174.0,147.22340337480114
185.0,143.02868456541688
197.0,148.0837210975387
202.0,147.7173831599384
216.0,152.68441228325693
228.0,170.2670484234338
236.0,176.58207593123672
245.0,182.80963314728317
246.0,175.821563787623
245.0,186.9318257365096
246.0,173.87091474783603
250.0,162.26500355587737
249.0,172.60118479415323
245.0,184.63096776300074
234.0,189.25228782508086
232.0,184.76590977030745
229.0,186.44687161419185
219.0,189.87913178685662
214.0,200.25758034569265
199.0,217.90620585637052
183.0,217.405334795932
168.0,216.02050197870724
154.0,216.09525890904933
127.0,223.27705621571548
114.0,224.15316130073793
101.0,219.29751465314524
91.0,178.06769686518234
82.0,176.59822265019892
74.0,178.26297626943355
72.0,168.19434069662742
69.0,166.77055887114514
65.0,151.28694086739597
64.0,124.2775746208476
64.0,102.88053691317542
62.0,100.04952527658452
64.0,96.86691090464532
72.0,90.56417396932628
82.0,90.9194835687692
93.0,91.88851877201094
104.0,92.53064883602651
113.0,92.66933330057232
119.0,100.70941682645973
126.0,107.11673278383518
133.0,105.62805374282935
136.0,104.97120080500454
140.0,104.44269191282031
143.0,103.15241311747099
146.0,106.23100740730996
152.0,111.76537139360371
158.0,114.85291532779729
163.0,124.61511042353183
170.0,147.42710844744988
175.0,149.83678749084376
185.0,151.07396612539324
192.0,159.75009889396492
204.0,157.50774979937526
210.0,154.54740335042717
213.0,154.81279967797798
216.0,158.88122001633184
213.0,158.98556470888593
213.0,160.3940640485887
212.0,164.97776823801752
214.0,164.16147460923483
217.0,161.13602047478616
220.0,179.35338316308128
220.0,185.85189773431736
220.0,184.22889895775646
224.0,193.69932364916954
224.0,196.20225986672213
225.0,196.2083759818388
231.0,196.56211788197157
237.0,192.23299722153465
237.0,187.15053435018743
241.0,182.85187711343775
237.0,181.04949923189955
258.0,186.04969283862744
263.0,196.22018294341737
262.0,196.48083100914442
258.0,187.54179560188902
261.0,190.88478638738388
256.0,189.4990352065228
257.0,198.7904212093009
254.0,215.0989358406944
249.0,232.2921168648872
244.0,240.2606731636648
237.0,229.59247606512974
231.0,222.34290324857693
219.0,244.8047273148208
213.0,251.59550717987761
210.0,249.3732597673244
205.0,237.9294155666663
204.0,241.84990098187035
198.0,230.5601986243804
190.0,231.82998047681627
187.0,227.7678167215318
186.0,222.8994504618564
184.0,220.09079347611004
182.0,208.24924677546258
182.0,190.35047435524544
182.0,187.2321898585353
184.0,183.1071974951803
185.0,181.816458693593
187.0,171.54123801467088
188.0,172.35689196703976
193.0,166.9105014574759
196.0,151.33332399767082
192.0,150.91917150860007
188.0,151.94559112683234
184.0,154.75308970100753
184.0,154.3570898609464
187.0,155.51129696427304
189.0,158.32808310705482
192.0,162.85377476739535
194.0,164.77600941460244
196.0,175.02339528216692
202.0,175.76757855656157
209.0,182.54101044433406
211.0,189.55949145209948
210.0,178.5690335467212
203.0,172.87627201519732
196.0,170.36476864191633
194.0,177.03503993212183
192.0,180.33435835338256
186.0,182.9175910883863
180.0,184.25078956559574
175.0,186.45631504843962
168.0,192.39769367586737
163.0,198.2414000868591
158.0,204.22946229604705
153.0,206.06267581287264
147.0,204.92218144048883
140.0,197.2124291202312
134.0,187.91779622609863
130.0,183.99542648769548
126.0,181.49883730151697
120.0,182.33940001104378
114.0,180.63091126619364
112.0,165.70536253759556
108.0,136.60001209282058
101.0,131.63887042643165
83.0,129.90336471588648
80.0,121.29138978727045
79.0,120.46465544938252
78.0,116.06788129073239
78.0,111.87401255755984
79.0,111.39349518720066
82.0,110.03674076582143
86.0,105.4362131749961
92.0,99.70610122463167
98.0,98.54306904197661
105.0,98.2618507403963
110.0,99.17101152042378
116.0,98.48721641900418
123.0,99.74255723018894
127.0,99.7084853414581
131.0,97.50209528507803
136.0,96.19952980993729
143.0,98.01299272747794
153.0,99.24940437771399
164.0,99.61435402826956
175.0,101.60131886356537
179.0,106.48293242181205
186.0,118.39197077924864
187.0,119.95007999725085
189.0,134.41339406614452
191.0,140.47190937774533
195.0,154.52795906570267
199.0,149.69782925533033
204.0,154.35105593446502
210.0,168.96843955779246
213.0,170.93176296745827
210.0,170.11462065691816
200.0,186.69304491775827
193.0,184.8561105657239
189.0,186.37037873123936
188.0,182.8342677000538
187.0,180.91136404753547
185.0,179.7805070334365
182.0,189.92123311440008
180.0,193.77127072754902
178.0,195.63584443590895
176.0,198.09103021874617
175.0,197.41672278388108
173.0,193.18650704601066
172.0,182.67524838496092
174.0,169.62547532370368
175.0,166.75202605616784
175.0,166.1275961898098
175.0,168.55548570597648
176.0,169.46067551229683
177.0,153.17591957989885
179.0,147.30624819642833
180.0,148.39935866876064
181.0,155.60309847916088
181.0,160.63737897064922
180.0,161.08225723678572
180.0,158.68751650478853
181.0,171.28188271494056
181.0,175.2532363475577
182.0,177.53746699021525
181.0,176.71519741033788
180.0,177.23901017947117
180.0,178.10667624233716
179.0,185.3187599254726
179.0,185.848390102087
180.0,185.9303283580656
180.0,188.37253416673377
181.0,188.2463038711416
181.0,188.97886436851022
182.0,189.61878269495844
183.0,189.31626394025557
183.0,190.10557848490478
183.0,188.9730782006254
182.0,187.79422433139203
182.0,186.85046529836993
183.0,186.23137557755993
183.0,186.8229098210833
184.0,189.5576188018713
184.0,192.56843598739175
183.0,193.8772005197552
184.0,193.94729058135778
184.0,189.55935895743306
183.0,192.2859032724936
183.0,192.78546175727212
182.0,192.87260452246292
182.0,191.3299368761546
183.0,191.05307387929986
183.0,192.52214430974422
183.0,192.87512904445666
184.0,192.67631165573368
185.0,192.74030292140247
185.0,192.084916987516
186.0,191.24897204247293
184.0,191.8192428163686
182.0,191.0663672883101
182.0,191.0234680339814
178.0,190.05659097554604
182.0,188.9927526285465
188.0,190.31835843446257
195.0,190.17774507887594
194.0,189.94006990707027
192.0,190.2062331775152
191.0,189.86002605516572
192.0,190.54196450130647
193.0,191.40287891295176
193.0,190.65633394321418
192.0,188.5727528175655
190.0,187.1542129079105
188.0,185.28621030945732
185.0,187.24882408300098
178.0,193.62062331980155
175.0,207.61259282505887
172.0,205.84505704331593
169.0,202.68705621208886
165.0,200.23164547653985
165.0,199.65140767281895
170.0,199.61433851364893
178.0,199.40555895751385
177.0,198.08973899619627
175.0,194.1808207630419
173.0,189.60920743943493
172.0,184.71621604919432
172.0,182.67105448215628
172.0,178.93342240972464
172.0,170.6381761846309
171.0,164.1526472820254
169.0,156.62933821220736
166.0,153.9925607426468
164.0,164.55543645883742
164.0,192.38245536524423
162.0,185.32844899369556
162.0,184.74229588120625
161.0,176.67099180713424
161.0,172.9311500215789
162.0,172.90836964699088
165.0,173.474526716003
167.0,174.55096419082207
166.0,175.00480283979957
166.0,170.51253995877832
173.0,167.5723659732504
176.0,166.1321897030587
177.0,165.91077558266298
176.0,164.67484050636784
172.0,165.39081564497346
172.0,165.30487931245267
170.0,165.5786975002274
168.0,167.38946748250692
167.0,171.39260647780472
168.0,173.3061386473794
167.0,174.65068348993535
165.0,175.10959638908432
162.0,182.00728770589112
158.0,186.89852431136111
154.0,185.4651920235442
149.0,183.46230543563667
145.0,174.8673052765494
141.0,174.33534160570198
139.0,172.18576666371516
137.0,170.2090259050021
137.0,170.0158341708455
138.0,171.90554885893994
148.0,172.27161420122454
156.0,171.72623446318215
163.0,168.3925435083591
171.0,163.216042532502
179.0,158.5139566513679
191.0,148.63004443791806
197.0,149.664122833248
200.0,143.64253193652522
203.0,140.28269452653157
195.0,138.0834980882251
186.0,139.34305788763032
180.0,141.00479142242133
176.0,154.2500678272349
172.0,171.13142213035138
166.0,172.08666533599404
165.0,181.55821755964726
162.0,195.1811196630408
161.0,201.88054660831773
164.0,206.8793987167544
165.0,203.21615287447185
164.0,200.7577270170457
163.0,185.1158529725059
158.0,170.87229218760336
153.0,160.90927859555458
143.0,160.28242479793886
132.0,146.68397061586012
125.0,133.71621723411047
118.0,139.97852325404125
110.0,143.80969488051971
104.0,142.50267493752108
99.0,144.9872019142343
94.0,146.30050203816984
89.0,152.53214741583474
87.0,155.6216333728442
86.0,148.83164802064903
83.0,144.37958536457444
81.0,129.26532888383363
79.0,117.70193250857824
77.0,107.83298963202829
76.0,103.69976726112924
74.0,102.44400986397365
73.0,100.7911443281258
73.0,95.58308968039815
72.0,91.37345056539002
72.0,89.05728902614699
77.0,87.91120426546655
80.0,86.40102275717554
83.0,84.75912675226779
85.0,84.80281401470876
88.0,85.49170579694062
90.0,86.74363307688769
92.0,88.78109688241544
94.0,91.93755635758671
100.0,94.72994708136778
101.0,98.37280357521524
100.0,108.51962790894886
100.0,109.26386014195275
100.0,110.98251417321465
103.0,109.42094577289333
106.0,111.81107751630546
107.0,113.159393873699
110.0,119.61950985164033
114.0,119.94408558993162
114.0,120.22692725035655
113.0,119.75491376015087
111.0,130.22769593669076
110.0,131.19715820508188
110.0,129.07876750891543
113.0,141.9332435886813
114.0,137.5707120470368
111.0,141.42648009312228
107.0,140.46365558036433
102.0,137.53092873561064
100.0,133.71768096686478
102.0,143.15391267115575
104.0,140.90654378858974
105.0,133.69527326181495
109.0,125.25633828867873
112.0,121.94041084811457
113.0,122.17351815544738
114.0,126.0525647880506
118.0,132.21923610383098
121.0,119.7906717536356
123.0,114.6287145545656
125.0,114.79460941598093
123.0,112.90781300244835
119.0,120.72149538284603
115.0,121.92682681777696
114.0,122.34690646637688
113.0,126.6221832264747
109.0,132.2268150520251
111.0,135.96687353470077
114.0,137.73378467142496
119.0,139.80684868016604
123.0,142.81703245347472
126.0,141.63867431826003
128.0,142.1556428172461
127.0,137.841906548927
124.0,131.95225207497023
120.0,130.5054889121044
117.0,130.30527216171586
113.0,128.80152987673642
110.0,123.5937007146217
109.0,121.43972223487908
107.0,127.26606583574574
105.0,131.011833717608
106.0,136.20205248436878
106.0,145.01015054567085
106.0,146.31871758490502
108.0,142.41292370530178
107.0,134.0217386482903
106.0,132.74197974597587
103.0,132.38035036583628
102.0,125.84810055031232
101.0,119.63479532154102
100.0,116.46691658508004
100.0,114.35830308593724
99.0,113.252278833657
98.0,114.2832966216988
97.0,114.97982040360608
93.0,115.17593482323485
92.0,116.86898358739101
91.0,115.88594026531068
87.0,115.41241534070458
87.0,115.55515884164436
86.0,116.44393916112551
88.0,114.90505527381461
92.0,113.4042684958025
96.0,112.99793140078904
98.0,110.25663910710963
101.0,113.93909438309895
104.0,113.21906909358059
104.0,111.86552407963545
105.0,106.43108294562141
105.0,105.61241072082186
102.0,105.85722975160677
98.0,106.46890327380076
96.0,107.11266434925824
91.0,107.99401927689252
87.0,108.58622112903929
85.0,108.22154267830534
84.0,107.9060379674458
83.0,116.908085648893
81.0,118.33992539227069
78.0,119.22911144883517
75.0,119.26161065647213
71.0,119.20560110075178
68.0,119.27456576902925
66.0,110.42511766097397
65.0,103.98622054598181
66.0,103.23476603245749
67.0,104.36139312884738
65.0,105.0300485870325
67.0,107.17458602751041
70.0,108.64856568260363
73.0,108.06979536395961
79.0,108.3849320205338
84.0,108.95873747274894
88.0,110.10551769778866
93.0,110.55253691527854
99.0,111.13400413770617
105.0,111.75411491117708
111.0,78.41226183141653
117.0,78.93184056762816
124.0,80.30304131530968
131.0,80.78556004527735
138.0,83.08427036128514
144.0,88.75332001297505
149.0,108.15337414772435
150.0,112.16296795337064
149.0,129.004502937463
148.0,132.78821779732922
147.0,151.28579434115676
145.0,161.14658264896488
146.0,157.51179069499736
150.0,154.88540019578127
153.0,152.83415013712948
158.0,160.40489409213282
162.0,154.63175045978412
165.0,146.7765680112917
169.0,140.82714221641197
172.0,140.77346792302214
175.0,134.00367783822315
177.0,132.98761424825003
178.0,132.16529885186566
179.0,132.07044857048277
179.0,131.49866013046108
180.0,142.16988744100226
180.0,150.7384278621869
180.0,153.4246077496058
182.0,156.2382968503758
186.0,158.5965131588418
190.0,161.18459984978256
192.0,166.57878941943324
194.0,177.3093893364759
198.0,176.47687329180013
202.0,178.4661529452858
205.0,177.22846152275798
209.0,184.08781128681872
213.0,182.70482284072975
216.0,182.41697526142661
218.0,182.14319271989407
220.0,184.62502223271514
221.0,192.24015096582363
222.0,196.35579411717745
223.0,198.1413825680762
223.0,200.3558723177945
224.0,217.5149618993028
224.0,219.9202805939437
223.0,222.01053076961597
222.0,224.89142564943853
223.0,229.92979887651646
224.0,231.37008502038012
224.0,232.23244449898027
224.0,232.75075487840934
225.0,232.92917269920756
224.0,233.02596408531616
224.0,233.0995170853152
224.0,232.7465331557861
224.0,232.7602934353164
224.0,232.34961513010808
225.0,229.3952325595443
225.0,224.55698773370105
229.0,225.1018674213738
232.0,226.2296438644225
234.0,225.98150516227577
235.0,226.10210211457775
235.0,226.66433518450373
236.0,227.24585956056285
236.0,225.40311484361908
237.0,225.29237193737288
237.0,225.07969995863007
237.0,224.2282110910969
238.0,223.97979295356686
237.0,222.35782557652985
235.0,223.14758660357353
236.0,226.76417081652804
237.0,227.62408147607613
238.0,228.31852300878765
237.0,226.37843161308135
237.0,227.80755773280177
240.0,227.75455341253206
242.0,233.8769779277093
237.0,234.0446223152041
256.0,234.38688450238138
253.0,235.5169601285663
250.0,235.19325208291232
245.0,227.1806231397228
241.0,229.13920439763538
238.0,235.49373777558878
236.0,236.00897762131873
226.0,235.41830625732328
216.0,235.40335454211575
209.0,236.78992280141904
207.0,229.0917263226149
194.0,223.17304600707283
181.0,243.309036763932
173.0,238.1357915134467
169.0,234.59092894510036
165.0,228.85352689792742
161.0,222.67851756090326
156.0,217.61779128859763
153.0,207.40863903833275
151.0,191.50261018032674
154.0,176.5564391897912
155.0,170.87066663991422
152.0,169.53509466606465
150.0,141.85677183564357
147.0,134.3665347222754
142.0,125.44184890334832
145.0,115.06371816901307
146.0,118.59136022647431
151.0,124.7403717831262
162.0,125.63007379011368
171.0,117.32103111844616
182.0,119.69712427193356
195.0,129.45608834472043
201.0,138.81405210320966
206.0,131.75285729949275
209.0,129.73485424783502
208.0,131.4507198368828
205.0,125.0989812454747
206.0,130.72760682426673
212.0,128.92435608452072
211.0,136.77536434411334
203.0,148.7315540582276
194.0,158.91247050842819
190.0,178.2685705840798
179.0,188.61519347686274
167.0,197.38935080099176
156.0,203.57760468308234
148.0,205.283771475586
134.0,202.65902405285811
129.0,200.64849301247023
124.0,199.3812208293176
119.0,202.03092686868465
115.0,194.80007146853615
110.0,184.2805386073659
108.0,174.32216366966276
105.0,169.13674340329652
102.0,150.12018987000883
99.0,129.99394316947064
99.0,124.61638762928948
97.0,112.39995066837537
93.0,102.76243141168693
91.0,103.90431800021675
89.0,97.46425041618619
87.0,95.57626714086967
86.0,95.06718834127433
85.0,95.35785920480434
84.0,96.70327854984225
82.0,98.77222429443988
80.0,100.47481790552354
77.0,101.15179168803776
77.0,103.04554912957369
75.0,99.01508429441519
72.0,95.4643944174857
71.0,93.8550862585625
72.0,92.6619384594239
72.0,91.81087103008753
70.0,91.21327152070052
67.0,91.29324412381513
66.0,90.13980106364806
64.0,89.51745566246574
61.0,89.7364583521688
59.0,91.26321539351214
56.0,94.32594728707186
54.0,99.56044632858202
53.0,105.61560387636281
52.0,109.89785626365902
54.0,111.69354866010177
56.0,113.20691526598368
59.0,112.69342793490519
66.0,109.95033922633031
80.0,109.02386806729149
95.0,107.04663312337841
109.0,104.57737949737447
122.0,103.10531380726903
131.0,108.70072625221515
134.0,120.27616514860998
134.0,118.97282683793614
132.0,118.25862996238784
133.0,114.3711447061995
133.0,114.40911586040706
133.0,114.86988580108172
133.0,117.80791118849442
135.0,122.14505894904408
137.0,129.3655230868418
137.0,156.99646223912782
137.0,160.2002748447342
139.0,162.85246176750283
140.0,160.43177508788813
142.0,150.0176001630182
145.0,141.25520773948483
147.0,141.61477186818564
150.0,141.69170366398941
152.0,139.92968943875843
154.0,140.41643599274533
157.0,147.31682830476703
160.0,152.95853139178934
161.0,154.14797610832488
162.0,154.21850054033757
163.0,158.85267779347265
164.0,152.94489433961917
165.0,157.72207905906438
167.0,159.95313593614355
169.0,159.67046966610587
171.0,162.27159956987865
173.0,161.35912239177495
175.0,165.34046268793003
177.0,166.87780617823137
179.0,170.57328511434412
181.0,172.1419640722231
183.0,176.22796422649074
186.0,183.82576952056357
187.0,180.31065850842072
189.0,181.22899524350362
191.0,181.61511243012572
193.0,185.05257652758954
193.0,187.90579055248486
192.0,189.11475822616413
191.0,191.38255970773162
192.0,189.78922723092307
192.0,191.01992449258438
191.0,191.4367477559119
194.0,194.38290067244625
198.0,196.6892582073175
213.0,196.78616510310758
219.0,200.8125910979069
222.0,203.0029194395268
225.0,203.95330728943844
228.0,202.4311477988447
230.0,199.60465588430327
228.0,197.29695677962522
226.0,196.24511532966028
230.0,195.0514674098021
231.0,193.96015293548905
225.0,194.11842235385973
222.0,197.7810696492297
217.0,213.86093485481652
213.0,224.70714498110735
211.0,230.10036878789145
208.0,225.61357842782508
200.0,224.86371705037402
197.0,224.27314284577616
194.0,222.41283921589786
190.0,220.51672356806964
189.0,220.47229098006594
186.0,218.1417331208653
184.0,210.69568903598224
184.0,205.78228273730704
182.0,198.95554918707197
178.0,193.18071089446545
176.0,190.2156793679054
171.0,180.07896643006876
166.0,172.98760572154708
164.0,167.707646855317
163.0,163.54270856165272
160.0,161.7536785649248
159.0,163.07819587076784
159.0,164.6990937294478
156.0,164.32935531342738
154.0,165.55044087892767
152.0,164.11475371506597
150.0,164.2157275156855
149.0,163.68936018446945
148.0,155.52619066797368
151.0,147.17550188945197
149.0,146.24737658894568
144.0,146.56778815374582
183.0,222.79031861357822
179.0,215.7091622419664
180.0,214.87007661751653
177.0,210.83419769042544
174.0,206.49187473973947
173.0,204.37486427090687
173.0,203.61477244152448
171.0,205.23615310432731
169.0,205.43067492537523
167.0,204.31663286200464
162.0,192.7419429564398
160.0,168.2391213283852
158.0,152.87150207908536
156.0,151.61664706390928
155.0,157.81641333986815
154.0,156.19796310582245
153.0,157.303063914939
153.0,159.2435429310782
153.0,160.05385710099586
153.0,158.82013263849703
152.0,155.92133152180918
151.0,154.4870870385114
150.0,151.03270961339712
148.0,149.57944074109867
148.0,145.0696504570449
148.0,144.94781926286785
147.0,143.25190526201078
146.0,143.3930243165651
145.0,143.62362701577035
145.0,144.31138656464523
146.0,145.51081004918973
148.0,147.02893165354672
147.0,140.97288273809482
146.0,139.7476534440693
146.0,138.72994676215623
146.0,134.9972073043355
146.0,135.66210794074738
145.0,135.8648629186513
145.0,135.66825106089496
143.0,135.8773632636497
142.0,136.0061210783296
142.0,137.16572524707274
142.0,139.0920252568364
142.0,140.16897827432496
141.0,139.9069896062503
141.0,139.43421562064896
141.0,139.66596691263413
140.0,145.15370448745136
141.0,147.04636573433004
141.0,147.3419970552682
141.0,147.90827845495843
144.0,146.6455362286012
146.0,145.39498729551974
146.0,145.718230299152
146.0,146.6819663725099
147.0,147.6079299984271
147.0,145.90333710804524
147.0,146.94448120932665
148.0,147.65443284546296
149.0,139.07961893736973
150.0,148.97831711216978
150.0,149.66651271510227
150.0,150.01119984851994
150.0,157.37113020189724
150.0,160.31211671771322
150.0,160.5473122957547
150.0,159.49507124401447
150.0,157.67804752066812
148.0,156.2243011860558
148.0,155.08772205583713
148.0,154.7473013025511
148.0,157.01465417651275
149.0,161.23388800082841
150.0,160.99090122945287
152.0,160.5321101126677
154.0,160.7323707744608
155.0,160.42852160397175
156.0,160.18784268581726
156.0,160.0726871174412
156.0,159.8231506567577
157.0,155.25171470204776
157.0,154.75050190123721
156.0,154.38556529336074
155.0,154.3758500751445
155.0,156.17972191602604
156.0,159.52161191194259
157.0,162.11550549257814
158.0,168.6447651099107
159.0,171.39052191463537
160.0,172.60732120055766
163.0,172.34888838320268
163.0,172.2558272629089
162.0,174.37239571209327
164.0,174.21755226978885
166.0,171.77024368364417
171.0,170.086669743362
173.0,169.96625291685513
175.0,171.3220761916774
179.0,173.69725384312719
183.0,175.36173715402003
185.0,176.2480425110472
191.0,179.18845717496924
199.0,182.49769173392568
202.0,181.5173324717764
208.0,180.05490990074546
171.0,183.84370892981872
179.0,186.0490445822306
188.0,192.6893991614711
197.0,191.26490382143143
204.0,190.4129856433905
212.0,193.39477277972173
219.0,195.11896489164013
224.0,195.0835268988631
230.0,203.6553462201561
235.0,217.7042841316356
241.0,215.1552990764728
248.0,212.28879350125908
252.0,151.62609208130948
255.0,168.98947006806438
257.0,186.9394508889405
258.0,199.4223037528458
257.0,209.01489521134135
261.0,213.59739113373212
261.0,213.30090427712878
260.0,210.16169938242845
257.0,203.45880429974525
252.0,204.31596466061717
246.0,214.90525523974804
240.0,224.40925197975085
236.0,227.52367991526543
233.0,232.8619982491573
230.0,236.25067080363863
226.0,243.36877637771968
224.0,240.28233458442062
221.0,249.64199422885534
217.0,250.25247150954175
212.0,248.6213006024526
204.0,238.98428612747168
198.0,232.55438106184837
196.0,233.64008254664822
197.0,210.53405244258403
203.0,195.13812720614
205.0,179.50392069056826
204.0,178.22440038116332
211.0,180.21856938854847
215.0,182.51198721311255
218.0,185.2962618207463
220.0,184.33425957002177
222.0,182.3594807967696
235.0,176.47868454644038
242.0,171.71700340969196
251.0,167.52283482598307
257.0,168.9673472721774
265.0,178.0118958519947
267.0,185.81853440653643
268.0,186.52700596612632
267.0,205.43001794854402
266.0,214.51245309209915
265.0,219.03931261256184
262.0,222.42146523596233
259.0,221.86974781263828
257.0,228.64631511538005
255.0,236.48216948163116
256.0,237.25537102994372
253.0,238.96662532142975
246.0,248.23691133893527
229.0,250.30408991982284
218.0,250.8902135289854
213.0,250.33660590784766
210.0,248.59142250644274
207.0,248.42744701723277
209.0,246.16023375739383
216.0,245.58406761942396
216.0,233.3589848885416
216.0,231.46147983137575
217.0,223.5484479761503
221.0,221.4961241616483
225.0,216.67523058427398
228.0,188.11458301798194
229.0,177.02997981725136
227.0,170.69477486280576
229.0,170.2692177523526
231.0,166.18999471513598
230.0,178.3253773187114
229.0,194.1126076482654
229.0,193.00784980491767
227.0,193.10834796790138
222.0,194.53197558457381
221.0,205.42952491143873
221.0,213.06737949610928
224.0,217.86904431779004
232.0,218.7734248779254
235.0,218.18448089966964
230.0,219.05716992920233
224.0,219.85321142312435
221.0,218.67718619562703
218.0,218.1481467196905
219.0,203.57389898111478
219.0,200.29352050079757
222.0,190.7834307670308
226.0,189.92657131956955
234.0,192.05251846122343
239.0,197.4322822035587
240.0,208.61276560326033
245.0,213.06074625128065
250.0,208.9615065161418
254.0,201.69326457551415
253.0,209.85726201151286
248.0,206.44995339648875
241.0,208.88362102945874
233.0,211.3925097815139
225.0,216.759634332365
218.0,220.56662647437352
208.0,229.0103150648964
199.0,241.6159638476752
192.0,229.35121446547618
183.0,233.63157379014447
175.0,235.76242440830197
166.0,236.4633966894028
158.0,231.1810008772298
152.0,222.4575682045029
146.0,215.558448993958
137.0,203.63656921240388
132.0,196.5124414556542
126.0,185.31461497351955
122.0,164.3409078783374
120.0,155.35500763361074
120.0,139.46780651321933
114.0,142.58881700335232
107.0,136.782417213684
102.0,108.93823394126787
100.0,119.64501054177367
97.0,115.39530286897038
99.0,113.28114818181601
98.0,106.24593169208812
96.0,104.79624324537436
95.0,101.67653197244087
96.0,97.51188328558993
98.0,97.54524525174575
101.0,99.35024481309729
104.0,102.51824389025056
108.0,102.89123079962295
110.0,100.5884401350322
109.0,96.70678609925255
78.0,90.5736795803089
81.0,98.36363032446562
80.0,93.32970522019085
81.0,92.72166207202216
81.0,91.79533460624674
80.0,90.8689367784298
78.0,93.06085338093499
78.0,107.92870816795214
78.0,113.2827942416765
77.0,115.98696029630102
76.0,118.24426418897345
78.0,115.90318948011318
80.0,102.66130260071468
81.0,94.91468950562457
80.0,97.49783633734955
82.0,100.5467440723035
84.0,102.00917719685195
90.0,101.7378418237771
93.0,101.84245474121055
95.0,100.87719815248657
96.0,76.16480764610981
99.0,74.85618248986418
103.0,77.35555195203001
105.0,77.15804878626933
108.0,79.97388319465976
108.0,81.7251425634171
111.0,81.46479918920686
113.0,82.45211885895765
114.0,83.53613357776275
112.0,112.63934691616163
109.0,116.40250029192728
107.0,116.31563305134524
105.0,114.99143323048136
104.0,128.0273332490805
102.0,131.30054554332432
101.0,129.59509475774863
101.0,128.27454743850936
100.0,126.35028370210017
100.0,125.8525068017059
99.0,131.00142294674566
100.0,132.9123178876732
100.0,121.25277445447307
101.0,117.61669250923384
101.0,115.16483758732758
102.0,113.60418974085081
102.0,113.76500293946293
103.0,110.79843612504767
102.0,106.92433386244734
100.0,107.55080084574415
98.0,105.01288594870547
96.0,105.27100439337977
94.0,103.562501399052
93.0,104.59918744733841
91.0,104.5588605768465
91.0,105.95860565821579
90.0,106.3956282363045
90.0,111.54487757703681
91.0,112.36276358742015
90.0,113.67300880213404
90.0,112.32923147747954
88.0,108.81038720475715
86.0,101.85761373185383
85.0,98.29315858083727
85.0,97.74320095967911
84.0,96.30575091156268
83.0,95.40070764186096
82.0,94.92414312839985
80.0,95.39488032883375
80.0,95.01439852667882
79.0,96.58508811665317
78.0,97.44926747673567
78.0,97.69365093301279
77.0,97.2558116988871
75.0,95.25374335219871
74.0,92.93548936328331
74.0,92.71686669639216
73.0,91.83122729000563
73.0,91.33525569900839
72.0,89.63181359086545
72.0,87.34858549401451
72.0,84.46695538980893
71.0,83.94989583344596
71.0,81.99017073926264
70.0,82.0477793695824
70.0,81.73728301453666
69.0,80.82196319190581
68.0,80.65412055994821
67.0,80.38091293999851
66.0,80.44589423732468
65.0,81.13934011808317
65.0,81.59030627731335
65.0,82.77939873661231
64.0,82.7662477534092
62.0,83.19899520561464
60.0,84.11231901545604
59.0,88.10369659372041
59.0,91.02565700024579
59.0,92.80285537425625
58.0,93.34305175810545
58.0,92.21745907913102
57.0,92.35802308607316
55.0,90.87068336449379
54.0,91.88277904531917
54.0,91.81461255327622
53.0,91.69458101458507
53.0,91.9408617613212
54.0,92.60416611896507
53.0,93.16687841009325
54.0,93.76458689040265
56.0,94.6692681779807
55.0,95.11659121850816
55.0,94.50769096848761
56.0,93.93826449703015
56.0,90.86388129029771
56.0,88.23041976287261
58.0,88.33597616342634
59.0,88.33968541544102
59.0,88.25763702689405
59.0,88.79570682739632
60.0,89.35752149969801
71.0,89.9384639375545
73.0,91.7356155324686
76.0,91.51181417336109
81.0,91.8280281330662
87.0,92.46765206714612
93.0,95.08363674944741
100.0,95.18032672806636
104.0,96.06938016631943
106.0,108.72864865636014
110.0,110.1565216466943
113.0,109.56923075242442
117.0,112.2341069721544
121.0,135.65562988251966
124.0,140.6046818563254
128.0,140.5125201997512
132.0,138.32656494953537
130.0,136.54432036245305
130.0,135.61994636823937
133.0,150.0851132719576
132.0,162.88096676715668
133.0,162.0809528599195
135.0,160.51535066545566
133.0,144.1955229531744
130.0,145.98477855303366
126.0,142.85473769054568
126.0,141.80886470747504
122.0,155.34861962044496
118.0,147.33144501143028
116.0,139.98189572258084
115.0,132.32173037701804
112.0,137.8618128043639
109.0,134.33777032473546
108.0,140.13898773398702
105.0,148.37777319989897
103.0,141.1776018322663
101.0,136.02401104645924
100.0,129.2493140756991
99.0,131.61366335528504
98.0,120.99765141819732
98.0,114.02346853670251
98.0,107.3535743237579
98.0,107.49435800741321
99.0,106.14233071868742
100.0,104.7737780968311
97.0,106.09934720163857
95.0,106.50881817630214
95.0,107.71039579143056
93.0,108.51132543959645
92.0,105.6084561125972
91.0,104.52151124352736
91.0,101.77990196043784
91.0,100.4435144612679
90.0,101.67421403908746
90.0,102.73021869295565
91.0,107.28040750713427
92.0,111.08344745017787
93.0,104.50846585001698
93.0,104.25855399618672
94.0,104.62057171411527
95.0,105.8164795609593
96.0,104.82863895564161
98.0,104.51822676218983
98.0,105.15900883314984
99.0,105.0952173971635
101.0,102.75134378039299
101.0,102.15544319520667
101.0,104.00152041213767
102.0,105.04496755952422
103.0,106.40445111605376
103.0,106.36163704307481
104.0,106.75239330216529
105.0,106.81803520874645
106.0,106.85500886553348
106.0,110.77715233568496
107.0,111.61798921515653
107.0,121.16320248943119
108.0,126.16575185669804
108.0,126.02830543684485
109.0,125.98050803957516
109.0,130.76875628514537
107.0,131.5774831987588
108.0,131.86394488984877
110.0,132.00591321528412
111.0,132.14859030986872
116.0,131.99835985977614
123.0,131.71177799177494
132.0,131.52997251509666
142.0,131.4708081057676
152.0,132.223282091433
161.0,131.93577775166145
167.0,132.5865525022977
172.0,131.72538218779732
176.0,127.62159357948885
181.0,135.61855339320277
185.0,137.21659889359486
189.0,137.27811621355576
193.0,144.24694838264486
195.0,148.39419852801493
195.0,167.04335759420962
194.0,178.6147864746184
195.0,192.3099716688604
196.0,202.45127911996298
194.0,203.38667606600967
187.0,210.73936857869887
185.0,217.17330393809692
184.0,215.8896278192043
181.0,191.56565683033662
177.0,190.91247212286194
170.0,188.5885831724937
166.0,183.21953359341254
162.0,178.46565368545697
158.0,171.47039309472174
154.0,175.64017876100235
152.0,175.51289495804315
148.0,168.72218089867556
144.0,161.02798259843448
140.0,161.55722560157426
138.0,159.92919680234866
136.0,154.45296831541356
131.0,150.84051992478598
126.0,137.66789811554654
124.0,133.77639007642023
122.0,135.0761450617026
117.0,129.60499937622086
115.0,124.97460887144064
114.0,122.517595247035
113.0,123.21149627513519
109.0,123.711167175865
106.0,121.85268252048299
106.0,122.28111357794744
102.0,123.94540580672188
100.0,118.62270562680503
99.0,114.54397489138738
102.0,105.4119502783106
101.0,106.37884937593951
98.0,102.12735114351128
95.0,101.12257569877376
95.0,101.95009203367364
96.0,102.60450102619473
96.0,97.93413811118671
96.0,95.90588398911648
95.0,97.22383695488541
96.0,97.25074354463872
119.0,95.789735643687
127.0,96.79347268235544
134.0,104.73108485055114
141.0,102.72153338413389
144.0,95.94853108853196
145.0,94.42372837829664
152.0,95.27049832827464
161.0,107.27311256946398
168.0,113.83193382930554
172.0,114.35468388498066
173.0,114.49268630817927
178.0,112.94291939863686
182.0,144.7524486359834
182.0,156.54176124426166
183.0,153.22949240866927
185.0,151.82506623896595
188.0,146.6008214264649
192.0,139.29962169183963
194.0,150.8833554510784
199.0,159.37783728653875
202.0,160.42287612151816
204.0,168.19835093944997
205.0,171.11453873075638
205.0,180.1308909718521
207.0,178.6395097092623
202.0,174.64853507673897
192.0,175.6327255721375
192.0,177.15786223950943
188.0,162.10464536418598
184.0,162.45668207642586
180.0,161.6565994163813
177.0,200.40458734619176
173.0,197.55362313384654
170.0,198.50998178695923
165.0,198.4265543355637
158.0,198.38289026870424
152.0,198.10917600767135
148.0,194.17796012384466
147.0,171.1550894741731
146.0,173.25943167948398
144.0,172.61193774257833
143.0,175.17832094968944
142.0,161.8954609214942
139.0,158.42332256115213
135.0,152.00557057481245
135.0,144.47204894692595
131.0,139.01098986245478
128.0,137.14866485891963
126.0,126.71423468452569
125.0,124.18697874197287
122.0,127.5897434987188
117.0,131.79142302412595
116.0,134.0967231020409
115.0,135.56391222419703
116.0,136.21575238693066
114.0,126.06396946665308
112.0,126.6072639365538
112.0,128.955764192043
112.0,119.91383657204143
112.0,120.33013490996724
112.0,118.52221678471273
111.0,112.29075188280669
111.0,113.16543741407638
110.0,109.53227551091746
109.0,111.22576226914586
108.0,110.16733198970341
105.0,112.43649835386121
103.0,111.77488568471216
102.0,108.20658001403248
101.0,107.27738753541844
101.0,107.75245388328827
100.0,108.84826406383122
100.0,113.51104301515407
100.0,116.6896310300152
100.0,117.33093097890391
100.0,118.79426891208217
99.0,117.17286688212285
98.0,117.39474928403428
97.0,115.44686474862867
97.0,109.72861427621007
95.0,107.68591779480293
94.0,105.00071698822967
93.0,105.36886656626848
93.0,103.43538988847901
92.0,103.57786551570017
92.0,104.20449271680954
91.0,104.38995985958525
90.0,104.59592571086444
90.0,104.14008681203671
88.0,99.40472371021197
87.0,97.58580139740194
86.0,97.53176309623255
85.0,97.04082433912585
85.0,95.48256351454731
85.0,95.63502981776408
85.0,95.48086087669517
85.0,95.17270767330761
85.0,94.91344655407372
85.0,94.97255358744292
85.0,95.2229162251625
84.0,95.61387086723214
84.0,95.45235926625016
84.0,94.35924127684092
85.0,94.0659398764801
85.0,91.00858730978625
86.0,89.74409608298303
87.0,89.64375890520624
89.0,89.3855869805644
91.0,89.20719937874397
91.0,89.141406918606
92.0,89.123703425202
92.0,89.29032600482361
93.0,88.5538803600658
94.0,88.6187913309843
94.0,88.84201200058287
94.0,89.85294714819052
94.0,88.90725368163608
95.0,93.95973609397461
94.0,94.71248848994634
94.0,100.9723885174847
94.0,101.16368653880217
94.0,100.13432566504711
95.0,100.05909798006365
95.0,99.3145710053047
95.0,99.03438186727334
96.0,98.847353151374
97.0,98.74773148191157
98.0,98.67561533186958
98.0,98.4700496774168
99.0,103.5991480432258
99.0,102.5166954163757
100.0,102.50942379090341
100.0,102.60305954119414
100.0,102.74543715412695
101.0,103.98833128365807
101.0,104.21056295169421
101.0,103.737782738434
102.0,104.73736463717958
102.0,105.58415300259313
103.0,109.91298933364999
106.0,109.75343474259203
107.0,117.64868984450017
107.0,118.2970983194746
107.0,119.34906729341215
107.0,119.34311060114078
107.0,119.57401017875267
107.0,120.5340392059766
138.0,119.48786507125556
143.0,119.59777442989241
145.0,120.52346880750152
149.0,120.49157461846511
155.0,121.65728767228012
164.0,122.17423299596587
169.0,125.93473397297272
170.0,125.91838591076204
173.0,125.64209753457992
178.0,125.90987679091512
182.0,125.81217356021845
184.0,130.39282787543408
187.0,159.79400460336575
190.0,166.41684539214933
195.0,157.0761005141832
197.0,153.31704284395119
200.0,161.0155113493639
201.0,164.74194088488875
202.0,161.7089327288966
202.0,157.33286269745713
202.0,169.46643279365546
203.0,178.3367218995579
203.0,178.20103209344083
206.0,179.70331152224742
208.0,177.0067747446018
206.0,175.17334098005693
205.0,180.82057589927982
205.0,180.5250867490191
203.0,185.15672805260243
201.0,184.7593068093048
198.0,183.58348147833945
194.0,183.77866906948898
193.0,182.65524207844447
190.0,183.2606812707498
189.0,182.84202935315494
187.0,205.75761830338956
185.0,206.63691881388883
184.0,201.47789144653592
182.0,198.33636477178675
181.0,198.16540475119896
180.0,193.87468249360077
179.0,192.8861076557412
176.0,192.3927340415874
176.0,181.30320971820996
177.0,180.95001203300407
177.0,177.5416064582653
177.0,172.2411212748585
177.0,176.45174147478735
178.0,174.9288005017332
180.0,173.44214617863614
181.0,168.76078050044103
183.0,168.46600984819545
185.0,169.9637495143008
188.0,172.6415779709177
189.0,167.59563677172883
191.0,168.121687493374
194.0,169.19589782061385
198.0,170.4130677100679
200.0,170.96291419087913
203.0,175.65575253558126
205.0,183.16598113364918
208.0,186.06579582011162
210.0,187.5889389883567
211.0,192.39716712810517
211.0,193.94397558015507
212.0,199.3176902122074
211.0,201.11886208778554
212.0,203.00509373335913
214.0,203.92627440287612
214.0,211.62524500179902
215.0,212.58391750688665
217.0,213.0606668554576
223.0,213.04542932388404
223.0,212.3604418839081
223.0,216.1250821058146
227.0,217.1272855356194
232.0,216.7214597747949
237.0,216.14371449533337
242.0,213.47745292534776
246.0,211.9308469891281
252.0,212.99322083231263
263.0,211.53170212312622
267.0,211.34347647758705
268.0,213.94590918344133
267.0,220.6741950868082
272.0,222.1284770422911
276.0,221.76864714334226
282.0,223.5215926515594
287.0,227.45944913503047
290.0,233.99052816496405
296.0,235.80299035293498
301.0,240.93066902685538
308.0,246.9216962784547
315.0,259.64146816186354
317.0,261.81532419766063
324.0,261.6688271824051
331.0,261.2981954730344
334.0,262.7864986425014
337.0,264.3669849499056
339.0,266.8277321949071
338.0,269.38555308421417
338.0,269.67525388367415
339.0,270.1092538341831
342.0,260.7777228286287
340.0,258.2958441564429
340.0,263.97093968219747
338.0,264.2172268218136
333.0,265.4016209223387
332.0,265.5048112829976
331.0,265.8788795162371
329.0,269.0866104694677
325.0,268.7080303936123
319.0,268.0290616165539
318.0,267.8255509661051
315.0,266.86274477758315
308.0,271.5990026332137
305.0,267.2160276493663
302.0,266.7448230202697
300.0,266.2615101802295
296.0,263.0727453470203
293.0,262.5828815771221
290.0,261.65897183195074
286.0,261.7696568445868
282.0,261.64471390548937
279.0,257.2768199069911
277.0,254.2977555167399
271.0,247.88287846567368
267.0,226.44196998515434
263.0,225.0737214332362
261.0,216.8466024286371
259.0,216.2616267204353
259.0,214.97301687289817
259.0,212.19866604550452
260.0,209.13007968793988
260.0,208.23407407815543
259.0,206.95118457094654
260.0,205.54871609422375
260.0,205.23681821153417
258.0,202.53804662293686
258.0,202.89237586812345
259.0,201.74239558681106
262.0,206.6082086318508
262.0,208.18249884860023
262.0,209.81191051677177
262.0,213.9288693382064
262.0,216.43238450841577
262.0,220.30385230497683
262.0,222.10344189263378
267.0,186.50908900315923
258.0,187.00325288908175
253.0,187.8497776971108
248.0,190.8981374423243
239.0,182.7556111083452
225.0,183.27645957860344
211.0,261.2231624228547
197.0,259.0185399199111
182.0,260.3177669230996
171.0,264.3724861386653
161.0,265.1861530090256
154.0,264.75991201602324
146.0,263.0639118291042
140.0,250.25164276244902
137.0,230.87522244055896
131.0,221.70885677391257
125.0,198.70222767250397
122.0,179.91596423634059
115.0,171.00659162436904
106.0,139.6800777756951
98.0,119.34618367818815
92.0,106.08020892982994
88.0,95.25850470609032
86.0,96.34632951296625
84.0,99.48982320963366
81.0,99.85933565115053
77.0,104.6850269920361
75.0,106.31881255345013
74.0,102.46022392389166
72.0,92.06903918232598
69.0,95.19717609850302
63.0,97.56855537439723
57.0,91.33613796193765
52.0,90.22234487928907
50.0,88.38466024081022
51.0,86.39086452955291
55.0,83.72242195247092
59.0,81.53206517135818
62.0,80.30157124143385
68.0,79.82417627343658
73.0,77.73941808702216
77.0,76.36868543672709
76.0,76.02209500168352
76.0,76.6734635555253
77.0,105.81625531649726
76.0,102.50403945845324
77.0,100.45639463494271
78.0,98.46603487338609
77.0,100.3974033884448
75.0,103.15505706913862
75.0,102.86443595594292
76.0,95.52785555947551
77.0,101.50769419774188
80.0,112.41553859792499
82.0,119.89797351805636
85.0,119.96126173276777
88.0,119.30810296523559
91.0,117.97574006794156
93.0,117.50772392495807
94.0,117.76858114800564
95.0,115.88915817824248
97.0,104.1016011775588
99.0,101.52575667613162
100.0,94.46758020087344
99.0,100.72107998944227
98.0,101.19593351448144
96.0,102.42688671032403
95.0,106.48478369669132
94.0,115.60319067975198
93.0,118.38151100322754
92.0,116.95450107271809
91.0,116.80644864264293
91.0,115.85451452181276
90.0,115.29722350666762
89.0,130.26488357879558
88.0,128.19086013915964
88.0,125.93426021387161
88.0,111.43480038561067
87.0,103.84415825599957
87.0,103.37647315818595
87.0,102.27489305235389
87.0,102.05875034586703
87.0,101.61286186976521
87.0,99.41834171885934
87.0,97.85669763125853
86.0,97.25785378034439
86.0,97.44894007040513
85.0,96.66929075201338
84.0,97.52884863630949
82.0,98.43045054443148
81.0,96.08495555930115
81.0,96.34649256947962
80.0,94.74308585860567
79.0,94.86588848202429
78.0,94.74064481468477
77.0,94.48265836760858
76.0,94.46086388977281
75.0,93.75063095670498
75.0,93.86276928391875
74.0,89.1888444124331
74.0,88.90384874844193
74.0,88.45081664710114
73.0,87.15919230742642
73.0,85.83126305144708
73.0,85.0225822618804
73.0,83.51857322442318
73.0,80.9679690720802
73.0,79.50196178820752
73.0,77.8103015371371
72.0,77.25430091124404
72.0,77.12171131091847
71.0,78.48949303250008
71.0,78.60246475463954
71.0,78.90647978743499
71.0,79.57789538737194
71.0,79.622171184872
72.0,81.97147311348795
73.0,84.81486346826334
74.0,85.71150872572342
74.0,87.03048155021709
75.0,88.89290878269648
77.0,89.26662916040115
78.0,89.50161514760627
80.0,90.30349850873937
83.0,92.54435875330591
86.0,93.3090123162611
89.0,93.73273391868618
79.0,95.04695431874384
81.0,95.71904719918159
84.0,96.14669479958197
89.0,96.37962902839811
98.0,115.96930197086888
114.0,116.46003042455904
130.0,117.11423337255202
142.0,116.40494708942668
152.0,116.55424437375467
163.0,117.06654842755962
174.0,125.51981060914945
184.0,126.82361668308926
194.0,117.81169139027065
201.0,122.0203148796893
205.0,149.27018239926065
208.0,148.5720817677018
208.0,150.4919526425939
209.0,157.5714109862561
208.0,166.160160116587
205.0,164.8994733333615
201.0,168.4840712493639
196.0,172.12809381975777
193.0,182.67272050389482
191.0,185.01986719122726
187.0,183.48999822790725
183.0,181.41629840692877
179.0,181.99528990289687
175.0,181.2470821263363
171.0,179.57872498651716
164.0,178.3862968116135
159.0,176.52149024213034
153.0,172.78837428118263
147.0,167.50706664519532
142.0,160.29555949667784
137.0,155.94316183131644
133.0,154.02280588825155
128.0,151.70820880779834
124.0,144.46074989697843
119.0,137.59462985527435
116.0,140.13245463381645
112.0,141.05357530352214
109.0,131.9259401468809
106.0,129.7270930853582
102.0,113.31287493091344
98.0,111.34612854019922
95.0,111.15834420515266
93.0,109.1398769248404
90.0,107.97438969732853
88.0,109.50740578135036
85.0,100.4211852028825
83.0,94.71159736203313
80.0,94.15790099902816
78.0,95.35392182546997
76.0,95.68904995830404
74.0,96.82389861157326
72.0,95.08040886767692
70.0,85.69384242045376
68.0,84.92340499775017
66.0,84.9239847989653
63.0,84.91631296555606
62.0,85.34480350201162
61.0,85.41758193420375
59.0,92.72177082194796
58.0,92.77469758077928
58.0,93.65775272685566
59.0,94.84121728455742
62.0,97.68659375828966
71.0,99.21204488089187
79.0,99.9244942541174
92.0,98.92934345014979
104.0,98.80732534232082
118.0,99.34699958863071
134.0,99.13202077903641
146.0,99.0984398149473
156.0,100.18228221001492
172.0,99.6564776757043
188.0,100.81098049897717
204.0,101.67500558289431
217.0,103.72031962265461
228.0,112.94693274659474
238.0,118.92739623080239
245.0,129.4533124662201
251.0,146.09187387040623
254.0,147.79302480765045
254.0,174.00095567984818
251.0,176.1941270757323
247.0,180.59581950768023
243.0,190.68634636286959
234.0,212.50432377341707
225.0,233.28564983525754
217.0,203.76544933333315
208.0,203.1489190681279
199.0,214.08339422222542
190.0,213.60786166063926
180.0,210.29581495178604
170.0,211.3439866283512
162.0,210.21725378157842
152.0,205.3484371134374
143.0,202.79848062101706
135.0,199.29017893374018
127.0,177.71412338947889
119.0,166.93788589803088
110.0,154.54631396323714
101.0,146.75588271732036
93.0,141.1317984783478
86.0,126.6310772920512
79.0,127.01927068483418
72.0,106.37500499275129
66.0,103.35813846019057
61.0,103.85509068170511
56.0,100.67633220487582
52.0,97.09259528197254
49.0,97.56969219531793
46.0,94.52373868158725
46.0,94.24334707083713
48.0,93.72433261003317
53.0,94.72368635144407
57.0,93.77364811416123
59.0,93.13080872045214
64.0,93.53241497985516
68.0,93.2569010337628
72.0,92.71789714951079
75.0,95.97271694040626
78.0,97.63046056611833
81.0,98.40008208341342
86.0,99.36372043856106
91.0,104.09539747828559
96.0,104.89530917105738
101.0,106.01035286153375
105.0,107.15136610864852
107.0,108.25475064531793
109.0,112.07619537943025
112.0,119.59184540621574
114.0,125.12706573497934
114.0,127.58543249148335
115.0,128.59677805980647
116.0,129.3576777092403
117.0,130.45283224853728
117.0,139.1938739031293
117.0,138.9981632837089
117.0,159.1898559758236
118.0,162.03042254455625
118.0,159.28256007259142
118.0,143.1549933565217
118.0,135.47886844618637
128.0,139.9200983106976
136.0,135.94590911017514
145.0,135.3651144644636
154.0,135.38615872475324
161.0,134.05054611017087
168.0,132.140153978823
175.0,131.46671742246258
181.0,130.3994678370761
188.0,129.8436741955911
195.0,128.92153433325117
200.0,135.5850177553967
204.0,135.53207485863598
206.0,168.92844376632704
206.0,173.20958095905968
207.0,183.4016896795679
205.0,198.77417572890047
203.0,178.4574592979358
201.0,170.97571297917932
199.0,180.8473046880423
195.0,180.4671124351861
193.0,185.9470129679309
196.0,188.24549484830743
199.0,190.33681705975476
201.0,189.90706157917657
202.0,189.9614367163208
200.0,188.83011810800772
196.0,174.48150310805391
193.0,173.75367343783915
191.0,170.8386810371252
188.0,170.02541269216857
188.0,168.98694672314508
191.0,164.81058657764683
192.0,162.11389461880864
193.0,171.40599474322957
192.0,171.0594014052185
188.0,172.78350004187016
184.0,173.78155643197314
177.0,174.75662682670773
168.0,176.1317674156738
161.0,171.82360774779406
158.0,178.2776463636266
158.0,175.969416236968
163.0,177.1810692189984
172.0,182.49679112584016
178.0,186.65216814237874
185.0,188.73879240079233
190.0,186.3414070818694
194.0,180.53917107726036
198.0,176.69507373260026
204.0,164.51481310092788
209.0,151.93947451880842
213.0,141.67805267457075
216.0,134.78300237210183
219.0,137.4907858143859
220.0,147.69866501898048
220.0,163.32153835339335
219.0,180.70937615827464
218.0,193.99470171214244
216.0,205.9334665652956
214.0,209.50836056399066
211.0,214.47799334111252
210.0,216.79293400429032
209.0,216.74859047361116
208.0,224.13757641399556
208.0,224.77602758765306
206.0,225.27619351275123
205.0,223.74857114146954
204.0,221.28894282963446
202.0,220.61819170427086
199.0,219.9643651414002
198.0,218.6075986503151
197.0,216.85807956455992
196.0,212.32588932741558
195.0,209.81783775981395
194.0,203.56465289414191
192.0,201.73157356201293
191.0,201.96421222664716
189.0,199.16940013585207
186.0,198.52694416298613
184.0,199.25489635266484
182.0,198.84251383739178
181.0,197.38079235062904
180.0,196.8872836290366
179.0,195.13412051780824
179.0,194.67770983478584
178.0,195.26246091392443
178.0,192.21500295255908
178.0,190.8469024741443
179.0,189.45478599518526
180.0,187.57588016518628
181.0,183.55528420077934
183.0,182.7698947893151
184.0,183.2638959977356
184.0,184.3300393329741
184.0,184.8098750109868
184.0,185.4473807766899
183.0,186.4836612640847
182.0,185.33004233202348
182.0,185.63612294783832
182.0,186.35418045608625
182.0,187.31609036020552
181.0,188.5617458403443
181.0,189.92611868707883
181.0,193.70705559436092
181.0,195.52367316226977
181.0,194.80106288347184
181.0,194.80786153867615
182.0,194.8046986169315
182.0,195.11051168882005
183.0,193.28216276641226
184.0,193.1787734859221
185.0,192.6617041815827
186.0,192.5048172906382
187.0,191.33106097862589
187.0,191.09778397744248
187.0,189.24151170779558
188.0,186.1872541195952
188.0,186.04069695924818
188.0,186.32270172914141
187.0,187.56616675048016
187.0,188.5235557845916
186.0,190.51823878758918
186.0,192.0138015684053
184.0,192.65719001430045
184.0,193.67553981280008
185.0,194.4479961247703
188.0,194.53082703256632
189.0,194.34491977493013
190.0,195.59055329351358
190.0,195.3134952129629
191.0,195.3165683000141
193.0,194.0146666116216
194.0,193.9263275154917
195.0,193.50596360700322
197.0,192.32318330286958
199.0,195.2620627466012
200.0,195.4100529127387
202.0,195.3154504873696
202.0,198.31002247412704
203.0,199.6332179943549
204.0,200.27012632615168
204.0,200.4395642376529
204.0,201.02975841849897
204.0,201.91947315009725
204.0,201.92816005511224
204.0,206.1625347215551
204.0,207.4456765716457
270.0,209.324582831623
272.0,208.719469329547
267.0,207.93943147198192
265.0,207.651020338363
268.0,204.1773601498136
267.0,202.9165466983373
266.0,202.22838926492983
274.0,202.46639006375065
273.0,178.17082075364004
269.0,180.6438170583779
261.0,258.2378167927489
256.0,246.5497603186483
249.0,234.1183063795848
244.0,230.1017796671392
242.0,230.53374873001223
239.0,232.1402177063888
235.0,232.2710502747749
230.0,233.62446735160026
223.0,232.52975923496132
216.0,230.2479198418963
209.0,235.7323392128881
203.0,235.89000209320864
193.0,224.7699591520987
182.0,213.14307316504974
171.0,208.5031282780906
162.0,192.96950103612238
155.0,192.25922188932046
150.0,197.6887735889918
146.0,188.59486803997407
143.0,182.92365262007146
139.0,181.51221532577577
135.0,176.2995925113899
130.0,166.76781386542123
125.0,157.09829395575255
121.0,139.28166881753106
116.0,135.7242248503875
109.0,116.91473658741988
105.0,110.6253651484941
100.0,115.48062591037157
95.0,107.02027151637878
90.0,107.38576753222647
86.0,109.42486240295693
81.0,108.60568460569193
77.0,109.48224097620154
72.0,109.84056082054009
67.0,102.98061612110075
61.0,102.37623707420231
58.0,103.63683729042009
54.0,104.48088794579657
51.0,104.05299588100715
49.0,101.44156868088683
48.0,98.7873653619768
48.0,96.62404098313318
48.0,97.04420018187234
50.0,96.56931382167058
57.0,96.06552710350127
65.0,104.59653869905075
69.0,103.69042033311649
75.0,98.73170091563811
80.0,96.86097966267317
91.0,95.19966301230849
106.0,94.9081178834033
117.0,96.19515491643898
127.0,96.38083280671485
134.0,96.40064181683229
139.0,105.33810573462351
146.0,111.70314984137566
153.0,112.52365095337719
153.0,121.52787288576566
150.0,129.90266057554183
145.0,133.02506919397976
139.0,130.48270456179262
132.0,132.93708914911238
126.0,163.20902189259823
121.0,164.0881824548909
118.0,171.38595100786526
116.0,167.69142490351197
117.0,158.84906636569227
116.0,156.61047232375137
115.0,169.92179180904313
116.0,157.59317003783164
118.0,145.2436222156329
121.0,140.67018084956658
125.0,133.3354890317767
129.0,121.84120889064712
134.0,120.0600916610338
138.0,120.80401270627446
138.0,119.64760628998044
138.0,120.19693514381704
136.0,123.20585239747952
136.0,118.29192780362237
136.0,117.72111920673733
135.0,117.63224518318673
135.0,121.33356484338333
134.0,124.30274355634795
133.0,131.72593288815622
133.0,148.11505057403804
132.0,149.60044401764023
132.0,157.58560485044154
132.0,155.7422578110361
133.0,153.69099232891443
133.0,149.3467103743096
131.0,150.55172300653322
132.0,151.35244545464283
133.0,147.97618788891805
134.0,146.22515091721272
134.0,142.01923019309012
134.0,139.42108641858277
135.0,139.74126780157562
134.0,133.33022795588002
135.0,132.8691780004081
137.0,132.71496308448042
137.0,137.1239251141041
138.0,137.40755896692778
139.0,133.83687172509315
140.0,134.8465090326244
140.0,138.71868560006826
140.0,141.79955163517124
139.0,142.4456126927884
139.0,143.98854999901926
140.0,145.95530233676803
140.0,144.4820319281676
140.0,145.9391287745939
140.0,150.05200937138198
140.0,150.0899498615088
140.0,151.13528092216336
140.0,152.02702418340107
141.0,152.3518130363458
142.0,151.62473560557873
143.0,151.25656517891287
144.0,149.64007349196808
145.0,149.11473016674952
144.0,149.47662244193222
144.0,149.16631247478944
146.0,149.16862256684962
146.0,148.6187929420259
146.0,148.73345097071302
146.0,148.46424592693052
145.0,148.56934577267606
143.0,158.32869516650695
142.0,162.14304980058864
133.0,163.1738838605082
134.0,164.86534375931663
132.0,165.53772127984075
131.0,163.61161266054435
132.0,163.33639272902997
131.0,164.56021402124458
130.0,164.0466995194675
128.0,162.4254680087194
127.0,161.4010441859615
124.0,160.28275295889318
124.0,157.52737354632958
123.0,156.78072828788956
125.0,130.2659078215736
127.0,133.97162438841775
129.0,128.68717524538087
130.0,130.13756947671703
133.0,131.50413124046995
139.0,130.36029389303255
141.0,129.16793174926605
142.0,128.73486845901832
142.0,128.40605255345534
143.0,124.89464551594979
142.0,144.76860777030262
142.0,142.74143909873163
144.0,139.02664099790968
145.0,145.67340714034464
147.0,139.68977256704457
151.0,135.50453355820497
153.0,138.31205989338014
154.0,145.3788904508833
160.0,151.65619247620364
165.0,149.65138064374756
171.0,147.4843861589166
180.0,148.39377061265014
187.0,147.20834077330466
192.0,146.80891715617696
196.0,149.88277719132768
199.0,151.75121749038374
201.0,153.5817199299353
197.0,160.7650086954483
188.0,165.91147282195743
178.0,165.47575706778508
167.0,173.0997808018128
154.0,178.4011798262818
143.0,182.9996479740826
134.0,195.73190160190893
123.0,209.5021944102335
112.0,211.03225298635596
106.0,221.52966932078485
101.0,227.36986381907704
99.0,227.132573959404
101.0,220.0704221974526
103.0,198.60533518828976
102.0,180.73871392424687
105.0,155.70876414920474
112.0,145.99192688440183
119.0,121.97561714358677
125.0,114.04296051232147
130.0,116.06485748128028
136.0,114.95221907865437
142.0,112.44733456210055
148.0,109.58108142338757
154.0,107.72278381799458
159.0,113.85584986095722
164.0,122.79700191169806
167.0,108.76386185835466
169.0,113.82478472000828
170.0,124.72773595164438
170.0,133.15305838094437
168.0,141.94884616761806
166.0,148.31538375080962
162.0,152.4068655318591
156.0,161.55277426505367
151.0,163.26095694114338
148.0,181.3500805369769
145.0,181.46666181670145
143.0,186.35307075275932
139.0,181.0536132583486
135.0,185.92100407460046
132.0,186.42832078246227
130.0,186.41957178961414
128.0,183.57208943588054
125.0,180.55493450923635
123.0,174.00204253469454
119.0,165.29714128688715
116.0,157.87249822436507
115.0,150.78836417383027
115.0,150.84177688032958
115.0,148.70166932957045
117.0,143.17736160280145
118.0,139.7924776765678
118.0,130.3234687824277
118.0,129.51737904631537
118.0,129.49498033856253
119.0,116.6638124962036
120.0,114.74533607378072
121.0,110.57986995258327
121.0,107.91551641899922
122.0,106.55375574722667
122.0,106.07824248081423
123.0,106.61197369189914
124.0,111.41264973426655
123.0,112.88342124104685
123.0,116.07142325203372
123.0,117.60808501921818
124.0,118.16213160599254
123.0,119.4089211871117
122.0,121.59774806445935
120.0,123.2994879652943
119.0,123.04305477024515
118.0,125.78095584923716
117.0,126.17095619263141
117.0,126.99590038934592
116.0,127.36305296037398
115.0,127.15183942876061
114.0,126.92541477232707
113.0,126.65510421944
112.0,126.98969244334893
112.0,126.64796667265674
111.0,126.32632009667203
112.0,123.44573485611993
112.0,123.436415210872
113.0,122.80484111418714
114.0,123.05346179629646
115.0,122.7313666357633
116.0,120.78398658805854
119.0,120.03444779453072
121.0,119.78844978577953
123.0,118.57051449067488
126.0,117.25811483239782
129.0,116.84769026581243
131.0,115.17808798501832
133.0,117.0731422025857
136.0,117.49114856649341
136.0,120.70333588517956
134.0,124.8744592354515
139.0,125.42471037790783
147.0,125.82336187696546
154.0,125.9291191378678
160.0,129.12488963720247
168.0,131.4152389639331
173.0,141.54067396567697
178.0,144.891427202736
182.0,145.8039715594021
181.0,146.95827613964238
180.0,150.9881113115253
182.0,152.634349758663
186.0,146.92489927385748
188.0,146.95514191892107
190.0,154.34422918091187
192.0,169.90262180719034
192.0,166.64533904284983
191.0,171.8780067540772
190.0,186.5277225137119
188.0,192.23184413900466
183.0,187.99465651667975
178.0,181.32135929287023
173.0,176.01473201769008
167.0,177.28625263437863
160.0,183.81269492247546
154.0,183.1764160407788
148.0,184.0658817735388
144.0,184.8585122036438
139.0,185.01652819527305
136.0,183.7400320632416
131.0,182.54459646525538
127.0,181.15716126349483
122.0,185.91690673780906
116.0,180.45159286266392
111.0,168.61034692029148
107.0,142.5520765658701
103.0,134.6826099107496
100.0,123.53964978831536
100.0,117.34854295401797
100.0,118.59252448271681
98.0,115.64930759774606
95.0,116.92325853880729
90.0,114.35606936437314
88.0,114.8563724855069
86.0,109.37494390578449
83.0,106.00328901609062
80.0,105.47192418951705
77.0,103.25775383308387
75.0,101.56418208981688
71.0,98.19410863078913
70.0,96.57470969110243
66.0,98.24869535220654
64.0,93.71823008185923
63.0,93.27319736991247
61.0,93.86287771364674
61.0,87.64829396404815
61.0,94.51315058804215
61.0,92.98798280721061
61.0,92.04906914197663
61.0,95.7294529821912
61.0,95.99955965692571
130.0,157.8026261130082
135.0,157.87649318355483
140.0,157.64516950121333
144.0,157.48150806964105
148.0,157.38617827472302
155.0,155.52705558036854
165.0,130.27399274862404
175.0,131.49670923149685
183.0,128.2250464827811
191.0,131.86762550142163
200.0,149.7542183605998
208.0,150.15122180241036
215.0,157.81067331403844
221.0,148.95232675395212
229.0,145.93956078574502
238.0,148.06737783867666
245.0,138.47443016679728
252.0,160.12521271891936
256.0,166.2753214317541
256.0,179.6521068290646
255.0,182.07738434930744
251.0,180.02337502445346
247.0,180.6843358753433
247.0,184.50636320314314
245.0,188.25073247098751
243.0,189.3819536128904
243.0,193.33546607753425
243.0,223.04706681140775
242.0,233.90882576065252
240.0,250.84370888021465
238.0,259.67804233780214
237.0,258.61996419127996
237.0,258.34139406106
236.0,247.3216465502796
233.0,240.45821931730734
231.0,241.21843078879476
229.0,239.10767914440004
228.0,232.33377649571014
226.0,224.37312390596628
225.0,222.1782351230853
224.0,219.19170470008365
222.0,221.9470810780686
221.0,221.8833071303039
221.0,222.0779065434049
220.0,222.58951519626223
219.0,219.17728466287008
218.0,215.38153100248547
218.0,215.4584687736616
216.0,212.37499755192215
214.0,210.3604626280718
214.0,209.98405375541645
213.0,210.47576685996955
212.0,211.88799079079214
212.0,213.67097763601348
211.0,212.3127375179647
212.0,212.3030292474463
211.0,212.85799686868555
211.0,213.5990434698724
211.0,214.97169061220066
210.0,215.9586079485834
209.0,215.0549189747728
208.0,211.07983984475578
206.0,210.48936283824477
205.0,209.48235364437414
205.0,207.50254323804964
205.0,207.96242043658384
205.0,207.1209110367052
205.0,208.6604929425446
205.0,207.4632172821319
184.0,207.41369051200562
182.0,207.5203939098193
180.0,203.60107856405347
177.0,195.7919620402157
174.0,193.89542340064705
170.0,191.4068407185918
167.0,190.50643508873637
165.0,190.66889718500792
161.0,190.9278008707234
157.0,191.35214579304923
154.0,191.04155367128007
151.0,191.24943940496746
149.0,177.9506170485723
146.0,173.19511380141685
144.0,172.79612516939633
145.0,171.44103319374665
152.0,170.6546330496839
162.0,151.21493949368713
171.0,144.41516313815907
182.0,142.24480504549553
197.0,138.4239969526695
210.0,134.17497319887985
223.0,137.59257585410907
233.0,135.11987772929973
237.0,143.6299728353653
233.0,147.0904914664646
229.0,147.61900537410415
219.0,153.3234847029463
206.0,161.01190219473963
193.0,173.4732966802613
180.0,191.89766338496327
166.0,207.99784312196863
151.0,214.21372849935977
138.0,210.78235504860305
127.0,215.93631730957253
115.0,221.12509340179275
105.0,231.57593232037854
93.0,212.61535110507174
88.0,208.5934460906594
80.0,190.9453637371832
74.0,173.38747131381174
67.0,154.78201307710063
62.0,140.08590408502963
60.0,124.09944470880546
59.0,109.5343949563793
58.0,97.37289944196431
59.0,97.04659767438099
58.0,98.2670242495795
58.0,97.96047779607895
61.0,91.62310395922934
65.0,89.69016108440587
61.0,82.85951203621528
55.0,82.04243054280771
53.0,81.55671751789986
52.0,81.92156731329214
52.0,82.53571704577098
56.0,83.45368750999451
61.0,82.03948777828904
66.0,82.57962486060215
70.0,98.64772648673902
73.0,97.86265373089405
77.0,99.83915161306811
81.0,98.26568838178899
85.0,95.78782165019516
89.0,94.4323276260079
94.0,94.22640404863262
99.0,94.22862006595491
104.0,94.01102374109654
108.0,95.27412124030822
113.0,94.51251792118055
118.0,95.3678945692527
123.0,100.77119161650748
129.0,105.29199876155714
133.0,110.48973921474149
131.0,120.50256333274103
124.0,122.11275344876933
121.0,132.8698523006606
121.0,131.5102854529615
126.0,148.97499705910565
131.0,159.66277402491184
133.0,158.55996254810407
135.0,157.64202495668584
140.0,152.8721186888749
146.0,149.00837161675545
150.0,168.56735541753642
155.0,163.05921031812534
158.0,150.38659842758594
159.0,130.8297724658948
162.0,127.11643706929377
164.0,126.70404936224855
166.0,142.96664970735407
168.0,148.7909059839674
170.0,146.5515049524165
172.0,153.0396691929133
174.0,157.25748439110734
176.0,169.4405632033823
177.0,171.8525400640584
178.0,177.54887499230648
179.0,177.08119263733133
179.0,173.75089057353338
178.0,176.74766072193853
177.0,179.99035298753986
175.0,182.28962632788802
173.0,184.37455203932575
171.0,186.9023209558107
172.0,187.93096258518204
171.0,189.51184023042856
172.0,187.95693293793673
175.0,186.19164576583785
177.0,186.13330695963464
177.0,185.98998133350352
176.0,185.24688176899306
178.0,183.41361372494936
179.0,179.5173862511668
182.0,177.62856959120418
185.0,178.60387211728576
188.0,178.1330593582887
190.0,179.91144012199604
194.0,179.97974522650725
197.0,181.19610499839456
200.0,185.75490733982906
204.0,184.8243920701256
207.0,182.95941266112172
213.0,181.42812623535718
219.0,185.59137622562483
226.0,186.7929196607429
230.0,189.10567278886683
231.0,192.19652869333916
233.0,196.7921223952618
233.0,202.62762552985626
233.0,206.68045053874397
233.0,212.73260553282117
232.0,215.66949803135262
232.0,218.5866111810962
231.0,219.13623443073527
231.0,225.3170977958665
230.0,227.20364773795637
229.0,232.03571899596628
228.0,233.08143493124717
227.0,234.01354605873593
227.0,234.32138826602355
226.0,233.53769007852566
226.0,231.8026389265866
226.0,228.9186023050938
226.0,227.32072105889154
226.0,226.89509826487577
226.0,225.94365591979118
226.0,226.0570598441254
280.0,219.4035828881741
277.0,219.91428412800875
273.0,219.81085986985437
250.0,222.26817550757636
244.0,221.74331934790698
238.0,222.07820828717922
232.0,160.1201741082398
227.0,180.28676782813554
221.0,186.3744289037193
216.0,251.3372501593039
211.0,259.1001087060111
211.0,257.77658086842473
211.0,252.9735961161722
211.0,234.3306885603606
211.0,220.47664971689676
211.0,211.55410113350638
211.0,203.371169641361
155.0,170.8060574709805
152.0,170.8060574709805
150.0,170.8060574709805
148.0,170.8060574709805
143.0,170.8060574709805
139.0,170.8060574709805
134.0,212.23178523697203
132.0,203.8223519871311
132.0,191.6409897375143
131.0,184.98504858431517
130.0,176.50599864701115
129.0,165.74124056373518
128.0,155.72697610001228
124.0,153.00028766408346
117.0,153.25715671165378
112.0,152.6176282406985
111.0,148.92129457277065
115.0,146.44182356723329
111.0,139.25681191994505
108.0,136.88121671226637
106.0,136.11293599687124
105.0,133.93752317600354
102.0,130.39796558363093
101.0,128.9534561244232
100.0,128.83218649288668
99.0,117.63555625552272
96.0,112.83112465347324
93.0,106.26729435402353
92.0,103.34779904463957
93.0,109.66160202257981
102.0,104.49607227814072
114.0,103.08075474606642
121.0,101.41261599791527
127.0,100.82982462619731
130.0,100.12237577001062
132.0,101.82557957713888
145.0,107.93650842834394
149.0,110.79709776257788
144.0,115.08817209606696
144.0,114.67460252374774
144.0,116.78248449467921
140.0,113.19719478154384
137.0,122.01991496747904
144.0,141.78995131182575
144.0,144.58037710503456
142.0,156.74734787215903
139.0,152.5684956133243
127.0,145.53149443777914
134.0,163.4407937372044
136.0,160.0353849396351
139.0,150.17359108092387
141.0,149.07796513731606
141.0,150.67690103397823
132.0,143.5870110126679
129.0,139.24873584221154
125.0,156.87079061100485
113.0,156.074937485951
107.0,153.28323572489745
103.0,144.76493260750584
105.0,125.2630338898056
113.0,135.7669403661306
122.0,144.30605437861638
135.0,148.89955232168163
150.0,157.03242073153996
155.0,155.23895413824235
168.0,130.1127964491369
172.0,126.89421986716913
180.0,121.34703965445624
195.0,144.19538748385222
204.0,137.89531575711166
205.0,135.69415645701724
217.0,137.8116644145724
225.0,145.18792785476094
235.0,150.19256660582747
235.0,163.3566631474214
232.0,189.92308698021148
225.0,194.6573091541893
216.0,183.78714065311505
208.0,176.83091364454302
201.0,187.37534920541597
199.0,197.69152284495806
201.0,201.5377329820771
196.0,200.50728986853866
193.0,206.1461100719506
192.0,213.65690247974314
193.0,221.47825918190213
204.0,219.06390945782098
209.0,210.45994638804842
210.0,203.02682554582253
210.0,184.71248997761447
210.0,175.91269869696757
199.0,167.11244270194442
185.0,159.54882458715454
178.0,158.2301811647398
175.0,155.2213088095299
186.0,151.1297069770583
192.0,150.5627421062487
193.0,154.9585758945089
188.0,174.76865287837904
183.0,195.15194971468927
179.0,199.72193275846263
174.0,210.66391163155646
169.0,213.08763763767308
165.0,196.91102041784927
163.0,168.46977219258096
156.0,159.67568395258857
151.0,159.06188490786656
144.0,167.6385879194519
139.0,170.46675146848972
137.0,176.61151041175003
138.0,169.78809688737687
138.0,158.9329156824829
135.0,157.28727155355725
133.0,160.27616513888074
134.0,150.2287162653982
136.0,140.0965576941803
139.0,141.76125398145595
141.0,136.8112460034158
140.0,122.3641267422161
135.0,117.47649585466202
128.0,114.38643281934183
128.0,115.9293797512729
126.0,120.8758001928507
123.0,121.3486623805231
119.0,122.41572027523678
114.0,122.02049478982087
110.0,124.95822697050478
107.0,136.3267185685548
104.0,143.48552848183084
101.0,148.49140334287947
103.0,143.0619463251776
104.0,135.61387443737777
107.0,121.3222344780008
110.0,121.83213396921725
109.0,123.88599481197801
108.0,120.41135333552073
106.0,119.09917270631597
105.0,104.76444406519262
105.0,101.05763391542673
104.0,98.85156715102849
105.0,98.52201769540694
109.0,96.9280217180355
111.0,104.32884974184489
113.0,108.28773562664668
114.0,113.43175144032189
116.0,119.95480078259155
116.0,121.82852446918199
115.0,122.84559371395045
112.0,119.30674736274241
110.0,115.39639308086419
109.0,115.22883077328312
108.0,115.24982469263296
105.0,115.79927664862862
103.0,119.03838151438693
101.0,120.03650061936564
100.0,128.1515625003558
99.0,132.154713706383
96.0,133.43841962668452
96.0,132.1406390603171
99.0,125.70896795297307
100.0,118.89448491846406
100.0,114.02583286250722
99.0,113.01755237209453
103.0,111.50050689255369
106.0,110.68664438905587
106.0,110.83895741718717
106.0,108.34190653951222
102.0,107.10111986889157
95.0,106.33796608923655
92.0,96.33237383380384
95.0,95.35890515184126
103.0,106.03630834714747
105.0,107.31243480200645
106.0,108.0259240938019
107.0,107.74847698854012
107.0,115.15441210815573
105.0,116.03288459394471
104.0,116.0336190525199
104.0,115.10149051391382
105.0,113.56993462814214
105.0,98.38997484440533
105.0,95.76771254977155
105.0,95.58525977920968
104.0,115.39388938936081
103.0,115.22455377622101
111.0,116.28403186656118
113.0,115.63734086352021
111.0,115.88419127781277
100.0,116.0351084898055
97.0,115.35402637510583
97.0,114.99618937261364
96.0,115.4812584638551
103.0,115.94977796678837
110.0,116.8986562934194
112.0,117.43857152697849
112.0,116.02096831172133
112.0,115.7570591544645
112.0,122.60764553479285
112.0,128.59089787648537
112.0,121.8801565441061
112.0,115.75657858007463
77.0,99.62942171073871
79.0,116.64237326341281
81.0,122.62404560503913
80.0,123.8310919196167
80.0,125.97342725592355
79.0,126.23239984167735
79.0,126.77533766458836
77.0,126.7105194435104
77.0,150.8008789659729
77.0,153.15056176820357
76.0,108.2226760222158
74.0,102.17506481133837
76.0,101.27260600718974
76.0,99.50744225951564
75.0,99.73215678383107
74.0,97.89294374848126
75.0,97.12878452123977
71.0,97.26052750531538
72.0,101.09091294476626
76.0,100.4230659480121
79.0,102.68721101433617
83.0,102.4616174819122
86.0,102.8595989489885
90.0,104.75899074673109
91.0,107.29293894805444
93.0,107.04410293992204
98.0,105.79531986866589
102.0,107.0074652240262
109.0,110.80641675130623
109.0,109.81497454199575
118.0,110.29019208786183
122.0,111.62702500385127
122.0,113.78348288848319
123.0,113.82168317246239
123.0,120.20605490642046
123.0,120.51571451654156
122.0,120.74283455971921
120.0,118.94579414370202
119.0,121.8839932444941
116.0,133.4114099534205
114.0,132.84813331940504
115.0,131.60111089646728
118.0,140.54667156113814
120.0,143.12189885201695
121.0,140.30823975609124
119.0,139.48164845182382
118.0,138.07794903422538
120.0,136.42085745140096
124.0,135.0062602418609
124.0,130.87025035780266
129.0,128.52603270951408
136.0,127.7664964908791
140.0,124.93047402099609
139.0,123.71801250735452
143.0,128.3280532096481
147.0,130.27667867349538
151.0,132.08033008949093
143.0,130.10494382225488
148.0,129.73263706420698
153.0,131.67666303208642
151.0,135.91199829143804
145.0,135.6823034103412
131.0,148.04688829026423
112.0,168.09719539729602
100.0,169.532525205089
96.0,166.87804202630417
122.0,179.38810275191298
162.0,182.98409443507768
185.0,192.74633177287382
193.0,173.3533125311622
191.0,162.3557624324612
184.0,173.47293826555384
174.0,156.24777971630942
165.0,142.7865236429734
158.0,122.61498063946318
149.0,114.7575453578165
141.0,109.89684564614521
131.0,106.98667294948055
124.0,123.6427498336911
109.0,171.4720349239921
109.0,193.3187997969195
112.0,193.25251789406687
110.0,186.2588680824902
108.0,178.32557376170098
105.0,159.28786595085077
101.0,133.52743522073973
97.0,127.71336896493317
94.0,128.18595827179195
91.0,125.03616214328875
88.0,115.13453479912666
85.0,110.32733672191713
84.0,106.60080436629755
84.0,105.33668391086144
83.0,108.25089212691904
85.0,109.12627890269357
89.0,109.96619174041183
94.0,108.4202740979018
100.0,100.81511657972156
107.0,88.04698129972985
115.0,87.15152394939857
120.0,86.28411118527431
126.0,86.68512373606171
132.0,87.3053339958472
137.0,103.4798692501947
140.0,105.14837012494337
140.0,106.548808608772
139.0,112.67665936777281
137.0,113.3221631831019
135.0,115.40392396518571
135.0,122.41860536939505
136.0,124.25276744218331
139.0,141.6228950617584
143.0,140.76164176656079
147.0,155.47692873086336
151.0,154.4965300566533
156.0,151.559259458003
160.0,150.7174307853506
159.0,146.13513623670124
157.0,147.30789289415483
158.0,143.33373333484278
160.0,151.07228465557458
162.0,152.01604206617694
162.0,158.24204316534025
160.0,164.78366167501298
157.0,178.2463999914569
154.0,180.72031056752343
149.0,190.20315800409313
145.0,171.01869427243994
149.0,164.07225432323852
151.0,156.49569477272073
142.0,151.84644705332704
129.0,152.47050535863627
119.0,153.7639087952512
106.0,158.45744157715714
96.0,159.57825609876
91.0,161.79445982952052
97.0,160.40894546621774
102.0,151.92843080081894
105.0,136.78419425033903
107.0,134.04545571302555
109.0,137.66941106225298
110.0,146.6491351352061
134.0,135.8125383739211
134.0,122.89486558171497
133.0,106.96539097098842
137.0,102.8246449653207
136.0,90.47604511536646
134.0,89.31053997411688
131.0,89.06998492648675
125.0,105.29673434847062
132.0,109.35009439290731
135.0,109.46443314518807
150.0,112.08461389469721
152.0,113.72997185648148
144.0,152.20974878541764
148.0,149.7078133830067
151.0,143.76238598358836
153.0,150.22924793044623
154.0,148.24725430674306
148.0,144.8050477130365
142.0,135.05865882248602
148.0,122.9641791234317
145.0,138.2416666588713
134.0,145.48511635229005
129.0,170.55011770351308
123.0,172.80302425432924
118.0,153.5581148396641
111.0,151.25628013666784
104.0,161.0052713997451
97.0,169.51753896832892
90.0,168.54823096617295
82.0,142.83678982137582
69.0,146.2619264337863
63.0,146.81502504297143
56.0,142.05795073998397
56.0,125.64855218723095
51.0,120.87931957738547
40.0,116.7119198178288
40.0,112.77386684531534
40.0,109.81881937316628
40.0,108.54340853290623
40.0,104.5748680765018
54.0,102.56449714848054
61.0,100.81168753692978
62.0,81.40243821989603
61.0,80.79537690091588
60.0,79.98978684315367
54.0,78.88375063413717
40.0,78.40287565821178
40.0,76.22604422282178
40.0,76.5729060256313
40.0,76.89479200588025
41.0,77.20210861357965
46.0,77.29100869994622
48.0,80.14939601176405
53.0,82.57947076968965
57.0,86.29224885333956
56.0,87.99353585746378
56.0,92.04994512573387
62.0,104.77104338055263
74.0,89.68277735171144
88.0,78.17443184028907
96.0,78.39062824729011
99.0,78.82087932483003
85.0,78.19274699499863
69.0,78.53196587623357
63.0,79.86879799095611
59.0,82.41208417737613
72.0,87.59977832747455
109.0,101.66171804508757
135.0,115.13398582492592
152.0,117.37182557768656
162.0,125.0619372728002
170.0,132.2462870558369
175.0,135.6399189345352
179.0,159.38891818657328
177.0,124.11150993606682
161.0,120.47771331941289
147.0,106.35097976063825
141.0,104.42686692196469
141.0,102.43938691915697
145.0,160.1602651577496
150.0,180.14548147293908
170.0,190.6950924682095
190.0,195.9322339703812
203.0,199.22622766048445
210.0,210.83461746612974
215.0,210.67655701239863
221.0,205.41550121602427
227.0,180.77190643517147
232.0,150.73642571310896
235.0,145.37128863144102
234.0,145.35201516498157
230.0,153.36258811572432
227.0,162.2721547395163
233.0,178.70211288060167
232.0,208.40841133079147
232.0,225.07820955822712
230.0,235.03885431664008
227.0,237.3758483689569
227.0,240.28200645955394
221.0,245.01245192704994
205.0,242.5439613364942
191.0,242.50254383084555
183.0,238.3786491823173
180.0,235.25156107764855
180.0,229.8101288729211
181.0,232.54394878570724
180.0,232.74878595118057
177.0,231.5658021697077
173.0,228.61677653618912
173.0,225.7883855672786
197.0,224.72788114777688
225.0,220.97432398287165
232.0,196.14283250567055
222.0,165.86359528777592
214.0,165.2677466558962
218.0,166.09572866884426
237.0,167.90225365451633
250.0,171.2925825918533
255.0,174.13105123179852
257.0,174.11089534081853
257.0,161.27714567679806
257.0,163.2866982669518
257.0,192.05484046718996
257.0,219.09661491391876
257.0,221.18193883483414
257.0,217.19346999023742
257.0,213.1454432218374
257.0,212.12628274945857
257.0,232.9503654063597
259.0,251.75971654411734
261.0,257.2224329306131
262.0,258.47583386778064
254.0,258.8534215848579
255.0,260.1593765598082
251.0,261.0905249877628
251.0,262.65091438800494
259.0,262.5817514008638
263.0,263.67926917345017
264.0,263.32408905322626
256.0,262.80447759533735
258.0,262.6451933062139
238.0,267.7998403451955
238.0,269.7532649144772
238.0,270.9151889676556
230.0,258.0794439272045
206.0,259.44011446180315
197.0,254.7771187442513
211.0,253.16679386911915
216.0,266.45918022029235
212.0,271.19908815644834
259.0,285.9778347112269
290.0,261.6336617203826
260.0,270.1491038995748
240.0,229.60581122331868
221.0,224.922000717714
209.0,216.0142301538438
204.0,201.2695937924589
211.0,167.0167776481643
230.0,138.51826655213182
256.0,175.2126888371754
239.0,185.7943080182479
202.0,186.02373192830314
177.0,216.2225703752325
189.0,233.2734425432837
239.0,222.6763385589702
290.0,200.44340424861264
329.0,167.8424507506705
333.0,153.1411599521485
329.0,150.2560142820405
328.0,156.57003268606525
318.0,189.206606135941
281.0,221.88685713836767
247.0,205.81039467066827
237.0,163.12357221599302
235.0,129.08313948457732
237.0,135.52025747963393
231.0,204.75347349500058
224.0,244.42756869410488
212.0,268.2342989526888
207.0,272.765504487214
229.0,272.7341221653642
262.0,272.5608262595369
278.0,270.54759788909223
275.0,246.18111332503878
263.0,211.63061836200546
245.0,198.94661472791086
229.0,191.02849144646598
219.0,180.53737995197676
215.0,174.09391745743036
208.0,176.0668001178809
211.0,177.65295030469312
222.0,178.8380030386124
234.0,209.1900259432637
244.0,223.73944067721226
269.0,242.9276391521298
286.0,241.75941037593532
282.0,245.13828271891188
270.0,230.21629973428406
261.0,218.54484938697692
256.0,206.80411064555562
260.0,202.15347925397379
268.0,186.63668007900205
285.0,190.5315929432772
298.0,202.65833071611078
304.0,205.94515018232838
306.0,218.74040748745895
304.0,235.01561873526427
299.0,251.43755582025776
286.0,253.82106472480706
240.0,249.17555550112428
226.0,244.2092177969233
241.0,237.8994636338373
226.0,240.5966899644751
212.0,249.40773135689116
205.0,259.8193943043678
188.0,268.28733507088526
183.0,276.5350248504576
164.0,276.8887953219506
184.0,277.2581112635522
224.0,259.50996414121215
260.0,248.62505373162008
280.0,206.46440222459384
288.0,197.7391165727742
291.0,191.18078497123656
292.0,192.1653727818503
292.0,187.89356430932384
292.0,171.86398415406836
289.0,147.48529872705265
285.0,151.06051732042204
283.0,107.12542090906757
271.0,159.6980867183446
269.0,204.30751071584632
278.0,235.73900627397572
212.0,254.9153594018525
206.0,256.7038328574258
193.0,257.23876235105564
188.0,257.47142499475933
185.0,256.96528281521756
187.0,257.03334624832513
177.0,255.3711781063969
181.0,252.28030802198813
189.0,252.05987069458175
186.0,242.0178432723497
165.0,228.8646344254796
138.0,228.05367050475465
127.0,164.26154052717942
132.0,138.418571083991
140.0,118.00402318491255
157.0,116.31964719916647
164.0,118.53604858057254
197.0,126.00584511737658
214.0,126.73046413308519
212.0,135.24922904442286
193.0,140.95826250575442
147.0,143.34435538933838
125.0,137.73303317771186
168.0,111.58434522444168
169.0,101.29137735981354
157.0,104.54096761432918
152.0,117.42964925227538
173.0,146.3325703194813
198.0,152.87387308094785
205.0,175.0578491526706
197.0,184.7894536731694
210.0,184.92334002749382
221.0,172.29329886853074
225.0,133.18086327357844
221.0,116.9177085196922
209.0,134.58803170205002
205.0,144.7471817784894
195.0,140.2514867109475
179.0,134.7687084664952
168.0,153.3711612374411
161.0,178.3912053200728
159.0,204.467520143231
158.0,210.025169495353
163.0,218.55846195283954
159.0,214.68679460976102
150.0,214.40911043695408
148.0,212.410880352166
152.0,209.7857630306433
147.0,206.15471065099578
144.0,193.7901828857923
142.0,175.12887886043873
138.0,138.64149697075766
136.0,128.54269828122239
131.0,130.2928089764351
128.0,131.95741397133526
126.0,137.30625307007216
126.0,138.83117702313896
126.0,128.10875659328195
123.0,128.0329365383951
126.0,135.38666735739497
139.0,143.88653557312912
129.0,146.5819245401876
127.0,145.186490511228
135.0,136.0641697296072
147.0,139.33448732111617
148.0,129.19899236936868
135.0,128.5718372979882
124.0,120.78999080242642
118.0,122.1678533370196
117.0,124.03430208456163
118.0,112.46365752458819
117.0,124.62238882770234
115.0,157.87209898669258
126.0,132.8212522910853
137.0,128.6331103745208
141.0,151.27180765436532
141.0,166.86146062096387
133.0,162.43599257674015
134.0,148.89986557575813
139.0,121.06082404334232
139.0,117.96730587352131
144.0,115.0962133911433
145.0,115.16631055342259
140.0,116.16286083551373
148.0,111.34912093925173
158.0,133.9549890325338
163.0,150.38760270100556
158.0,160.36082414758886
148.0,168.39690980456345
155.0,147.22695035664913
170.0,140.12333187935062
181.0,143.7741366684311
176.0,140.9766562593115
174.0,153.33359984623522
175.0,152.21099401570717
165.0,136.85733484968597
153.0,152.6758056549051
148.0,172.10934983669475
140.0,171.94118335791848
133.0,160.94235976905918
127.0,138.6433339831682
123.0,147.61444418485087
131.0,166.9734288843898
140.0,179.3592446349523
148.0,167.45229851108627
154.0,162.38879999476404
159.0,162.3654688657483
169.0,138.9662837213631
167.0,129.83012335874434
160.0,128.38383605185712
162.0,126.06810583051632
169.0,123.51850843322369
171.0,111.91175581242895
171.0,110.12920795712081
176.0,119.67565911298315
177.0,126.98293493318415
172.0,132.49043376812696
165.0,166.47882880598985
159.0,169.99156763528669
153.0,174.43867919626268
148.0,168.2324206628593
138.0,160.21215705855624
116.0,159.7233426497188
112.0,173.32926013887223
117.0,186.51399942429256
116.0,184.68989576873457
109.0,194.26495702805778
103.0,188.60671159482686
95.0,180.47038484272392
99.0,168.34929350257508
99.0,154.37515014324225
93.0,148.2307850896891
87.0,133.28419277400585
80.0,124.1189182770437
73.0,104.84675468858869
72.0,101.8467615383363
80.0,109.81302394679133
86.0,109.23497547329421
93.0,104.47125480438501
96.0,99.27051586314256
97.0,88.70999377973625
97.0,93.2060667624561
97.0,93.39759755593626
97.0,86.849098605906
98.0,87.58436700036903
98.0,83.84029042650876
98.0,80.07075182669297
97.0,79.29996786339899
96.0,81.1738028149799
95.0,86.48218275921903
94.0,95.33436607066885
94.0,99.1803253028734
96.0,105.28743642666362
96.0,106.05227802714444
96.0,103.89774092781127
96.0,105.64957693037333
96.0,108.55504822803039
95.0,107.63817824012749
94.0,107.09840470331935
90.0,99.71073204274947
87.0,97.76453783709412
87.0,97.7893451000593
88.0,95.72952783696397
90.0,94.99127753644994
91.0,95.70228764413164
91.0,95.98869831223178
90.0,96.52031401184611
91.0,97.4637217101406
91.0,97.55537097371499
91.0,97.0648096747704
91.0,96.56505520386456
92.0,95.50623070882533
92.0,93.30965175607196
92.0,93.40381627905435
92.0,95.0173150122071
91.0,96.7725879724597
91.0,97.2968558025539
90.0,97.77236745908111
88.0,97.44052480833061
87.0,98.07174290945451
87.0,98.31606732585203
87.0,102.38689390379574
87.0,102.39230533415059
87.0,102.90521452774455
88.0,102.93269580339613
88.0,102.98930484644062
89.0,103.15623510126566
90.0,102.73749804833948
92.0,102.72435325022
94.0,102.46984852556001
96.0,97.88560047517875
96.0,95.64714865532989
97.0,95.7430747551942
98.0,95.59796041234111
98.0,95.7699720893499
99.0,95.88116616521486
99.0,98.52721420571933
99.0,99.22887718338632
98.0,101.47045398011291
98.0,102.11863268946496
95.0,104.94301338889377
89.0,105.55577204158237
89.0,106.36172020942239
91.0,105.6075678816417
85.0,106.30136263824053
88.0,113.54440206856101
100.0,113.12601893624294
89.0,119.53244238284194
96.0,119.48797887256904
102.0,118.99000649049093
107.0,111.60128930716328
111.0,111.65171966569456
110.0,108.80967225950305
114.0,106.86376917828309
121.0,96.40142043572924
130.0,98.62443720198436
115.0,102.38195575480346
107.0,93.60059137600778
101.0,108.83414822519615
110.0,106.4279433260943
123.0,99.41889653790257
132.0,121.68203939144914
128.0,123.7977541714277
124.0,128.02486260182482
126.0,128.08100452952084
128.0,134.56802410154452
130.0,140.82897116901412
124.0,153.95076761446512
120.0,132.65360883255494
117.0,126.70252259731511
118.0,123.52506345945253
119.0,125.92563125337423
123.0,142.8366394878787
129.0,153.7291800021896
139.0,147.92745234208812
157.0,135.82514904019777
