y_true,y_pred
225.0,189.8743667234007
233.0,199.2148506718271
237.0,197.77753550406428
241.0,200.0659235862128
246.0,205.67183958343105
248.0,204.4156570133887
250.0,211.73427379644548
252.0,213.21612417992952
256.0,217.74247766977174
259.0,225.33492414439533
262.0,223.2873489993542
266.0,223.6458527645679
269.0,233.31145221989098
272.0,236.1404278191952
275.0,241.8479433390429
279.0,244.65528240237666
281.0,251.40155469362278
283.0,249.80003079512008
286.0,255.0242557206284
289.0,255.56229439110638
292.0,257.600343453615
294.0,266.2409261878752
299.0,266.2709911755151
301.0,275.3893031990164
304.0,274.01338418971426
307.0,273.795641506485
309.0,273.64812839585335
311.0,277.92161312266114
313.0,278.03009893348974
313.0,278.3338077475422
314.0,279.2395201248742
314.0,281.0894942692128
315.0,282.40167625900796
317.0,283.90834943721626
318.0,286.060800487257
319.0,284.1851245702829
321.0,283.27114100769353
321.0,289.043690917209
321.0,289.12649085223984
322.0,289.17995877924807
326.0,296.3709385146569
326.0,295.8497329286197
326.0,297.67303207339535
325.0,302.0506754393051
324.0,301.446429966268
322.0,301.60613154678543
320.0,300.1972998164922
318.0,307.40073120491326
316.0,306.65732388769254
314.0,306.0916849031095
308.0,306.090974217819
304.0,304.0013900084543
301.0,303.85603484401025
298.0,301.9920395468175
296.0,302.3011736324381
294.0,301.7745014203542
293.0,301.45925043373387
291.0,301.00390154874447
273.0,294.5386022441648
270.0,290.3671631047845
276.0,290.6779801446102
265.0,289.0259815669002
251.0,277.8538530319731
251.0,268.36347726364295
251.0,268.40115711025953
249.0,264.3869003291795
255.0,261.0766560768205
294.0,260.11096026752887
306.0,259.8700530209112
316.0,267.72001422325184
322.0,245.20922221859817
311.0,256.29171139682006
298.0,266.55101441469355
293.0,257.3609569595142
288.0,228.0395873100243
291.0,227.27342913250587
289.0,238.65962976814808
285.0,227.6630544038418
289.0,243.71798667728984
300.0,277.15187895091486
307.0,281.5971677756552
296.0,285.1340849551164
291.0,277.1338968397086
275.0,264.85041650285183
270.0,256.1627583591704
272.0,253.4578238538792
269.0,254.052397540932
251.0,255.5238300386804
241.0,254.64803822068
244.0,241.0054667526215
239.0,238.81754478707268
237.0,241.6786900243034
233.0,256.8555412694656
228.0,249.01028968823675
222.0,246.2979382929477
218.0,244.53037746315218
214.0,199.3327786697853
210.0,206.03696598935534
209.0,213.05527332926448
205.0,181.7597161246997
204.0,171.48021493205857
204.0,187.06601834797644
198.0,180.65184220596151
197.0,177.33629131055608
195.0,178.3122045200304
194.0,171.2106908046361
190.0,173.16943346306255
189.0,172.13480042862548
180.0,165.94749986178627
177.0,158.51309552664037
176.0,158.7153969173828
172.0,152.94776380246387
168.0,150.90510040580202
165.0,158.95002026571748
162.0,154.4157583155817
159.0,155.97892072380822
156.0,155.57184446577457
151.0,154.0615690149247
150.0,150.8046913044914
146.0,152.1817634199647
140.0,136.99604620378125
140.0,137.50530051966845
138.0,137.62689719507875
140.0,135.0408996998799
139.0,131.51424423044693
141.0,144.2777038309055
139.0,139.0784255763291
144.0,135.33461334459344
152.0,134.0674212876991
160.0,135.20963970036422
167.0,167.5584395611714
176.0,167.45908653694545
179.0,165.90245165238323
177.0,165.85775267075036
172.0,155.22864301339263
158.0,152.96702134696733
145.0,149.4090761459677
138.0,155.1362629900815
136.0,150.3807340057665
134.0,166.36392397536196
128.0,181.09926879801867
123.0,183.62754822461102
121.0,184.07759680350156
123.0,197.33540603130996
121.0,201.61151483624687
117.0,194.43323089137647
112.0,174.11156264629363
109.0,142.90318167665924
110.0,133.3536171918451
114.0,125.7373305534704
126.0,127.06566337947022
142.0,124.83037267083381
155.0,120.39271882630757
163.0,120.47205060666158
159.0,107.76485799704388
153.0,111.9139565508011
152.0,106.43155964972513
151.0,101.52772278339876
145.0,99.28403279129542
141.0,98.16143929532802
141.0,100.33931530523242
143.0,106.30472270031642
145.0,135.33558128862032
146.0,149.00101742730882
149.0,159.68446132927352
151.0,169.9374442865576
152.0,153.37738493128688
153.0,144.87475562304618
154.0,144.10112196367157
154.0,144.94132715486708
154.0,126.13126793078966
156.0,128.96885640960568
155.0,128.19872779051715
153.0,135.49582099012002
147.0,135.8743167228165
142.0,137.1283295313588
142.0,148.82939055551452
143.0,157.0634640430613
138.0,163.1915520387278
137.0,166.60613964295842
135.0,168.51778552279467
130.0,167.66484159981323
131.0,167.6725725844439
132.0,166.99305739128454
133.0,167.0252486229862
135.0,162.03175012827268
135.0,150.01172783730848
137.0,144.74833556323782
140.0,146.14857846532362
145.0,151.18173869243037
149.0,142.22217219250643
150.0,141.42383333546852
149.0,136.2242255916669
146.0,128.8203357184277
142.72261396087302,128.28779803355076
139.73694369089063,127.24161912563477
137.14787733417091,128.0685331707297
135.06030303483195,133.9916214206994
133.5791089369919,136.20215076411404
132.80918318476884,145.31128862673793
149.0,158.5936807306101
164.0,135.77323814290932
173.0,164.11164711536557
179.0,159.32040968274836
182.0,162.24693372640965
183.0,160.30688226425391
183.0,161.5324427157639
184.0,158.64950418593878
184.0,175.82603630708647
183.0,177.61223552653772
189.0,208.68525730462585
195.0,210.01952216007194
199.0,213.52196289370343
198.0,212.8685164713262
199.0,220.20518088363144
198.0,224.15925077912013
198.0,230.19700247373274
197.0,222.51542971116828
198.0,211.23344168281218
195.0,211.25247351057237
192.0,210.67364537479966
187.0,208.84786336577702
181.0,214.38469811334332
184.0,208.44475206337336
183.0,207.76893485956626
180.0,205.204162448225
179.0,204.86422571943802
177.0,202.82300826823783
172.0,202.84518866655782
167.0,200.05985778394344
166.0,183.66366598160232
163.0,170.42726368787368
159.0,162.4996458387951
157.0,161.4702936295052
154.0,143.0863386182032
151.0,151.8275217867676
149.0,154.10003480032375
148.0,147.9491956771465
147.0,144.9640960682153
146.0,142.00443537738397
144.0,140.34374933702642
139.0,135.63019627800836
133.0,140.9918244727351
129.0,142.3958919183733
126.0,132.9364838132666
124.0,129.8094095202222
124.0,128.81100703998337
123.0,123.77318331216942
124.0,122.67087762401114
125.0,126.32763360582274
127.0,122.9016777840374
129.0,122.66682196027128
131.0,127.56646920779896
133.0,120.2055174394616
134.0,112.28889759734561
134.0,107.15674605064342
134.0,102.14995182014768
134.0,99.69310801367278
135.0,104.36125390957785
136.0,106.0644260591343
137.0,107.61608792538719
137.0,112.03757703616627
138.0,126.84257893433086
138.0,135.475863827962
139.0,136.43296863429345
139.0,139.47952585683564
140.0,139.7761573245931
140.0,140.94978685704686
139.0,141.5664869170725
139.0,142.72408503240158
140.0,144.45268958547038
139.0,146.65215798719396
138.0,150.2688804136543
137.0,148.95984272843867
137.0,148.6276670174048
136.0,147.21196515193665
136.0,147.46527216979976
136.0,147.01587909039137
136.0,143.12562401168194
136.0,142.51628687926745
135.0,142.30299788377496
135.0,141.65229542141844
132.0,142.7084112446581
129.0,140.3207021880006
130.0,136.877864591168
128.0,137.59947382539983
127.0,137.78757751017312
126.0,137.2382915859346
124.0,137.59223864896293
122.0,138.584694939815
121.0,136.0201876603418
119.0,136.5961099077148
118.0,132.39892324287396
117.0,134.89457748283098
117.0,131.488737233304
116.0,130.9625350832409
115.0,131.39312524402297
113.0,130.56368878784158
112.0,127.0154890755533
111.0,125.90456117148427
110.0,118.6550355429804
109.0,117.58191564536409
108.0,115.08467848399646
107.0,113.73752991376203
107.0,115.35842830129978
105.0,114.51657314190658
104.0,117.00453244878284
104.0,116.85837893940025
103.0,115.99664247379134
103.0,113.79135254945518
102.0,111.94313572343542
101.0,111.19799452128241
101.0,112.21440748382443
100.0,112.66012730690883
99.0,112.20322938621335
98.0,109.0124261653678
98.0,110.60846395019198
97.0,107.46453643538307
97.0,108.13526533144575
96.0,109.78464595901573
96.0,108.36323217029256
97.0,108.42033806952374
95.0,108.09260671542665
93.0,105.80297064997619
94.0,105.51236677640304
97.0,102.56820139027636
103.0,99.42344410662311
110.0,98.88826622446867
118.0,97.37082312850107
131.0,144.17511210514408
146.0,142.86866752685017
156.0,142.29500845273583
161.0,140.51645491912174
169.0,136.19239865304695
163.0,131.70216221776582
199.0,125.63859310583607
200.0,122.74069823845613
201.0,125.25832719516411
200.0,146.25495352611682
197.0,156.59554367507832
193.0,159.8641517496702
189.0,170.57618033702215
185.0,175.60947426020968
180.0,183.42756757446006
177.0,185.26600611949462
181.0,189.75514016380058
181.0,165.25615203582979
174.0,216.1132950071824
167.0,212.29523791292854
163.0,210.1420648863209
158.0,208.2738068455291
155.0,196.71135571334773
156.0,192.10184563682
158.0,152.44898463685345
200.0,148.66543197029327
213.0,143.43415623540207
246.0,138.39684720551395
265.0,141.8341178163513
267.0,142.17979740798432
258.0,144.5194721835751
248.0,138.8126520624656
240.0,135.24571101637065
230.0,130.16262546841577
225.0,127.11425723795583
224.0,135.24784034772273
220.0,140.48967534394512
214.0,210.05589690661057
212.0,212.90618788211697
206.0,255.66710243445723
198.0,265.4928009994663
194.0,263.61809380523596
195.0,249.16416679468475
197.0,237.60150240800027
196.0,228.04625346466472
194.0,209.21771145623416
193.0,203.0506844568985
193.0,204.69785430870385
190.0,184.37012234031292
186.0,175.82925739713
185.0,176.88734969022377
186.0,178.07421386432685
182.0,168.50854480818063
178.0,162.04852184158955
177.0,168.5016012003071
176.0,175.09640442977732
173.0,176.00983488622884
171.0,164.28963403590024
168.0,166.86847816614028
166.0,173.74731228403988
164.0,167.86899828492741
159.0,173.8474857302382
156.0,173.00834985113158
153.0,170.1322220415443
151.0,170.0024835652666
149.0,168.49975012585713
145.0,168.47362945242608
140.0,168.32378478591542
136.0,162.22298918617608
136.0,156.2716566463499
133.0,152.1827687612691
129.0,148.65992381461416
124.0,144.5556487469349
124.0,139.96045731781263
130.0,142.50357575250177
134.0,142.46079024927744
142.0,141.8016546246712
146.0,143.33555280754197
143.0,141.00766520392975
147.0,134.40950074623134
156.0,134.71708281990664
162.0,199.50128502016068
164.0,191.50184622123527
168.0,190.26021338965614
175.0,184.049685859484
179.0,178.3773005059756
183.0,187.58730451200313
190.0,192.40518579184442
194.0,207.86069756919954
197.0,208.62475171458087
201.0,197.12818230556795
206.0,199.48324411738002
208.0,223.47632852382927
208.0,227.71815017804468
208.0,222.59052422687805
212.0,224.85707079772172
209.0,234.06956604701168
205.0,237.16240143439498
208.0,235.9949039139298
204.0,247.41447791898156
201.0,249.95099170072984
201.0,252.60981497191906
203.0,248.75347448720785
203.0,247.38085225198407
199.0,246.17418929680372
200.0,232.36271659649148
202.0,228.54000984594208
202.0,231.19855903108532
197.0,224.58664690533374
197.0,210.77619246427184
199.0,214.9255678239449
198.0,201.90168562902247
204.0,196.5169789369061
205.0,197.658742878144
204.0,196.8786371904974
210.0,196.1518608083171
212.0,194.62405215510785
212.0,181.47059823096626
212.0,191.5265941232417
210.0,192.2910443023603
208.0,183.11373409956266
206.0,186.84586315987585
208.0,194.34813270999842
205.0,188.2666814493739
204.0,201.2155274569296
199.0,201.66941259192427
197.0,200.76097090448252
191.0,205.01094201041445
182.0,210.5998889675899
180.0,212.13586621035148
176.0,212.64155118774835
174.0,206.38578234822404
179.0,204.75347037577842
178.0,196.6481904733934
172.0,199.7122349565803
169.0,195.66906133233357
165.0,195.36049683208194
162.0,189.77776226603623
162.0,190.0947359307133
166.0,188.46107273649088
167.0,177.2242868049356
166.0,171.96918603825407
160.0,169.1562582611058
156.0,169.29836812274706
153.0,173.34870565209434
152.0,173.6145426760101
156.0,162.46177585492592
166.0,153.72122897356368
175.37892164422234,153.4753010344615
182.5055513604634,153.63956394374932
187.59098251488425,152.91810123887615
190.8463084736458,158.40996664775
192.48262260290932,160.0462080517652
192.7110182688358,158.96383892078063
152.0,186.71689550305382
144.0,185.6765354701645
136.0,195.21589573408644
127.0,192.41654224224936
121.0,189.06134520089518
121.0,187.45942518439026
120.0,162.5765944859898
119.0,158.8491269059291
119.0,148.43934800972673
118.0,147.3302393197731
116.0,140.1495750060226
112.0,139.09916759636272
109.0,128.08523541011695
104.0,127.52771712949652
98.0,130.69115561573463
96.0,120.19753552060679
93.0,111.77392088445487
91.0,114.2472836015607
91.0,114.59137021096457
91.0,111.40802390585391
94.0,116.55076223222659
98.0,121.8788867638965
101.0,119.46394537403785
103.0,116.34709200875025
104.0,117.27027307757342
105.0,111.65614668382061
106.0,97.75158453116143
108.0,96.18963906416543
109.0,94.42645700135064
110.0,94.12525627110361
112.0,93.33432468419609
113.0,86.9139568087614
114.0,92.84808831502312
116.0,106.8519655936743
117.0,114.53251407948555
118.0,119.68539310098463
119.0,125.95724585966786
121.0,127.82161966475154
122.0,125.07860125222044
123.0,127.12943679646297
123.0,128.65962527163663
124.0,130.7667488054112
125.0,132.15284559858702
127.0,133.71185352595478
129.0,129.56232694871804
131.0,130.27752137202168
130.0,133.1962357099964
133.0,134.57507171146779
136.0,134.64239504589608
139.0,139.13910281726834
144.0,144.5893664569986
151.0,147.42585242716527
157.0,143.0215495048851
162.0,142.15382987034127
167.0,143.77830721615155
172.0,145.87699844058002
176.0,147.14901195829978
180.0,146.79934072471883
183.0,145.11264783837498
186.0,150.33607472769424
188.0,154.51989025048343
191.0,157.50840754735114
193.0,170.11472689122928
195.0,174.07969543039331
196.0,180.42255554352272
197.0,184.90996132569077
199.0,189.4296847032724
200.0,192.84314490858335
202.0,195.67449249564368
204.0,197.35340049595303
204.0,201.1375753138069
207.0,203.15854027573636
210.0,206.21985414428696
213.0,210.13112446566802
216.0,210.90192728067018
218.0,212.3045350902672
219.0,211.75841273226018
220.0,209.122376588295
223.0,210.7442855447716
224.0,211.0533144277348
227.0,211.81418312160147
228.0,215.263275711963
231.0,215.0375252456355
234.0,213.1749656845318
236.0,219.5351630797674
238.0,225.42915743913602
240.0,228.99485323770776
244.0,230.6840032846788
246.0,231.6476662653325
245.0,232.18810986567092
247.0,236.24366905736892
249.0,238.11050344047536
250.0,238.6244764471553
253.0,240.51663514744357
255.0,242.18409656599547
256.0,245.31256747247062
257.0,247.52022665420995
257.0,248.43761505877544
261.0,251.1143383906169
263.0,257.31890695102635
264.0,258.93421289687717
265.0,258.7593779257035
262.0,259.87374208374797
261.0,261.1271373087755
265.0,265.3387358258446
270.0,263.0411798833271
272.0,264.67873902545824
273.0,264.2494291754901
267.0,264.47068471264237
265.0,263.7213349361005
270.0,268.57451743939976
256.0,268.8543162235299
292.0,274.7994992644432
293.0,274.097958157432
284.0,267.0361326930457
277.0,266.35582281245894
284.0,273.488671125718
289.0,275.589506117303
276.0,276.1231229868962
277.0,280.9832778872862
277.0,280.55297261362807
273.0,261.3173544626766
263.0,264.1160160482698
248.0,245.41785046848
245.0,272.80547576059377
253.0,273.31696661587654
251.0,266.0878406532334
245.0,259.2100069679999
238.0,262.57489258712127
233.0,264.0917984473277
230.0,258.7143182160613
227.0,258.94060344850317
223.0,259.6439336776661
216.0,257.52686840790636
208.0,238.5957932505711
210.0,215.88774259229353
214.0,213.6100921644821
201.0,231.63487099576668
193.0,230.95657657998763
187.0,222.52636341225696
176.0,211.91046855286774
176.0,204.27772934869077
179.0,201.6721058979983
189.0,181.87932610756036
198.0,190.32344451535644
197.0,187.87421647764845
200.0,181.9796420830675
191.0,190.69438384505318
180.0,190.50390999246503
172.0,184.56408716754137
173.0,174.2803158939736
182.0,168.20343073791855
180.0,147.05921950345646
170.0,146.34704809421515
169.0,155.39386528937922
174.0,169.85351355327646
182.0,196.25297498791014
195.0,187.50291901453195
197.0,205.87312035317495
199.0,196.6685667103641
199.0,170.3585315756881
206.0,156.69802943514443
209.0,155.11789568647296
198.0,165.23193584857378
200.0,166.555099219245
205.0,136.90690156280266
207.0,131.07228951037294
199.0,151.27635368714886
188.0,174.68507235799194
185.0,201.1322066031443
185.0,200.42707446072473
182.0,202.11850690555252
183.0,203.01005883661117
177.0,206.2985499785417
172.0,208.23280230741258
172.0,198.56095143496282
172.0,194.23365949902342
169.0,197.4195202436812
167.0,197.81644658932606
166.0,186.4794327949821
166.0,184.55795625994105
165.0,178.60945735337614
164.0,171.68509391858723
163.0,158.56259115991347
160.0,179.179688910902
155.0,162.40134936645404
147.0,159.7027742637466
139.0,164.69176629341624
132.0,164.18025552038932
123.0,163.37898008669512
116.0,158.3986210103882
113.0,156.6951127154684
111.0,156.77637775261599
110.0,154.79224142220238
118.0,154.31102325303056
129.0,154.28486768320516
142.0,151.263966809897
157.0,144.5003078123968
167.0,132.13152322367827
170.0,128.00306665755113
180.0,165.5386423492291
187.0,164.00360263074197
193.0,161.913307670137
205.0,153.54531992483723
207.0,150.43394183313902
208.0,146.90298302897702
212.0,151.7432972067226
219.0,179.0309373458092
221.0,188.2911930449554
225.0,196.93303514776505
227.0,218.7054510367998
226.0,219.10398312083265
224.0,233.6401996560424
219.0,235.5999128198866
228.0,242.50385748195066
227.0,245.67763768944874
233.0,245.55284599142877
235.0,244.3283340813859
234.0,245.57024585025164
228.0,248.16040466680107
222.0,250.8472335540417
223.0,255.2367958440709
230.0,251.6373352864654
230.0,251.13017279682182
232.0,237.7971817481051
233.0,230.7936156960977
233.0,241.83907286282812
235.0,239.83152737037977
231.0,247.40474198464753
225.0,249.43875400205096
221.0,248.3134598297053
216.0,241.7407238261443
205.0,225.54064404269798
192.8655055292251,225.918216898163
181.18443337965655,235.37094790374383
169.9502144661068,234.27931373215498
159.15627970338826,228.01319132804613
148.79606000631324,222.16423672806903
138.86298628969408,218.21212826894015
152.0,170.0008879234925
151.0,170.0008879234925
149.0,170.0008879234925
147.0,170.0008879234925
146.0,189.43663580869497
143.0,189.33369005756052
141.0,169.15790187944705
158.0,164.0432485748111
169.0,160.00289089101145
179.0,157.3597225981026
175.0,154.95440724222715
166.0,154.58343125523427
156.0,154.97763717535966
148.0,144.5674702932541
140.0,141.86688238222354
132.0,140.5536868917564
124.0,142.590130554113
116.0,139.3231725962005
107.0,137.15350680199188
87.0,174.3446838784689
77.0,187.19152380642683
66.0,198.03711148249008
58.0,194.75835842235094
53.0,176.43707546021565
51.0,171.8756401198009
49.0,145.71750617833553
48.0,137.5453755320718
48.0,124.12110517643964
47.0,111.64254793039927
46.0,102.99204836201038
46.0,98.27811698218005
45.0,88.61978956724842
45.0,86.91275149225176
45.0,97.09991867257894
46.0,96.66684134260542
47.0,95.84232344362955
47.0,96.91271048640859
47.0,91.6328470208245
46.0,89.27684849459557
46.0,89.91694596182714
46.0,83.61769269495711
46.0,71.81289211951763
46.0,69.41141307985724
47.0,70.28435121100367
48.0,71.51600160135267
49.0,73.05027655584097
50.0,69.17796500190676
51.0,70.97129453824189
52.0,70.02873609775845
53.0,75.52599042844176
63.0,69.01609344848819
66.0,69.39143794583748
65.0,64.5601072546772
86.0,65.0112569332521
82.0,64.56236919954956
76.0,65.38572477096902
78.0,72.51086200633078
83.0,72.51086200633078
86.0,78.0402714175341
87.0,80.41466400282482
89.0,87.32971365978312
88.0,89.86047704763932
87.0,111.23161916501957
91.0,114.19204852752272
92.0,112.94981894421649
95.0,133.86693980119253
97.0,125.96714776667149
91.0,119.29896991316483
84.0,116.86970471506648
81.0,119.36845929417778
86.0,122.98285701068322
92.0,113.17930700528252
92.0,124.35897053157186
99.0,120.2339612693953
116.0,99.38373823899863
129.0,105.3122218814905
139.0,116.35679788749547
148.0,114.82955470371284
154.0,107.68736801441284
163.0,95.99380876619333
173.0,82.61671550821171
189.0,81.13845588194116
195.0,84.36777667183503
194.0,92.45540812069804
196.0,132.51104501299915
212.0,143.6008308434216
218.0,168.17522623901436
219.0,167.96497090149734
223.0,162.74143304730256
230.0,164.9749463695291
226.0,163.8570951961779
229.0,158.48850147251025
235.0,176.0002943876311
233.0,194.28535245011903
234.0,200.54056436248948
245.0,191.69221487148607
265.0,196.13212967216754
255.0,214.9888598200051
250.0,220.11024342016123
241.0,218.19809943648488
231.0,219.51123389571814
224.0,218.60801784945107
224.0,220.48759439660395
223.0,218.98146486092045
225.0,227.76656840036193
228.0,224.32333901279173
223.0,237.05169018212652
218.0,249.95612560268316
217.0,271.49514713686864
216.0,260.9912100622482
210.0,255.2286189323472
210.0,240.31266533831462
217.0,220.37523638081038
221.0,212.63271019933947
226.0,214.2416315147393
229.0,213.25227069450958
226.0,207.7221861679576
225.0,202.92790710177002
230.0,198.4891801922158
231.0,200.14174613991463
226.0,203.40933270133954
218.0,208.07491033639036
209.0,198.23983226869044
200.0,195.32497247433656
194.0,205.63175664948486
191.0,214.76537476644194
193.0,218.25327278113173
199.0,223.2054315298288
203.0,217.99648649322504
205.0,217.4305980641764
207.0,223.31496793488563
208.0,225.50999453683465
200.0,219.2152665216648
193.0,213.89781079229803
191.0,204.75146594504744
192.0,195.49056263825491
188.0,188.0065434277046
201.0,183.15087179115574
200.0,180.5313984559889
202.0,190.35187992381725
201.0,189.6208271888265
201.0,197.82832301248263
201.0,201.04181237443368
196.0,201.4463080793287
190.0,195.51708671142526
189.0,190.77195659516505
182.0,190.20620496764332
178.0,190.74723090230827
179.0,188.54970373224936
178.0,195.73062978477282
170.0,197.25841100149358
169.0,198.4292463435117
168.0,198.2299619036507
167.0,198.4732952360678
167.0,198.43050320711544
166.0,194.07665820285112
165.0,192.14387195312798
174.0,192.07819152512877
194.0,182.81339954909737
216.0,175.57035867369515
232.0,175.9362694184451
242.0,175.04964350106573
253.0,185.75599382763397
274.0,185.5886919639323
288.0,186.36875283013757
297.0,186.78229566048907
308.0,186.8712558804098
311.0,184.47355526754856
310.0,187.1639605126659
308.0,203.83825563102374
307.0,218.25421269713755
295.0,236.49575644542094
281.0,241.17729560173325
267.0,245.84258919304003
256.0,266.07114397149326
239.0,277.611137691275
219.0,283.386950361963
198.0,287.8580778911978
186.0,291.72788795919234
174.0,294.45602794016565
160.0,291.62502718730616
148.0,286.03254574418827
141.0,286.93261314239584
135.0,264.7571468232541
134.0,253.60466667312497
141.0,223.28040966050563
147.0,186.25136279092726
147.0,176.0568132881475
144.0,177.5048122343894
137.0,161.9586353994754
130.0,154.92887306079606
121.0,146.6926190683356
114.0,133.7468313990078
105.0,134.47312343114734
95.0,130.41172132856494
88.0,133.15608559478744
80.0,136.44477436680063
75.0,140.30823805257347
73.0,142.11917307905824
85.0,151.4454701250604
90.0,137.365530922373
85.0,135.69136329198224
91.0,118.2042637970403
105.0,106.82120881371912
123.0,102.31188984463698
139.0,103.15896310071389
148.0,99.81233754221195
147.0,89.95917319601836
144.0,94.86629972646726
139.0,99.43491903627093
132.0,100.36269506315872
122.0,111.3018888193316
113.0,112.84657056434088
107.0,106.24159418259637
100.0,116.4966597488188
95.0,129.91377609664667
90.0,151.57516818175932
82.82398570310669,168.53926256055954
75.25259314711882,171.1723145563885
70.0,165.36115942328195
69.0,149.50800890757878
72.0,147.76079855137053
80.0,136.13611228375117
88.0,129.99763374715937
92.0,122.617833109735
97.0,103.91749741333308
100.0,98.20556454948938
103.0,98.38508003714766
106.0,99.82457266206616
112.0,95.6310990740932
120.0,97.18667300439688
130.0,97.62906197340922
139.0,97.72623539328013
150.0,98.04333948439832
160.0,101.54166602366791
169.0,114.42139739499949
180.0,115.3691249620294
188.0,111.35459853024263
198.0,119.71406577583505
209.0,124.04014106453795
217.0,173.2643509374808
225.0,179.1846748840903
236.0,182.9198718728003
242.0,195.97989390439653
244.0,197.35342550390257
247.0,203.9219493946068
247.0,204.6472285687918
245.0,205.43752394047527
243.0,209.5349557852004
245.0,191.22565080307282
247.0,196.6354092791421
246.0,197.80255001935438
246.0,204.0154863727569
246.0,200.46132635714605
245.0,205.951624015539
243.0,200.79606767213374
239.0,205.98546622652728
235.0,206.0306442765336
229.0,200.97209721687102
223.0,197.62767816262738
216.0,193.7376745435349
210.0,201.8985601533139
203.0,210.88514859801882
198.0,211.76777248376555
193.0,206.2539758660192
189.0,216.0661013081753
185.0,214.59342548437633
181.0,206.0947337531784
177.0,201.77661793300686
174.0,201.7453756494238
170.0,189.71428288000106
166.0,168.94144367455695
166.0,166.35206250709723
166.0,160.8071265219872
161.0,160.44087733551595
157.0,157.15095265442676
154.0,149.65594775846057
154.0,148.78037372429117
153.0,147.82865600697485
154.0,142.75489298246205
153.0,141.69062604956608
152.0,145.31742686385843
151.0,133.2009021049475
150.0,129.0562242969433
148.0,130.39853527541212
145.0,137.42326268140752
142.0,132.13375359743532
143.0,127.13629760938063
144.0,123.13020859574019
144.0,125.46851754561004
142.0,125.39953340478304
140.0,125.53832363024276
139.0,125.85175693040564
137.0,124.36625215214661
136.0,124.35253671180865
136.0,125.58343044545174
137.0,122.63763418344284
137.0,128.67001177355115
137.0,129.60779423040984
136.0,130.50885547532377
135.0,135.83412389684105
134.0,135.4024693526371
133.0,133.87573324027792
132.0,133.55283440968466
132.0,133.10137935637582
131.0,133.4645368344644
130.0,136.18082989441828
129.0,138.37375587802075
127.0,137.4489451068051
125.0,138.04493530212048
124.0,137.49089492499502
123.0,140.10534020696446
122.0,137.518321928959
121.0,132.9617621274354
121.0,132.308504633684
119.0,131.93502502109592
118.0,132.40662953978926
116.0,131.17365201420097
114.0,128.60900972118975
113.0,128.97048204484042
113.0,127.70325202446537
112.0,121.40400122823921
112.0,119.37924747212767
112.0,119.37332588086005
112.0,118.6017329538176
114.0,117.62671687967196
115.0,118.72553867589889
114.0,117.1349437287937
114.0,117.35288927756359
113.0,116.5197183468381
112.0,114.28088064987934
112.0,114.18488799809157
111.0,114.34293236447841
111.0,112.2687041206856
111.0,112.88402928306427
112.0,113.25801159545831
112.0,114.21338951246706
112.0,118.30676726983562
115.0,122.38889027914057
118.0,121.1814338154863
116.0,121.24574988532751
117.0,117.7140655987126
118.0,116.70757302073415
115.0,115.47406983711998
112.0,114.58416144634555
110.0,114.70322977207157
109.0,114.91064869894359
107.0,116.31208761348617
105.0,116.75963066244985
103.0,116.78032519730975
102.0,123.5318118256794
100.0,124.80614113789207
99.0,124.50599280316416
98.0,124.61315142847339
101.0,124.29821015162075
103.0,124.60690832259465
100.0,115.80061118390695
99.0,115.98857456700176
98.0,115.53683191557009
98.0,114.31944353085942
97.0,109.63255205145079
95.66082940142824,105.29655339027298
94.37812705514492,106.23556265144585
93.19613739918604,101.13563238863864
92.15910487158762,99.27632785699178
91.31127391038572,98.96761313061717
90.69688895361634,104.66968327126874
130.0,140.57377620952553
133.0,141.10051528299564
137.0,143.26003650450522
140.0,143.26003650450522
144.0,143.54702284792063
149.0,147.39880621193916
151.0,121.00819298644574
152.0,127.3722427902719
153.0,128.20836938141133
155.0,133.32711384206434
157.0,134.03557222528025
159.0,138.169532396786
166.0,140.96735799793706
170.0,145.95531153410002
176.0,154.0455261866398
196.0,156.51459466971696
208.0,153.89821707095848
209.0,152.47754798945883
208.0,161.47767947841197
209.0,160.6123758978055
210.0,163.79925058608606
212.0,168.2588351861796
216.0,161.38732075222052
222.0,163.25634625689142
231.0,170.86443575280322
234.0,175.0750689122335
230.0,183.20683533196103
227.0,211.37619243878967
239.0,216.97236748029613
245.0,215.80188305946632
242.0,217.46072526239263
243.0,214.7432565813479
246.0,212.0315020711758
248.0,212.8299118133256
249.0,217.7587440769489
248.0,220.5434966846478
247.0,222.60037482349313
249.0,238.3855462481677
259.0,233.56728835478467
264.0,228.41119191106634
267.0,243.2008164928329
271.0,248.09962167272116
274.0,244.15466841172213
279.0,239.48685897527415
285.0,248.9140000478988
287.0,247.20212363526264
290.0,248.35861078029401
291.0,247.4537482302577
287.0,247.01010677587067
286.0,248.23035905173285
288.0,259.4698958446407
281.0,265.56796003940144
274.0,269.4626972590175
272.0,270.041703331137
262.0,269.1497471858004
258.0,270.15502907177114
242.0,273.87439429375695
223.0,250.10591407228006
207.0,248.25870527174408
195.0,248.65727981232288
185.0,240.2217918575345
175.0,239.54776016801875
164.0,233.03236792347354
156.0,226.6128486411275
150.0,216.26770594751918
138.0,215.68316301000826
124.0,202.02878282482826
112.0,190.91184055895744
105.0,175.45204908456452
100.0,136.68034318206185
96.0,126.3048846966369
90.0,111.82055596712071
85.0,116.52609165627236
80.0,110.93888517467427
76.0,97.28813615234276
73.0,99.17139579602762
72.0,96.06999347763869
72.0,95.19085352869466
73.0,97.72018455117815
74.0,98.44452649352542
73.0,97.53616263229678
72.0,96.35082987800686
73.0,90.81116109322211
75.0,87.05393758452735
78.0,88.1316016738371
80.0,91.60033451870109
87.0,93.69876555597104
95.0,93.04141346527632
98.0,90.76134023566425
99.0,90.84221825419776
99.0,97.82775706538479
100.0,105.2277405183594
102.0,107.74413766283038
108.0,110.31519650930399
113.0,111.87993437500907
116.0,123.30808238677245
121.0,123.50315589238073
126.0,101.83962977971525
130.0,111.07565216866439
135.0,125.49495126551764
141.0,131.6434810810466
148.0,132.9633803420744
156.0,135.33143820129365
159.0,138.09171407163913
161.0,142.13464330901834
163.0,152.17994870989799
164.0,152.63726287673285
168.0,156.37121273795677
172.0,153.68009316838538
175.0,141.75738524352732
180.0,140.66242650196642
184.0,150.7395977755232
184.0,159.33807612680724
184.0,165.28550218644344
184.0,174.15320208864335
183.0,173.10116313418277
183.0,181.63565729748248
185.0,185.72465984891056
187.0,183.13198595173955
187.0,185.22315262556754
187.0,189.06672827550025
184.0,193.70905669670472
182.0,195.97232187821245
180.0,200.05553735613074
174.0,195.5952669791322
171.0,193.04641416002266
168.0,190.85291597647156
164.0,189.77773131563097
162.0,191.243911248608
159.0,188.3952596922758
156.0,193.27969563479297
151.0,191.1928544203731
148.0,191.16183347098678
147.0,185.65112249418692
148.0,181.72454216846296
146.0,179.2589232537681
142.0,172.9906546524777
138.0,171.65523088169
134.0,163.2071522223744
130.0,154.22550450952718
128.0,152.09840393563428
129.0,148.09360684366044
134.0,148.85007035133037
140.0,143.43663811370422
143.0,142.71263375999564
144.0,143.56534472155573
144.0,147.69565432633615
145.0,147.6704715617989
149.0,144.4331789018095
151.0,137.30046852639964
155.0,127.34615264277998
157.0,151.30003949074356
161.0,148.80559725697861
162.0,153.3288833258416
163.0,164.07256455954195
162.0,179.07751022532454
160.15246748735885,181.0297671560061
158.0205187799334,178.41050036438662
155.6291160419458,176.24510564024615
153.00322143761773,174.21832628802503
150.1677971311711,177.41553123185176
147.14780528682786,187.5393968972742
108.0,162.11495209951846
112.0,162.29238981516653
115.0,157.3792933310141
116.0,153.1673366806396
117.0,161.88370764036426
117.0,161.88370764036426
118.0,96.68373267372873
118.0,98.13253973527962
117.0,99.34230731415235
116.0,100.24878310482562
115.0,106.55660271394304
116.0,111.19129358132649
116.0,116.67721053010492
116.0,121.7678582474401
117.0,127.54877697593881
117.0,126.06911752673626
118.0,127.19286090455593
118.0,127.39197806978844
118.0,128.81536862817597
117.0,129.39371748779098
116.0,128.83346187210188
116.0,124.50325129268502
116.0,123.13477301798194
115.0,125.18817713020334
114.0,125.23907578804422
113.0,124.96706881367362
112.0,127.56771994559347
112.0,127.79157058277579
110.0,127.33138355354414
110.0,126.93127855240313
109.0,131.6207515276615
109.0,127.23804962609387
108.0,125.87267147423643
108.0,126.09274513288517
109.0,125.4327311765392
113.0,123.38921590320157
111.0,120.57578905569888
106.0,118.95343305359461
103.0,115.55163218196343
100.0,115.55163218196343
97.0,114.25973345107683
95.0,114.53118078245365
93.0,113.78016738183746
92.0,114.2169671691052
91.0,114.95656672705873
90.0,114.57555407854345
89.0,117.33635315119197
88.0,123.34275565933191
87.0,117.60336937369534
87.0,114.0998763859588
86.0,110.00491149848166
86.0,102.0809495455184
85.0,98.6768138883022
84.0,97.5814149303219
84.0,96.15031652992714
85.0,95.85297208854243
86.0,92.56332846014524
86.0,91.03590993194767
86.0,90.69780404806164
86.0,89.08452159247044
86.0,88.82723530666715
87.0,90.11792640983951
87.0,87.94294087095649
87.0,87.06727859659972
86.0,84.42317078602882
86.0,82.61159713797933
86.0,82.44029146290016
85.0,83.45591786472674
85.0,85.3005769547285
85.0,85.46018671741048
85.0,85.14563088397117
84.0,90.7900409296985
83.0,90.4010355558765
82.0,93.20343206423483
82.0,87.80789013775954
83.0,88.57299035914974
83.0,86.6352991844683
83.0,86.29866664117641
83.0,86.2534060705869
82.0,85.82520905888519
82.0,85.82520905888519
80.0,85.82520905888519
78.0,85.56535592708481
79.0,84.21879831220573
79.0,84.85305822012364
78.0,84.40438705145134
77.0,84.23384697109027
75.0,87.75304542715851
74.0,87.52958597027718
73.0,87.62093654400825
72.0,87.41564385397112
72.0,86.89238907252623
71.0,87.59696121908732
71.0,86.88709393035366
72.0,86.94588009298478
73.0,85.01730577514097
73.0,84.96089030513129
75.0,86.02007449660547
77.0,85.66256649644953
76.0,85.76404342449372
76.0,85.4198256413701
77.0,86.81762188119278
76.0,86.55002373955863
77.0,86.9295985302879
80.0,85.8944001969524
81.0,85.96733257185265
83.0,86.96093035531572
85.0,88.1051910428479
87.0,87.66136608358177
88.0,91.33423764418595
90.0,92.0148396320541
87.0,93.0386441715922
83.0,120.59685791087678
81.0,119.70187454370262
79.0,117.49107565323487
77.0,117.12301438921885
77.0,118.42485247374586
73.0,114.77703130436967
86.0,132.07802486389585
83.0,130.20849257737214
85.0,119.68601849610141
87.0,122.67222754435564
88.0,131.56026511237087
88.0,116.82299758269274
88.0,115.5130625661655
92.0,116.08411059294406
99.0,113.42287854885112
106.0,112.27306111038466
112.0,112.88620017578137
114.0,112.993220968527
115.0,121.68685251941767
112.0,119.73917164749422
109.0,123.3365503308334
110.0,121.0568056084492
110.0,123.65798408107605
111.0,128.60102781018864
104.0,133.04219910080943
95.0,139.9437104534158
90.0,146.12230445429103
89.0,158.09986974730117
92.0,163.52699297652
98.0,164.90658560769975
104.0,142.54006246553703
112.0,136.32435654329484
119.0,135.7136362230125
122.0,136.43944566597585
128.0,127.00050940696269
131.0,126.00448340318762
137.0,121.96249758425692
144.0,111.59786040397347
151.0,111.70094062369938
159.0,111.91622039542554
164.0,109.81062412604952
169.0,111.067249330032
171.0,122.87557627170831
169.0,138.23659404634375
170.0,142.65325576932884
173.0,145.27169850426316
176.0,153.646844584451
179.0,156.6699600720284
179.0,162.35000524128156
181.0,170.82014139282575
187.0,176.22478406849376
189.0,177.86375748191273
191.0,182.02663436966196
188.0,188.62140968174126
187.0,190.02187898136484
187.0,184.0172702940768
187.0,183.48814178789124
187.0,188.94044184315143
193.0,191.97436090472215
206.0,192.90805280183417
220.0,186.97453732661023
221.0,186.78154530225368
217.0,193.99145581917514
217.0,195.58112944217208
215.0,197.14801145699636
211.0,199.68578873000763
209.0,197.9586860017863
207.0,196.1207175094148
205.0,191.45960919095333
204.0,187.09880139892212
205.0,197.6424816141949
207.0,208.42811996848388
209.0,224.8365011404067
212.0,225.47975885564807
221.0,217.53729910870643
227.0,231.14507888626758
233.0,227.48652352459456
238.0,230.53352987544312
243.0,220.319078247202
247.0,210.83636150670685
247.0,207.56712032638953
249.0,207.72272783244068
250.0,212.0814424352463
248.0,216.25909916510778
245.0,225.13072357451023
243.0,226.90364873523382
243.0,222.12944108015844
242.0,219.17641384797633
237.0,216.16067511705657
224.0,221.74748482801414
216.0,216.0801950480293
211.0,215.06614745869592
207.0,211.3477265094045
203.0,213.50685853107552
201.0,218.86479858164398
200.0,215.30634512331932
199.0,212.53641130456103
197.0,206.23936659204782
201.0,208.49751152005004
203.0,207.3204296262726
203.0,202.5981272529202
195.0,181.16494839314643
193.0,165.9952668849119
190.0,163.1570662373968
184.0,168.60039019699656
185.0,167.5774686578437
184.0,165.25692773566416
184.0,168.10973869149436
187.0,170.59160384692746
189.0,169.08588284945745
190.0,171.8369458250387
193.0,184.4085680101514
196.0,186.75229642839844
198.0,174.72708974379958
195.0,169.70594726417983
194.0,164.98684449952697
191.0,151.3461933275734
190.0,155.71443778895335
185.0,157.60326778970358
180.0,157.51063322646004
179.0,163.26740423863302
180.0,175.05335946843664
178.0,181.38610433256534
177.0,185.3838848387644
175.0,192.87372798096263
173.0,200.349950430981
170.0,197.37112667369792
165.0,192.86447403655168
157.0,188.44072441889648
150.0,181.7793224859066
145.0,177.571956501701
142.0,178.28266787333217
141.0,176.33544639397667
142.0,176.27614599536886
143.0,175.6955903809049
145.0,174.8887507116312
146.0,175.13524266489475
149.0,169.24171278457138
148.0,162.9126376472376
144.0,157.54125626515065
141.0,148.80602855566678
142.0,146.79221652712081
147.0,144.04062897829556
147.0,143.93632312004897
145.0,141.54396633565128
149.0,140.75166982769954
155.0,144.3378603634171
164.89045365215446,145.06244571604284
177.20468603387354,155.28412185983817
188.9165753986558,150.2124592371313
197.0,151.42310253121377
200.0,152.16679603696767
201.0,143.95605699528875
199.0,148.4619761606738
196.0,155.11353513803596
193.0,153.66790292387532
190.0,151.10673197989786
186.0,158.38655173896012
181.0,168.8042730621771
176.0,183.94644746002302
172.0,182.69065365963263
170.0,196.51940714170334
168.0,205.0793962582906
165.0,209.24226639340017
168.0,210.36316557869603
164.0,209.55935375866153
156.0,205.31478037278177
150.0,202.27883164063107
145.0,175.2031968129961
142.0,167.19240463803123
141.0,162.55661013068277
143.0,149.27671346135955
148.0,143.3878951831763
151.0,146.23245390839995
153.0,151.67402508029977
153.0,151.10091599667695
153.0,155.0666241523471
153.0,147.93088090142393
152.0,137.19833589817492
150.0,134.8690016087756
147.0,134.1145471992455
144.0,132.88083214386327
139.0,120.0432364687376
135.0,121.67010203810538
133.0,130.73154986953304
131.0,136.75496977679927
129.0,140.2745262478538
126.0,135.24882074906537
122.0,137.8877184688758
117.0,140.96652083556745
112.0,139.47978500962537
106.0,138.30175053955395
100.0,125.53012928736827
95.0,119.47014611832115
89.0,123.40491047924304
84.0,121.08612640469838
80.0,115.28260514710371
76.0,112.79176455214336
73.0,112.88869272811326
69.0,108.72958569833474
66.0,105.26491316901438
65.0,102.533507571797
64.0,99.61416500902192
63.0,95.77370962497285
62.0,97.84450253405738
61.0,88.34206299818918
60.0,82.21228248409327
59.0,81.0251802343524
59.0,82.528597982636
58.0,83.45388300399533
58.0,85.19953378939041
57.0,84.15922899709497
56.0,82.0770817642286
56.0,81.46557642084193
56.0,82.26163336715088
56.0,82.98387292828271
58.0,82.57384471830355
61.0,83.22322097448547
63.0,77.94941634315612
67.0,78.91539232746021
71.0,79.2446413457668
73.0,79.12494838027426
74.0,80.09447099115084
76.0,80.24710148160625
79.0,82.16441064468312
82.0,84.37785594564433
86.0,82.00304158155238
92.0,81.15159950698906
97.0,82.49108229150913
101.0,93.651671662074
106.0,94.21617239625186
110.0,96.00855724758344
113.0,101.78271980506256
117.0,108.78053769821727
122.0,107.56311971702492
128.0,109.15737283343502
133.0,114.17709644242505
138.0,114.22630961574805
143.0,126.03945413454765
148.0,136.77300720881075
152.0,136.86681202443145
157.0,138.97550514182242
161.0,141.31639653780348
165.0,132.15441482448944
170.0,131.60965242714448
172.0,138.55346242437074
176.0,140.29829529971167
183.0,154.0406453227452
192.0,154.62324354122097
205.0,164.53395287477892
210.0,164.58839186878666
208.0,168.3401915290495
224.0,167.0403130389376
244.0,165.23954219767404
263.0,169.61861579710342
279.0,172.13079951160302
298.0,213.89601833945503
314.0,214.2503553281344
334.0,220.0527580387901
351.0,221.7985329501057
359.0,213.6388471447903
362.0,217.37567962619605
364.0,224.76934206927191
370.0,207.32806059244513
378.0,227.20079529893601
386.0,249.43182116007085
393.0,260.53705449634106
400.0,263.77617891635833
400.0,269.38001186427306
400.0,289.7816129082374
400.0,291.07400048307926
400.0,307.88248984852794
400.0,315.0470835486698
400.0,315.7984347031886
400.0,317.59253352903676
400.0,320.0270306749388
400.0,319.8870268982131
400.0,319.9284980045042
400.0,320.71156843182274
400.0,323.4097246698944
400.0,322.88106780131034
400.0,323.7661253482393
400.0,324.52212692872723
400.0,324.89838897774433
400.0,324.2450943895426
400.0,323.1606594420134
400.0,322.03591235178715
400.0,323.12604666103203
400.0,324.95681067766554
400.0,324.8908371592742
400.0,325.08524248252166
400.0,324.90719261300717
400.0,322.4583222001843
400.0,321.9335926539487
400.0,323.03469090471486
400.0,320.2232497165054
400.0,315.3187071711673
400.0,316.5119417913431
400.0,314.8650551263062
398.0,316.92364040894034
392.0,314.54630232493287
386.0,306.86758253029456
383.0,306.68388174963474
380.0,305.62169771464283
374.0,305.7087285055525
371.0,305.7087285055525
368.0,306.5801935283374
361.0,306.5801935283374
351.0,320.5935970451151
352.0,320.5935970451151
350.0,320.7639879212885
339.0,314.10413208687623
332.0,308.3834202883219
328.0,308.2355500398237
330.0,302.89757310875655
334.0,302.89757310875655
336.0,297.12428905755576
332.0,297.12428905755576
324.0,298.171801060036
316.0,298.74079763845043
311.0,289.5233539350119
307.0,289.50486250884126
305.0,289.50486250884126
304.0,270.8560695213409
301.0,264.6049829326317
294.0,262.94491604844524
289.0,263.36242733704694
290.0,263.8781218811086
292.0,264.6922969593601
297.0,270.5343129646385
300.0,264.96072570099153
303.0,263.2153257738476
304.0,247.33785400142457
305.0,250.4250305651561
301.0,245.60306934873182
295.0,242.57235880933334
293.0,233.18748167942965
287.0,230.07292598585593
280.0,220.6362706244602
271.0,227.20021893338438
260.0,235.2056062823203
252.0,245.7809865125789
243.0,258.0141231108414
235.0,262.6026795957282
226.0,269.6116201334636
221.0,268.56536008019395
214.0,266.730208748845
210.0,249.4448254403675
206.0,251.9905772751545
203.0,233.23931276048836
200.0,229.32195675449796
194.0,212.69834597153212
187.0,192.37191807113956
182.0,181.02831690723815
179.0,178.8392627357824
173.0,178.0982991280124
165.0,172.61858337393
159.0,174.1101487006134
155.0,177.7382719668258
151.0,179.6712109004952
150.0,182.8829652125808
153.0,175.91132478912718
153.0,178.51016999305747
154.0,175.61591847022333
156.0,168.968052883442
156.0,171.841497861856
157.0,169.02836000610105
159.0,164.09777910139604
161.0,151.4303497188534
160.0,140.1756395291819
162.0,140.66739411296143
164.0,139.39158464057317
165.0,135.04034785827466
166.0,135.78487546270617
166.0,136.54242198778493
168.0,135.40226578380748
170.0,147.98898943139744
172.0,152.24029563671456
168.0,154.4457091543359
168.0,158.89402352899637
171.0,163.95270735724188
172.0,164.23761344757986
172.0,164.81763365420287
174.0,166.8715305774575
177.0,167.73402303415776
183.0,166.8440610478997
192.0,169.25162088326869
202.0,173.1578349016979
213.0,181.45983813763132
219.0,184.43515135711232
220.0,179.56499365398645
222.0,178.6165493601836
223.02763017051072,184.09949389964575
222.3402229385341,185.1757736448431
220.1723540283029,184.45032513288436
216.7585991640496,186.75491672840354
212.33353407000715,195.79533652154723
207.131734470408,203.01519125618586
173.0,172.47578662489605
172.0,173.4742314640373
168.0,173.00012423825626
169.0,170.99084394253478
167.0,173.20655779229418
166.0,176.506553730281
169.0,161.6051039257148
172.0,165.63100435214406
175.0,155.33833101308082
178.0,154.30868200601674
179.0,157.83147926619858
179.0,176.35299913134318
173.0,179.86275953722054
165.0,173.7193113446076
161.0,163.4635858342378
155.0,166.37573946741648
150.0,159.0259350137609
145.0,161.1829978929776
137.0,154.24247754968852
132.0,158.5234180799225
127.0,168.03848639749984
122.0,164.16309147391019
117.0,165.93797614374338
108.0,160.75091857675574
106.0,156.76919414830905
108.0,140.5058025114258
109.0,140.23985533751951
112.0,132.15343837071185
114.0,127.27848815809894
114.0,131.06361852321874
113.0,121.63548887583853
116.0,119.27254439226229
117.0,115.69797665143349
115.0,112.80235787807058
113.0,106.56207014063098
112.0,95.53533967943936
109.0,93.81988293004429
105.0,98.33091809756957
103.0,102.12960820892985
104.0,103.78869958027462
105.0,104.10259426026289
105.0,116.75829876314924
103.0,119.70177869182581
101.0,121.50986405962996
102.0,125.04072462660679
102.0,125.03514127246056
100.0,113.12668538137565
99.0,107.44675298220163
99.0,103.65023956909052
103.0,98.08273945140438
107.0,98.20279786406627
115.0,101.69409495974563
122.0,100.3765225560088
128.0,99.78160569506723
135.0,99.07914501552554
141.0,98.75712434848845
144.0,101.817385109768
146.0,103.87934375697556
147.0,99.23039380555844
148.0,97.4351189684172
148.0,90.49250560589155
147.0,103.63262491371509
147.0,107.7032361536176
147.0,119.51931202014181
148.0,125.0819392603478
148.0,134.05763321804523
149.0,136.94094789182185
148.0,151.80082579420892
145.0,158.07690118651453
144.0,156.73817976555074
144.0,154.81743328558235
145.0,152.2182694998054
146.0,148.8575926761639
147.0,152.83103738726695
148.0,155.48222843107644
148.0,151.78326574268596
149.0,152.5537416337548
150.0,152.83706500180858
151.0,153.87338524272494
152.0,152.58990500078446
153.0,150.58970987292795
153.0,149.54831212853904
154.0,150.73080499923887
155.0,152.03568038737166
154.0,153.96309785568
154.0,151.70296095266332
154.0,150.6687690470629
156.0,148.43306412978305
157.0,146.59020972198655
157.0,152.748765257892
157.0,153.5367820282467
158.0,153.64377824627275
158.0,154.11410707662068
158.0,154.2506434037144
159.0,157.70204674182528
159.0,165.58559349293722
159.0,162.9518493152291
160.0,163.24552151471258
161.0,164.89157829375205
161.0,172.31665094731153
161.0,172.05767274996313
162.0,173.15157215669277
162.0,173.07681787149698
162.0,173.98982420062268
163.0,173.5417998439055
163.0,173.62849678497142
161.0,175.00082096470902
162.0,174.79167952226746
163.0,173.84546887253478
164.0,174.99416373883648
167.0,175.8066718998309
169.0,173.63547139000718
171.0,173.01406684056977
174.0,175.7340274762339
175.0,175.10022945448614
176.0,173.28790850105202
177.0,173.35247873204648
179.0,173.778292559994
180.0,171.3470187719802
181.0,173.0176270380004
181.0,173.2893545177618
182.0,173.231611139776
183.0,174.88904396108808
184.0,177.1681602924622
185.0,181.39043668190715
186.0,187.0517413731709
188.0,186.60320046307822
188.0,185.59371366761766
190.0,185.3959696186805
191.0,184.20515845481347
193.0,182.83930679456645
195.0,183.94570510698532
195.0,184.87793543500064
197.0,186.1297107601534
205.0,188.93990375640226
216.0,189.70538369236047
202.0,190.25339172085165
210.0,191.33663257590655
217.0,194.7571989524136
223.0,195.90536883378326
227.0,199.11575771322657
231.0,199.7238034442884
233.0,204.16288680417242
235.0,207.44355962980305
239.0,206.3593738104507
245.0,224.98703140976173
248.0,229.77712083517855
251.0,230.7639360326699
255.0,221.36464002713453
257.0,217.80137240752822
256.0,214.15986748121452
253.0,208.17188239487373
249.0,206.92153984649394
249.0,204.77326404141783
251.0,202.9057903050561
251.0,209.53473291221025
249.0,211.62723884742044
249.0,218.01723367251722
246.0,222.90628347879473
243.0,228.60778443241986
241.0,231.86517887567766
239.0,234.26728617276189
239.0,238.43435643266162
236.0,237.69238465729728
233.0,233.10257678136438
234.0,232.87158461915203
231.0,242.49760277633914
228.0,246.57497682898168
226.0,237.14225777582743
223.0,236.0486789252203
218.0,234.60870111885163
212.0,227.0674428009293
208.0,223.46261838308774
209.0,223.1926017416922
209.0,224.62137041153636
208.0,217.94653416481913
208.0,212.00947138461694
209.0,219.41949797149903
209.0,210.91263722701294
211.0,211.11721701223098
214.0,209.7992734915932
213.0,209.32290138844797
213.0,207.46237533553867
211.0,199.2181644883971
210.0,193.64598749864848
210.0,194.62263131811142
209.0,195.3612356496595
203.0,187.99755048917208
200.0,190.69383808771758
198.0,193.48337797528694
199.0,196.86599410319397
201.0,204.06946742482467
200.0,207.76533986494138
200.0,210.5843543170393
197.0,209.8131831727752
196.0,208.07719011525157
196.0,205.5442996397419
196.0,206.1414079492358
195.0,204.4785059300401
194.0,196.1734875338149
192.0,194.15393555677224
190.0,189.33897688630285
187.0,191.99170061974607
184.0,195.5522137673993
180.0,196.1220783232335
176.0,194.6180992178537
174.0,191.89844010430994
173.0,191.6583451049501
172.0,195.20182090636027
171.0,195.1117991093514
167.0,194.28648991391756
164.0,193.9592936844468
162.0,192.380991691028
162.0,191.11588312171563
163.0,188.8356798577411
158.0,187.37406342414718
156.0,176.39935013280692
156.0,174.24092868311675
156.0,168.51146808541284
156.0,164.31889148977444
157.0,164.7978895539998
154.0,169.45624291448848
152.0,159.5538090875389
152.0,156.32928851206046
153.0,154.83292927547438
158.0,157.01987252732994
163.0,160.8414172710959
166.0,155.83417244715565
167.0,156.57418592599672
172.0,160.28895607973186
174.0,161.05746646029698
174.0,163.41529218401416
175.0,163.14551341401886
177.0,161.3864724026564
176.0,160.43783724622614
174.0,158.8958195162901
170.0,156.15013586709685
168.0,158.9925702489476
168.0,162.7328218846685
168.0,165.0381266836116
168.0,163.8430559259412
166.0,170.99640171476028
164.0,180.588415514158
164.0,180.44440169099465
165.0,184.88965735963262
165.0,185.46249116036321
164.0,184.1999918532065
165.0,182.65681761125296
162.0,170.64844790217148
160.0,172.47813096553725
159.0,176.67684599153014
157.0,177.3746543844598
157.0,177.02016884189646
154.0,167.4421146793417
152.0,165.23617354756652
152.0,163.56784617970678
149.0,165.0265660065176
145.0,165.47235788005227
143.0,164.60232366229414
141.0,165.81627358097876
138.0,161.99737859862364
137.0,160.6094553420033
139.0,158.35283777020882
138.0,155.21914720419656
137.0,155.680240459534
133.0,148.28786782942507
129.0,148.2070375184416
127.0,147.84094011851874
124.0,145.2380420842898
121.0,143.58817589577507
121.0,141.91970912924884
121.0,135.90733403688674
119.0,131.77072478152542
118.0,135.18715910855897
117.0,137.56038991496632
115.0,134.59417288600233
113.0,133.77057793107917
110.91959418611664,125.03153005753289
108.71860181721522,122.64089979061045
106.47655358884435,121.09647574080013
104.27298019655264,114.77196341198353
102.1874123358887,112.76090970863301
100.29938070240117,112.67592722640755
142.0,150.43058424813051
143.0,153.92587638690577
144.0,154.27959994324658
144.0,153.53712091989792
145.0,176.41452470032945
146.0,176.09610896084632
148.0,143.8942102811887
151.0,147.13918589746385
152.0,151.19873725219097
154.0,146.16651158367392
155.0,146.94190451131487
154.0,151.541549446819
153.0,156.21131188040593
153.0,150.64406147039753
156.0,150.10178860238855
161.0,151.02557319639592
169.0,150.58732599314357
180.0,155.10835361658684
192.0,160.6947052940767
204.0,171.68169516579283
214.0,169.60924753993316
224.0,166.17250091655865
233.0,165.13852338916587
243.0,161.50352916370971
251.0,161.07825709985624
259.0,166.2959058053626
265.0,176.0680588653866
269.0,178.35957551214813
276.0,197.74737903790444
282.0,204.84053867827595
288.0,222.6283020107293
294.0,220.90144664039804
299.0,223.25321304865213
303.0,211.85811846239136
304.0,211.5906807752917
302.0,225.06128617331262
300.0,238.79329641010347
296.0,246.86738275052286
291.0,236.5917874098043
283.0,220.57181291048613
273.0,229.7637176559913
264.0,229.92296403089594
257.0,228.06307082447591
251.0,226.72584873694888
244.0,227.8296658108598
238.0,242.35202787289185
233.0,252.80578015279298
227.0,256.7734813724887
220.0,255.274029128654
212.0,248.36958125720273
210.0,237.90153812492125
205.0,226.6065388672988
200.0,214.64607815686196
194.0,200.80474064337875
184.0,188.60005178919215
173.0,188.77846071205306
165.0,185.15771119561342
159.0,180.46366063930398
157.0,179.3652060501397
155.0,180.20684985882016
155.0,180.43731073386456
159.0,177.7986139874815
164.0,174.47141481269372
166.0,169.95869683294265
166.0,162.2294450736118
162.0,154.9027943407731
158.0,156.10969099157458
153.0,132.56594150657375
147.0,125.0954889628426
141.0,121.22023460814663
136.0,118.634787854095
131.0,117.14986130074415
126.0,117.27752912924986
121.0,130.05249770447318
117.0,139.26921075629684
112.0,148.0282476851363
108.0,145.1855432208893
104.0,148.83452917565205
100.0,148.31462752576866
97.0,132.92898634669035
94.0,129.67871101500998
91.0,137.9822872443719
88.0,132.2205100550127
85.0,123.43903898598744
82.0,118.19526631095059
80.0,106.66260479952378
77.0,106.1164795942139
75.0,105.56338149561424
73.0,107.21709650429867
71.0,106.21663872166187
69.0,98.68936506074145
68.0,95.29582804643177
66.0,91.29870248215914
64.0,87.88674095304685
63.0,82.29526056503369
61.0,81.23978623115833
60.0,80.38755541185556
58.0,77.72515780869644
57.0,76.09937167120003
56.0,75.31229290463034
54.0,74.30563472738825
53.0,73.5341475560797
51.0,72.3007573481767
50.0,72.72522789603731
51.0,72.44533068539717
55.0,72.93972151397638
62.0,72.39326532732835
68.0,72.76028978763055
74.0,73.87913827320811
81.0,77.2200402603942
86.0,81.82071804228387
91.0,80.33053797131377
96.0,79.51238767352996
99.0,79.47697401960382
104.0,78.69277562601857
107.0,76.13497789619365
107.0,75.99390938489998
107.0,75.93611144782766
108.0,90.23853140203406
109.0,96.71417955089217
110.0,109.20590135329823
109.0,116.77778687780823
109.0,121.68162086049932
110.0,134.53285239198274
110.0,130.93884769743335
111.0,132.8187356703761
111.0,139.03530581848997
109.0,139.07296380354242
110.0,133.4898051865231
112.0,128.7817260196396
114.0,124.983881853859
120.0,122.0476115610542
133.0,121.63711956735686
150.0,121.18733627549666
162.0,121.25030535595941
183.0,156.23094818038774
205.4909724319932,153.89406576416312
226.33686203068785,153.0593271544654
245.5835186516316,142.5878093629426
263.2767921503721,139.68551810043763
279.4625323824567,144.25646310496148
294.18658920343296,147.92421075599268
167.0,163.82249496216104
165.0,171.85573193013988
162.0,171.85573193013988
158.0,171.85573193013988
154.0,186.16613023146985
149.0,186.15470178176156
140.0,182.68783854334558
136.0,182.61493613343296
133.0,177.10917011785884
131.0,173.51928343860573
130.0,173.75074816974399
127.0,175.08427139379276
125.0,167.0347101275546
119.0,164.0759963669384
109.0,161.9854101020912
109.0,154.78827106209923
105.0,148.08360498224468
106.0,149.3564389716393
107.0,138.5296692677022
105.0,137.46747212842286
101.0,128.86556665811605
94.0,127.1961260914143
88.0,126.57116922427055
86.0,122.6368556657211
85.0,114.42328793624274
84.0,106.20660550811411
83.0,102.72719617746573
78.0,101.68501436324834
80.0,101.24856686285544
83.0,99.96627646527787
77.0,100.1119652270713
73.0,113.79773868751175
78.0,113.56214630181563
82.0,116.60123322879859
83.0,116.90095174866384
83.0,118.58698451660916
84.0,117.83044577217713
87.0,113.90858641713845
84.0,116.46032708488661
85.0,118.86237145994718
88.0,115.01693203901092
93.0,115.06784917900865
92.0,115.35411421839581
92.0,114.22416903292641
92.0,115.32156612067763
90.0,120.54582938140369
88.0,119.65533410452795
84.0,115.4060930284021
75.0,119.7296185145544
73.0,122.83294171534506
71.0,119.71819988806826
72.0,123.97250488972463
78.0,125.15371305836297
78.0,125.4760451404543
77.0,122.61390971991467
70.0,112.57415185185016
71.0,112.93825524324883
75.0,111.1799256202195
77.0,106.64929455414834
78.0,104.81027277184572
82.0,104.65178168985486
86.0,102.6284744105814
92.0,103.08538630066798
98.0,106.35737549148969
105.0,107.30796022174631
107.0,105.92119650476371
108.0,107.24105290207085
108.0,96.87016737680689
112.0,94.1699461985984
122.0,98.64369221022876
126.0,99.06096953146888
124.0,96.96110230175205
127.0,99.80206779914084
122.0,101.78796020356299
126.0,112.13460684963823
134.0,126.902957531553
137.0,139.89280439479683
141.0,139.67419110915014
149.0,133.3299666623889
158.0,128.70536033202424
168.0,132.30530983549383
178.0,145.41424577293625
187.0,153.38833273208473
194.0,142.2075848886956
202.0,147.76198897340308
211.0,137.224245543947
219.0,149.99786385908894
228.0,164.310527558395
236.0,188.64969907625695
237.0,193.66611346338237
236.18215510943293,196.0278174697879
235.315365329898,206.05788567439257
234.40063685719744,214.8015087724382
233.4389758871333,220.17892523992342
232.431388615508,208.99085023171244
231.37888123812357,213.10365860399875
86.0,160.1790560273396
89.0,160.1790560273396
91.0,160.1790560273396
94.0,160.1790560273396
97.0,160.1790560273396
101.0,198.00021965576738
106.0,129.757943977103
112.0,131.90290301930034
117.0,132.71190528755062
124.0,128.58473958343615
127.0,125.22000282631198
180.0,124.93232208576472
182.0,132.36022697898295
184.0,142.12255156440895
184.0,140.63381375142913
182.0,155.78188027020514
180.0,161.20848018682366
178.0,163.485653419967
175.0,160.0664599494383
173.0,166.08421954001693
170.0,171.96679604666045
169.0,173.53652501543485
169.0,174.08630496323767
169.0,223.99398275498916
168.0,216.2351360379383
167.0,202.99617653376902
165.0,196.3211489720276
164.0,186.59571402050037
163.0,177.41891493698455
163.0,163.87145189272468
163.0,164.801706509108
162.0,160.38615929489453
163.0,158.91101029738223
164.0,165.67120393852014
164.0,165.76563716439915
164.0,175.63595282438413
162.0,176.61630211719074
161.0,176.22274947902696
161.0,176.00180484390705
162.0,173.7291266512503
162.0,174.478048690631
162.0,170.48613472826386
162.0,170.92798733006
162.0,168.75770606688462
162.0,167.6828307338988
163.0,169.06133596632066
162.0,171.4777707162006
162.0,167.61113231075473
161.0,166.7331073080974
161.0,165.34908350768868
161.0,163.87323824092624
160.0,166.56097416115267
162.0,166.64825664792318
161.0,168.82781347163032
160.0,173.12054942682462
159.0,170.19793026382078
159.0,171.00786796755185
157.0,172.73731625561058
154.0,171.40610102236178
151.0,170.57513448560445
150.0,169.94230940476126
155.0,166.61016989987257
170.0,166.71486542501657
185.0,166.52291488615964
194.0,167.60036634706108
200.0,167.14373018360692
204.0,164.78224633808549
205.0,165.94306144612
205.0,165.94306144612
206.0,164.59085525559706
207.0,162.3684605284315
207.0,160.0270194968412
208.0,158.2690652875371
208.0,160.47437665203807
209.0,179.05294845309595
208.0,198.03653859893726
208.0,212.8915108702468
208.0,219.1131856184888
207.0,221.0217947974205
206.0,220.4223764019686
204.0,218.2402875277553
202.0,218.67791805958706
202.0,217.33138727295477
201.0,218.96708583453898
200.0,214.8055328476938
227.0,212.43598742840598
223.0,210.11331501867915
222.0,206.72128619167336
220.0,202.2442834134608
219.0,202.60137167536126
219.0,199.99055076140112
219.0,191.69022555911164
217.0,191.36139449334868
216.0,189.81527434628134
217.0,190.3231318295594
217.0,189.97543928321116
216.0,193.0462610568937
214.0,210.12857330291973
212.0,203.91463088993711
210.0,200.25679081350995
207.0,192.75590476900996
203.0,186.2594250466776
198.0,186.74999258886132
193.0,180.7101466668033
187.0,178.7998884511066
182.0,177.3970331538469
177.0,174.23076439698156
171.0,174.72696704147927
166.0,172.37413733639366
162.0,168.98756784173764
158.0,166.83035403892882
153.0,165.59628334425327
148.0,160.82105045793116
143.0,159.47405102093083
139.0,157.37481662936955
136.0,151.1740048653442
134.0,150.63134273156413
131.0,144.68367910746443
129.0,140.22453094864008
125.0,132.26913103862253
123.0,118.67295302133529
121.0,118.63363246709856
120.0,115.14257182356533
118.0,108.49262219635374
116.0,111.17089135101907
115.0,108.37279444226722
112.0,110.49951465550524
109.0,113.25821852623868
105.0,111.20311327614881
102.0,108.16290212692266
100.0,108.06933018138268
101.0,103.052476478003
104.0,103.5654967613863
106.0,104.23862781696863
108.0,103.44289341390991
110.0,101.58379151758155
112.0,101.65087761088529
113.0,102.06990682656662
113.0,100.48745411817346
113.0,99.57279947884476
111.0,98.2549204558131
112.0,97.75044430888903
115.0,100.06181224509768
118.0,101.82137031393559
119.0,105.90899778637274
120.0,108.4272280673425
123.0,114.38948362623238
124.0,118.0036420500378
125.0,119.54862315129034
125.0,123.92582531915828
128.0,124.79224169774768
131.0,125.27280593239583
135.0,121.42031684629423
140.0,121.66419332775979
144.0,126.42499967714704
146.0,127.44157940203986
151.0,128.82005022740654
157.0,170.56615576541844
162.0,176.98383061818504
168.0,177.26539542396503
172.0,176.50516322470608
177.0,175.38883368733525
181.0,173.07847197489895
185.0,173.70313932025715
188.0,182.0096974221756
192.0,185.7661646200627
195.0,188.1435395023899
199.0,186.77857064694197
202.0,193.11121707333092
205.0,196.20776477964023
208.0,202.59063806147748
210.0,207.41107970651314
212.0,206.88637777520012
213.0,211.97586914871633
214.0,215.15914796461635
214.0,202.64104491309388
214.0,202.65466314734599
213.0,202.62536904374932
212.0,204.3784074057819
210.0,194.35094637627515
209.0,185.5287689288244
207.0,171.36230561190303
206.0,168.5149504629623
204.0,166.41547392206763
203.0,168.55057136566205
201.0,169.1343115271925
199.0,167.30945233838605
198.0,168.95388653976084
196.0,164.84402173540045
195.0,163.2035781784827
193.0,158.53662322018363
192.0,150.0222727715487
191.0,152.73869421851774
190.0,157.79922334186264
190.0,160.84445075899248
189.0,163.16524934889395
189.0,161.03959862976657
188.0,164.67096553643066
188.0,168.16676181958945
187.0,176.3626919777376
187.0,175.95279906985635
185.0,178.18811909348452
181.0,173.19277025419365
180.0,171.21942939023083
178.0,173.68236952108586
178.0,181.61266548314853
179.0,185.59848401127135
181.0,185.2936785467255
182.0,185.4865419732706
184.0,183.77811420682357
187.0,182.32185259634875
188.0,180.98847469333066
188.0,180.70061201880193
187.0,179.67265505605053
186.0,172.79108472679624
186.0,172.66693520586315
186.0,169.70275604597765
187.0,170.5244418108529
188.0,176.09293157535717
187.0,176.83463521695322
186.0,181.99127286837825
185.0,185.48341891485606
183.0,184.95043802977764
182.0,189.86894115971998
180.0,182.77936904844637
177.0,180.0257379100065
87.0,123.93287538296534
85.0,123.86318727974316
82.0,114.45356879322883
80.0,111.45359153095961
78.0,108.11262038212917
76.0,104.4742588348296
74.0,98.48820817139294
83.0,89.81752096185605
86.0,87.99525279250685
91.0,86.61817620309664
99.0,88.71130575030152
107.0,87.70168466197147
117.0,86.56923549811292
125.0,82.97225912286947
130.0,80.53820115510693
132.0,80.22017289661308
134.0,79.99199282237434
138.0,78.96099623655022
150.0,79.8666339603036
157.0,80.87758059262106
155.0,90.25292861563865
154.0,98.82174079274976
154.0,103.05000246355151
154.0,110.57669624540091
153.0,123.34492876402824
151.0,129.60675920636993
150.0,134.9002425821404
156.0,126.34158637620637
156.0,127.59270110072383
151.0,131.6267266065791
147.0,148.11689845243433
144.0,157.70488350610754
143.0,148.88933544427488
141.0,144.3080365824425
140.0,142.18015135602647
140.0,143.71501641043548
139.0,144.70491135342786
139.0,144.58213580155112
140.0,144.75629531631517
140.0,157.06773632177376
140.0,155.74608949708886
141.0,148.14534268861667
144.0,143.1086008928627
147.0,146.74721407280313
149.0,149.28284787495414
151.0,146.32974286519664
153.0,139.93253127713294
155.0,141.32806271493416
159.0,138.40745942806896
160.0,139.01500651545592
162.0,139.54673941308312
166.0,143.31840338732113
165.0,142.28313352809877
163.0,147.35224691018388
162.0,151.04309733593595
161.0,156.80609464264896
161.0,155.80835475571715
160.0,165.50170207069934
160.0,168.20707881338242
159.0,172.04939043131878
159.0,175.90964437588602
161.0,179.82783108350216
161.0,182.98676596683447
155.0,184.24310449729037
155.0,182.80054719995806
163.0,181.41252056950628
162.0,182.2774145310187
162.0,182.45534010655112
161.0,180.30616803896174
160.0,170.60970542422078
161.0,170.17238421327366
164.0,168.34769754583888
167.0,168.61459948815647
169.0,175.13175904009833
167.0,175.44594483182584
164.0,162.7716339616266
162.0,162.95545245378048
159.0,178.1263566278761
157.0,176.37965174454536
156.0,172.60093046559393
155.0,171.53152955917832
152.0,172.25666724254367
150.0,171.14782689557762
148.0,173.6869028810306
146.0,177.75088762880745
140.0,180.9819086915089
139.0,174.4103920007986
141.0,172.69215178823285
140.0,170.99654269403584
140.0,167.87828228370802
140.0,165.04584696031597
137.0,163.41610595228175
142.0,164.60900399727825
145.0,160.04310873131226
148.0,167.22114461581512
151.0,162.84666511148555
149.0,163.7098942158128
145.0,161.15824581064967
141.0,156.89819416413272
143.0,155.76979125626792
140.0,151.15720221432187
138.0,146.30352772209994
142.0,148.19113341159778
152.0,142.46438792121998
161.0,155.63333231075
166.0,159.71691119333866
166.0,160.5267449322729
173.0,160.8561738959587
180.0,155.59281928306848
181.0,157.86518028820944
176.0,152.67719371304804
167.0,157.95576282275522
167.0,156.97508895202805
164.0,152.93103292126514
159.0,158.95225763011985
156.0,172.7927789004226
161.0,169.9882391334448
167.0,174.97267272288525
164.0,179.8949077380864
158.0,190.36560693986374
153.0,196.98331458813564
144.0,195.52937961797417
140.0,191.7986633119622
132.0,174.47922419984417
130.0,175.26475980273025
131.0,160.00803443843586
130.0,149.65271882928596
125.0,147.28019906985583
123.0,155.78137005977487
125.0,170.69088740043233
135.0,154.3015021947913
140.0,146.6807119976054
154.0,145.28300075671507
172.0,145.1698165152512
188.0,139.7020109767454
199.0,133.60131256519415
209.0,133.56735810405624
218.0,135.53017319497167
227.0,161.06597777354224
230.0,160.8245765083629
230.0,160.90252082462027
234.0,162.29039913096284
233.0,179.2326176219029
230.0,173.47592843143997
232.0,182.44737241039834
235.0,180.96359212131793
233.0,184.3261290190736
229.0,188.9170413587307
224.0,191.23309473776064
219.0,191.07984774870982
213.0,194.94864372611843
208.0,192.0006517181118
199.0,186.7963499324962
197.0,191.93079012614083
192.0,184.4051601564406
186.0,179.00992457082847
172.0,187.10928991842675
168.0,203.61773766143287
168.0,206.9419476516105
164.0,195.86313307956152
162.0,185.78608147124498
156.0,173.5095124228192
156.0,152.85807079068394
151.0,141.4577001124865
148.0,135.98604653804384
145.0,142.0359776798739
140.0,136.51367890300685
139.0,138.92442292628647
135.0,120.37662553765563
133.0,114.20351210078809
127.0,115.87606472144326
118.0,120.24377141265752
114.0,123.88599231519127
111.0,122.540496392909
103.0,117.70151449945999
103.0,111.43931018306563
98.0,112.57780050497571
91.0,111.35386139004008
88.0,106.8616806885676
97.0,110.88120224509757
101.0,115.49436783564748
112.0,110.2191955932022
122.0,109.04914738784402
126.0,105.4100074710339
126.0,105.00026823087659
125.0,105.8116747050501
125.0,112.88147499741007
125.0,110.75276243431561
123.0,108.35974943450523
120.0,107.23929766055734
113.0,100.44750984308227
109.0,105.99245616985726
106.0,107.01986827060277
103.0,129.06195579481025
100.0,146.1186275839292
98.0,146.51499574793368
96.0,140.00140072457623
92.0,134.21422446347734
90.0,132.7096784354513
88.0,131.55814493607568
86.0,124.90469485555546
87.0,119.86611137640112
101.0,113.11084176184526
121.0,108.71654529395896
136.0,109.3329533741356
140.0,107.0466110333028
139.0,104.76401651685016
142.0,101.303320666354
136.0,101.07770549829463
130.0,103.94387260074367
136.0,103.6273414716296
142.0,101.6910944282863
155.0,101.14928503930184
164.0,101.6658305115451
178.0,118.9012970506731
199.0,141.83672200648914
217.0,164.6328624461748
231.0,161.3251687915142
233.0,155.9086728533131
233.0,167.68728283847932
239.0,160.50416481572825
245.0,157.00479103809187
248.0,155.7294655017611
239.0,156.54857857839525
236.0,162.26957351921433
238.0,162.3271999537497
242.0,162.64000490557993
247.0,173.7105152654378
240.0,183.61413509371383
238.0,191.0067196370515
241.0,188.65719587986638
240.0,181.50970298070882
239.0,185.24480543060352
237.0,194.34009014083787
235.0,199.17735052652648
234.0,184.8992040534383
233.0,179.55098636545785
233.0,186.18642451675936
234.0,206.2222079393098
233.0,226.04385447626618
231.0,217.70179988098457
229.0,223.7233633613829
227.0,221.5349845279192
225.0,218.81656489708143
222.0,220.33404563099143
216.0,220.47493505063446
200.0,216.07140051025826
192.0,215.49443059987695
184.0,205.74244272872926
181.0,201.92794382801327
180.0,215.06202164167803
176.0,212.4790724429781
174.0,209.12486699730164
174.0,207.39523080241457
173.0,205.1580945939679
171.0,207.14780342712683
165.0,205.5223320533849
164.0,187.58681289401386
157.0,188.71372436991152
146.0,170.83980379716934
141.0,159.84966125484164
143.0,144.98673341275844
146.0,150.18085656083073
148.0,144.97656115120316
148.0,140.9687029165514
145.0,140.23186102498218
141.0,141.97321240260436
137.0,153.63942930034236
132.0,144.1110680894163
128.0,144.71048420726518
125.0,127.61964497916064
121.0,123.96415096433192
118.0,114.77488315952121
114.0,119.88489881657667
111.0,128.57848492999634
108.0,130.63038793919756
102.0,132.39161776542576
95.0,136.71494427093754
91.0,132.9513459870923
88.0,126.84225262910373
85.0,120.63343906980103
80.0,122.5029731598944
80.0,109.12219318993426
83.0,107.68537038852178
78.0,106.50310065493159
73.0,104.59886352925255
70.0,102.50308010467704
67.0,102.79028979998293
66.0,96.96693891986067
68.0,92.34333895957526
72.0,91.47696785994177
73.0,91.86563888342806
76.0,92.11962550177691
82.0,87.53682166284948
88.0,79.37232014807391
95.0,77.17074407024126
102.0,76.76551516878318
109.0,76.56889443968238
116.0,78.42398652032311
121.0,77.60106196624457
126.0,77.31216954811563
132.0,78.89018772078582
137.0,79.18981634033283
144.0,79.7104192950493
151.0,89.89129720047899
154.0,88.42354748820269
155.0,111.35955824617055
157.0,118.93166745652046
160.0,124.98988406375571
162.0,131.07985052267367
163.0,136.58003818498833
164.0,135.15839089396388
164.0,147.3625184085537
165.0,149.65170900208236
166.0,152.1712459961031
169.0,158.7331547719045
172.0,171.0520232684459
175.0,165.77803788178207
177.0,165.2618907155962
180.0,166.5575945555442
182.0,165.99401518111165
186.0,167.91842467605613
191.0,165.9913878367047
198.0,168.32615642775428
210.0,169.31216583321736
218.0,172.43297515198492
223.0,174.45054152259468
223.0,177.56127366756155
224.0,183.1470233401975
226.0,185.69127644038556
228.0,186.55247701939263
231.0,187.69673138771844
233.0,188.7037285779982
234.0,192.8201192375215
235.0,201.23407093388894
235.0,212.5871190715541
235.0,221.93098664683063
236.0,227.83407093750526
237.0,229.6885707435851
239.0,221.46354117543038
241.0,221.09112610370948
240.0,221.82868182689614
242.0,226.8744042513675
241.0,230.7909195211597
242.0,233.75884895363254
241.0,240.38738453420822
238.0,241.25430719097622
236.0,242.39549846445678
234.0,243.96978948247258
232.0,246.59072325312357
231.0,246.56494239625349
230.0,246.14906658589067
229.0,249.64864266550958
227.0,248.42194927517266
239.0,250.15649616388296
244.0,246.93404504013148
243.0,249.27667487254598
240.0,246.31214530183206
237.0,239.11157467385223
237.0,237.1153302127968
236.0,232.54504431567176
232.0,225.8719339462795
229.0,224.04371174853907
227.0,222.0988491055038
224.0,219.68553943735827
220.0,216.28180410113305
214.0,233.79099586875464
207.0,244.6012921506448
203.0,238.63905858474953
202.0,236.0818869028919
200.0,232.94628915297648
196.0,233.33955327444613
192.0,232.68887745334675
190.0,225.62193806179698
188.0,221.94978806382466
182.0,218.08216027624096
185.0,213.38300106392558
193.0,209.3011290580064
192.0,206.9940310834877
189.0,204.61831456799766
184.0,200.34450053827692
180.0,200.17348751674888
176.0,199.56268319113494
175.0,195.61272282010125
175.0,180.8765520659522
176.0,177.05743346792877
178.0,174.4404865615279
175.0,170.8893866907333
171.0,175.81593679784604
166.96654925460808,182.4196836890213
162.7779163322094,185.5937963976322
158.46048223012093,183.97413295325086
154.04062794565954,176.06999915380425
149.54473447614237,175.0071842636919
144.99918281888628,168.3243365989316
242.0,179.49130974826213
246.0,177.828103474656
249.0,178.179765199228
246.0,178.179765199228
245.0,181.21278077920434
245.0,188.32896951296183
241.0,192.18788092120144
236.0,204.16905120273555
232.0,206.03913949630302
227.0,201.06178723216453
225.0,201.31025017620175
225.0,206.0740951793793
231.0,198.16000262164005
230.0,201.02284415150206
227.0,208.37243794646093
225.0,219.3027567101447
217.0,216.46465433515937
212.0,220.9222965150945
205.0,211.22210241974318
194.0,208.6000927372793
180.0,181.45372072639944
173.0,193.1797579368128
164.0,186.62801019721036
168.0,184.63910414823746
171.0,200.30631394339431
165.0,201.97966014373543
158.0,194.9830183017154
156.0,192.37860317452467
154.0,178.78630192345284
151.0,168.48969255161524
149.0,157.9661462900048
140.0,148.93449697769998
136.0,132.8038465914987
136.0,126.62924273396119
139.0,114.42279169311449
134.0,123.63817570815118
130.0,130.9057752626376
127.0,120.96632575602735
125.0,114.3837806165153
131.0,115.91255029476248
133.0,117.61670593482637
129.0,118.02953816421453
127.0,119.61828608365639
127.0,119.57847868150704
123.0,114.80799168682529
123.0,131.74066661370668
123.0,135.33255055497494
121.0,128.89045682291336
118.0,127.0636081468498
113.0,124.5027574158916
119.0,116.34400508016273
122.0,128.90048820852195
117.0,131.29302811448773
115.0,128.7479210774059
115.0,122.86006941797629
108.0,124.37335563798982
107.0,114.42390759305044
106.0,116.86176911494404
108.0,120.74440327017828
105.0,116.94981631548174
111.0,109.39278037697315
126.0,109.19414613591353
143.0,115.28970544884652
157.0,124.13865749356219
172.0,114.4113658502083
191.0,176.81980509202944
207.0,178.31026221009813
215.0,155.97908930537088
214.0,156.54573501592841
225.0,147.89825537395026
228.0,148.4576297534162
228.0,125.5693503393336
224.0,136.8366887152752
224.0,145.30693333801474
225.0,163.49929898386594
221.0,166.31199314490306
218.0,164.93243256173827
214.0,167.84385460611762
222.0,173.53386642787598
232.0,174.76753658578141
242.0,173.0650685974197
246.0,183.76965116175205
239.0,181.313979870364
229.0,177.602918231507
218.0,167.52320006798325
208.0,163.75628152312902
202.0,164.2804851012156
195.0,150.47893818864307
192.0,168.80618540352626
195.0,153.51516046983573
197.0,174.98738346919913
196.0,223.36981634054723
196.0,235.0889083208472
191.0,240.7048160148696
187.0,231.16233100607312
190.0,215.69521981019057
188.0,193.0904505454181
188.0,174.61006946676167
188.0,167.60634266913712
181.0,152.87690064933145
177.0,150.6947071297695
176.0,153.3013407588041
173.0,157.43430989449163
170.0,169.67806154550343
165.0,168.45561152167252
162.0,153.19288955704704
160.0,151.79001160975275
153.0,162.1906635386939
152.0,164.4596564217884
152.0,163.67029929749089
152.0,161.25605011685687
155.0,151.07903103365356
157.0,148.15061298187914
160.0,151.29740950891284
165.0,149.23404053409655
179.0,153.42779297735595
185.0,149.89750939733355
185.0,145.50906947435723
188.0,142.1375393235383
187.0,141.41611693916016
185.0,142.98133576664367
186.0,145.9725256811143
177.0,139.15187782525945
171.0,156.29545562650026
171.0,163.0115719153855
177.0,165.44486300102153
183.0,169.92600024574963
190.0,190.7642622076219
192.0,204.6354094641399
194.0,199.85900954768562
197.0,197.20491834782837
199.0,197.0651792022668
200.0,190.666327662645
200.0,193.50158241710017
201.0,179.15626854312782
198.0,173.03425842508497
195.0,170.01874180034739
194.0,178.83564417301338
191.0,197.15410552552078
190.0,211.68321068491716
187.0,214.05028164091547
183.0,216.7515628192763
178.0,217.131635920221
174.0,222.94079272684627
176.0,230.85938463735013
196.0,233.06785925028615
191.0,238.13641707289642
186.0,219.20344292964094
179.0,204.5146052762857
172.0,203.96473619792425
165.0,200.75908570003207
160.0,200.79318493224977
157.0,195.58984573053112
154.0,187.66194759415814
151.0,174.23810153807815
146.0,169.27425505356098
144.0,176.966307692715
139.0,216.20258491329975
151.0,202.98337541440785
156.0,193.79538721051736
149.0,177.0215729341047
143.0,164.84399481621787
141.0,156.0783903413977
145.0,147.98676089183851
143.0,144.86514469516243
139.0,138.71008412992038
136.0,130.20612458208484
136.0,125.87285004557788
133.0,127.28106356897123
129.0,123.13256501180409
125.0,150.582713136016
122.0,158.49208045993905
121.0,144.74513667498138
119.0,140.8981082290322
119.0,137.73775653604838
119.0,149.14208745260373
120.0,143.2235667665314
122.0,136.0857604436066
129.0,138.61237489525382
138.0,138.49278681540477
135.0,126.15329161789705
138.0,123.57399071027773
141.0,115.1665455284641
139.0,113.37096580957812
138.0,110.65090633689991
141.0,110.65359114324573
147.0,113.58372438144852
148.0,114.10109712221629
148.0,114.36111090653995
148.0,122.98408007005584
147.0,144.20479231505314
146.0,155.6286157450141
148.0,147.86211675993266
148.0,152.71053962483902
148.0,157.7112994307443
156.0,148.93359879429306
157.0,147.29104831063327
153.0,154.581436382711
149.0,164.37773782094834
147.0,163.95184272519188
146.0,163.70182604896937
146.0,161.8293595182483
146.0,162.81914067795773
147.0,161.69115051314884
147.0,162.22491733694199
150.0,161.21942224041223
157.0,160.92201854091422
150.0,173.78284320469902
144.0,174.90174128657915
145.0,165.27231381253475
145.0,156.63248195171542
145.0,156.28033099621177
148.0,156.6806109913603
153.0,154.64170567463026
161.0,155.72274029189293
169.0,156.4599047928688
185.0,152.6036272286053
185.0,158.68812672440689
185.0,171.00105436639595
183.0,163.79535860060128
183.0,150.6225985428465
183.0,154.94466081161823
183.0,154.12391695686216
182.0,153.50070820851298
177.0,156.59393871220925
170.0,168.7292035848141
166.0,182.7074117958036
163.0,191.4075740909171
160.0,207.90100600495802
158.0,208.24681556944523
159.0,206.17526381846432
160.0,203.90068040090654
164.0,203.74616534507834
178.0,203.0369975435785
188.0,197.07917361347143
191.0,189.7326465611631
175.0,183.06367640673025
180.0,173.6269824359812
185.0,171.24724716034942
185.0,165.13003559655166
194.0,162.24148043699307
196.0,160.0635612784925
198.0,158.31258957244287
202.0,160.73439075665985
202.0,166.22434923524204
195.0,189.72898130154553
193.0,201.1981478669915
196.0,205.54537208910128
201.0,183.65069916949307
203.0,188.27888676930482
198.0,198.89352919092445
199.0,196.09866564912176
196.0,212.4189514915566
194.0,214.82839317323933
192.0,211.05199572791884
193.0,209.85283590373672
205.0,205.37273840469922
210.0,204.5236036256546
216.0,196.38309179814271
226.0,201.17795296580877
243.0,208.19339810446414
249.0,203.7182880465497
256.0,197.07692632704632
251.0,205.14205520961337
249.0,204.23029653546175
251.0,189.93043953847135
261.0,185.20640128088087
264.0,190.42261011473244
265.0,202.27177799053203
270.0,197.1284496219757
282.0,198.3508062281804
291.0,197.40452650257328
295.0,207.9062557976784
291.0,211.64593375463446
293.0,216.43687604359945
299.0,211.66105406185275
310.0,202.0188526349122
322.0,223.10957456765598
332.0,222.4105046929338
336.0,230.4728053987755
338.0,231.77085617363534
344.0,231.94724418468715
348.0,232.73911172281558
352.0,238.34211026112393
354.0,239.13657455624528
352.0,234.50373671045284
351.0,234.16330811241383
352.0,236.92811675989435
352.0,244.20043690728806
349.0,262.1273125481287
337.0,267.7540124307079
334.0,270.9202769596165
328.0,272.6745279208933
324.0,295.12776422209697
312.0,300.12387593124333
304.0,301.79260314685627
305.0,315.63055318322847
304.0,307.112657698567
292.0,305.79916172045176
287.0,305.1778310973404
276.0,308.64380930874137
263.0,297.98927578213545
247.0,270.9454767462766
225.0,263.29962984379165
207.0,251.55163467710292
198.0,250.44736771589007
183.0,222.818512639658
170.0,204.64878659522213
156.0,196.33754752107464
145.0,203.9682282868773
134.0,192.33784825836884
123.0,188.74434381942675
110.0,185.23205207119545
100.0,171.68040441464143
92.0,160.51894511321433
82.0,140.54938179137133
85.0,134.01619146159265
94.0,128.64358286790306
105.0,116.32612788265604
119.0,100.02009011967333
132.0,92.17958968210799
141.0,89.77134810605442
145.0,87.68740885551412
143.0,82.02739157167224
138.0,80.55816337039256
131.0,94.63414872615864
124.0,94.94247372016824
118.0,96.35238669092125
116.0,99.48241477657055
113.0,94.58703552383987
108.0,102.98118071915431
105.0,127.58030437836871
100.0,153.94672422964314
94.0,164.20517341510075
89.0,162.6628420374606
81.0,152.92602904316038
76.0,147.22525140068421
79.0,140.7261795740315
89.0,129.34890384763327
100.0,125.78225917728317
111.0,123.67518856175661
119.0,112.22318855227863
124.0,108.97278040157673
127.0,108.20090133694124
132.0,107.21973309436096
126.0,105.55423887158453
131.0,103.16659065503549
144.0,101.11274614725801
160.0,105.31099893593792
173.0,103.94577837856798
177.0,114.11291738070733
179.0,122.00304504681684
187.0,132.73911608902515
194.0,140.5969462878207
203.0,143.133240939409
205.0,145.304445086228
205.0,146.39087104050827
205.0,135.5642129293178
208.0,161.43088856133664
216.0,172.1418523052098
221.0,193.21612033654984
224.0,206.76219224142375
223.0,201.16874017306554
219.0,190.10149270534546
214.0,205.20946164937865
208.0,206.2164509295261
201.0,212.87728111641965
194.0,211.96523909896666
180.0,207.2253793165148
173.0,203.32760567388235
166.0,208.61205078472034
160.0,222.29236252480817
150.0,231.2810234727447
140.0,234.88923075615247
142.0,226.45054068466732
140.0,219.24527948833324
138.0,208.81142653503298
134.0,187.55529249164724
133.0,190.6168618114572
131.0,190.92767249567754
130.0,164.4653284846089
130.0,154.71205975269467
128.0,141.43155955922944
125.0,132.05836562777677
123.0,126.55923515109082
111.0,124.47817920451216
105.0,126.63771725253639
99.0,124.48290325359704
98.0,128.88342181056447
93.0,126.01655808927805
94.0,125.16758383181156
99.0,123.82824417404787
103.0,125.11276657227697
109.0,125.81903254824263
116.0,122.29641577722684
126.0,120.07192965368135
138.0,119.72748799435941
145.0,114.38582016863035
152.0,116.34268889568372
152.0,114.01598135746038
152.0,114.23471801901987
153.0,108.55031796442108
157.0,112.34635846179799
160.0,104.80734523650442
163.0,108.2968046976027
166.0,120.27193389179872
169.0,139.07332261649222
172.0,151.83699116119695
174.0,165.83593092735052
176.0,170.73079464700916
179.0,175.51085990148326
181.0,164.97698950527524
182.0,164.17451968378356
184.0,161.02440255289983
186.0,168.62864952553548
187.0,172.9033653330754
197.0,176.79658211927637
203.0,175.50336846861342
199.0,179.13286337280542
196.0,182.04932048196352
194.0,188.01611191487206
191.0,191.5698590023051
188.0,190.23290889446673
187.0,190.58644438190976
186.0,188.35910427934064
184.0,191.45442705949014
182.0,194.89718222345488
181.0,185.38689271540375
180.0,204.2644847094834
181.0,207.73670586064276
183.0,207.94124332780024
187.0,201.21844832693932
194.0,195.54212114545038
190.0,189.43049943554675
188.0,173.93408690574663
186.0,172.27297760354776
184.0,172.5878623384494
184.0,166.44430351936424
185.0,163.44272230269644
184.0,167.3024752924074
182.0,169.65760890777804
181.0,176.2936783814487
182.0,183.24200385654154
184.0,197.4048580164272
184.0,201.67359376021486
184.0,200.05266493779573
187.0,195.48480238690246
187.0,190.62030459149747
186.0,188.79757881760585
186.0,188.22808538248862
186.0,189.41820867410576
184.0,189.36130905520508
188.0,187.55823633585507
198.0,183.81515761728173
199.0,186.76999252038087
198.0,189.6493966051826
197.0,188.12236937115276
193.0,185.44178016599798
188.0,191.7712855268241
186.0,191.87926443402193
186.0,189.74055730603516
186.0,189.80007272776172
186.0,189.76505233681593
185.0,185.05217035646777
185.0,192.5501143312075
183.0,208.60660972841205
182.0,208.42804098868217
181.0,206.35843832084035
181.0,203.610143973056
180.0,198.49178974663906
179.0,192.60804233940493
179.0,189.7985141979633
179.0,189.53536742001336
179.0,191.1342763474534
178.0,189.15532709460726
178.0,181.5365230371348
177.0,181.73769936476393
176.0,179.4296867002784
180.0,179.4515975644127
190.0,178.31497331714294
188.0,178.60961099169532
182.0,178.2820296778974
179.0,175.25042007276735
176.0,174.15881677626217
173.0,173.34295519417998
172.0,173.6604424270383
170.0,173.01000113822067
174.0,172.16335754474713
176.0,170.78296224431082
167.0,170.82868031003065
173.0,178.70666819215424
181.0,195.77617772790046
184.0,191.83527095243713
187.0,180.8849398102196
185.0,178.66631761817928
181.0,171.98663300418437
180.0,171.0615732560156
181.0,169.57271178288235
184.0,171.28591229608594
187.0,184.57625142138582
189.0,184.7487851769399
190.0,177.0700874418656
192.0,185.31447827704847
194.0,193.5213609325291
197.0,199.69012879059676
196.0,200.661961033232
195.0,195.4605970587758
197.0,187.57805950093427
193.0,187.52504171437224
191.0,185.22528245248392
184.0,192.1863386799296
184.0,193.81608582559608
186.0,196.78501638226965
181.0,198.28172448258695
181.0,201.72640612757104
178.0,203.18445873750923
179.0,208.9989538912808
184.0,208.23984342297598
183.0,207.51245970786076
184.0,209.0910755477301
187.0,203.70201780549422
183.0,194.84833979920813
180.0,186.35220053050304
180.0,177.9715837443947
184.0,177.84527330992537
182.0,164.1240440364196
183.0,166.35515546110148
179.0,162.31048775935412
177.0,162.2479228924994
176.0,179.93169971512242
178.0,176.28669328414887
180.0,173.14803947446998
182.0,171.5067768831818
178.0,174.63536912553323
179.0,162.2933270209219
179.0,162.77304853014766
177.0,176.6334221628193
176.0,170.84892598059358
176.0,177.7611253542099
172.0,168.29565396607202
168.0,168.41946922494435
166.0,170.86806680283405
159.0,173.4593565670505
155.0,175.50273104948295
159.0,178.14878434066355
156.0,172.24862468186265
156.0,176.43141540378187
154.0,178.20328496849982
160.0,172.91603264491619
158.0,174.2563517344219
158.0,174.04606004605066
157.0,170.56817192423324
160.0,166.04963680112553
159.0,158.95916737309616
160.0,149.16248445132018
164.0,136.66643165194455
162.0,145.6605576526537
155.0,146.5777302998725
149.0,146.8302595171433
141.0,148.13911635188012
138.0,193.71032905880202
134.0,190.88725054395758
134.0,182.68997232813553
136.0,184.55325871703533
136.0,191.83009225096086
140.0,184.47543650435577
149.0,177.84056170906493
153.0,183.3458187721784
153.0,175.91524434407972
153.0,151.82055985265333
153.0,151.36209622832433
155.0,156.3524990948172
153.0,133.42771392868613
151.0,127.82323424000332
154.0,129.3622929874833
154.0,134.36668517310218
158.0,132.69186670492513
163.0,142.90688635540664
161.0,162.65583748580957
154.0,166.4996028809514
152.0,162.54535960995184
153.0,160.92579901930273
153.0,160.66809040482883
155.0,159.78498726521278
153.0,158.1667732115381
151.0,145.75770536346957
149.0,152.8206384078327
149.0,152.26622967392544
148.0,159.9127933771101
146.0,165.93668367693087
142.0,163.98007612404038
142.0,150.13908797373017
141.0,137.74242270377647
137.0,148.80458101088604
137.0,142.96224179839152
133.0,144.69051165281945
132.0,151.20205622250873
129.0,147.25596829412055
126.0,136.16263661696408
126.0,138.0765809195191
118.0,140.78142398042525
111.0,143.51005880929984
107.0,139.7173359836544
103.0,140.0830956511445
101.0,139.1018190865649
98.0,133.0381280471365
97.0,134.53685208116082
97.0,129.2012328952213
96.0,131.06171192027298
96.0,130.37400388753088
101.0,127.06104278273172
113.0,127.7602657745902
124.0,119.44180371729689
130.0,111.01636674951192
133.0,108.18596610961406
134.0,105.99329661081632
131.0,104.28726475903972
128.0,101.25922349483035
127.0,99.67798948093946
126.0,96.62989109107653
125.0,92.77291252749416
123.0,91.54709991007797
120.0,96.78028622926708
116.0,120.04963305126915
113.0,134.05625473816932
108.0,135.1982577342824
105.0,133.511320426724
102.0,139.03633357544712
100.0,130.49647431939812
98.0,131.17660750841762
92.0,130.85970065501047
85.0,122.60240754828831
82.0,121.15433252886677
88.0,119.76121414641166
95.0,113.72697446094966
95.0,109.81438777907314
98.0,107.65471675737733
109.0,103.68850710860403
112.0,102.62875464827432
126.0,103.55395442661025
141.0,102.94555977925407
159.0,159.69213906222282
175.0,159.79395290070764
190.0,165.747273466998
200.0,165.36667340757
210.0,163.61719747357157
222.0,158.4793123270941
233.0,155.4830184483153
241.0,153.0054244142512
244.0,159.85067702392857
245.0,159.5406139310424
243.0,176.49621820376603
238.0,191.93255850696784
232.0,196.38151433858286
226.0,218.3089883284507
220.0,210.20180280129205
206.0,215.14357228230924
212.0,222.28809497172784
218.0,235.01752625715687
227.0,246.28360864455567
236.0,249.40872216310515
244.0,248.010911717553
251.0,248.72514606988688
252.0,251.00141429333408
249.0,250.33095829015292
244.0,242.55770891274983
240.0,234.9103790420874
239.0,224.77073755639705
236.0,179.8812700473269
232.0,182.52246318628605
229.0,193.35779500593782
226.0,202.7899852891096
223.0,220.99013259506611
219.0,231.83830558147173
219.0,239.57047143219253
212.0,238.3369926425457
207.0,228.65994769164467
207.0,217.29933309791596
205.0,202.59482865292145
204.0,196.01791832524964
199.0,202.2157410315635
196.0,197.27260980641918
197.0,192.44227671843154
202.0,186.00416329772267
207.0,175.77870959189914
204.0,176.76163964840066
202.0,182.54771119286704
201.0,174.15557104980658
201.0,171.98563218415458
201.0,181.59292307193604
201.0,179.86818514950022
201.0,181.57215341424623
200.0,172.45046568733176
200.0,171.5259351460642
200.0,172.534539864035
200.0,177.06349631593338
202.0,199.5570559956567
202.0,196.43551142887006
198.0,194.44727386946178
197.0,192.6390721513973
196.0,194.7269115787952
195.0,196.2673686764423
192.0,192.12677044095147
190.0,191.81437045478881
194.0,190.01915442614037
199.0,194.42098148046333
193.0,194.56777318243218
186.0,194.29240141360523
184.0,194.70986699952195
183.0,195.36454300871534
181.0,189.42756546450647
181.0,191.04106953624316
184.0,193.10704365893795
186.0,193.17825214091437
184.0,189.04954893531803
186.0,191.405400036579
185.0,191.86321665514848
184.0,201.56146532863477
182.0,192.336359878397
181.0,186.3468199458069
181.0,185.6430264162484
182.0,186.07396878349658
182.0,180.7766344032201
182.0,179.79571189709463
186.0,186.94662113334527
187.0,186.16555111276824
186.0,182.22674088395217
186.0,188.79007920674525
185.0,188.50200003292076
184.0,188.72381851907295
183.0,184.47118953364034
185.0,181.79476451201361
185.0,180.48265637951303
185.0,181.97629719026216
183.0,182.28630101645064
182.0,181.0105889404946
180.0,190.20772440598668
175.0,191.86499089210236
173.0,189.56187851003207
175.0,188.98171749660395
182.0,187.75082892310002
184.0,185.6536472195259
185.0,184.51207113519746
189.0,185.83043749768157
193.0,185.36064077551944
194.0,187.33078197621833
194.0,186.54304744039214
193.0,182.36782140748343
193.0,178.62139493250768
195.0,176.36675823868347
193.0,173.58387317262446
191.0,178.3425860901444
194.0,186.33176491331685
194.0,190.91026287870008
194.0,190.79459446342779
194.0,198.91420220768657
195.0,203.40338984347503
196.0,205.32278721884464
197.0,205.38802071433284
198.0,205.6526225042804
199.0,204.0776548113721
200.0,208.02457606371195
200.0,198.80438575526958
203.0,189.37012928522654
203.0,194.29013399383888
204.0,196.16704420513665
211.0,195.31336968365537
209.0,193.35447238133594
207.0,199.39910790750343
204.0,201.11128388362224
202.0,200.65942596057798
200.0,203.1910391281624
198.0,202.58530442788827
196.0,203.54598840764916
195.0,202.18948316885889
194.0,200.34962495434488
194.0,200.52974276286014
195.0,205.24756082038272
195.0,215.32792735686976
192.0,209.61090640383856
192.0,205.05428181505212
192.0,202.41478386281355
191.0,198.32934004991205
189.0,194.49542619489586
187.0,194.89682535128097
185.0,193.90670503182653
183.0,193.46619525638283
186.0,188.97393025112848
192.0,192.5580598897963
192.0,197.37743898109676
194.0,198.15303601972224
194.0,192.7089177759455
194.0,193.25233610290945
194.0,192.52481383691435
192.0,192.33269480040022
193.0,192.0333748648257
192.0,191.71451532411285
185.0,191.2360824260979
185.0,191.15889639652494
179.0,194.7257898614443
176.0,199.18224344487308
182.0,199.63745141461376
189.0,200.81593428972926
191.0,200.81872758438996
198.0,198.44118283544648
200.0,198.1149081306647
201.0,194.87236028829537
204.0,198.93744611517565
202.0,194.21365563058976
199.0,191.8082602061637
195.0,195.60423336942338
188.0,181.3381728439181
185.0,179.69245713153464
183.0,184.03618748868118
182.0,186.97855610513713
176.0,185.26073141095532
171.0,192.1216355308776
167.0,191.9941841770381
166.0,189.23577881004877
163.0,188.925424884346
159.0,184.0175824777517
153.0,181.58812430985643
153.0,163.55198571604313
148.0,165.02801787233795
145.0,164.978829837581
143.0,165.76635002601725
145.0,162.49477243240256
139.0,151.12416136500357
134.0,144.24842939594797
137.0,135.73732171331298
135.0,144.34556038484644
134.0,147.6498443269946
131.0,147.29900125474398
131.0,137.1827081673009
133.0,132.59410147789347
133.0,127.57399394259915
131.0,124.60612247838782
126.0,124.55299428897732
122.0,129.62070479720524
127.0,126.48014475710325
135.0,120.11706102310986
142.0,124.13216213312356
143.0,124.55079774624193
143.0,123.33006371363115
147.0,116.06691714017731
149.0,116.75286833780991
152.0,125.38512873030965
152.0,124.51026959088345
155.0,148.6992999623709
166.0,141.66535738309418
166.0,134.06309851624468
169.0,142.85836985973225
174.0,162.2951944779133
174.0,163.51396900547022
174.0,155.54128039512767
175.0,145.2011953713488
175.0,156.2676815771631
178.0,152.8534071259045
184.0,173.78922934482011
190.0,171.52413765333353
198.0,161.4366502462292
199.0,174.94543791520437
203.0,170.57548712514068
206.0,169.79313708488397
204.0,185.02678689011293
199.0,183.62746259070644
198.0,187.48682249773645
191.0,184.6455317373856
192.0,185.13002711742436
189.0,197.22926724952643
185.0,199.89564271968212
184.0,209.29572895583195
183.0,218.63844154439312
177.0,216.05075854736228
173.0,217.4521480179537
172.0,220.77094446751246
166.0,215.15796287447287
164.0,209.98432778400513
166.0,202.20888405170697
165.0,178.50605839390138
157.0,180.50686456677758
154.0,176.23669078074934
155.0,166.63959503700946
150.0,159.0936163877775
146.0,159.68427413579593
145.0,148.167782514771
144.0,148.30829771514533
143.0,152.59213719921587
138.0,147.80309399341547
135.0,143.83833450371438
132.0,149.62296156335668
130.0,156.33393246635976
127.0,142.4627244412824
127.0,136.16144571845345
126.0,139.38319306612874
125.0,135.4961841351351
129.0,149.4317637196513
136.0,148.95062811872936
143.0,145.99320142905268
146.0,148.09934666930852
144.0,139.7469433883353
143.0,136.4443540695585
143.0,124.70400031934525
141.0,123.54329610287554
138.0,119.20641028145242
136.0,119.8105816833789
137.0,118.45757187174047
136.0,110.41526357135956
133.0,121.49388101144673
130.0,143.6354737012823
128.0,152.3892784578606
124.0,151.64028012486943
122.0,146.14363661397195
122.0,145.46262521682885
123.0,152.13426417835745
124.0,151.73738705810663
128.0,140.68671816296737
131.0,141.30212616506287
137.0,140.83098845726306
138.0,141.58997006052056
137.0,127.79822123896103
138.0,124.80233562478675
139.0,123.38500200540189
145.0,113.0075430498107
153.0,110.14179480816445
167.0,110.98130641753359
179.0,112.68386841537237
190.0,183.13574923601328
197.0,189.51976167534215
199.0,190.96301577150192
203.0,194.47975765616874
209.0,195.6108430240146
209.0,192.4872843631257
204.0,158.06381807541706
202.0,155.9180769103506
198.0,165.43802486605054
197.0,170.02394192980842
195.0,165.64628704090103
193.0,170.33559829722398
192.0,164.6239074474953
188.0,166.67876035918255
187.0,169.4625393114982
191.0,166.70265643490367
184.0,175.99639739338662
179.0,171.50931519529954
174.0,171.58509385713367
174.0,164.40793327662308
177.0,162.13090651246813
179.0,155.22561667821137
177.0,154.68648358940885
176.0,152.4993503779756
179.0,141.34510068067073
183.0,136.7400411889741
189.0,144.07811894870403
195.0,154.8936607002828
196.0,155.74241282830096
197.0,148.4958201371747
200.0,148.96534909997365
205.0,154.49823615778993
207.0,159.3633462130733
208.0,169.06523516509856
210.0,164.0004413954354
211.0,162.10074196126743
207.0,162.49853429059573
204.0,176.38917328445768
204.0,186.87532183572068
201.0,192.6931364802508
199.0,190.1090899835903
197.0,189.36274641484658
195.0,194.7006129484262
196.0,194.87441418660487
194.0,192.87431178422455
191.0,192.0708991056712
187.0,196.3943361419746
182.0,201.0076515180179
176.0,195.7460298551058
170.0,201.17863517896785
164.0,192.41650809916914
156.0,187.17629146241285
150.0,186.6280374417373
145.0,187.56277462046933
142.0,192.5702047180768
139.0,192.56616047296058
135.0,187.08341524637595
131.0,185.55790756414262
128.0,180.47765749590508
126.0,172.4311598729023
122.0,164.29252638371153
118.0,155.49034706604107
115.0,145.6425872815713
113.0,135.55285172123803
110.0,128.9459833321232
108.0,126.57808727401608
106.0,126.02825082035137
104.0,125.14317079281803
101.0,119.97348946110792
98.0,116.39279806006309
96.0,118.11505861935066
94.0,116.678267959579
91.0,109.72083425392681
85.0,109.81473787300116
81.0,106.71758049489753
79.0,106.00528909475878
81.0,103.34129638799395
87.0,103.43427875557502
91.0,102.46405681423657
94.0,99.928518079394
96.0,96.51110419073275
97.0,92.05778488744843
97.0,91.06295629080357
97.0,89.1053219002636
98.0,87.24112604332969
101.0,80.19244938536863
101.0,78.08762974221695
102.0,77.28877188311237
104.0,75.307584980381
104.0,78.92774099862471
104.0,86.50902402431268
103.0,95.05181931361592
105.0,94.58860482918868
106.0,97.24246549640986
105.0,100.46632385552162
104.0,110.05956748075576
104.0,115.64624247438006
104.0,115.79403813746521
106.0,115.59990058238948
107.0,114.44421975193121
107.0,118.67335446531528
108.0,118.20179377757104
110.0,117.98940600134169
113.0,116.80069093483858
115.0,119.59275133569744
119.0,119.33825181298742
120.0,116.59974572255855
125.0,115.97051417308327
133.0,115.11502837525764
136.0,115.05311837976033
139.0,116.07647335204751
140.0,117.49976165389519
142.0,116.8849120820524
144.0,118.32622033375415
146.0,119.8759526283107
149.0,126.59127270891757
151.0,129.159060548815
154.0,129.9841184035654
158.0,131.2079376376665
161.0,135.89809893080246
163.0,147.7875321424704
165.0,152.15304457876763
166.0,154.23303120138596
166.0,151.5794538240537
163.0,153.05003822329064
161.0,154.84919270770072
160.0,156.98610120042082
159.0,156.7933914936674
160.0,163.01832424850824
161.0,166.20695580647964
162.0,171.64552083737794
162.0,175.82111771218948
166.0,178.64196843389854
168.0,181.6210970948526
170.0,180.37549490602112
179.0,180.45705752374406
182.0,176.66338452162708
183.0,175.0847470077062
183.0,167.85342560931753
182.0,164.88108447546853
179.0,165.8693342504298
181.0,167.47059295544452
180.0,171.9290755927156
181.0,172.17963666344366
181.0,175.87763086403953
181.0,181.11572072074816
183.0,184.84359677193672
181.0,190.8406017199917
185.0,197.38604862088064
185.0,196.87944217468788
186.0,193.10020304252333
190.0,191.1386846288803
206.0,190.01056899301335
215.0,192.2626484659597
220.0,191.28400534270983
221.0,192.24099141000082
223.0,191.86226860781383
223.0,191.19139427452103
222.0,196.1831583822197
225.0,195.5339200109654
228.0,203.28833922590607
231.0,203.6241674964538
231.0,205.89012813087155
227.0,207.96351873905914
229.0,215.09540518442432
225.0,209.24567404667945
223.0,207.23272505748005
222.0,201.8048303744495
223.0,190.63669049004343
219.0,189.19962374016472
217.0,185.94852330787674
215.0,189.258541570231
214.0,196.81921304711085
210.0,196.59563684600607
208.0,204.2886073432917
212.0,197.41513303901428
214.0,201.74245666545423
215.0,199.30450210465685
212.0,192.31855758370727
208.0,191.1241931085795
208.0,190.53445318508514
207.0,190.13637834368026
204.0,190.6367616895992
203.0,199.62300944496735
202.0,195.7510882607785
200.0,184.37880317240558
193.0,182.4560233819507
189.0,192.20422432232021
189.0,196.227754211763
187.0,202.5982576825568
187.0,197.24773814781926
190.0,192.26201875737078
189.0,195.02318930630366
190.0,191.76631165807325
197.0,191.79203718446095
207.0,189.6980039604916
208.0,188.3701715914878
205.0,185.58688565560612
204.0,176.67200094040277
203.0,174.59854397072112
199.0,177.09507271504876
198.0,173.6303332811365
198.0,173.92717456775088
197.0,179.59996933226194
194.0,179.94911698562032
188.0,189.030659897745
185.0,196.71807066627636
181.0,207.1136880101224
178.0,208.27686338680346
176.0,204.68116725378155
178.0,208.10567398130087
180.0,202.50779362576057
179.0,198.53921485390578
174.0,197.9679640966552
179.0,196.95970556287207
188.0,196.4841402938594
190.0,192.17208799625163
191.0,188.40884204800784
193.0,188.18512714009577
196.0,180.45651110173372
203.0,177.40569552642756
211.0,173.76185670937667
218.0,178.9877214901006
227.0,177.78179918640882
235.0,187.50276426372056
250.0,177.5719282413528
262.0,185.58648608499908
265.0,198.11185542031882
267.0,204.3823552331977
272.0,199.20529380827398
280.0,201.5444248069384
291.0,203.97958876766947
288.0,206.68228689647285
292.0,221.11528533351733
298.0,214.0025321647084
304.0,219.56330979258522
309.0,217.80897491978578
310.0,235.05366408158815
307.0,242.71467716145392
303.0,247.9172120027804
298.0,243.52047915418933
294.0,243.94442688771682
290.0,248.86838699943254
286.0,251.94318171629445
283.0,254.8454085865879
282.0,254.57697081948325
280.0,263.4025456183172
278.0,274.0638159519989
276.0,272.628096839451
275.0,274.04385807571725
266.0,267.5323919972071
259.0,257.025400407255
253.0,253.66263086600355
248.0,244.2899034674884
247.0,230.88657712517406
243.0,226.2859995942515
243.0,220.3433879593202
244.0,221.0356326163833
240.0,216.74511015962096
237.0,219.01453619948745
234.0,218.21132896350474
228.0,223.91270958470898
221.0,221.0212022101257
221.0,203.74356156228455
219.0,192.8578101133587
221.0,193.4674563892015
217.0,196.02028875859375
213.0,192.1843370226944
210.0,196.67304744296032
208.0,201.85411663207745
207.0,195.21840957032524
204.0,199.17146413363446
199.0,201.78570902532942
197.0,192.9432968265617
197.0,182.85170523179522
198.0,191.24511101287834
195.0,189.64414512547768
191.0,191.49218217637622
190.0,180.5839204777684
189.0,177.48811914719352
187.0,178.18771210601332
184.0,180.15552229068717
179.0,181.60420539837284
171.0,182.59106951556615
174.0,175.5054149554908
183.0,175.54661412363174
191.0,177.84498214497984
193.0,178.04829533093263
200.0,176.21212752535754
211.0,170.94580467865686
223.0,170.87036580563642
235.0,171.6247173524294
242.0,167.934578493534
238.0,191.05379907663763
240.0,185.18547511614508
240.0,168.58813084967983
239.0,170.53616841929008
236.0,188.18538437035636
236.0,192.00121678677993
236.0,192.52324951394053
233.0,196.66641814964026
229.0,198.79868535833344
225.0,194.98131552581287
223.0,183.35001742495575
220.0,189.73047697977546
217.0,180.62109644620068
214.0,177.24343045420667
211.0,175.16591470558427
208.0,173.90635321366668
205.0,177.12902157799036
203.0,185.43081634171156
200.0,191.3845204641582
197.0,186.38270967508703
194.0,184.23864285721172
191.0,177.3318816034948
186.0,180.97055122728224
185.0,181.62266215402508
184.0,178.62029405719605
184.0,174.43905326199706
185.0,173.39029327090577
185.0,178.46239157156495
185.0,177.59047037646064
187.0,175.0906544047783
188.0,175.12816104903348
188.0,175.66703546249252
186.0,160.01968668084206
187.0,156.49145941373297
185.0,152.97670336638345
183.0,149.0682476902164
182.0,152.1036357672386
179.0,152.3049864628163
176.0,155.99905307338767
174.0,160.50350650991666
171.0,161.93105723914377
169.0,167.8435739116603
167.0,172.8270482918489
165.0,171.63950033210028
162.0,165.21732358485755
161.0,168.2464015641946
160.0,165.4190331534798
158.0,162.22777963470736
156.0,171.73886993195578
154.0,166.3369053512683
152.0,166.5003531646646
149.0,163.93822695101693
147.0,155.17707655410345
144.0,159.8141023020841
141.0,156.9027499996424
138.0,154.8299107608878
135.0,152.33542249733748
132.0,152.35570887328146
130.0,152.62646709184727
127.0,151.97079781020088
123.0,151.5425193870628
120.0,148.22005375388147
117.0,147.39632434753523
116.0,145.12296341763914
113.0,143.9182166048209
110.0,144.69183209465808
108.0,141.99887181418507
106.0,138.42670587692191
105.0,133.31425068307803
103.0,128.25545281068563
101.0,128.85871393236107
100.0,121.04427790352018
99.0,110.50408649898384
97.0,106.43737703182907
95.0,105.89037282464253
94.0,105.13673322808427
93.0,104.39071428750114
91.0,102.22473837944271
90.0,102.51402166544894
89.0,100.00995145752474
88.0,99.28459448298122
88.0,98.45080037223428
88.0,96.1583702596765
88.0,94.29740904230836
88.0,92.59725182912509
87.0,91.87015835528518
86.0,90.34592328146826
86.0,90.27118693633105
86.0,90.6331401075653
85.0,90.4428385716548
85.0,89.38236868790811
85.0,89.93706703669196
85.0,89.07283267577853
85.0,90.30741565831262
85.0,90.48250803104648
85.0,89.69137277752587
86.0,89.421395468527
87.0,88.5702828248261
88.0,85.7139946236945
89.0,86.1665331606364
90.0,86.60690997004052
91.0,85.42331370478088
93.0,85.72042314174743
94.0,85.38444793375587
95.0,86.16836952907212
96.0,85.99670427034609
97.0,86.09035064390096
98.0,85.35585053557935
99.0,87.05415775818776
100.0,95.01729276154278
102.0,97.99004968185685
103.0,99.51139554870052
104.0,100.6745188875729
105.0,101.82023265468214
106.0,102.0452603072581
107.0,101.79200720473469
109.0,102.45112744936438
110.0,104.0363888138955
111.0,105.60538955341212
112.0,106.29940541692028
114.0,106.37566821825456
117.0,109.43121815658226
118.0,114.44374328599883
120.0,115.03220806625589
122.0,117.57400341192583
123.0,116.79470544135083
124.0,116.93498413690348
124.0,117.22363867350077
125.0,119.07139119362408
127.0,119.72376186521534
127.0,120.23882534146286
128.0,123.12004876388313
130.0,127.27720732598841
133.0,130.25424852636016
134.0,130.39894413008855
138.0,132.77542940455626
143.0,133.7482446534006
144.0,134.89412109802993
145.0,135.054138335365
147.0,134.98168643058239
146.0,135.0093485618795
147.0,138.39319804751844
146.0,138.48933989309725
147.0,141.60663769561347
147.0,141.83990750239164
147.0,148.07833952390718
148.0,149.06986778417047
148.0,158.97506973941248
149.0,167.4867122284527
149.0,166.15304062484574
149.0,163.18180480784017
148.0,165.6301089759799
148.0,164.15996141442477
143.0,163.00229772727246
148.0,163.9156861560605
153.0,164.37977174357385
160.0,164.2174122232528
167.0,159.79769035574483
174.0,159.7748392459031
180.0,159.36339291832732
183.0,155.5798671593791
188.0,156.60247979318098
189.0,155.2503291891041
188.0,161.9724422824615
187.0,161.1276350293221
185.0,162.4613934816591
184.0,158.20763734303557
183.0,171.5224103461092
183.0,179.65542738670825
181.0,178.04033611485684
178.0,187.8941273574063
175.0,188.248648261257
176.0,197.16721323640596
174.0,204.99929837896235
173.0,208.73319613210097
172.0,201.81601741035473
174.0,200.46599636432236
176.0,193.8330172295645
175.0,188.69761329156623
176.0,182.68164114923238
174.0,184.73895776338074
172.0,180.88505627603408
168.0,178.98664903775756
165.0,168.24209815266587
162.0,169.17004351591282
162.0,170.65054267643768
161.0,166.9823806896612
163.0,168.85517573725937
164.0,175.31823369111274
163.0,181.8753314504002
164.0,178.94639702277397
162.0,184.89115459501463
161.0,180.62160192517928
159.0,168.8263582022406
158.0,165.90839607958375
156.0,163.8188691470183
156.0,159.30535826995708
156.0,156.97619636822918
156.0,155.17831010863483
156.0,155.24743026400333
155.0,157.0225051588288
151.0,159.18506985082203
152.0,161.1365555912476
153.0,162.87783358497592
154.0,160.8754207313553
155.0,162.32633873716875
159.0,158.22867168208813
163.0,160.6841767344915
170.0,159.99734004979612
176.0,159.8135472143495
183.0,159.58080372504722
187.0,160.7316630037343
187.0,173.09332035151715
192.0,187.20579083276652
195.0,176.04358006522585
199.0,175.09619842222466
205.0,169.482069650603
211.0,171.18573821955354
213.0,179.16480238572294
212.0,181.14877953825507
207.0,191.40536311423375
206.0,192.54061047721598
210.0,202.50022590702122
213.0,202.6784086554386
216.0,187.15671366103422
212.0,194.05653373221756
207.0,200.03241414881714
204.0,205.04761996022728
197.0,213.1890444189933
194.0,217.31916321733073
192.0,211.9929113043226
188.0,212.5001417811831
186.0,198.15508749288324
180.0,194.66072461756923
175.0,205.2140102632401
170.0,214.14244207839113
169.0,226.23182705407993
167.0,197.6924456602215
166.0,177.44767328192188
166.0,167.9100271271479
162.0,164.25009577613602
163.0,161.06479550041846
164.0,160.23018055416185
161.0,149.03301258567004
161.0,147.67440356627765
161.0,142.00182585172078
164.0,141.67926660357944
165.0,134.6897417668863
161.0,128.883871237994
160.0,132.0402852792133
157.0,132.98530620514293
155.0,138.84293105906323
156.0,136.65438579089675
155.0,139.19724849788622
153.0,141.75224363647482
153.0,142.21156645774107
150.0,143.1194654584783
153.0,143.96899724162304
153.0,154.81269358718183
149.0,158.3671150459022
145.0,152.01023388321877
144.0,154.25784487762633
141.0,146.41346459293183
139.0,149.1460359607745
138.0,150.157775448355
136.0,151.91221739719342
134.0,149.0600576203959
132.0,151.32338921080415
130.0,147.83495283400097
128.0,152.2080670000227
127.0,152.291842675687
127.0,145.23855735595114
124.0,144.12177393149162
123.0,143.96695705867174
124.0,141.24979065130867
127.0,139.25438684590426
128.0,139.71871893606797
129.0,139.2456982384616
129.0,130.40574630111223
127.0,125.18012641152333
125.0,127.68603841307268
125.0,128.14666103213963
122.0,126.45430439113696
117.0,126.10342757411605
117.0,119.56264403193333
121.0,119.78869103901597
133.0,119.97591049383307
142.0,133.5798306638197
151.0,137.15855945174198
166.0,140.12060647072977
177.0,140.1358060862096
181.0,137.39525048210663
188.0,132.08658845111646
194.0,129.091664812783
193.0,129.0128043237405
193.0,175.70919680789743
192.0,174.2940812305654
185.0,177.05698976409306
175.0,198.4053198356682
162.0,176.56397098409678
156.0,186.59850331980212
151.0,182.63039736474877
147.0,168.4548140651223
146.0,150.89420143844478
147.0,160.367209904126
146.0,158.94549282577495
145.0,153.55142568422528
144.0,146.3781612094774
144.0,142.18092829570386
146.0,134.8555686883941
146.0,125.34561934558963
143.0,123.08767841201062
141.0,121.16814635673428
141.0,115.02580102404693
137.0,111.10564266165498
137.0,113.12713028602198
139.0,116.50146751641498
140.0,117.78601060405533
147.0,117.00245211740062
147.0,112.38563840672337
147.0,120.25621495988571
148.0,129.07763046966588
149.0,133.33413391513523
150.0,125.89740425640932
150.0,123.89024117100068
152.0,125.06530720238247
152.0,124.25332481678342
150.0,126.84104897879446
148.0,131.25600366865513
146.0,143.80954040131826
148.0,157.5777049669527
144.0,150.54090554333112
133.0,148.45827881687137
125.0,152.13862206161613
120.0,156.60369083906755
125.0,163.31299510089988
127.0,163.85657073987096
131.0,164.66013562058185
135.0,163.0964597592645
138.0,159.07802407483814
144.0,146.35166495877252
148.0,149.7226237823676
152.0,150.2521169216319
156.0,147.46129115299817
159.0,125.59666441382643
161.0,116.25886278095052
163.0,111.27410657096578
164.0,117.75564421050031
165.0,124.52102230570326
165.0,126.75885972787556
166.0,139.20517013131013
167.0,138.3397150129908
166.0,147.58868228767219
167.0,149.3206481008066
168.0,156.21671279584905
169.0,162.87803050792184
171.0,164.87400679755777
173.0,167.72212786597632
174.0,167.36767274541472
175.0,169.1187524559714
175.0,172.38536092395987
175.0,172.56764869938397
177.0,173.25239970180687
178.0,176.7961279770415
179.0,178.01633907079855
180.0,177.92684392172046
181.0,178.922042576829
182.0,177.68528005760723
185.0,183.06531525093004
187.0,185.08933697454054
188.0,185.08428411254454
189.0,183.55707998582844
192.0,184.44892298989987
194.0,184.460019568132
195.0,184.74208389224935
198.0,186.59306636261235
203.0,185.42308836089032
208.0,188.31691677018387
212.0,188.33882937614734
215.0,189.08395749556556
219.0,193.39356242902753
223.0,198.09159532904073
227.0,200.89632502810244
231.0,203.94011218096915
233.0,205.62854076862757
234.0,209.30901339842177
235.0,211.6061080490304
235.0,213.344113384547
235.0,215.35501948882805
235.0,220.97576980954972
236.0,225.6732196013892
236.0,227.10511624475134
240.0,230.74009494736805
244.0,235.34211402950623
245.0,238.46645040668193
246.0,241.79536139263055
247.0,244.01760940954804
248.0,245.7050504927148
249.0,244.52791053297068
250.0,244.01274667862216
250.0,242.93577304567373
251.0,243.57223043097537
251.0,245.84520360227515
251.0,246.3157151533297
250.0,250.92978014128764
250.0,259.3757375470058
251.0,259.77173053677984
251.0,259.9764917109948
249.0,259.6455882870217
248.0,260.28023701788965
248.0,258.6390871569352
248.0,263.3740154647297
247.0,262.6038714762416
243.0,261.54114660095274
239.0,261.0678487467338
237.0,260.04923171802847
237.0,258.6781204884352
237.0,258.5412085274783
236.0,257.4858559730655
235.0,257.42640619359486
234.0,249.79596620077336
233.0,247.8868811566312
237.0,248.02124795873314
242.14439651214963,247.6349937569553
247.0425127532312,245.4855392532831
251.69416147670097,236.732872014628
256.0991554360153,232.05355567890157
260.2573073846306,231.2317552338581
264.1684300760035,232.06113678351417
170.0,166.20920158068228
169.0,166.20920158068228
169.0,164.0473202500109
164.0,164.0473202500109
167.0,164.0473202500109
173.0,164.0473202500109
172.0,200.65027126578846
171.0,195.5748569103175
170.0,187.13753113733677
171.0,176.54134851920617
171.0,176.69421732691072
173.0,172.96223739102697
168.0,169.81263208027892
165.0,171.25391312436346
169.0,170.70882690822958
172.0,152.61933657219316
173.0,159.36201732940307
178.0,174.99604985894155
175.0,180.91980367328506
174.0,181.69875715831853
172.0,178.97344057212243
175.0,183.81013125129724
176.0,183.54885366989933
177.0,179.0965736545633
182.0,170.34668261691405
189.0,168.44977044472637
188.0,199.94976329941338
198.0,200.4875674782515
210.0,194.4231165130484
215.0,200.01375341531855
210.0,197.24821411785297
213.0,193.6161157221948
217.0,187.45680090209444
219.0,190.29892287908532
217.0,189.3517439603147
213.0,186.04721445434964
210.0,190.27115227732872
210.0,202.3737747240299
211.0,175.6170987309811
211.0,196.47478847768355
213.0,216.4907598663668
210.0,221.76085934220623
203.0,206.42351025019525
193.0,205.6719416308015
188.0,197.4695372239052
187.0,208.2137151913837
196.0,204.19153055511305
191.0,175.15434740277723
190.0,189.11073445490908
187.0,179.32631274243977
185.0,179.61887719551117
186.0,188.5132326503107
186.0,190.23494875032154
187.0,177.57790118518255
192.0,156.09878765034006
194.0,146.9804455670444
194.0,140.16200795346637
189.0,138.6371753021383
183.0,162.05796123268158
181.0,149.2435277335689
182.0,150.11364045278813
176.0,145.28550201996316
171.0,160.20534579612328
169.0,165.12213850496502
167.0,171.93224738654015
167.0,170.9986744953472
165.0,184.7194728948323
163.0,187.96853750674092
164.0,188.71034352221614
164.0,181.56952536404205
167.0,171.67454496393364
165.0,166.98752302632192
162.0,169.8663274516401
157.0,160.34959576356925
151.0,163.6739581718019
155.0,156.40797427767012
156.0,153.30108411063358
156.0,153.80199589828996
156.0,153.84370651841243
156.0,152.33681497555935
156.0,154.15111751217486
155.0,154.3603629031367
153.0,161.7396878088963
147.0,162.50778061302796
140.0,158.72609244303663
137.0,153.53514888388335
131.0,147.7604379372833
128.0,152.0392648270308
126.0,154.29569880752138
126.0,154.1452687928584
124.0,152.04480400795686
117.0,155.70730884565708
106.0,157.11837130962596
108.0,159.07549757287978
112.0,152.97328650638747
107.0,147.33650585806723
107.0,139.0036472584286
104.0,138.27473506325433
100.0,124.61023210635561
102.0,122.51411151278533
107.0,118.49631046399364
117.0,118.85357978208206
130.0,114.73515095339091
144.0,106.84816802507474
161.0,106.60173335028419
191.0,106.22762148400325
186.0,109.78153820508176
191.0,171.8171573217994
185.0,170.07787895749868
177.0,167.9631450699956
174.0,156.77963718038566
177.0,158.47373781377593
181.0,154.27671271998122
185.0,152.57107041121728
191.0,162.12540004979556
200.0,166.44641138011337
210.0,167.27903580693408
220.0,206.0638915661782
228.0,196.89958154734433
233.0,198.46004376822057
240.0,189.9185144462149
241.0,166.78021441170242
242.0,169.59580892669948
244.0,173.50097952506601
244.0,184.8289105856927
244.0,194.3385702356743
245.0,215.40334013851026
248.0,221.53642585412547
252.0,225.29720229631837
261.0,247.44242713471849
253.0,249.89689742045425
251.0,238.0237540629463
250.0,249.06858450468064
246.0,258.66707661260335
244.0,256.5158148227611
246.0,253.33060289477726
246.0,256.1919202634705
243.0,252.27047338278206
240.0,230.3648662401451
235.0,233.4584673416023
237.0,241.81339521143758
235.0,245.70254133658375
229.0,238.20920183079483
237.0,231.18520918015616
244.0,228.7236009059984
239.0,214.55136510278584
237.0,201.02288227481296
233.0,201.83585743294938
226.0,200.1112317446606
223.0,193.87731677682387
219.0,199.23596523010616
215.0,196.37282056807013
211.0,199.81938877194838
206.0,194.01612817275864
202.0,178.72627900264249
196.0,198.3642772228148
190.0,206.15232526143058
185.0,196.63668629985136
181.0,195.04111510081762
177.0,180.76290327493732
172.0,174.85248288653162
167.0,173.5314353567256
164.0,172.82634901385023
161.0,174.9961356355558
158.0,169.4388270832384
151.0,169.56580361649142
145.0,164.97064142546782
140.0,156.98081769286694
140.0,148.83705957747168
141.0,148.06972836939994
135.0,132.80309497092566
128.0,131.24543867078984
124.0,125.50533139659012
122.0,113.84573305175279
117.0,122.9785628110383
112.0,123.97610061592306
108.0,121.59456835694333
104.0,116.05080822754655
98.0,111.4298562663886
95.0,108.93837427640635
94.0,112.19566900308531
93.0,117.90666817608405
93.0,115.8636215761717
93.0,112.32889320355743
93.0,108.47091169246768
91.0,108.17902749676948
92.0,107.09841688028787
92.0,102.44588738859515
92.0,98.74828569133412
92.0,90.0228411478981
93.0,83.0923248794602
98.0,82.8778712975288
101.0,82.47345824102159
102.0,81.61881755369055
102.0,81.8867792720793
103.0,81.89927849129059
103.0,81.95779728957878
104.0,80.06123992860293
101.0,86.78696228198874
99.0,88.75642068398686
101.0,91.09871546789925
104.0,90.7330457891899
112.0,90.3057044261697
118.0,98.5882919075022
120.0,104.92899186723231
123.0,108.96283899162991
125.0,110.62230447090671
128.0,110.4733667357454
130.0,111.79266248515249
131.0,117.1758229997797
130.0,108.00290740735602
130.0,101.40905439529756
131.0,107.33717091930212
125.0,114.73525395827942
119.0,123.5270254962708
119.0,132.53480651071317
118.0,133.03865539079794
120.0,137.09191873464414
126.0,135.88895835043837
127.0,145.17132431703237
128.0,141.13683604262442
128.0,140.1631417703661
127.0,140.14817350971575
128.0,140.58837157319945
127.0,139.71684580653698
127.0,128.35425836182912
128.0,124.64329521151215
127.0,124.18972031614568
126.0,121.33151518552131
127.0,121.58227720588914
129.0,131.36700936594684
136.0,139.45421000237255
149.0,138.25310916169255
146.0,134.22831532345705
144.0,135.03181754578043
142.0,137.00924680783552
142.0,133.04454981223085
152.0,132.1808255459951
156.0,135.00194866711456
160.0,131.504954010064
169.0,130.45409559924073
180.0,131.45741515982877
195.0,137.2116829274396
204.0,149.56823081330228
210.0,168.44616969975266
214.0,165.25166228994865
214.0,160.7585906565369
217.0,158.3052491902396
219.0,158.57212846437014
215.0,171.0950178064656
214.0,173.61381938049234
214.0,178.07365410204068
214.0,190.72325409754086
215.0,198.86493860912717
213.0,215.09338526613413
213.0,224.13575178240956
196.0,222.4899136155527
204.0,225.92464740178247
211.0,224.35685429501885
214.0,223.39184970856812
221.0,219.59303981679008
228.0,214.4470328812881
236.0,214.9410960403481
247.0,210.02457169559978
257.0,210.59132116517412
261.0,205.43471695975342
258.0,179.96936894057345
257.0,180.31953702386642
261.0,155.15763492278091
267.0,166.415983197811
273.0,174.23537148246723
280.0,195.40798792038942
284.0,196.9736605771248
286.0,199.60855916935844
288.0,207.65054346650965
292.0,214.69525368384774
296.0,225.9732896461172
299.0,230.21682119714487
293.0,229.91472585437572
290.0,225.42655386543666
292.0,230.6022632954471
295.0,243.31682596473854
297.0,244.75073530637658
296.0,249.74988967293078
295.0,255.0029252335514
294.0,253.017290964002
292.0,257.9757557397358
289.0,260.66511498593076
286.0,255.7946243141659
281.0,259.4591372207062
276.0,260.9091178803906
263.0,255.0399537813358
242.0,253.51096805900903
232.0,256.80766322524397
239.0,263.418152899482
239.0,244.17867531786877
232.0,256.23511802887936
225.0,243.80613472191635
222.0,237.73965798652398
227.0,221.45453873074766
229.0,219.14172773991868
228.0,218.02418279717057
225.0,207.26073595401886
218.0,180.00150879572112
209.0,157.99702239852505
206.0,148.4163426893427
209.0,155.45428619996332
211.0,163.24911897798242
215.0,162.11820848355174
220.0,160.88520251793628
223.0,162.48417163449972
221.0,172.55648648745384
218.0,178.5566241790878
212.0,196.21122312745925
206.0,199.77403519782658
200.0,187.9952589779277
190.0,165.26714556577485
186.0,169.8944020806532
181.0,178.91565730721365
179.0,185.32125079073964
176.0,188.21987747597444
164.0,205.42594115857818
143.0,210.29775455687516
180.0,207.78610849211609
184.0,207.25890513877806
189.0,197.80587824511326
190.0,180.14121599007476
191.0,182.1583896865954
191.0,169.62182005438726
192.0,162.97808364450847
199.0,156.1573279625388
211.0,156.89193022970173
224.0,150.81210816374966
238.0,131.4664263899115
268.0,128.33366280803494
279.0,205.97767263915807
291.0,220.94070515632524
285.0,201.23561099474696
294.0,195.7333287012403
301.0,192.59764295369223
308.0,176.40869478636446
308.0,173.49651632514588
305.0,185.5056084756428
294.0,188.81863432208473
291.0,184.8005989743047
303.0,201.7830155774528
316.0,241.18592753576397
325.0,248.99398952828915
329.0,256.14948220351596
330.0,253.28595846172982
328.0,259.09398812066206
327.0,259.0641567014241
325.0,266.3350736418773
322.0,258.35549135877443
319.0,246.51965446073592
311.0,236.75533696497183
303.0,226.23483706069524
302.0,255.3710092143848
298.0,284.4496286477519
296.0,290.72462404114737
295.0,284.0808092955864
292.0,290.7505716442388
288.0,286.5460241877736
281.0,287.5855615409216
271.0,290.24596065425345
261.0,279.57913058573973
256.0,273.3295989393268
246.0,255.49490639234975
243.0,240.27251357532677
240.0,233.51318400727402
230.0,228.51412180052418
230.0,229.30005631451405
225.0,227.38080515262416
221.0,219.428046711242
210.0,217.18568051696363
207.0,213.99546797725915
209.0,195.9082653585849
212.0,186.14951762426892
214.0,179.41770503274984
211.0,173.6603235976726
207.0,174.96525067627584
204.0,179.87430643984263
202.0,175.81492743602672
200.0,179.92171426202566
199.0,177.7305413680711
195.0,171.10701233072646
193.0,170.93024576957689
193.0,173.18111540877342
197.0,174.45245670111547
195.0,178.20924346062762
189.0,181.43099085236963
187.0,184.1895250441222
189.0,174.0475786554936
187.0,171.4672082238807
186.0,167.41452379598317
185.0,175.1907254008062
187.0,177.28006421899528
189.0,172.76178526608214
186.0,166.17364675308733
179.0,163.64961649756307
172.0,175.44837538702103
173.0,176.6643987446865
175.0,167.03824793211476
176.0,165.93283081441965
177.0,174.1720229832759
174.0,173.7125606539668
173.0,175.86388674980432
184.0,175.49803889455524
183.0,176.9127160055803
180.0,187.5104412460132
175.0,181.60415082230054
167.0,176.25022666820865
161.0,162.31358475776216
162.0,167.77582996930323
169.0,172.58613420820495
166.0,175.80940065460914
161.0,175.5051265084159
155.0,172.96821274895876
147.0,171.45354293707152
144.0,191.9148485271842
142.0,192.94022752717498
139.0,188.40929408126357
137.0,178.41125286261766
144.0,163.8026751419898
139.0,154.96993044787996
142.0,156.0105216543827
150.0,169.9505253257316
158.0,167.11581766675425
162.0,154.0017098527523
166.0,152.83051341325157
172.0,149.42882855768715
178.0,148.06717874030488
182.0,171.86257322660512
192.0,159.95399004260696
191.0,155.9986360522364
179.0,155.025821830144
174.0,146.5420003852369
167.0,143.41637202716686
158.0,149.5111942726327
150.0,153.18791050783284
144.0,151.48139668288695
134.0,156.70990875573747
124.0,158.1729864905732
115.0,162.73211694998403
115.0,169.08424230676414
105.0,188.76351083716722
107.0,184.87032265586916
118.0,164.19481972159562
124.0,160.91270136676678
128.0,146.55254358188105
133.0,137.44178069054684
138.0,130.04724523059693
144.0,124.17344560135842
148.0,122.71913673353913
151.0,117.84263659222744
154.0,117.24077507236804
155.0,110.69452775877399
142.0,105.53190062572789
139.0,114.4366148507545
146.0,121.5957915855652
149.0,129.34604621377198
151.0,146.94611464700495
151.0,150.26464435462873
150.0,158.861893426717
150.0,169.30177226880585
151.0,162.60117995870309
153.0,162.3860606993303
154.0,159.571199770798
153.0,158.27579277578567
157.0,131.72388521868382
163.0,125.76474083066452
160.0,144.64140090900793
156.0,146.07310661802285
157.0,142.69062271612995
167.0,140.69282781633206
174.0,150.77135925156895
187.0,154.4712144860738
198.0,154.66189419593897
199.0,161.01681977427342
201.0,160.53669689727806
202.0,159.75227713586307
203.0,174.8831676140749
204.0,183.01777356177334
206.0,178.29865854124083
207.0,171.18774388432334
210.0,172.73002856404287
212.0,187.16309947529385
215.0,194.55479292737286
217.0,206.9222548078669
210.0,220.51155851521597
206.0,222.20136747951835
211.0,221.25091036758366
208.0,220.56723934084806
207.0,218.46658082815304
207.0,219.88612657548117
208.0,221.26800196617017
211.0,222.63251354359673
216.0,220.31100958978723
216.0,223.428052593969
216.0,224.8092877062271
213.0,227.2795052987827
214.0,215.8008289399362
218.0,207.13912457501027
219.0,218.49876926947366
219.0,201.21211106732798
219.0,199.14799632700036
220.0,198.61529698340502
222.0,200.50144269384637
223.0,218.92374069328812
221.0,225.85935156766763
219.0,225.49518228729872
218.0,224.25297677566516
219.0,219.30128085247895
219.0,218.71009712488717
219.0,223.36776887738608
218.0,224.4810884891315
218.0,223.1763899724487
218.0,222.24541685176882
218.0,220.39590812713237
222.0,223.16383448053654
242.0,223.0371189870758
252.0,221.08819697486118
243.0,218.6564364786052
238.0,219.4185550419901
234.0,219.06236367070923
232.0,216.20112458913405
230.0,216.46113686400616
227.0,215.47127418823183
224.0,218.24461846505594
226.0,218.24461846505594
228.0,218.22011455592084
228.0,223.5760515617736
229.0,239.03292933460168
233.0,255.12143594449745
234.0,237.76055425456127
229.0,233.1765782741324
226.0,230.18549238690468
224.0,228.22051136658362
223.0,222.03076349922847
221.0,218.13482671798005
219.0,219.73657989291576
218.0,217.56311211138257
218.0,213.90125386054177
215.0,219.74681310526574
207.0,223.67750498794948
204.0,230.30156499789717
202.0,234.10248315765224
202.0,229.21086654619
196.0,220.07369818725897
191.0,220.12983768829955
188.0,217.19517751034277
187.0,217.74823874845617
185.0,217.57341643015704
201.0,217.33283633123315
203.0,217.19070853570628
200.0,210.11243025371277
200.0,199.1748511831809
200.0,198.41666212054065
199.0,195.12451580017046
197.0,194.1903898151089
195.0,193.51543528105776
198.0,183.23238183189116
198.0,179.68103134542415
196.0,179.65766203233292
191.0,180.91354852739096
181.0,197.67775462625775
183.0,194.1092463703535
179.0,192.9517804590798
186.0,192.95150214336454
191.0,194.40886463998703
188.0,194.72858803763924
196.0,190.9872106899939
205.0,192.87203614149956
205.0,197.198710587516
211.0,195.61548848048656
221.0,195.01141725252594
224.0,190.076474918594
221.0,180.2409071092916
213.0,185.03723895299103
206.0,184.04636983994376
201.0,195.6158125868381
193.0,193.93577995034227
183.0,193.95923820796767
174.0,202.20400503702658
168.0,196.71033759311558
163.0,198.24766245354073
155.0,197.00133832574937
142.0,200.6189025206977
136.0,201.32960066343048
132.0,194.1442043276644
132.0,176.16388329184207
130.0,168.28854094792266
130.0,160.23966249728537
139.0,158.88043796867555
146.0,154.36035001450176
152.0,145.88300961386707
156.0,128.92073119767326
169.0,125.85450753274107
175.0,129.24168465488904
178.0,132.23250528777592
183.0,123.35080124848665
186.0,126.85264533925333
180.0,124.90029291400981
165.0,128.56430145343458
152.0,131.6572710346584
140.0,139.6517328320318
129.0,158.42449238181672
119.0,155.01051179708898
115.0,153.23977681673807
110.0,161.46624023955889
96.0,163.98825554771673
99.0,159.57462016191624
108.0,175.21213058373903
113.0,173.02637504152116
110.0,144.35568798372074
107.0,121.7816953066761
111.0,115.52141065006792
117.0,114.44987494413269
119.0,106.71591754412269
114.0,95.046126173417
109.0,96.64682571244795
107.0,100.97906407015492
108.0,90.2500231037512
111.0,87.6181591506439
117.0,101.43666923884325
129.0,103.80700624079857
130.0,104.58885019789916
139.0,101.75163165708716
139.0,115.92603679036725
139.0,127.09967483115912
134.0,127.05981689315122
128.0,120.56534158391206
128.0,114.35717827525129
136.0,113.41585182378012
134.0,111.07082424470246
132.0,112.88078046176986
128.0,118.0852930514445
120.0,141.20470581292815
117.0,135.87203712220514
116.0,155.2131654355987
118.0,151.6835769868815
121.0,149.16994950314552
123.0,139.9677207260788
120.0,138.00774121920298
120.0,130.80444442754066
131.0,147.60146437351625
145.0,145.75591813305857
151.0,142.9842881918274
151.0,134.50742173665628
153.0,118.90381155741726
146.0,117.35205899957153
144.0,119.63878167128365
143.0,123.4629498837446
139.0,127.69232997651815
144.0,125.14379438797614
142.0,122.890947538735
141.0,124.6779798951484
149.0,149.8608129565541
158.0,174.06572260100847
163.0,176.29885928622713
164.0,171.55092251028924
159.0,172.0641069950991
155.0,163.06765799496222
160.0,161.37395586723724
159.0,157.40060977004524
157.0,147.9838632969706
154.0,161.97754617567517
146.0,154.3396735088994
142.0,155.21382125084367
142.0,181.50834897792078
137.0,183.8618629746873
119.0,184.33032687572032
126.0,181.1672530117269
119.0,171.2792858826292
113.0,159.90624940462456
116.0,166.04432335149843
117.0,155.61573307703438
120.0,140.15048639422832
116.0,134.210185880976
113.0,131.94356543325216
112.0,131.6520053949112
113.0,133.26848726271263
111.0,129.95241515916288
113.0,108.57330620885622
114.0,113.51431909644396
118.0,113.051905673777
125.0,109.05823176356597
116.0,116.97387005381673
112.0,120.58875979023756
111.0,125.75142603532301
114.0,117.91829683156688
126.0,123.89724393230942
140.0,122.07228141713705
148.0,114.45667682016452
151.0,118.67238698197501
154.0,121.28666816521327
155.0,122.11198640322475
163.0,139.47151219964965
165.0,148.54885035067866
176.0,135.00541672930615
185.0,130.9821062143301
185.0,126.17008383340837
179.0,131.8128148029927
173.0,145.61689987979508
166.0,157.2490133213505
168.0,175.5499383922177
169.0,167.48091636021414
169.0,163.5274838054535
170.0,162.156454047216
171.0,171.31438796396935
168.0,171.1731249011114
170.0,180.85076798359987
174.0,193.6688519621111
173.0,191.06427698800746
177.0,166.3382838181427
182.0,162.70241466929903
191.0,157.12653109588385
203.0,149.4615582382476
215.0,156.73986691640974
223.0,154.88447475420062
230.0,155.5854194017333
238.0,163.7369289480747
243.0,148.64680468445528
250.0,152.73489606331418
254.0,169.40801555919813
263.0,166.89876549228444
280.0,175.64147875916228
288.0,185.01451525018496
301.0,202.61641749683034
305.0,212.8981016815889
305.0,223.51389090327746
304.0,231.27697658886456
307.0,232.59374479344157
311.0,235.0404841502933
321.0,236.88725307717635
204.0,133.53269076558516
205.0,144.7256131029274
209.0,165.0978769624914
214.0,169.15870952890296
219.0,184.35934346006775
223.0,183.93653347800475
222.0,189.80789212946024
220.0,198.70101862420006
221.0,204.73027268254722
222.0,219.79961768252966
226.0,223.66492081040218
229.0,219.97965342777596
232.0,221.54238784545333
234.0,222.8484390179381
235.0,224.1334489956667
237.0,228.14417931228263
239.0,230.18189333939748
241.0,233.594464624708
244.0,231.51439977495176
249.0,227.10392243444437
253.0,226.84356773918103
255.0,228.54183724035155
260.0,232.47146109646545
262.0,231.84966326003416
269.0,234.7631364206495
280.0,239.01365143375526
284.0,238.7167624336561
287.0,241.47897874834925
290.0,242.40181543053225
291.0,244.96835808865757
286.0,252.33770264540317
281.0,254.97004779861325
279.0,260.78273269425654
283.0,261.8194924573045
282.0,264.83131520014524
281.0,263.07845744384434
283.0,272.4228348633425
287.0,276.70156300707885
291.0,277.68008307028754
288.0,278.56344122321514
284.0,280.20262954247227
283.0,279.86535668029705
286.0,276.346758186953
292.0,276.57288976536256
290.0,268.60930877071564
286.0,271.67008524405503
286.0,271.272161897761
289.0,273.5537197259123
295.0,274.16218233673015
306.0,277.4949495508715
312.0,282.33128197513065
314.0,280.07342077537334
313.0,276.09527331570416
309.0,273.3777375048284
305.0,277.0970469030554
305.0,280.7069556584593
306.0,280.31037920765
309.0,270.55322277725696
310.0,274.39498204607656
310.0,273.3971944230002
309.0,280.0343722346445
308.0,287.2500194476405
305.0,285.376023181393
304.0,293.1786991047959
299.0,292.557810930758
288.0,285.22957271363566
294.0,279.4946685160007
296.0,279.23082509887854
304.82599657413016,279.5947729006457
320.5091509600023,279.7971417322824
336.9377298658732,279.80164185499643
348.0,285.60161220528784
351.0,283.7067729488092
354.0,284.3268649225712
358.0,280.026550084506
364.0,279.22926653685624
368.0,273.6209755340033
368.0,264.3632144492389
368.0,273.5371720705226
368.0,274.2074692737874
366.0,284.4236460341248
370.0,301.4992889236675
377.0,306.0416042254048
383.0,309.533305239794
384.0,308.08644739305254
386.0,308.922345383311
388.0,307.85907301740764
385.0,318.21966974304195
382.0,322.17855068031787
380.0,323.86259001844184
377.0,338.45075213015235
374.0,335.6179149372593
369.0,332.06574766092496
366.0,332.4969811052407
365.0,332.5043160614234
365.0,333.2644384490408
363.0,333.4373631194717
358.0,332.18307753618893
355.0,332.18307753618893
353.0,325.2124881454306
336.0,324.1498303301391
333.0,314.70662440519374
341.0,313.32072178259006
345.0,309.3820350125614
346.0,307.71170558231097
345.0,301.40145844796916
343.0,296.4585242469091
340.0,293.4120718979411
338.0,295.57074086841305
335.0,293.37511246336777
332.0,296.1135614957667
329.0,275.98497168545816
323.0,260.95376567407413
320.0,262.17154012905814
315.0,277.17808577798104
310.0,283.250717764863
305.0,283.25688309544097
302.0,283.25688309544097
297.0,299.8626609188981
292.0,281.0557782704695
288.0,267.89005475657467
281.0,277.08432300403285
275.0,278.04236152088697
274.0,268.38474480377425
270.0,259.31069200335264
266.0,257.93215027379034
261.0,258.83875896952566
258.0,239.5019638587178
257.0,232.3360116052197
255.0,232.18190612730527
254.0,227.81255975702288
253.0,219.10137438073332
251.0,212.07475156237484
249.0,209.97224377643468
249.0,199.72039225217404
249.0,193.96725802099002
250.0,199.44648232278826
253.0,203.98467512552625
252.0,191.95743792381268
256.0,192.5380127661037
261.0,193.18875821524585
267.0,197.7741288687936
269.0,211.51263533776174
275.0,234.06748309539427
282.0,229.70001068654594
283.0,227.57816804504426
285.0,227.45305972592905
288.0,223.9575384269574
289.0,226.9591904192556
294.0,233.16647495597437
305.0,233.14723455210697
308.0,238.169062708239
308.0,237.91413801782457
308.0,252.827299452118
308.0,252.78972410226024
308.0,253.872335628761
307.0,264.215399236163
306.0,265.2147224998082
307.0,265.7387763598621
305.0,265.2325981120694
300.0,261.8514687030529
295.0,263.5959000576069
293.0,268.56030051463733
291.0,276.67761852469397
288.0,274.89205353199736
286.0,273.4354350101091
284.0,275.0844435981771
282.0,273.3050516653972
280.0,273.18164735667204
272.0,255.64471331054622
262.0,274.2675271375587
257.0,260.9678900579164
256.0,248.42283964747057
257.0,246.97238680012887
252.0,251.02128143267723
248.0,243.34359982396478
247.0,237.50151701969784
247.0,231.63742120142877
241.0,232.17687532360517
235.0,232.30778951115084
231.0,231.8385160006015
231.0,229.7700820268837
232.0,212.64604694628932
230.0,212.64282839698225
226.0,215.14054393212928
222.0,221.1891505812532
219.0,216.7759803554785
217.0,211.7471954024712
213.0,214.65950723715332
211.0,214.051346359642
208.0,202.9714656801597
206.0,193.489478442224
203.0,184.3333111200573
199.0,187.2296337102859
192.0,188.71387124246704
196.0,185.8634222782624
199.0,181.7938542863197
199.0,179.6350627430096
191.0,173.64497850886013
184.0,171.43235536253883
189.0,167.26786445269582
188.0,169.7125760999339
185.0,166.88925103344863
182.0,171.8941539661692
180.0,169.13209666121293
169.0,170.96282917513685
167.0,165.99770747902127
164.0,174.55622697017608
161.0,178.88766016869087
156.0,183.43178312356133
154.0,171.08371400635073
152.0,162.62068930486885
148.0,174.04536097586228
143.0,176.580786065463
140.0,178.6586072528871
137.0,178.02126310293974
127.0,169.27941789798342
122.0,149.09312530567064
120.0,144.676161969834
117.0,148.48668163208603
115.0,146.49397675056346
116.0,138.420638657386
118.0,136.61077504143796
120.0,131.89055845413696
124.0,131.04305146622514
130.0,129.0996145315741
133.0,130.1861316554696
136.0,129.8410998253545
145.0,117.39075121669791
153.0,111.49816802864466
160.0,107.78542966732479
175.0,105.30665335653411
189.0,103.78403114100405
202.0,105.98884127418593
212.0,107.53496028321706
218.0,113.94335974575694
219.0,134.61588599906347
215.0,134.6199258179211
210.0,126.19085006313222
200.0,131.66710774932892
188.0,146.21810770618418
184.0,153.2558739519908
180.0,151.80796446609833
174.0,164.5341288114366
168.0,176.17507856142902
163.0,188.77682572305994
158.0,193.1321715732802
154.0,204.6437285649412
153.0,201.5949485992176
153.0,189.3325528141895
151.0,179.88184689757333
149.0,160.18124018765278
146.0,149.14994788395373
143.0,152.49766229054322
140.0,135.48182581952867
140.0,129.2691445064991
141.0,117.49141044878962
140.0,108.49375736397917
140.0,109.15397915763917
141.0,107.27015687138314
141.0,121.4062965429638
140.0,125.22391515694738
137.0,123.84204252495371
135.0,125.92505594614452
132.0,126.16122531619706
128.0,130.53154157356394
126.0,125.02546853533772
124.0,127.72952978361134
123.0,132.26148647938777
123.0,133.04444983022043
122.0,133.90873164715458
121.0,137.24228585658588
123.0,145.1774684025185
125.0,138.80195379666822
128.0,129.64208120568046
130.0,132.95939222707247
130.0,126.86873455278038
130.0,124.15240628543165
131.0,120.91290675523501
131.0,118.48185407734839
131.0,117.67607300513703
131.0,118.32149645966051
132.0,119.2806572423585
132.0,120.35083237574779
132.0,115.50428359208448
132.0,124.65762804686048
132.0,137.42915983491307
132.0,137.96884283593573
133.0,136.21751429943646
134.0,136.38332784873518
135.0,135.33079679280175
136.0,135.47926057305048
138.0,135.21635809571035
140.0,134.9178784490926
142.0,138.41400402215038
144.0,138.47678357347291
146.0,137.0707418041511
148.0,136.92227802390238
150.0,137.60329814115505
151.0,137.38711296840538
151.0,138.27393588523304
152.0,139.89999131699813
154.0,141.36542393704661
156.0,141.63350019259462
158.0,144.08259810454823
159.0,145.46553511918148
161.0,149.75430135774667
163.0,157.1464802938038
165.0,161.07753674402295
166.0,159.8738857115676
167.0,166.25300087273465
168.0,166.4564097644135
169.0,166.33755527548138
170.0,166.18654064123646
171.0,167.44786932508148
172.0,171.0127618652652
173.0,172.06944760015506
174.0,173.75172739440103
174.0,177.98578530507282
175.0,180.0956059067813
176.0,184.56115918069455
177.0,184.08389891070124
179.0,185.47403047547732
181.0,188.23727575307947
181.0,188.61685811561915
183.0,189.0912251694407
184.0,190.76391689400705
185.0,190.4063643554818
186.0,189.57818938058404
187.0,189.8170916824744
188.0,188.8799161373925
188.0,188.5831615225307
189.0,188.90554312419994
191.0,189.00235455611585
192.0,189.73896688464998
193.0,189.21905605605875
194.0,189.60138009849618
194.0,193.54028227946046
195.0,193.19615954915284
195.0,194.52934566357817
196.0,196.87418231519806
196.0,198.83151212473774
197.0,200.85187953840696
197.0,199.84234995912115
198.0,201.56296097698637
199.0,201.93440240686488
199.6827993905887,202.56573738048434
200.18755130057275,203.97844295334446
200.64079025262976,203.62448140829784
201.1690507694376,202.40784185352464
201.8988673736737,205.61877861073097
202.9567745880161,203.4973344207996
213.0,201.8393605051799
218.0,203.51175091669674
224.0,201.51158207649686
218.0,204.4907662243815
221.0,205.57867037303276
226.0,204.3618286568925
228.0,185.75485918257027
229.0,187.57442776183004
230.0,191.26098387609494
228.0,224.39715214702423
228.0,226.05979244175478
231.0,225.07717170846615
234.0,219.25775850377207
243.0,216.58245460994527
259.0,208.001055510604
267.0,222.7344448048389
272.0,230.0862286551671
275.0,239.65565264723463
280.0,235.04360885600352
282.0,232.22824048938432
283.0,232.81473610077776
285.0,229.2779823994811
285.0,226.62733375641238
289.0,226.48347404165182
292.0,233.14119880605492
288.0,229.31897054127177
283.0,242.17876338522305
287.0,248.38216398451607
284.0,242.43333965193946
275.0,242.32755830412898
272.0,245.24632203201793
272.0,243.97841492260878
272.0,240.29320773408182
268.0,238.63279129993714
267.0,241.30887428165295
263.0,241.7315855905346
256.0,245.85309880253968
253.0,242.98940071854108
251.0,243.4139357492888
244.0,235.49351774750482
238.0,245.32551065902277
233.0,218.69821411637702
232.0,219.00957084771946
232.0,219.94104828356578
233.0,221.73175383277623
235.0,216.05747979040424
236.0,222.22978420756294
235.0,216.26079893376325
232.0,208.41132907895084
219.0,201.25052946971272
224.0,214.11680567504578
225.0,206.90729670169253
223.0,194.2022758811989
219.0,182.98446623225564
214.0,181.17528822745376
209.0,180.54822756761718
207.0,181.97762668044447
205.0,193.52730471521795
204.0,195.54914750019708
202.0,201.51292867752554
200.0,197.38816425549294
200.0,175.19672024527173
192.0,187.89850578068086
188.0,191.86597184196506
194.0,190.7354452628053
198.0,192.21770735034045
201.0,178.88890513128732
201.0,170.21566508775283
196.0,171.22252333436998
191.0,172.051853120251
186.0,180.94774000198973
189.0,170.96361274626003
190.0,172.50172607918535
187.0,170.9848958553321
183.0,169.61491486497815
182.0,152.02168632820235
181.0,161.7052263175626
186.0,169.44925836976668
194.0,173.28387111850384
202.0,173.3017692780172
205.0,191.97332824440699
210.0,184.3273288173316
216.0,173.83916573847523
222.0,173.00798134151918
228.0,173.41959454506926
225.0,172.54723989781607
220.0,176.9481353338979
225.0,172.61167642804895
233.0,173.69786019419345
248.0,178.7575616587829
269.0,192.81569043034148
292.0,200.70886500113866
309.0,203.5891403382705
321.0,207.0676081234937
331.0,211.37121567170232
337.0,219.34529264747218
341.0,218.25207358549994
342.0,214.74915587093403
344.0,209.5528390917246
346.0,223.06446724886405
347.0,227.60772597949867
344.0,241.41215540612822
336.0,256.8626720627239
340.0,269.44223922134694
344.0,287.36282564388546
344.0,307.3161306425096
345.0,312.6920747351005
343.0,312.7106627314829
342.0,320.67477109556563
338.0,319.02724037843603
335.0,321.45372507747226
334.0,320.14736936529425
332.0,319.1048235565675
332.0,318.9138552269754
329.0,296.0261092805502
328.0,299.3650741844315
331.0,323.9118372660446
327.0,315.2284580937293
320.0,315.50945893523743
310.0,325.958490297473
303.0,321.35637570753437
301.0,293.5839695235524
294.0,292.8047140341517
292.0,296.25937084233533
296.0,297.58408605470055
298.0,290.0656178203839
292.0,282.01850143425116
288.0,274.8245764980458
283.0,275.928919928805
280.0,277.78238556737415
275.0,271.9468555719825
270.0,246.3329596733762
270.0,221.93357998940536
268.0,217.22293907556997
267.0,211.0939741965254
262.0,206.514447708558
260.0,208.19805637122994
261.0,215.5350728587077
261.0,210.0319942859618
256.0,209.52648148988487
255.0,214.35797319011795
252.0,222.29491139593006
252.0,213.36906922539612
257.0,219.44539405965534
252.0,223.65168990740963
249.0,221.37183611626494
245.0,220.6104075786952
238.0,214.57175672612425
235.0,217.28480853455304
235.0,223.256634941806
237.0,224.49239607890166
233.0,222.51053896490689
228.0,223.3305421124502
220.0,209.19816186180546
211.0,208.3425431677096
207.0,213.95015352522321
203.0,213.3583233304475
200.0,208.94732863787974
199.0,248.0928165408507
197.0,239.6562625460866
197.0,240.0818127055375
195.0,238.35893867393452
194.0,237.88389901956592
192.0,227.45159713922908
191.0,209.39102628950945
191.0,195.422087739581
189.0,170.09152955021565
187.0,165.7711129895109
184.0,162.4302955866693
178.0,163.45227186073046
174.0,166.71114901452717
166.0,162.81802146779262
165.0,165.859483881383
169.0,163.22658622481728
176.0,163.29960699643755
179.0,162.93530866096685
180.0,165.55482333531376
182.0,167.20508292070696
184.0,167.61116299903085
181.0,166.2506946343378
176.0,166.53994543007803
177.0,153.93848057904847
181.0,158.89239087642366
184.0,136.17009360670264
187.0,137.55584992378817
190.0,152.12004451489145
194.0,169.10618756634972
198.0,173.9022208163952
201.0,171.4309797763827
201.0,177.28106715388765
206.0,182.66379472449688
210.0,178.4449706620255
209.0,175.58050949650223
210.0,179.30121018518943
210.0,179.79303482655365
218.0,184.50769990913412
229.0,188.98537086779922
236.0,194.82701459199868
241.0,198.6525720871597
243.0,206.12252409964464
242.0,208.94255243863458
242.0,208.65400536822162
243.0,212.73569176031654
245.0,213.6234566380308
247.0,213.62713380270918
252.0,210.87532256683107
254.0,211.8236253390356
255.0,220.69527423353384
259.0,230.92675892123017
262.0,238.75689754747867
263.0,243.58846702883005
264.0,243.990606934548
266.0,238.52280449515322
266.0,241.09270813835258
265.0,241.20469098167484
266.0,247.48910599505402
268.0,249.48643339593355
269.0,266.53157552118955
271.0,267.425732775814
273.0,264.96329662659406
275.0,267.7649353481802
276.0,268.3397087129243
276.0,266.9421674250651
277.0,272.6488934173158
279.0,274.45923991763544
280.0,274.15707676229937
285.0,271.9102372849038
291.0,272.86166672652007
293.0,273.2429804674166
294.0,274.81057682002785
294.0,273.88272038823476
293.0,274.1056548664021
295.0,272.7318783310674
296.0,275.8784695249222
296.0,275.87917355873964
297.0,275.30122624859683
299.0,279.6411492169663
302.0,281.3459919166366
305.0,283.557015243849
308.0,288.2021934029902
310.0,289.4136038490897
310.0,288.45571330043975
310.0,287.3695180866406
310.0,287.1764887156065
310.0,288.6780684417224
310.0,287.36998771610143
311.0,287.55291582766097
311.0,289.0256769739893
311.0,289.14834188813336
311.0,289.6562937495988
311.0,291.0992154996839
311.0,294.93125856966134
311.0,293.88275324323627
312.0,294.99117610009654
314.0,295.50729119367156
315.0,294.91019230152256
314.0,294.64345090984517
314.0,294.0756424568608
313.0,294.18899750409855
312.0,293.8737465174782
312.0,293.7724041320357
313.0,293.7724041320357
312.0,292.59635973200983
312.0,292.59635973200983
311.0,292.35569699007743
313.0,290.066194107418
314.0,296.8681594209799
314.0,296.73344769362876
314.0,293.2022605733337
313.0,293.411646647548
312.0,293.45701597647303
312.0,287.0607382553755
310.0,280.85452626109407
308.0,289.6849885954677
307.0,281.1065437660967
306.0,277.8859611854994
305.0,278.8544371976031
303.0,291.81845647232126
300.0,293.0962606271405
299.0,291.81845647232126
299.0,291.81845647232126
299.27863531997514,291.81845647232126
299.760828328072,285.37574491315974
300.4341375072344,285.37574491315974
301.286121340406,276.8661253666681
302.30433831053057,276.35165835592784
303.476346900552,275.9746805911515
325.0,169.4364586819045
320.0,170.84831823367267
314.0,170.84831823367267
317.0,177.40014846548198
321.0,176.16186788566347
316.0,176.16186788566347
313.0,308.78821428776433
310.0,308.5173751998937
303.0,290.28429507136707
299.0,287.4891235218698
295.0,285.41790788284544
291.0,281.5532952255342
289.0,265.3466960492948
286.0,266.7792385918907
286.0,265.11843187664334
282.0,260.28075542631626
277.0,258.47811714967565
273.0,258.84317628151814
284.0,264.808489424706
285.0,247.2839598109656
278.0,241.96249205343975
286.0,237.44642920269138
286.0,231.16466143729798
285.0,223.34338467593057
283.0,208.5030096001076
278.0,205.32122252809157
272.0,205.52850412136553
273.0,206.3704638337984
278.0,200.24677831140596
276.0,199.18328180622467
265.0,223.67731003428293
264.0,235.88502861815968
271.0,231.73096344249794
279.0,268.1784493974566
281.0,274.61901474425713
282.0,271.8393436880477
281.0,269.1526796123106
281.0,258.07494564840067
282.0,248.17933719903837
282.0,243.50429870443347
280.0,250.90500804071854
276.0,251.13742053954837
267.0,229.8631663269544
270.0,228.11272568908487
265.0,258.75039790668285
259.0,265.26073979980987
251.0,272.80004340085776
248.0,273.61260002281443
243.0,275.0951312167232
256.0,274.47695653838304
268.0,273.57551046207504
267.0,273.84891416267976
261.0,273.9713003195283
255.0,257.17548694058473
250.0,241.93004715109097
245.0,239.88724818667725
248.0,224.03070752860563
253.0,230.12339100333386
251.0,219.93515739820955
247.0,217.4995884241134
247.0,219.48863202056586
253.0,237.90752864734785
257.0,255.47693738943278
262.0,263.7543120128814
268.0,251.31731022135833
271.0,249.80823654667452
271.0,249.85413978025647
279.0,239.9186556209531
284.0,244.29691027452358
286.0,247.10750712528053
281.0,238.39120129779084
276.0,234.2906323409829
278.0,228.72245942930635
278.0,248.93914481703206
274.0,258.10823666571497
270.0,261.70421643234187
266.0,270.9574451921652
261.0,270.84978969073035
257.0,270.5695786000858
257.0,280.2313880384372
260.0,281.6732333570644
264.0,270.09728837032065
257.0,268.71467276166953
255.0,258.12479429144537
263.0,256.4122350076872
262.0,257.5708761480428
257.0,238.01813328173787
254.0,236.55919332910344
253.0,228.97775162734644
251.0,215.1271939762676
246.0,204.5336779694885
246.0,218.82284522360004
236.0,227.45568417902533
224.0,238.03158871852915
221.0,234.3201523224034
213.0,230.98906510902253
204.0,233.10725661519632
195.0,232.95648733456542
178.0,226.75495507792644
162.0,226.54544234680267
151.0,225.83096327813712
141.0,225.38533259490765
136.0,219.34673936722353
144.0,218.0217710240978
137.0,202.3057708723533
132.0,182.5259803737023
126.0,175.3527105858988
125.0,162.51574463613073
126.0,153.00717956768656
123.0,138.09813947938912
118.0,126.3350751297384
117.0,106.8041847778384
121.0,105.3031081939959
126.0,104.45159210834065
142.0,106.87598004277785
155.0,115.98080070376366
159.0,110.06784381531519
160.0,97.66835307315533
164.0,96.5281198081187
170.0,99.77369409352002
168.0,102.55381453887848
169.0,105.0360028911
172.0,117.21218009000671
177.0,119.65514129530047
192.0,120.5535972498451
203.0,131.89015294672515
212.0,155.47636267113907
218.0,156.19716945002298
225.0,154.20217206120702
225.0,149.21079897191788
226.0,152.78782668069434
229.0,153.77567935767854
229.0,144.75438112359754
226.0,148.43647351903962
231.0,152.61145200443335
230.0,168.347974995139
221.0,184.28550339886326
213.0,196.30759867651824
209.0,198.89186100950243
210.0,208.17601031993763
206.0,211.1786001766638
206.0,209.16681296148084
208.0,205.08417644287908
207.0,205.4417608162498
204.0,204.4678977794417
203.0,202.81482555863275
204.0,197.4049027006959
205.0,211.27885531689904
208.0,196.47089514720415
218.0,187.10200413494374
226.0,176.58957547137308
226.0,177.53542881530768
230.0,165.64998872387525
230.0,169.9450141787183
223.0,185.85300618907382
224.0,178.303502901448
225.0,179.3615922593629
225.0,184.69687106318023
226.0,193.5700807217361
227.0,207.49953138901068
226.0,208.28646372071586
223.0,219.14420814223595
221.0,228.54886661656852
218.0,226.70352111457788
217.0,226.87621687656446
216.0,227.29046730814434
216.0,222.19602773755062
216.0,225.8575929927438
218.0,224.68898002445948
215.0,225.6533784073622
215.0,212.2298155024539
218.0,222.10368806416858
222.0,226.78586345117048
229.0,224.51856865566666
234.0,221.38391835852
230.0,217.13910385700459
225.0,215.24040925528647
224.0,214.3513453087349
223.0,214.1321590687452
223.0,214.54889354973037
223.0,220.38457740179865
223.0,218.27877968273222
222.0,217.1826576143861
222.0,221.24227918059646
221.0,224.97676777392275
222.0,230.9195031311505
222.0,233.68530796648417
221.0,230.47424133797077
222.0,226.3117205257766
221.0,226.8649702913232
217.0,223.57374951412518
215.0,220.38866326085721
214.0,219.87799784951713
214.0,220.14766926042475
222.0,218.92753537627306
227.0,219.6871654719349
224.0,219.5047397811506
225.0,222.40211018296554
228.0,222.1255859966789
229.0,218.9843481035788
232.0,223.22639671691812
237.0,220.90566427971277
240.0,216.02206993631592
243.0,213.92832347837557
246.0,213.98581809471918
249.0,213.98581809471918
253.0,221.69572335733196
258.0,227.15708400834544
258.0,226.50576020368882
258.0,226.50576020368882
261.0,228.15117568651164
262.0,228.12675090455542
263.0,230.71420920572848
261.0,235.00806344078262
262.0,238.32221661560533
257.0,241.558212198721
247.0,246.94949161885057
244.0,248.00943860136957
244.0,255.83192541034688
246.0,264.2514304179653
247.0,264.06123331987766
249.0,264.42919517088336
253.0,264.6374292493538
258.0,264.8498681721828
255.0,265.13539075065387
254.0,265.12438453607695
256.0,265.62345853383664
255.0,259.8132929092803
254.0,243.28997300276023
256.0,237.66270773415715
261.0,237.029812458643
262.0,236.8568596892418
260.0,237.2124893445058
259.0,239.26283938685356
259.0,249.5773697946404
261.0,257.40793100718486
275.0,251.63396219139022
284.0,251.67160134568581
284.0,252.77092623572554
280.0,251.91815919766634
280.0,248.37722808641217
278.0,249.74468110307578
279.0,255.58994667959584
286.0,255.26803438818357
295.0,256.28710344603206
298.0,255.0192230036081
305.0,255.119629903344
311.0,256.4444733572798
259.0,265.2456745309039
259.0,270.4258652684834
262.0,270.92837294477704
258.0,268.9497976282559
259.0,276.69251227470016
258.0,273.5426501017076
256.0,275.7873279013473
254.0,280.06837284056394
252.0,284.9883317350317
255.0,284.706163097922
264.0,278.72006451551346
272.0,281.34477118851794
277.0,241.14971332746148
283.0,238.7973420652518
288.0,241.51778987301924
294.0,247.38293844149453
298.0,283.7506981919012
288.0,276.1444184154527
285.0,266.34218606715774
282.0,268.19735119284945
275.0,261.07676644644414
271.0,289.7484254271491
270.0,303.5654039316418
271.0,306.5681328441956
262.0,307.3778642059004
254.0,307.99514445165227
249.0,309.93559269711426
251.0,314.00824903356613
248.0,296.20737569675947
235.0,286.9688067417653
226.0,284.9420403462116
217.0,281.68679201378626
214.0,265.3610888567614
206.0,255.73577541860828
199.0,246.00781446696004
194.0,246.31990868720294
187.0,220.26272494457055
180.0,214.43294087665458
177.0,210.43889669227696
179.0,225.31201785003282
183.0,204.49309791340565
183.0,188.9847460114648
183.0,168.28678223122327
182.0,161.13031543436438
180.0,163.68491750433176
180.0,163.46460097389078
181.0,151.54719959608747
181.0,149.05219822751022
180.0,151.50199273717516
178.0,131.6144154622759
176.0,139.50858199879164
175.0,138.40417405988913
174.0,148.2765335721166
172.0,146.1988172240684
172.0,147.39801184686007
170.0,157.2597059524145
168.0,158.59086151017172
170.0,161.6759647396846
170.0,163.02604506372234
167.0,166.39692607704634
168.0,167.1766500305405
173.0,164.3227671228114
174.0,162.20983577155633
166.0,161.3777137583287
164.0,164.20033127208544
164.0,157.4650744545012
164.0,160.81730810651638
163.0,158.90843665282685
163.0,160.73215915130453
164.0,166.26342992921286
172.0,167.38032284827693
189.0,164.08511699050672
202.0,167.75772034386503
210.0,182.68566897437896
219.0,200.11394259590938
229.0,198.01001905299583
225.0,193.2305185779436
231.0,190.66989249564188
238.0,184.3980930508471
241.0,171.79388676584261
246.0,170.830501136085
248.0,172.80169168066115
248.0,196.84154122569498
249.0,218.4835495548236
248.0,229.25390478814964
248.0,228.60435687074371
248.0,226.07358349710694
250.0,231.66120514358644
248.0,227.24049320289046
248.0,228.45645299194618
244.0,240.27172990283287
241.0,243.59427318257292
240.0,241.47436920455218
241.0,240.398602645042
245.0,241.83337257706006
248.0,241.65728661727786
243.0,240.52748162446304
241.0,242.42967591401472
242.0,245.79910126455525
240.0,238.22538392427785
239.0,232.94796364010006
242.0,236.67688221295487
247.0,221.89481189051781
253.0,218.1193558022945
257.0,216.6625876195189
258.0,218.98399735390277
259.0,221.82047079655464
260.0,241.06241513954026
260.0,226.32717108288728
260.0,225.2257124859839
263.0,221.61812623372094
265.0,212.6438558644973
264.0,210.16321360195005
265.0,215.63752565355117
265.0,224.15510472794014
264.0,235.5631151647098
265.0,240.45514885517588
261.0,243.5873417631067
255.0,245.3176772962943
253.0,240.80009445997266
246.0,244.7133354128096
249.0,245.91381650345807
248.0,248.10913219961716
248.0,241.22132342100912
249.0,239.78405031147076
253.0,239.60255678156443
254.0,239.0342770778968
254.0,238.7323855753709
258.0,238.7323855753709
260.0,225.02533368177387
261.0,221.19404541918885
264.0,222.26878177035346
264.0,215.1005107807451
261.0,217.5815069851299
262.0,218.99646842777813
259.0,222.1715702227708
259.0,225.59369657857766
262.0,238.2563122073774
266.0,240.77404125407148
265.0,248.07351802090292
258.0,248.63117928077568
251.0,250.47942358425612
251.0,251.54532085092814
254.0,257.8832830450817
254.0,258.4250995226243
254.0,251.07774484377495
254.0,250.8392295815069
251.0,250.2241917812557
249.0,240.1243448515008
246.0,241.53953317351588
243.0,257.5502501541406
239.0,258.04392240754845
237.0,234.56194513649731
234.0,231.71510060170155
231.0,266.4583853288396
228.0,264.6596441069038
230.0,263.6374116281577
226.0,262.71170028239874
222.0,259.00575241694423
219.0,265.62904057286323
217.0,249.11681761578762
217.0,246.0542334015105
217.0,242.57122177338036
219.0,237.24143350081172
220.0,235.8891519000657
221.0,227.41961884078205
223.0,211.02014415548012
225.0,211.42737535302606
226.0,215.71262099293642
227.0,211.88485232679434
227.0,209.77116424787943
229.0,207.7176294539326
231.0,199.14843365580674
235.0,200.48659133104684
240.0,203.06386334029312
241.0,210.27107243198324
244.0,212.89681856215853
246.0,219.06331740157958
247.0,222.4660949821971
247.0,224.21322901789983
249.0,225.0096934900993
249.0,226.00545468853448
249.0,226.0466543808313
249.0,228.73694451855138
250.0,229.608105566571
251.0,234.12775385605397
251.0,229.59275972956752
252.0,231.16858040113962
252.0,236.82309998542962
252.0,234.67429289061383
253.0,232.13798734778456
257.0,232.08712586037294
258.0,232.41071859841387
259.0,231.95888704121725
258.0,231.72456189539903
257.0,233.41968997471247
256.0,238.07572868895718
254.0,237.67781783786594
253.0,247.4862390614795
249.0,247.50853155721143
242.0,248.55358629441568
236.0,245.30347850894864
233.0,241.7654054581791
232.0,243.32775623988033
233.0,245.07929425605445
232.0,244.16647798980117
232.0,244.45075403916948
232.0,242.7633936481346
230.0,242.94904571021385
235.0,232.62304399593492
244.0,233.3818013685317
247.0,225.61115851422852
249.0,222.3905067415372
251.0,213.71726561905342
251.0,205.36099369657737
252.0,206.85642200243578
252.0,208.3517746799597
252.0,208.88019295359774
253.0,208.14481350854493
254.0,213.88793294616147
255.0,217.07482391267186
258.0,231.71285184348687
259.0,246.33639641942295
259.0,246.3461591844731
260.0,248.57864951172454
261.0,256.6115081583404
261.0,256.4731880276076
261.0,255.92837492965077
256.0,256.7135771638977
261.0,256.4292782127655
265.0,256.2264448127221
264.0,257.57775789825615
264.0,257.7079074538917
267.0,261.6307440202307
270.0,264.0723980149858
273.0,263.9872486273275
274.0,264.8878437144523
275.0,264.8878437144523
274.0,264.8878437144523
274.0,264.8878437144523
274.0,256.4909324250888
274.0,265.0420504769858
277.0,271.9915310902409
279.0,272.3621477642252
278.0,272.5106718436661
277.0,274.7002410236095
279.0,274.8589023877207
279.0,275.1213723040494
281.0,274.6603159179966
285.0,275.05534849145977
287.0,274.51245771206504
289.0,274.35826489412017
288.0,272.92717188607577
286.0,272.8520943529886
287.0,277.3659308059851
288.0,282.91944236373223
288.0,278.38679615212266
288.0,277.69569382415756
290.0,283.0328811317732
290.0,283.2956551075416
290.0,284.4877184901737
290.0,284.97132612776403
290.0,288.20934446487996
291.0,288.00946520251875
290.0,287.8444398793347
290.0,283.8556835904362
292.0,286.53933170334295
294.0,286.53933170334295
293.0,286.4344210272866
292.0,286.43115825870024
295.0,287.5544368169728
298.0,287.63753315022524
301.0,287.10965619640837
302.0,287.13999865388865
297.0,287.7627251653648
296.0,285.9885206730399
294.0,287.0127154608242
292.0,286.5044815003322
290.0,283.5755838518562
287.0,287.095532075927
285.0,286.56529243508936
284.0,283.3465985328018
286.0,282.7475945049998
283.0,272.23753804235537
277.0,266.7958759553886
273.0,268.6695213706398
270.0,266.75607862953717
268.0,264.7777830625804
269.0,263.4849159665407
276.0,259.49954851897957
283.0,256.6278828753033
289.0,253.14067138306237
297.0,254.39073242589603
295.0,266.17961961868235
295.0,250.03897284694054
294.0,272.56339732227383
291.0,271.6810324573564
286.0,267.8574615540499
284.0,273.16693784636084
283.0,270.29839508489044
280.0,279.34781773482916
277.0,277.2164649232854
277.0,289.0445102449384
280.0,291.8782931623369
276.0,295.927689011439
274.0,297.7729611632809
276.0,286.3813180304031
277.0,290.9985133997739
278.0,289.5574402425151
280.0,278.6792355114644
282.0,278.55359908196135
273.0,275.88384284361484
267.0,270.69150383352536
262.0,269.8145851895765
260.0,267.1335882005629
258.0,267.0335246074898
257.0,236.4500524937719
258.0,234.8334681829163
256.0,233.84655662193248
253.0,236.15849670973824
249.0,239.86685481227454
250.0,251.7534434269704
250.0,253.65495875905995
247.0,243.83620262963152
245.0,233.958804758667
242.0,221.06484859340884
240.0,225.70205291892336
238.0,230.85043589081067
230.0,230.23624965414598
225.0,232.64488092769534
220.0,231.25820558618693
215.0,227.40575508632386
211.0,226.49831106204056
207.0,230.86806602065064
205.0,227.04425591745112
207.0,220.10829456960502
210.0,217.68222026474442
212.0,214.46056710081083
214.0,212.96407875860416
217.0,210.1691734647028
219.0,193.40915616407975
218.0,175.1692887426992
213.0,169.43776726865138
210.0,164.55945801927314
209.0,164.06812708865502
211.0,161.8515885509691
211.0,160.2134994861888
214.0,168.4782798694151
214.0,172.8449544385004
215.0,185.06172966255664
219.0,197.7065091587378
222.0,200.50296729683265
224.0,200.42941422954914
226.0,199.27299433754916
229.0,205.08847136846265
227.0,195.33775205843398
229.0,194.76708063022838
232.0,198.04327860510597
233.0,197.96112198172278
235.0,200.46433346645836
237.0,204.97693013375806
240.0,206.02392394771627
242.0,213.19615155861538
243.0,216.4080185918525
244.0,216.33201353434546
244.0,216.10279636642133
244.0,220.60972169354855
245.0,219.84434204929144
246.0,221.27368692841677
245.0,222.80944324292417
247.0,222.5976501030871
247.0,226.94181885439065
249.0,229.2676604525329
249.0,234.26252822300717
246.0,237.2976074131786
247.0,236.51842363972227
250.0,238.24661616662854
254.0,238.5717035438349
254.0,240.33230157274272
257.0,240.95118336336733
261.0,241.69302742334546
265.0,239.63421716259174
263.0,241.6179567094042
264.0,241.5933327173232
265.0,242.70303979009748
260.0,243.27781037413288
262.0,239.73109111386742
264.0,240.15407195230227
265.0,245.1139512964968
269.0,246.78568257442328
270.0,246.54164772822568
268.0,246.4548742783845
265.0,247.58068483142216
267.0,253.50136704039483
270.0,247.64030266558356
272.0,253.89457973646213
273.0,253.89457973646213
272.0,247.89224904580146
271.0,248.14566606267024
271.0,254.4558528952293
270.0,257.58187231709604
269.0,259.9999944870222
269.0,260.9580980949841
268.0,260.94127746343685
267.0,259.37563326771544
266.0,261.0764475135186
265.0,247.24126471352508
264.0,242.73521744116488
264.0,243.0653860585848
265.0,244.0998218937115
265.0,243.94182760775524
264.0,241.73255839050492
262.0,239.39758039342325
261.0,232.936848927677
261.0,233.75652165846762
259.9885630801513,223.18791849874648
257.69770847465344,223.04970647666497
254.4213378733793,223.535963065126
250.45335296620183,233.38321935884198
246.0876554429942,234.514493758283
241.61814699362927,234.01330129634667
228.0,232.0530770371764
228.0,231.69152659687515
226.0,220.96496925539708
227.0,216.54714408992047
228.0,185.95832986637646
228.0,175.7970038196999
225.0,179.536598708377
225.0,180.15311470178167
223.0,189.76165364541092
220.0,190.353860470635
221.0,193.37362793102122
223.0,196.82802068143914
223.0,202.51763599495376
223.0,195.91104159881218
222.0,187.1196837693425
222.0,195.339595952557
221.0,200.98960213435458
219.0,210.29847619795342
218.0,206.5059223076757
217.0,206.4247881166176
215.0,200.30792012055986
215.0,198.39979396914921
216.0,198.0588198797424
220.0,198.6263060183379
222.0,200.41634404926882
228.0,205.0062994081723
237.0,210.37351553660648
252.0,211.3480523383534
268.0,244.99360382765036
280.0,239.56135116000743
292.0,238.70457614282893
302.0,228.62652151377986
313.0,225.97808988056002
322.0,205.00890490093062
329.0,203.69677338828419
329.0,210.08002925930552
330.0,204.03833792924314
329.0,202.92809638183596
326.0,210.5212004312962
322.0,229.7662659566483
320.0,244.11486485843477
316.0,244.79594402268188
310.0,246.42341821590128
307.0,254.87109669408594
305.0,276.35959043899527
299.0,281.5655570135568
292.0,285.1656463502361
285.0,281.2152406671967
280.0,279.86382673690133
273.0,277.74737393102555
265.0,278.92687182604124
258.0,275.48760943229865
253.0,259.44018490845514
248.0,253.99727229615817
244.0,229.58317736019944
239.0,219.36631507697118
233.0,212.886777463028
227.0,200.4769904980182
222.0,191.73018497608865
217.0,184.20489536380796
213.0,179.15234405185788
207.0,175.16166056222733
202.0,178.2276607383123
199.0,169.8255091307508
196.0,179.3830826451571
195.0,192.04557572053378
192.0,192.80354282183956
188.0,190.62902493282937
184.0,190.76532407876488
181.0,182.72196642459912
178.0,185.013523478326
176.0,187.7353479672177
174.0,183.69841331201317
172.0,182.87296851437273
170.0,174.25748710330893
170.0,174.90906297328934
169.0,175.05872959897505
167.0,166.20475708063879
165.0,159.0614646532919
162.0,154.30460814565495
159.0,151.68833452020746
157.0,146.2990317088677
153.0,158.8398323294134
148.0,163.22278759847748
146.0,163.4165959903402
146.0,157.5386031058517
146.0,158.11827699848453
146.0,155.67975959162214
148.0,156.08509083792626
149.0,152.7236304155683
150.0,151.03249440148699
152.0,146.0044882230633
153.0,141.2264474812199
154.0,140.64609443688494
156.0,141.04055264460987
158.0,141.21633753207
159.0,142.14009122272196
159.0,144.72253151179632
160.0,142.4295493111596
163.0,142.56185729494243
165.0,142.49798379658793
167.0,146.35217921681107
170.0,151.55921266496964
172.0,154.15618444010568
174.0,156.64513000192193
177.0,160.56861102743264
179.0,165.5792280186665
182.0,168.4103571691238
184.0,169.37591771381196
186.0,170.3928901915031
188.0,173.2872708023541
190.0,177.04802952605843
193.0,181.93143412520547
195.0,182.2976514524519
197.0,185.74014319003737
199.0,185.19378706296533
200.0,189.30915610361214
200.0,189.39916509641057
200.0,190.94145744899532
200.0,191.50007838290955
200.0,195.71682638814835
201.0,196.04973156821475
203.0,198.69284931330986
205.0,200.78569589406445
206.0,205.06139291833352
208.0,208.67052091265367
208.0,210.4902359254096
207.0,211.96112679725866
207.0,212.4738291628249
208.0,212.7219111220824
208.0,212.53447600261583
209.0,211.80910146030172
211.0,210.08307457854158
211.0,209.31322808201503
212.0,209.5843524363655
212.0,212.25095178189358
211.0,212.87864715825194
211.0,215.26295071057888
211.0,214.61061278429045
210.0,211.5461638702332
211.0,211.4841110019657
212.0,213.03139418398894
209.0,213.38988357132305
208.0,211.7428900638063
210.0,217.944463836874
211.0,217.54841514765442
212.0,216.20558531920014
212.0,216.04988932348883
210.0,216.0697723987639
208.0,215.59398622105692
208.0,214.35374224407664
212.0,209.9448685007615
217.0,213.9439604537609
218.0,213.5350443566952
217.0,206.42964128203516
216.0,204.37577343678709
216.0,209.83513408761152
215.0,213.16211700999528
215.0,213.63062317310423
216.0,213.44168434680503
217.0,209.74323697157465
217.0,207.38973640966526
216.0,205.19288438259963
215.0,213.21384451048795
215.0,218.73497280640476
214.8307102476678,219.77723529236636
214.26021518867333,218.92588733492522
213.4597302981096,217.81698594198173
212.6004710510694,217.52007599369014
211.8536529226455,215.89607223947834
211.3904913879308,211.3973115243183
212.0,216.70344284734722
213.0,216.07786359526625
213.0,215.51293726787952
213.0,212.57606779813906
215.0,213.3460346877736
216.0,210.808180084633
218.0,209.62039315107882
224.0,210.157052211613
242.0,209.64100479208915
260.0,209.441517773586
278.0,187.8440684606511
293.0,209.3351822892655
300.0,214.17112068919334
310.0,213.07651430189202
316.0,213.60076190701625
321.0,214.68438383340717
329.0,230.0745048061242
335.0,227.57086728331794
336.0,227.88612656234136
332.0,234.4291377876655
327.0,239.28174749290955
320.0,245.99156468931625
311.0,258.8894681649607
302.0,258.6213390095909
295.0,262.6373518756002
286.0,269.41748277212974
276.0,285.1440220102692
269.0,281.9418583360397
264.0,287.02623108646696
262.0,282.4995994391995
258.0,279.1079795565486
252.0,276.6559072273011
250.0,272.1441454853408
248.0,269.3075289312272
244.0,237.04555139065755
241.0,221.137990349031
235.0,204.6643446904716
228.0,185.37579095227093
218.0,180.9980128502609
209.0,169.86632496617906
200.0,162.7004878217065
193.0,156.60351443076843
182.0,162.77323089157971
171.0,163.7393462979357
161.0,167.07018020339274
154.0,175.4040223373391
147.0,176.70094277281157
140.0,177.9162221128414
135.0,175.43715138975836
130.0,165.69101381922007
127.0,162.876767217083
123.0,158.46078919806507
121.0,157.80395201712955
118.0,154.89556791572224
115.0,144.59049875833605
113.0,124.14079281086879
111.0,112.78701041737182
110.0,107.68803581754779
108.0,108.62762561349932
106.0,107.51170751579227
104.0,104.45601271704835
101.0,101.05782773580394
99.0,102.86600177567401
98.0,101.83372612498293
96.0,112.1444816242853
95.0,108.34648175835133
95.0,106.90078211154845
95.0,108.8832950957506
82.0,106.78086698029048
82.0,107.1516917999211
81.0,107.01805619234268
81.0,108.38973910414694
81.0,109.57351765099993
84.0,106.25178170389742
88.0,102.11399848291983
91.0,101.74817429139156
92.0,102.18229411521845
93.0,105.37231149134679
92.0,107.16640823089138
92.0,124.70479671599614
93.0,106.87757003426874
94.0,106.57197986285732
94.0,99.7763692133741
94.0,100.18246975698048
93.0,98.15746045115684
90.0,100.18720647755049
89.0,105.70993385814059
86.0,106.55768495345201
84.0,107.17281557552438
83.0,107.72383593703206
80.0,108.60139761563478
79.0,96.31087225212488
78.0,96.36869399853356
77.0,95.77854805514144
75.0,98.10538776297247
74.0,96.45235917671819
74.0,94.74057306658815
75.0,91.26649227754535
80.0,89.29370433436559
85.0,86.99703181353902
91.0,86.20407340310132
96.0,84.1262968667578
96.0,82.17060349686851
97.0,80.87448014862177
96.0,80.84666995569148
91.0,81.1739135127359
89.0,82.72257675352535
90.0,82.51028540133728
90.0,83.083929424876
91.0,82.4815509285301
90.0,87.32700966786484
91.0,90.87156837822562
92.0,107.06518148444829
91.0,115.79275725326
90.0,115.91470364346061
88.0,106.6574947686725
85.0,106.48590413677486
84.0,104.01658412416938
85.0,94.25354374195435
84.0,93.65887082326543
84.0,96.40548826333824
85.0,97.67063832906398
86.0,93.98439478922492
85.0,96.88549226322881
83.0,102.49744932728251
82.0,98.59536052144244
82.0,99.63196565644508
82.0,96.04384486190852
83.0,92.5657661297178
86.0,91.219285638687
90.0,91.71707307327605
94.0,90.9235921860712
98.0,109.39768049158694
101.0,100.37892700929771
103.0,96.31340815376512
105.0,91.1888112911667
107.0,86.59365448451811
105.0,86.31394721549466
102.0,85.6746695792341
100.0,85.6746695792341
95.0,85.70287174364864
88.0,86.78544493762836
83.0,91.87076128252829
83.0,89.43010791311998
83.0,87.09682167119942
84.0,91.04074441595372
84.0,88.63376676596208
83.0,90.23899052814681
80.0,93.5980353515384
75.0,91.51053415796497
70.0,92.50819747838028
67.0,89.96769413590464
64.0,83.90963221291639
61.0,80.19842981002544
60.0,78.58938650065119
62.0,79.57858822985025
68.0,71.71403620848922
80.0,74.90891935476543
91.0,74.82660811390548
103.0,79.06759480942554
114.0,78.9616215537883
120.0,78.54703477820664
117.0,82.90396375251704
118.0,82.36194927431114
118.0,97.52439826783008
117.0,96.20820711206285
114.0,86.995342988838
110.0,84.98416220625515
106.0,81.86656278895484
101.0,88.93621749062463
94.0,108.52542684285146
90.0,119.8291117826152
87.0,132.4939750065575
84.0,126.02706022318965
82.0,119.76252790941987
81.0,117.87473353916087
82.0,131.57813644875097
84.0,133.59569535068155
83.0,118.8530135584559
81.0,110.71386669172412
80.0,101.00813208419423
79.0,95.42975470224667
81.0,89.14184536018892
83.0,91.48952893960245
86.0,91.67195665529499
88.0,87.52616343656523
89.0,88.67266830646116
87.0,87.40750003800339
87.0,86.53906784657657
86.0,87.84615005015284
86.0,88.2249866395582
88.0,84.84563169072469
89.0,81.2355016661877
91.0,80.66907529905592
93.0,85.41180239471794
95.0,86.03003199748652
96.0,99.93818407080225
97.0,110.8112701685535
99.0,108.84640441263389
100.0,98.30738552561456
102.0,97.06483728950809
104.0,96.39408426815595
106.0,90.39285682212211
107.0,92.2545080763887
109.0,92.00030953121589
111.0,101.46214497309637
112.0,104.91489313126598
113.0,106.62222778320829
114.0,110.00040481175327
115.0,110.62738088205057
115.0,116.47085507328156
116.0,118.72944054203768
118.0,117.95855325443074
119.0,121.73194122973403
121.0,121.05783433059693
121.0,121.41496580478088
122.0,123.70566890082952
124.0,124.28576369881029
124.0,125.30474847338911
125.0,126.91473038527343
125.0,128.84975177269646
125.0,129.7878278960867
126.0,130.35437653610205
127.0,130.89829336018167
128.0,132.21190946309767
129.0,131.11236967635122
132.0,133.2974927982472
134.0,133.30829217325584
137.0,137.32732924271554
139.0,139.4958145758147
141.0,139.81103538839187
142.0,139.92357743400657
143.0,139.66865393657187
144.0,139.1264819953138
145.0,140.97856467122546
147.0,142.35169345019014
148.0,141.51958336296624
149.0,143.04887342883066
150.0,143.61598572891484
151.0,145.91080642606067
152.0,149.5104752404898
152.0,150.7433149068587
152.0,154.39895056573883
152.0,154.61245080792622
152.0,155.90763513853628
152.0,159.04735196873108
152.0,159.02398689133435
151.0,160.27320918464233
150.0,159.60708178546219
151.0,155.98637255683144
151.0,163.5020928694228
152.0,164.03880883092745
152.0,163.6924651177032
152.0,162.28765575143885
152.0,163.00143902557988
153.0,162.86187386727394
154.0,162.22334017274548
155.0,161.8517311357053
156.0,161.5760580814455
157.0,161.58930592503089
158.0,152.886914155917
158.0,159.83212455855266
159.0,159.87212709853722
159.0,158.96128479635678
159.9858170455695,161.02908148387823
162.45742834551015,162.1943576807096
166.13672739306617,161.82801508622288
170.74560768148166,162.39487653737064
176.00596270400092,166.51081508230806
181.63968595386825,168.78603249564216
198.0,174.2372245734468
202.0,174.15450975653675
204.0,173.47816853987842
206.0,174.37262741761424
208.0,176.60512711190455
209.0,183.82128026476687
209.0,185.7898458290279
208.0,191.7084815349857
208.0,166.32871280579062
207.0,168.6140440073494
207.0,215.7494472896568
208.0,216.80312261636843
209.0,220.9196369404094
210.0,222.20449813826875
212.0,217.1547971883722
212.0,212.80462214428542
213.0,211.67156285335795
213.0,205.24851175793134
215.0,205.57923103058394
217.0,203.90832281726972
218.0,200.08528450208738
219.0,198.95569262299227
220.0,198.20423319438197
227.0,200.18563220204393
236.0,202.96178045577662
246.0,204.73769038471227
254.0,209.05172411097757
263.0,208.25296852188143
273.0,203.7801941922821
279.0,205.2894600338162
285.0,225.31507792696317
294.0,231.37761893821573
300.0,228.18554846396123
304.0,222.85173097657156
299.0,221.35543558591314
293.0,223.66686992146995
281.0,227.56351702189122
267.0,229.49180442457774
257.0,240.70065420699007
251.0,237.38089301769963
246.0,245.8148964882638
242.0,250.79417624412784
241.0,256.9079810682157
238.0,258.438976506911
229.0,261.63591851936
219.0,262.57143196109377
210.0,257.5437912412473
204.0,253.3642573942429
200.0,226.66589541390567
195.0,210.0663209341749
189.0,190.76129262444175
185.0,173.44675739255538
182.0,170.19759290902869
177.0,171.99772097247637
172.0,162.59417421251817
167.0,167.06235634784284
161.0,154.29268670295653
155.0,150.65786015960808
149.0,142.6495778749428
145.0,141.9488158008096
144.0,144.4634094211238
145.0,141.77140346620598
149.0,140.36773274815275
152.0,143.39843423325382
155.0,141.41649728376402
156.0,139.92117140732324
156.0,131.31129164403126
155.0,119.80427333705101
153.0,116.96882241707148
152.0,111.16211674396354
150.0,109.6737771508902
148.0,108.54864437405075
147.0,110.48435601573264
146.0,112.10742862507115
142.0,123.52877778857668
139.0,128.41971699972956
136.0,144.62949070749428
133.0,143.8239044619747
131.0,136.5224038213267
131.0,148.31624150046267
130.0,150.8718825698001
129.0,150.47493764864052
128.0,146.91571950692435
128.0,144.40124885742014
128.0,142.14095118374055
129.0,141.15506149852914
129.0,138.36344248694442
129.0,136.57732244793456
128.0,137.6973766176009
127.0,127.33828180666532
126.0,127.47383634368971
124.0,128.0503604755832
123.0,128.9444275738985
124.0,129.44777702415507
125.0,131.84798027908676
124.0,133.21371538170183
124.0,133.64243605688122
123.0,137.1268284819323
122.0,142.20905720069283
119.0,143.46747563276674
117.0,141.32221147564047
116.0,138.33600892899946
115.0,132.18532632123572
115.0,127.88897472997061
113.0,127.56135062199444
113.0,129.03222696417166
114.0,129.85084397765797
114.0,128.8602419824907
113.0,128.90733385785416
113.0,131.98547066899238
113.0,131.59381000108
113.0,125.01611023380906
111.0,123.50468208397423
110.0,122.35690275188374
111.0,119.67833119274614
111.0,118.87086621441387
110.0,115.80735724918438
110.0,114.73925744792777
110.0,116.96065493640583
103.0,119.11157604579148
104.0,118.43643119746022
104.0,119.16592317867551
103.0,121.04330875098522
106.0,122.55396454641055
110.0,117.56314699305543
117.0,117.8012405768941
122.0,118.98114560047205
125.0,119.1009786729579
126.0,119.62527813416006
126.0,120.3375646147187
124.0,145.35837443090782
121.0,125.57886710312079
116.0,121.76097963584111
111.0,111.16777129690838
107.0,106.78136104670958
103.0,108.91509749087143
98.0,111.18023925489634
92.0,113.26022398265395
86.0,116.09180705018457
82.0,113.08380511087518
78.0,112.49625343800447
74.0,110.64134762729158
71.0,113.81125970366088
68.0,108.51102797491151
66.0,99.27670223931501
67.0,97.97249854489654
70.0,95.54729599298362
73.0,93.3922241581623
75.0,90.99235135164945
78.0,87.19391330530036
79.0,86.88019814483889
80.0,87.0794409904128
82.0,86.79341668787522
83.0,86.31815576119196
84.0,88.87689869242901
84.0,87.53810479759424
84.0,86.55794251169829
85.0,86.0954994346542
86.0,87.44563371737844
86.0,88.03742412321708
87.0,93.29347795515751
87.0,102.67948786033456
87.0,103.16705082034643
89.0,102.56393891184769
90.0,109.12975590304731
91.0,118.62598445213054
93.0,119.21895870798491
95.0,100.73574110854494
98.0,99.17720455128492
100.0,99.27841471148169
100.0,100.04586581730972
102.0,102.45836325060868
104.0,107.92356641726289
107.0,109.71925789698713
111.0,106.63256418752584
114.0,111.88452344394578
117.0,112.4948627889373
118.0,114.98757979916132
120.0,120.35933665242575
122.0,113.49183708580239
122.0,120.5531589215736
124.0,125.53383059054285
126.0,125.50592296415664
127.0,130.43439680887204
129.0,124.32861036804519
132.0,124.9665531056366
136.0,130.64508180669114
140.0,137.53258659023552
145.0,139.97963763545383
148.0,139.85336894097532
150.0,142.91869906215754
152.0,148.68433533581555
154.0,148.23540389561205
158.0,150.77782369102042
160.0,157.71704029527626
163.0,154.4168689929787
166.0,157.63560608530915
169.0,162.57404114343413
173.0,173.10353961738545
177.0,176.2119593218312
180.0,182.69723606657965
184.0,181.07375383535552
187.0,183.60796827382617
189.0,180.6296141728293
191.0,180.23177830801163
193.0,185.79896275835785
193.0,185.7610150843207
193.0,189.04653660167943
195.0,177.6344184661324
196.0,178.1641052759925
197.0,185.13131702131696
198.0,187.73912941421204
199.0,185.78971019438447
199.0,190.13679519995333
199.0,194.64400148313348
199.0,202.8854403846919
201.0,202.05461054780366
204.0,206.41667364211966
207.0,207.35966110665404
207.0,203.94024409149011
210.0,207.77951639768037
213.0,207.2212053760158
215.0,206.84485417668816
217.0,206.19497145324945
216.0,204.45077549213264
216.0,203.3634250818942
216.0,203.83651557274078
216.0,203.85551335600695
218.0,203.20598206134878
219.0,209.69673727648808
220.0,211.63375310620256
221.0,214.9731087017302
223.0,216.91562870673678
224.0,223.45750527249052
226.0,222.88087483072167
226.0,225.03534478148538
226.0,224.97730516215978
227.0,224.90222170174144
229.0,224.0068808034936
231.0,222.98319686026278
232.0,224.27866211411506
234.0,224.24230679285213
236.0,223.76982044336685
237.0,223.80261806061807
238.0,223.37041719439878
238.0,225.18573842855076
235.0,225.8930836308744
234.0,226.78018476392677
233.0,227.1066446540807
231.0,228.67194998765598
230.0,231.83089595485538
229.0,232.7530369303566
228.0,234.5354345988232
228.0,236.00335768067427
229.0,238.45294634064618
228.0,239.48359545114258
228.0,238.0271021644273
227.0,236.8586857908208
227.0,231.80342430551843
229.0,230.55249950911585
233.0,223.26228785614396
234.0,220.7355568760484
270.0,219.9245337211866
270.0,218.84773527594916
269.0,218.60457885238296
268.0,218.77496972855639
267.0,219.18442226125035
266.0,219.24782396956223
265.0,209.88337897243687
263.0,206.50607942033207
261.0,209.53081975178063
259.0,221.24800055363772
259.0,220.42218871481575
256.0,225.06157277343422
253.0,261.4740581182449
252.0,256.52951168436226
255.0,239.35408664123472
265.0,235.91384957069107
277.0,232.18859373418252
286.0,231.13135807048153
290.0,240.3806930557161
289.0,235.60934050054212
296.0,240.89316272760405
300.0,295.0903798154891
301.0,295.4044842370545
297.0,295.13421867051864
291.0,291.5383450905601
287.0,289.4492371186552
285.0,292.6472459385587
284.0,305.4945159134095
285.0,310.000227383654
291.0,311.0525906841899
292.0,312.4613856478949
295.0,311.8763888741802
296.0,316.24873961090697
293.0,301.87247729973376
291.0,300.7700252526569
290.0,300.35528491609017
289.0,295.43448836646974
289.0,285.96135037224286
285.0,284.3067651070102
279.0,279.5611015446798
263.0,278.88858854845074
262.0,276.34499103283605
261.0,255.48785771762832
258.0,259.55042335429425
254.0,265.5978080953511
253.0,248.4003025552232
251.0,244.88089106152913
246.0,244.30618046038873
239.0,232.28547408868988
237.0,234.5089930581456
235.0,225.60240411786538
233.0,225.25896562375976
229.0,199.66741504279986
226.0,204.02910030600134
225.0,208.07390922993716
224.0,214.4953064403854
210.0,213.4840022064234
191.0,220.78287062945097
174.0,221.40904473587105
186.0,215.41293149095011
189.0,202.62573302322375
194.0,210.54077362583809
198.0,210.38264809299045
199.0,207.55558115565594
201.0,198.77820272227444
199.0,191.33178541366755
199.0,191.36998847303065
199.0,191.76239980500415
199.0,171.05180875878628
195.0,148.92393771377343
191.0,140.21855947326452
188.0,148.96532817543763
187.0,150.17286667308943
177.0,150.93984625454726
156.0,155.10460691723543
143.0,170.43395033509577
166.0,174.44084426875045
176.0,187.45455677652308
181.0,193.89459704532337
185.0,200.2995812324945
186.0,198.22121890975788
186.0,185.7186466562606
186.0,179.27573704269787
189.0,175.6929075344909
192.0,173.6499903644725
191.0,161.55045803973448
191.0,134.24163534585867
194.0,125.53034871698875
199.0,159.54681385844077
212.0,177.9863028899898
220.0,186.36860021192425
227.0,195.92032482173892
232.0,195.03858752275954
236.0,191.86868215065806
234.0,192.080947587031
230.0,194.2122142182752
225.0,195.60202251309585
220.0,190.7016579590657
216.0,192.59672913772974
209.0,198.3475656852095
199.0,203.93863457046734
192.0,214.4989389135709
186.0,221.68423391002804
183.0,220.80431138473082
182.0,224.6202017688925
181.0,229.7567335434019
179.0,228.2449858498721
178.0,221.66253510657387
184.0,213.57837765835654
192.0,201.14345253046883
200.0,193.17546802995267
208.0,186.49969570672957
213.0,170.6683391475639
214.0,165.9370120853456
219.0,168.0907441976847
222.0,165.22589412685568
223.0,165.99250886283588
224.0,164.9726919705664
226.0,162.58070908346465
228.0,165.21320345092326
229.0,179.92548683263794
230.0,206.96189645348682
230.0,221.74664916963368
230.0,234.91353094177381
230.0,225.4085438189598
226.0,221.9857562149789
225.0,233.65127123070454
227.0,236.80176768291096
233.0,235.87864936314716
233.0,236.98018199639498
233.0,235.76746863189155
235.0,234.7954744139264
235.0,233.1820555122957
233.0,233.4640553109435
239.0,233.79705600115085
245.0,233.56233884375433
253.0,220.33490133743308
255.0,203.88953194145654
255.0,204.047427604249
255.0,205.07885445007594
255.0,221.8981478106517
254.0,204.2513361194345
253.0,263.1755389545208
252.0,268.0532418657757
252.0,261.0672747169631
255.0,247.73630632163804
258.0,253.97002390264828
258.0,251.83518831575577
256.0,254.50721147902885
255.0,258.0508195684923
256.0,255.2937571387871
259.0,254.71746501706926
261.0,254.669144791732
259.0,243.32465916166507
259.0,238.99982117812604
258.0,232.72018600211732
260.0,232.74083659865394
263.0,245.37354996075962
266.18419987457355,245.64748482416792
269.55925045034166,245.64748482416792
273.09996025150105,246.17028967378235
276.78113780224794,246.6454154807105
280.5775916267789,246.47983659071923
284.46413024929035,245.14627748909223
291.0,164.9686463250264
288.0,162.26587136714025
281.0,162.26587136714025
280.0,162.26587136714025
283.0,159.11160826558043
288.0,160.18289225823386
281.0,300.37362376151003
273.0,287.80418261236275
277.0,281.85949667800145
275.0,277.27391703744104
273.0,274.1169619834123
272.0,270.82601275549206
280.0,254.81322231751872
296.0,253.63489544488232
307.0,253.7901609960795
314.0,229.50225185520682
315.0,231.67489534700374
312.0,247.30563417012348
307.0,246.07452732101711
301.0,234.80872910653764
302.0,244.05413819338636
302.0,238.7608507920771
299.0,239.41310697569807
295.0,237.01262423719177
292.0,267.73208489706275
287.0,274.12805294301916
283.0,286.94843279009075
276.0,292.6447593402307
275.0,291.2526880279024
273.0,272.3916449276601
270.0,262.4684819387832
268.0,254.01159048360392
267.0,248.3516780174029
268.0,244.3291167484704
262.0,241.2274327945814
256.0,256.6634405989983
261.0,249.3911785054981
265.0,250.32443554938283
262.0,244.61687940271332
252.0,243.57292893469747
249.0,247.7149374641512
245.0,248.9190400145206
249.0,247.97096215259452
251.0,249.31900942835156
246.0,252.65406967163332
242.0,256.5145931353255
234.0,251.11489579082993
226.0,245.03396860838444
218.0,257.17959613881396
216.0,260.35316272860706
214.0,256.701803702834
211.0,242.49268926180423
207.0,237.39182763591083
200.0,231.14372424371822
198.0,236.39819527263515
204.0,245.65420506269157
212.0,238.29381059942722
208.0,227.77783679830696
202.0,208.12314982468018
202.0,195.31390126221555
203.0,187.7955422849989
200.0,188.5610243615615
198.0,188.67632482921965
196.4021336903174,186.95975977984284
194.64309804113591,182.1924199841059
192.74846654351865,169.09540555865337
190.74381268852883,174.35456517019642
188.65470996722948,184.6000199024818
186.50673187068384,204.44149241621625
174.0,178.50973296616723
177.0,180.79722513178444
180.0,181.17262715863097
185.0,181.05312524483503
189.0,182.69570939694208
192.0,185.57368160937932
198.0,172.75137654186355
210.0,170.38176878628377
212.0,171.56444560256597
208.0,177.6487063113101
208.0,177.60795769603584
209.0,177.8366698593892
211.0,186.90418165247274
214.0,188.02367639153792
219.0,189.45423085104866
228.0,196.70291563475197
239.0,210.0351046477083
250.0,212.5300629161645
258.0,220.99601282643755
269.0,218.59693146177142
273.0,211.44053356863077
274.0,238.29921163687558
285.0,234.97607124023557
293.0,239.14489030137665
290.0,239.80656977259966
287.0,243.04203581008753
285.0,248.19143108355274
284.0,256.9999575299247
285.0,263.26765528160917
286.0,278.49356274801386
290.0,284.12149352392936
290.0,295.1015150398802
289.0,288.68385352797054
295.0,288.4380387576188
313.0,291.19474096192545
321.0,295.29026646731506
324.0,291.7976105070551
325.0,288.63620728154046
324.0,284.7170706446989
325.0,281.7024533921967
327.0,276.147852198274
325.0,244.15818172417295
322.0,258.4363348168909
324.0,255.13011006146706
327.0,243.08392624861895
327.0,247.98180369659894
328.0,280.0001089752185
329.0,284.9962341639391
327.0,293.920030756217
323.0,292.95489589579057
318.0,295.4138836475776
313.0,294.0101302006885
309.0,296.5342143474514
300.0,293.04659572395707
297.0,280.88401871411986
296.0,288.70092625718087
291.0,293.8588005287723
286.0,296.48098040501935
279.0,295.6605297735983
268.0,296.436212597992
265.0,294.9003885690833
259.0,290.6027362179814
252.0,278.39319270294607
248.0,276.937141284825
242.0,258.3210417748365
237.0,234.05959588923378
233.0,230.7655121416003
228.0,223.51675427503318
225.0,216.21851566445227
222.0,207.1539047739336
215.0,204.2832867564568
183.0,198.0729508232455
181.0,191.78530647629762
178.0,188.10073027888723
175.0,185.44242175898194
172.0,185.97555734324308
169.0,184.6815534698162
173.0,181.952933712641
180.0,179.12007394152172
186.0,176.17235856012556
189.0,174.09174279606268
188.0,178.57531191631153
186.0,172.88641375858822
187.0,142.09718964348906
188.0,150.80138894196617
190.0,149.27872371929251
193.0,147.1659659462384
193.0,139.89669186311633
195.0,140.57049899360405
194.0,157.26899034105
190.0,170.5780161773861
184.0,176.00870717670728
180.0,192.83487601630898
178.0,189.78380118780856
177.0,183.32461113251765
177.0,186.04679427216664
177.0,186.53713482945932
176.0,185.7805878569173
174.0,190.47624671145218
173.0,190.4974892789748
173.0,193.45110157427112
171.0,191.49605953716394
171.0,185.5304574993112
168.0,174.09541010323036
167.0,172.56211950156217
161.0,174.7801158646478
154.0,174.08507373986828
149.0,173.0981284748399
144.0,178.60633266902522
140.0,176.56917413982902
137.0,184.86767220239457
134.0,187.28246582914886
131.0,189.9131904355277
129.0,189.4611779484631
127.0,190.9159937293096
125.0,185.4522129967359
125.0,184.52103079440153
125.0,177.19536419519312
125.0,156.46406728936665
124.0,152.4067112373467
123.0,134.7037458810811
122.0,126.92961745807939
123.0,124.1428250227657
123.0,118.85702395289826
120.0,113.92698571458837
121.0,114.87526355375539
119.0,113.6074046665291
117.0,110.73851682703553
115.0,114.70291550325793
113.0,117.26348294352965
112.0,119.67947466097384
111.0,120.41986177050664
112.0,112.95527753338061
113.0,113.97140156660016
113.0,116.454194532138
111.0,119.44933764582998
109.0,115.92447102710834
110.0,118.49423439362914
116.0,116.51548755781322
126.0,116.99184888524158
136.0,114.92530009768804
143.0,112.647401556637
151.0,109.7603838941341
155.0,110.44345032294088
164.0,110.11356833963315
170.0,147.3268926387889
175.0,149.59893109521443
181.0,141.43358393203354
190.0,135.27661933853193
193.0,128.05306522059345
193.0,130.80466956256092
190.0,136.6149169618441
190.0,148.39869609530518
188.0,147.32142854731256
185.0,158.69574373401085
183.0,154.01305494553628
183.0,159.56578457187925
182.0,163.3154727994051
182.0,175.50202229489744
182.0,177.28861361209127
179.0,186.74753540259863
176.0,183.42785053779554
172.0,178.94119419283814
166.0,173.13729641662584
168.0,172.2560866956777
168.0,167.83790596517227
166.0,160.47271094155857
163.0,162.17787792418588
162.0,164.62198048571136
162.0,161.74604049934442
163.0,167.28208459736746
164.0,166.63075973970328
164.0,160.7130884509906
166.0,159.07291073311518
167.0,150.57087593463078
165.0,145.84928220744047
162.0,148.9331287597892
159.0,151.77305550909003
155.0,148.12279462504563
150.0,145.43385466777218
147.0,140.39885863107105
145.0,136.87897531617412
143.0,134.18234628980537
141.0,134.13755918583468
140.0,138.17748305104038
137.0,147.95476162086615
136.0,152.1759072488735
135.0,163.9800724121777
133.0,154.7375653471736
131.0,141.89231467781707
131.0,139.52779081518102
130.0,138.72386648031485
130.0,135.70719900456288
128.0,140.41826530896174
128.0,132.70749990925341
128.0,131.7920326498572
129.0,132.0675780725987
131.0,129.66021924305394
133.0,132.55704463082122
132.0,132.45789899820255
134.0,130.5229353081713
137.0,129.27279885620658
138.0,128.53272065879247
138.0,130.3724460186314
140.0,131.63375866206573
142.0,131.75724375748837
146.0,130.9590680762054
147.0,132.82698479584903
147.0,134.9849306143359
148.0,143.94458496278034
151.0,147.1906647857662
154.0,135.39517003714204
155.0,142.533523916225
156.0,143.71370114064197
157.0,147.20118874261667
158.0,145.3370088609386
160.0,147.10206762361662
163.0,154.89805787289916
166.0,166.0695309048936
169.0,171.3993126245007
173.0,167.68692247541452
176.0,168.12459119448246
180.0,173.30783902397846
183.0,174.67604350359932
186.0,177.69933879322565
189.0,177.2268982681359
192.0,177.60762256360775
195.0,178.7484471475557
198.0,182.22371307816974
199.0,185.63010451873998
198.0,186.64842397447777
200.0,188.42450191596922
202.0,191.4935462624678
203.0,194.80315841406974
205.0,198.84847244431282
208.0,200.44257624116256
213.0,200.95442220345322
217.0,205.92943231741495
219.0,205.9801099368201
219.0,212.42156618831575
215.0,213.40200187996302
216.0,213.16390964899205
220.0,210.68251277311748
223.0,209.95831161321658
225.0,210.00027446922752
227.0,211.53704036462088
233.0,215.21976310066822
236.0,215.74334406931817
236.0,225.14129423750043
235.0,229.20285810206127
233.0,230.57129633427132
235.0,231.54161471065888
240.0,226.3046077175884
241.0,228.62262988528533
242.0,230.7308299049333
243.0,235.37656635974324
244.0,237.51141599498584
244.0,237.41621891135355
246.0,242.4884728234857
247.0,245.58927548787312
248.0,245.58927548787312
250.0,244.6089252671675
250.0,241.6366081573871
253.0,242.3046638446501
254.0,248.71464338093256
253.0,248.90422490087627
253.0,250.73759041867876
254.0,249.52505750523576
254.0,253.73642583912107
255.0,252.26464669381159
259.0,254.1386225649582
260.0,253.40364166785378
260.0,254.30838479544397
261.0,260.56904692158713
262.0,260.4904877508271
263.0,260.46993314719583
263.0,262.8745996421998
265.0,260.1652519254814
265.0,259.50172159707904
263.0,261.13122735027474
262.0,260.573596242757
262.0,260.0321125283655
263.0,264.0028582418569
263.0,264.65815340492617
264.0,264.65815340492617
267.0,264.65815340492617
269.0,264.9424294542945
275.0,265.1196599014057
276.0,264.6987757271754
275.0,271.4733539870239
275.0,271.4230864867779
275.0,266.0563236964978
274.0,267.5805043994196
272.0,267.9499453293281
271.0,267.9499453293281
270.0,263.8571688621834
268.0,273.83896610447675
266.0,262.5585508165906
264.0,261.05506721589063
263.0,261.6588560165713
264.0,262.42454376761475
269.0,264.1601143276838
279.0,262.6221332647081
288.0,261.76004161658483
295.0,261.7576203308897
300.0,260.76157010686876
298.0,261.29530894697575
294.0,262.126433765713
290.0,291.60456194589983
289.0,285.21485633891507
286.0,278.83662624998766
279.0,276.1250601077776
278.0,280.31222092501696
280.0,289.63608856686324
287.0,295.25401718430425
289.0,296.28773267827836
289.0,301.51741807393864
287.0,301.0334106108538
284.0,300.2202802669923
284.0,297.7992797728958
282.0,293.05355238998
278.0,287.13670138358424
273.0,278.9483890610581
270.0,276.5734457807698
270.0,273.6005900815135
269.0,274.72901846977254
265.0,274.4467321273226
262.0,277.607962660903
254.0,275.98038259683415
245.0,252.88914227706854
242.0,250.3569758287722
241.0,252.91565933686678
240.0,241.82305087985662
239.0,240.67329406554623
239.0,228.20044528626664
240.0,226.70480210891324
241.0,227.73772751386144
239.0,230.95136883185364
238.0,225.33869447883933
239.0,227.01804782653102
239.0,225.3380082340576
240.0,208.08651259540372
241.0,209.1797134099006
241.0,212.27139996798437
239.0,219.23523135202595
237.0,206.78547742153572
234.0,210.70688715450743
230.0,215.87079038881714
229.0,226.40608027424557
227.0,221.4717702878496
223.0,222.16893241772866
219.0,225.68288223987514
217.0,223.92878323209715
217.0,233.47683680060965
218.0,233.97739147085764
214.0,233.0503990741274
213.0,222.7088414960441
215.0,214.36573695050672
217.0,217.6598668564673
217.0,209.75962018518828
212.0,210.69099565722138
208.0,210.77134277670802
206.0,208.46222406394787
205.0,202.32578112302963
206.0,200.99246520252524
209.0,199.82434036559872
214.0,205.68946195383396
216.0,203.01447892339897
212.0,204.91603440059117
206.0,206.9519654843751
201.0,210.57568570158614
194.0,209.2209322236753
184.0,204.857468402522
175.0,201.13618677736082
168.0,196.7021448312914
156.0,187.49646024284445
143.0,189.0815383691869
135.0,192.89120138066778
128.0,199.413151854071
122.0,202.65311865486947
118.0,196.8852989283092
113.0,211.06877998423087
112.0,196.35081606490996
113.0,197.08365577930203
113.0,182.04172581746752
113.0,154.78200757565227
111.0,138.32761789715235
108.0,123.3277791938624
109.0,108.29630912443879
108.0,107.10941604350003
107.0,108.05243746644209
106.0,112.19296380684442
104.0,111.53022567656569
102.0,112.46989406151307
99.0,113.62054033065998
95.0,115.11205722598966
93.0,115.56050534592192
93.0,116.71864672023176
94.0,118.88617075465714
95.0,120.02381398022507
94.0,120.54034304398319
92.0,125.3134264757725
91.0,123.51321310239936
90.0,122.41287172445962
91.0,119.07212630138133
92.0,113.86151138864989
96.0,107.3572010419695
98.0,103.78602566149138
101.0,106.42660687164853
104.0,99.98100502049785
106.0,105.03974371211211
109.0,107.11345814849301
111.0,112.29125050996409
113.0,114.57047445782433
116.0,116.56303194678195
120.0,115.18574048616473
124.0,118.89835830833408
128.0,116.51633171870316
131.0,123.04687845462877
134.0,124.31494094516765
137.0,128.5406093600397
140.0,134.9680210890915
144.0,133.51074462202672
147.0,135.52852385554615
152.0,136.7869386405868
157.0,139.24126945924914
163.0,140.21917223432067
165.0,144.0361586462066
164.0,148.2034931126117
162.6341519448696,155.50407045740184
161.4750219466791,152.54047709925462
160.57838097514903,161.7472552323364
160.0,168.69719473946228
160.0,168.1356354380966
161.0,173.01828750621925
162.0,172.33785821419582
164.0,179.58000066133516
165.0,185.32603368980813
166.0,189.18007137269933
166.0,185.17393636716076
166.0,179.70421765244947
167.0,181.05114449457665
168.0,181.22798972572986
168.0,180.1127763066646
168.0,169.1177331821542
168.0,167.4418444907331
166.0,167.9116315031159
165.0,174.58692322095393
168.0,174.47447648774335
172.0,175.71138110023296
177.0,174.91409928887867
180.0,174.1753336129913
182.0,176.3145853252891
184.0,179.29805912495658
185.0,173.38600141469277
186.0,182.40185475506237
189.0,171.29571774835043
191.0,168.9734306052471
189.0,155.04314402824664
187.0,146.30226728102429
186.0,160.15187887563093
184.0,162.631272626306
180.0,168.83954868151088
178.0,174.51337275710569
175.0,171.22259186838858
173.0,173.7085736425328
172.0,175.04123416424085
171.0,181.3000238793311
167.0,188.25874966008564
161.0,188.1942942825893
156.0,188.80495749164817
157.0,182.02127087275795
158.0,181.19765898198065
159.0,178.87237220732274
159.0,171.96819213738337
160.0,172.9171395534484
163.0,172.7106108221151
165.0,164.69724854984412
167.0,158.8732187437726
167.0,172.27686809085822
166.0,166.88966297006212
167.0,158.17905178399766
168.0,147.76726274516966
169.0,157.61370337165127
171.0,163.5261805064183
175.0,166.53153259334317
178.0,167.28610620972097
182.0,173.98990864693567
185.0,176.88989774838024
187.0,180.1365139171783
190.0,182.68188125901625
192.0,180.99182904042394
194.0,180.6904618341012
197.0,179.63846535537763
200.0,184.7805796288649
203.0,186.10927903042605
205.0,190.63346113220328
208.0,201.95880206007368
204.0,201.1614904773713
202.0,203.33413710324572
201.0,208.0612956243606
201.0,209.7567787423819
201.0,214.14357012244093
202.0,208.76311626220865
204.0,211.19482639786563
208.0,214.03164889749044
212.0,216.39610632700501
218.0,216.2110036849215
224.0,218.45139956024258
205.0,234.1167639150198
204.0,231.8074957025959
203.0,229.52537506868498
204.0,223.7086976321385
203.0,223.67583019521632
202.0,220.15804727497832
203.0,212.44571215587723
203.0,210.5167017209913
199.0,209.9513232470155
196.0,193.66285321025583
195.0,185.360949241374
197.0,185.53552326686136
199.0,180.88382318729472
206.0,180.99953591790413
208.0,177.15120959921882
206.0,184.6136006963736
202.0,183.08925753008265
203.0,186.30100840692805
202.0,192.77435821815675
198.0,200.72831295246797
197.0,191.90085582733957
197.0,190.00028327733477
197.0,189.97172639041054
198.0,191.39889769588711
198.0,190.1882069418092
198.0,204.20016645344793
198.0,207.66048380770374
201.0,206.8481481684988
214.0,203.71973259802994
217.0,202.91515629606442
214.0,202.77204760375056
208.0,194.1010387303745
206.0,193.31913300214285
206.0,194.03950042916517
209.0,193.04130398627248
214.0,193.89515305671648
213.0,198.2439679566609
215.0,202.85173368504914
215.0,203.2030350610874
213.0,206.4297408117928
211.0,218.57312000901885
208.0,221.36142703003623
206.0,218.3316413297049
203.0,211.6528108959807
200.0,208.6502140469816
196.0,209.28488518320876
191.0,207.01813460711284
186.0,205.65543525742945
182.0,210.56281865556514
178.0,207.9030007547845
174.0,207.44669795308067
170.0,205.94140397704206
168.0,204.67933063019143
164.0,194.3922146660039
162.0,185.6595479879316
160.0,179.85503134712593
157.0,177.9119691218041
148.0,167.90234981081358
139.0,160.89724050446296
135.0,157.80128228367673
121.0,148.37998623039766
124.0,144.02010786818627
125.0,141.00571767633446
123.0,135.07849998126736
121.0,134.06684672289862
123.0,130.26840344017018
126.0,130.84661519232645
122.0,135.7738530403723
121.0,130.9408679437522
119.0,120.57106591043099
115.0,118.39745470547965
116.0,113.86582946350882
111.0,105.18635790723988
113.0,108.07855883526533
113.0,107.29342635292659
108.0,107.71661833888722
104.0,104.31469025205698
105.0,108.54087171284017
108.0,127.48791542746095
111.0,109.35417561340135
111.0,108.85262778347821
107.0,113.69862001122372
105.0,104.99964295998365
103.0,108.79898425516762
102.0,113.02622383805337
101.0,122.20632921659764
98.0,121.08763536531491
96.0,109.07532368038012
96.0,107.93775962810058
94.0,110.47946715956078
91.0,122.43070605569002
92.0,129.12898756226824
97.0,134.0630529753447
105.0,134.4745251881081
111.0,136.26539550444207
115.0,129.46267931567266
117.0,118.27447449855897
117.0,115.64413440325006
123.0,110.64439950242983
128.0,107.98572799670276
129.0,107.59382032023663
130.0,106.45423938585326
135.0,105.89918642089965
140.0,104.05265563693325
144.0,107.04764665836349
148.0,117.46789488881888
151.0,119.76213291919738
151.0,135.11975374390985
156.0,128.78618436345033
159.0,127.60944097968704
162.0,138.27983726744074
163.0,148.52258571678178
165.0,146.02091600250984
166.0,141.4640689130408
169.0,148.5922414800288
173.0,152.00902463609165
172.0,168.73541958771676
171.0,166.2535701659432
172.0,161.95995314331975
169.0,157.45674583054335
172.0,167.22462585648367
172.0,172.4471558582744
170.0,174.1165746022798
167.0,175.33249908313863
166.0,173.4731694811008
165.0,165.67272383194867
163.0,163.6852298202345
166.0,174.38175917454961
160.0,169.88799719613795
162.0,168.15192986122142
178.0,171.69379088160449
180.0,169.1547523038886
180.0,180.4255001962375
184.0,176.57047036755404
190.0,169.78825623666992
190.0,163.6562868683486
188.0,162.03104321275498
188.0,164.5562103970267
189.0,164.39205298644197
186.0,166.0245520214526
185.0,166.13363611464186
183.0,164.73424669645038
177.0,187.04689975746518
162.0,187.5599333180132
157.0,176.1960128000837
153.0,178.0844158682176
148.0,181.76018715727395
146.0,178.73759017345262
147.0,168.93790167320446
149.0,170.47307807525672
149.0,176.58190423738552
151.0,167.37500503827252
155.0,168.26732236009818
157.0,168.54058085183726
163.0,159.3394515156325
160.0,134.997509560994
153.0,124.91032612040725
150.0,120.35343962875378
152.0,121.14561316146646
154.0,116.4991249145417
156.0,117.77019113766784
160.0,119.38090357842442
164.0,119.7922972615213
165.0,127.8720964003719
163.0,133.2989811161048
161.0,137.58270645252404
158.0,145.8253445942051
154.0,142.93264810899623
150.0,132.50953228032017
146.0,131.3665451519059
145.0,123.57725321304889
143.0,131.74300412776276
137.0,131.98487478861267
134.0,148.2972786219051
133.0,158.12999919001717
133.0,154.1005734929296
132.0,149.04979404974526
133.0,147.13259093831098
136.0,143.6164123139683
136.0,126.00236637739206
141.0,116.94938451027126
145.0,112.91229474134754
147.0,114.96266767092736
149.0,113.71366694528653
155.0,107.52967387476173
163.0,105.47549630450949
170.0,104.57381507653045
176.0,112.03950872150911
178.0,116.8239971717052
182.0,122.51412546209878
185.0,139.41591462031636
186.0,143.4501492474668
188.0,150.5212756873454
190.0,160.72788205088742
195.0,162.39434296759902
195.0,161.0248578423144
194.0,168.61413250382955
196.0,177.0581205395565
198.0,186.72920560694766
194.0,190.5710759837074
185.0,190.83559572339527
181.0,198.33604338660746
176.0,205.3651626683546
173.0,204.98979354020614
167.0,205.8944238481349
160.0,202.61713124877627
151.0,186.53500679794706
141.0,186.51883386350667
133.0,176.53681764242032
125.0,171.81612768621997
118.0,173.2661800511881
114.0,162.0418118150392
111.0,148.35161804851566
110.0,140.87565562329502
111.0,140.5004420465709
112.0,133.33997316876332
113.0,122.91361259856018
114.0,116.18594187995738
115.0,109.97422035998684
116.0,108.81763420007545
117.0,100.40595358520031
119.0,99.91054693904341
122.0,110.95482865308225
125.0,111.19156074624293
127.0,112.11725453185139
129.0,113.70618361743006
130.0,113.95234355226461
132.0,114.97481387567346
132.0,111.71387048468182
132.0,113.73472977061759
133.0,122.58971699106856
133.0,127.22879695250357
134.0,129.6274390330988
134.0,133.75917513289338
135.0,141.41820575807634
136.0,140.3847416222685
139.0,143.60252875689017
142.0,142.25905007845697
147.0,144.38931965485966
153.0,147.78068103061898
161.0,145.81931890039664
138.0,146.18711624356595
144.0,145.03090109263866
149.0,146.60777569267876
152.0,171.4760008566318
151.0,172.30151551817022
146.0,173.47129784403612
143.0,170.8550822415579
136.0,174.20880407639135
126.0,176.45947128931368
121.0,172.83133997625458
120.0,177.21880202274153
122.0,165.76186062833295
124.0,131.1851194989532
126.0,137.90381668793003
129.0,147.44227619730793
132.0,158.10769157792382
137.0,139.10093190632355
158.0,131.9366108888243
163.0,130.69260334079357
168.0,121.91567883677246
171.0,107.0600844833114
174.0,106.41298242730116
179.0,104.41745158683219
182.0,109.89294342708803
182.0,111.2997937817838
184.0,115.7567353522315
187.0,126.79146777785768
191.0,124.38590111565844
195.0,130.9745560180855
193.0,157.853742519115
191.0,162.98386044230563
191.0,163.15246738527247
192.0,160.78122064260054
193.0,161.09252211761273
193.0,163.57034529690196
195.0,169.79242667380746
199.0,166.508087142859
201.0,165.1106740454986
204.0,165.34570364004492
204.0,177.12604271944573
207.0,188.690177714489
209.0,182.2527237123368
213.0,174.31295328954442
215.0,173.6666004741654
214.0,175.4496223742904
213.0,182.7525486728612
215.0,169.72848762202483
218.0,195.45158832437082
222.0,194.19732477553845
232.0,194.97082135798522
238.0,198.38502860092703
241.0,203.2187913100761
243.0,203.54161395682087
250.0,210.8483475448259
253.0,214.93515192623536
252.0,216.92082333992042
252.0,219.17161746292817
250.0,214.2298486004257
246.0,213.83613344672884
241.0,220.60189100666238
238.0,226.64341437925842
236.0,232.74151150134907
232.0,236.87415571026588
231.0,236.08178957335096
225.0,230.88934564287726
221.0,244.68893172733027
217.0,241.79731564470188
215.0,234.31160719788224
211.0,233.70602505578572
207.0,235.12249209656764
205.0,225.69887747449718
204.0,209.40614496017434
202.0,210.8741262005594
200.0,212.14480873655845
197.0,199.45333653918564
195.0,194.35233079844525
193.0,187.0315444699652
192.0,183.52338357602233
192.0,174.1082314282845
194.0,172.03024104930444
194.0,169.78635759562945
191.0,164.58917629275854
189.0,162.45992714298615
189.0,166.36653869671238
189.0,163.58217384745691
191.0,160.7685195985232
194.0,160.69909686563673
197.0,158.97779333584205
198.0,159.82238909916742
196.0,160.53234334066897
193.0,162.69812543331403
192.0,166.85828904005115
191.0,168.19243682769647
190.0,166.95324047784018
187.0,169.7661322269918
185.0,170.88166375521894
186.0,170.7151727914698
188.0,175.8387784855216
189.0,182.9989606747408
188.0,190.96785942951655
185.0,190.82938457868943
183.0,193.17312584017156
186.0,190.5299826643439
188.0,184.6909722309231
191.0,181.20937362299622
192.0,182.68818728860614
205.0,180.40935772938752
216.0,182.08248418389195
227.0,184.04383368868835
234.0,187.8197615483968
246.0,187.44157104913566
243.0,185.85289414905426
253.0,187.40079490479866
254.0,187.5752169548058
253.0,190.67977354465685
252.0,193.8830955826833
248.0,193.41418488113197
241.0,193.5492603940788
236.0,208.6231685571223
235.0,215.6176871034782
240.0,213.9618215052029
248.0,205.7687234546783
247.0,223.93516076489334
251.0,210.2361448076153
252.0,230.3641904793547
249.0,231.24929933502557
248.0,228.61621361683203
250.0,229.37445380245535
252.0,221.6240400098259
249.0,213.38971285999523
248.0,212.39196854147843
243.0,207.5941403582598
237.0,221.12221581677485
239.0,236.94028927083406
236.0,236.04072309893868
228.0,246.42996388479852
227.0,246.7733885856165
227.0,237.91331288282495
224.0,241.3034373812778
222.0,252.9005075417143
221.0,242.41294926818304
219.0,233.5979061850495
215.0,231.28700790769182
224.0,207.36275766482632
225.0,204.7781406517704
221.0,207.3487992264169
218.0,207.56000505596424
213.0,194.0484814519525
212.0,189.67469776318597
209.0,197.66267502535908
204.0,195.7825925526625
199.0,194.28392451074237
193.0,192.21149849332429
187.0,192.2356325257385
181.0,186.96300724011306
175.0,205.39658898659394
172.0,211.81834161550125
167.0,206.39530006986615
162.0,200.40426805408035
150.0,197.37253898547192
147.0,196.67944043285874
141.0,198.7824576025267
135.0,188.48405924900442
134.0,171.92964796239508
130.0,163.744464071279
125.0,157.64358660785442
117.0,148.11338793975477
116.0,142.6836909011654
110.0,135.5179006708086
105.0,124.86291665512123
105.0,117.54290769500525
100.0,105.9742202948348
96.0,106.05124483997233
93.0,100.88369759039193
92.0,98.36354731210174
87.0,113.39065689706408
84.0,109.66087724586042
79.0,102.136838782611
76.0,98.56402012069164
73.0,96.94316520175428
71.0,94.76016679695459
67.0,93.46010673976457
67.0,94.82568995098357
67.0,92.61476080767478
71.0,91.57150909872803
76.0,91.53109917760769
79.0,92.47949104420162
80.0,92.47588276878331
81.0,92.99529777970866
80.0,92.58996946912504
79.0,92.79370322841655
79.0,95.3944883666123
78.0,96.21108628800039
77.0,96.49607975802786
76.0,96.46299814965467
75.0,94.87171190108758
77.0,98.48606963099985
79.0,111.2802452264721
83.0,115.37247910832669
89.0,116.12160260962311
94.0,115.14409878626037
99.0,115.56299987107798
101.0,114.84081316875123
105.0,110.51331465807385
111.0,105.91253400824212
118.0,106.04602410994188
125.0,105.69266612936065
135.0,106.70711178611761
120.0,107.92234236295299
130.0,106.26219881705227
138.0,105.47781806289117
146.0,113.92869471681101
151.0,117.4768482105997
156.0,124.46801690746858
161.0,125.81432432020846
166.0,122.09549062563488
170.0,146.87630118420088
175.0,153.7311400984679
178.0,160.71112899495697
182.0,159.78577958262488
184.0,144.5120322551432
185.0,148.68350227249275
188.0,160.41902476155184
189.0,164.00034910558102
188.0,168.17448178287685
187.0,163.39497541651056
189.0,163.95437744876537
186.0,165.12697128175674
184.0,161.17898294795143
189.0,173.057239175963
189.0,168.45287286022486
188.0,173.7782692160819
186.0,172.86516956550722
182.0,172.3499199348398
179.0,174.6727089042774
177.0,176.10367047887962
176.0,168.0117694498987
175.0,164.940271841948
181.0,173.27395289999345
186.0,165.0898496630713
183.0,155.14088852269717
182.0,170.36070067595898
186.0,162.48904743508967
190.0,156.50765581681665
195.0,149.75955188369744
195.0,147.76147588096117
192.0,147.02629461924224
188.0,148.52055538231505
185.0,149.45023119261262
180.0,148.80463769588363
176.0,162.86082253277218
173.0,179.38193374023805
169.0,171.3392518620467
165.0,167.20887651444482
159.0,180.95423962976201
152.0,184.7938355502889
148.0,191.17541846796516
143.0,190.7825389217779
164.0,179.95784931533524
164.0,173.4472986654942
165.0,172.1392012502657
166.0,164.5293974923763
167.0,167.2275145416026
169.0,160.09076455867148
170.0,150.37676345287613
168.0,141.2613910617251
166.0,139.20192106973678
166.0,124.45558543249417
162.0,129.22303518810293
159.0,129.5722152763594
153.0,159.84570768331648
147.0,164.5494296922988
141.0,162.73079884170045
137.0,161.10515006735844
133.0,160.62774983081326
131.0,160.55407910477328
131.0,162.23952702172105
131.0,159.08112165475924
132.0,155.66439090104527
139.0,152.97143058147714
140.0,144.8705445227739
143.0,145.31029027308202
147.0,137.84227188074283
151.0,130.1192756602747
154.0,130.08070289694095
157.0,126.26738828409381
158.0,124.55841668627762
159.0,124.14131681069244
161.0,123.54152476022114
164.0,138.52488320295686
167.0,141.99671006541365
167.0,146.91111462510702
168.0,143.87302402524276
169.0,143.59173391046323
169.0,150.1155171092543
169.0,156.32938855447327
169.0,150.62058939298328
172.0,151.1822799519236
174.0,151.10318613830742
174.0,145.7954240037725
174.0,151.37390706295045
175.0,165.73564088542503
175.0,169.1562157547216
174.0,167.33968759586298
174.0,157.7994401532133
173.0,157.79853016055648
173.0,157.69038229472312
172.0,156.65967248319126
175.0,158.04804722011872
181.0,160.38008705089405
179.0,165.3830961127506
174.0,165.33374582137813
172.0,165.4143685747045
172.0,159.1488381202366
172.0,157.15651575942363
172.0,157.1594622521011
169.0,174.2390769712926
166.0,168.1717478384707
165.0,168.19282045476834
164.0,161.63411411088578
162.0,160.58919412348686
160.0,168.20810260666505
159.0,163.37467264397588
162.0,158.53234342746825
163.0,151.91444795304398
160.0,144.04175304983218
158.0,140.64362619171615
158.0,141.22791436624087
158.0,135.89866225617277
158.0,128.47084502944296
154.0,127.4854977716376
152.0,126.14038883496966
151.0,136.29151086684104
149.0,135.59346413812435
146.0,134.97482277465645
146.0,137.12858922519254
146.0,136.95116999413062
146.0,137.41390648392698
145.0,135.66483989608614
144.0,136.19713672500694
143.0,143.93860967272863
141.0,138.9141989922213
141.0,136.0669967292154
141.0,133.49720865020822
140.0,141.85356615259153
139.0,135.07968896010243
139.0,133.79747536235791
138.0,136.60101961298105
137.0,136.36907078536726
137.0,138.9983343429992
138.0,137.1233201732348
137.0,138.9713903399842
135.0,144.25945578137544
135.0,137.96008277085713
135.0,137.79433686837663
134.0,137.48379468839312
134.0,132.11998438768376
134.0,131.32085389390872
134.0,133.31582691184084
134.0,133.17503604542878
134.0,132.99497805077948
135.0,132.7262756912228
136.0,135.4696272606225
137.0,134.59844712274892
138.0,133.62095097028762
138.0,134.6234504064752
138.0,135.56972402567348
137.0,134.42290757707707
139.0,135.3205251118393
140.0,136.99104014889403
140.0,141.3274057987761
141.0,141.32560622450728
142.0,141.29976309058517
143.0,142.80750629697093
144.0,145.35452419543603
144.0,145.54551726152116
144.0,148.28855948633355
144.0,146.72498097533702
143.0,147.21824440653964
142.0,145.58713079176596
140.0,148.69876795635295
140.0,148.34591391709023
140.0,147.50494821280915
142.0,151.38295959763727
144.0,153.57451177543328
143.0,154.6621532068219
144.0,157.56648375648214
145.0,158.02072729007048
146.0,157.8236694022709
146.0,157.8236694022709
147.0,155.34201730578127
148.0,153.8174844525788
149.0,144.2098321493641
150.0,144.24276128865733
150.0,144.11023990864607
151.0,152.16469622341208
152.0,158.3241634029646
153.0,156.2994050206351
153.0,158.82168249709898
155.0,159.41228179777778
155.0,161.8659440288499
155.0,162.1155311168924
158.0,160.56479051951575
160.0,160.54472476788797
162.0,162.0776703007552
165.0,170.02131783678908
169.0,171.6015736085483
172.0,171.1719405805174
173.0,172.61218696697043
174.0,173.73102656933264
174.0,172.9394233324168
175.0,175.27462239627044
180.0,174.53739443410274
186.0,172.97019014621998
200.0,178.67561070096187
211.0,180.55674763626664
220.0,184.86904749450954
225.0,188.90577562052627
229.0,190.22948768078487
236.0,191.4859675018655
237.0,190.84299956656542
235.0,191.66400420611214
232.0,190.17200098225132
231.0,187.94688330383406
226.0,187.86039667646622
217.0,185.4393316736274
206.0,188.66452770284823
197.0,190.72859458791848
192.0,182.41940870250332
189.0,188.23430567413217
191.0,181.79267071152324
189.0,191.16192594325514
183.0,193.01135941280458
178.0,184.00216374122363
173.0,173.37928152897018
169.0,161.29585673717622
166.0,146.02620945679266
163.0,135.53380809585954
158.0,124.6805366449387
152.0,118.81633630910606
148.0,112.85556120312118
145.0,120.71933887562531
142.0,127.25490714041462
141.0,130.34938635963022
137.0,129.23138677399933
134.0,123.81492156611229
131.0,121.05690256874358
128.0,123.32714048705509
129.0,125.84087701423289
130.0,132.49894914953626
127.0,126.67023646405553
123.0,116.5265793168452
120.0,117.08836114628829
119.0,114.81150679896983
118.0,113.32734146674971
116.0,112.63154943857427
116.0,111.89556988273733
116.0,113.50295711372264
117.0,109.6419721982482
118.0,106.82026579903176
120.0,110.68838813718219
119.0,115.82452342254618
120.0,110.88979772488206
120.0,106.63561577428865
120.0,100.2553574114575
120.0,98.54125387255542
119.0,100.12345413551022
121.0,99.13219861569758
123.0,101.49673161125556
122.0,107.24021260093691
121.0,109.1324061694024
120.0,117.58016753155181
124.0,127.70494993168889
130.0,126.89985333427697
141.0,130.89168093994914
154.0,131.5681513520921
167.0,132.0614669164885
177.0,132.64434702393996
185.0,127.94407626419962
189.0,137.39129588231637
195.0,167.66396137855835
199.0,167.46883990917195
203.0,163.5312372205286
209.0,161.96449461187945
216.0,165.26075441942882
221.0,166.61842612035667
228.0,170.56174859537484
234.0,174.65086555030842
241.0,177.8211701891485
245.0,181.4838881501131
244.0,185.56313716326864
244.0,182.94893540485788
241.0,183.13371708177579
236.0,192.39707125378243
234.0,188.48363938006852
232.0,198.58220754531555
230.0,199.9304561597347
228.0,192.6216599446177
228.0,198.49760095383172
225.0,199.14126654336079
225.0,202.0612188838537
225.0,207.37496794084115
225.0,205.3547517294924
228.0,203.44636221623077
229.0,199.26841840144962
229.0,192.78022297798356
229.0,194.26833357123712
231.0,184.36110926808252
233.0,188.3678366188533
234.0,193.9647878923531
233.0,195.60697641533483
235.0,185.87462991946836
240.0,185.83260879479516
244.0,188.24553265317496
251.0,196.17306609825042
257.0,215.85340995885457
251.0,216.19970353289682
244.0,203.87064015466623
240.0,202.059213236031
238.0,201.74013338394425
233.0,204.82300649559022
228.0,209.96733626710702
223.0,201.292055092423
218.0,208.6736869431728
215.0,210.98654867539753
215.0,214.97272886129815
214.0,232.75693234621883
216.0,237.82646759702493
223.0,230.8631000303602
234.0,215.9491487241708
244.0,211.09016068121895
253.0,211.04326079986168
259.0,199.172770350225
266.0,196.0488431298155
270.0,190.5295572302802
273.0,189.7899907027084
274.0,185.15120286829247
273.0,185.43907092811662
270.0,183.0342085544504
262.0,190.39502998669604
258.0,216.77002649268613
254.0,226.20085881261036
220.0,238.42085086853032
217.0,246.218076604246
221.0,239.6934377519477
219.0,235.83566745165285
213.0,231.6424000348824
205.0,232.63667096279565
194.0,227.61313569887363
181.0,228.92036880855406
171.0,222.21084147768727
164.0,211.08927366098573
159.0,212.67567241657395
154.0,210.35986282235933
149.0,176.24531116465076
146.0,162.219058762061
138.0,168.11346768571914
131.0,170.28631377603003
130.0,165.92431909834482
128.0,151.1431594137058
129.0,130.79997949859512
129.0,121.7643529138367
128.0,118.69980868668553
129.0,117.15966776476702
129.0,114.916187195159
131.0,112.16014136547732
132.0,113.86956145573663
132.0,112.80534029706719
133.0,110.82564999704722
134.0,104.440103014862
135.0,111.49862431199877
136.0,115.8099118396486
135.0,118.33667977762836
134.0,118.32243441261808
135.0,119.08537747843805
135.0,118.42999982356815
136.0,126.63889811013328
139.0,134.8211507051743
140.0,133.98644952541235
140.0,135.15712720049532
141.0,140.13788107553887
142.0,146.51393006023494
145.0,148.43519781444593
149.0,154.54183604243417
151.0,153.90767421348312
153.0,151.68794854556285
156.0,154.0603693157603
156.0,150.87703864600044
153.0,153.4458614039752
149.0,158.40003533496002
145.0,158.81340663599065
143.0,153.50991383449602
140.0,153.7888231262775
139.0,151.97551238292067
139.0,156.44677808529792
139.16492798713242,153.60141916363315
139.41678929787264,159.40056546093365
139.7533343246495,156.37377222263544
140.172313459892,156.92863064079907
140.6714770960288,151.58568391577913
141.24857562548897,147.32266325966464
165.0,166.4392144815973
162.0,166.4392144815973
156.0,166.4392144815973
149.0,166.4392144815973
143.0,166.4392144815973
148.0,179.5612007140625
144.0,141.8784939773989
137.0,138.20481276626816
141.0,141.23860575821192
140.0,145.4074714755295
140.0,153.62416243672283
140.0,155.42125055726848
137.0,159.77628552312163
134.0,153.52560946907056
132.0,147.30284845278265
130.0,136.32373409863192
128.0,134.1123100483878
125.0,137.64069752060334
122.0,135.44343726854933
121.0,128.52080512355786
117.0,131.57502358742462
112.0,135.37683101782667
111.0,134.73980694416002
113.0,135.73077554674725
113.0,136.18831248502372
111.0,135.24412951473806
109.0,129.1075634993765
109.0,129.38556286112794
109.0,130.77838017300016
109.0,119.02603212740762
112.0,115.63796909922138
114.0,114.43436593474813
114.0,109.69717750090807
121.0,101.79444344217991
139.0,99.54713928982687
152.0,101.79749968392093
166.0,111.51029460247024
163.0,111.25967438307872
172.0,112.33353234934991
183.0,116.33784240971461
194.0,117.67177021744007
209.0,120.61207970482099
221.0,127.65787154476158
223.0,131.64990161510065
203.0,131.1813869399148
206.0,136.1842543751387
210.0,155.17503799937379
212.0,176.90615871873706
210.0,187.14286156991776
211.0,177.6271895444453
214.0,191.70735938242643
214.0,210.50015425635527
215.0,220.2595018458774
215.0,224.14514407399653
211.0,220.44599923352922
209.0,220.23615804672082
209.0,174.15511025374312
203.0,164.16446292578206
201.0,164.42087880520947
199.0,181.0684792763606
199.0,162.62616153587527
203.0,167.8516316681231
205.0,194.0429822172924
204.0,190.19337838685277
207.0,192.70994855177622
209.0,191.7672951802461
213.0,177.761950708426
216.0,155.30189147233574
217.0,154.99755457467646
221.0,147.7801754111927
228.0,153.58418535917386
232.0,157.1769448005684
234.0,159.81103800655427
243.0,173.7504546623557
253.0,183.22112557030837
262.0,190.6756643990709
267.0,191.7411033240689
267.0,194.90025549697197
263.0,194.84205890748876
268.0,201.06153806041428
275.0,199.30859496272168
283.0,200.1168303470409
291.0,209.37149383744645
295.0,210.0314389451489
301.0,215.8901025864891
304.0,221.2097084568467
306.0,233.9627668690664
305.0,239.78977635010384
303.0,248.99115905452663
297.0,244.66275334607369
290.0,233.2949990278773
287.0,249.00917022573466
279.0,250.8345189181963
268.0,261.44196223471636
266.0,262.1115883361776
265.0,266.64685918129777
277.0,267.5171747674665
276.0,268.2402039632227
276.0,272.5207614997383
275.0,265.60134200604125
273.0,264.74728103408347
271.0,267.2069675158759
269.0,252.90507122429167
270.0,244.51008736110424
268.0,240.52491011549745
263.0,215.64464848965963
263.0,216.02438501032356
258.0,201.24305344404638
248.0,224.4633614416817
239.0,231.6099325917604
232.0,241.87061871556094
237.0,254.1159922196375
237.0,256.1171268431344
232.0,252.59199578687927
225.0,252.26801322351943
222.0,252.96786513243197
217.0,252.18892988728183
210.0,240.21476647513632
212.0,230.52964946679236
217.0,229.1400349529308
221.0,215.83181289764
223.0,198.91773145606683
219.0,194.34494278312044
213.0,194.07518963554335
208.0,197.4144207176856
202.0,197.59307459829685
202.0,192.72409621470783
201.0,185.91592738983357
200.0,182.07341536387864
200.0,172.08228802667801
199.0,175.7639885065056
195.0,191.2359494322262
190.0,194.82173095155102
190.0,205.9901735964709
186.0,208.92791405189448
181.0,203.12724911871973
183.0,188.15361325755723
182.0,177.05000774398272
184.0,183.09250303973923
187.0,183.45068629228214
195.0,179.42316665590437
202.0,182.44636912666056
210.0,178.67081397973115
216.0,177.07415450708555
220.0,171.099130165916
221.0,157.78822253641502
222.0,154.1502347417475
223.0,134.87620633234457
225.0,146.76802570206453
227.0,144.21014976386198
232.0,147.19344163347716
231.0,150.29098814483558
231.0,163.73289074009384
229.0,167.85409126255092
227.0,173.5864709790872
228.0,178.72222112250395
228.0,176.8926630382658
223.0,185.29823035447146
217.0,175.35703860345365
212.0,175.97205576021818
207.0,181.73539631847072
204.0,186.62788265317522
202.0,204.38855577004014
201.0,201.8837289694146
200.0,202.15876154031005
199.0,203.3760777300184
198.0,205.28302217841062
195.0,206.56130010807783
192.0,201.18427304310066
188.0,184.2541435378568
186.0,178.50024737008843
182.0,171.74925603856417
180.0,163.06045494771308
175.0,156.8911317370316
168.0,168.69600474920796
163.0,171.11775541578353
159.0,171.94250813770094
155.0,171.16601759332698
151.0,173.9182903194303
149.0,169.84314364353096
151.0,170.83064252837303
151.0,167.0478460159586
145.0,161.7880296939252
138.0,154.05708302411932
132.0,146.76501668170962
127.0,145.1520323841722
123.0,138.09809134865156
119.0,128.06118482899285
118.0,123.77160414340635
122.0,117.21667590781122
122.0,114.56794201886711
117.0,114.36606590602875
115.0,124.89270701653656
114.0,127.41209219242496
115.0,122.03199421336252
118.0,116.10069753425299
122.0,104.21495106531792
120.0,101.60488628970279
119.0,95.65375829986016
123.0,87.9473991780485
129.0,87.73545803611259
127.0,95.64666144778339
126.0,95.3976535260854
118.0,90.20930477221398
115.0,89.45753032132693
116.0,90.30695223201177
116.0,97.74408253792701
116.0,107.63793470842491
117.0,122.3040909142398
116.0,123.83995525321151
116.0,124.10331963651333
115.0,132.64348289942373
114.0,142.14548032340403
113.0,138.69816917134983
118.0,136.360717896962
119.0,118.66055714664289
116.0,117.56461607512422
114.0,119.84063766697192
108.0,117.49540788660835
105.0,117.80933410515013
111.0,121.79279679455922
111.0,116.51446894506844
109.0,120.23509910856907
107.0,119.9270665533363
102.0,119.99398792651257
97.0,120.44336363904277
99.0,126.04381269217694
101.0,128.45786440976877
108.0,124.08743046942338
112.0,122.1085975882965
111.0,113.58780164309282
110.0,108.53306837250078
109.0,117.00981010684508
109.0,116.77272274159503
109.0,114.37402862009623
109.0,110.53695988672352
110.0,104.693650117881
109.0,96.97946348979028
109.0,99.77274074829057
117.0,105.62812292842166
117.0,117.65251839394061
118.0,121.77736778391807
118.0,116.90833771075552
116.0,117.04099204515316
108.0,116.47962735144189
115.0,117.53252393741354
121.0,117.70914126840522
125.0,118.26760974526508
128.0,119.51513003697559
127.0,118.41916572702769
125.0,116.72473562467496
129.0,129.67662704839208
133.0,128.36498783067213
135.0,126.45653205452295
134.0,127.25939935237287
130.0,129.3631007097748
131.0,118.48108925294773
132.0,125.82220456253428
133.0,130.9370865041388
133.0,134.58519015784094
137.0,141.53455326274616
136.0,138.27313266368847
134.0,134.44028285506946
133.0,139.5944663023165
134.0,147.19301182333376
138.0,148.79197803986702
144.0,145.19620661369177
145.0,136.1989816910556
142.0,137.26542949128233
143.0,140.1632422409034
143.0,141.05874905027497
144.0,135.25254643553637
147.0,146.97484556305903
148.0,145.97772833137253
148.0,140.6112826091193
149.0,138.29350518367784
153.0,144.35430167129468
156.0,152.06017376671377
156.0,166.65246957001523
151.0,166.63928319411824
150.0,160.14108170762316
147.0,161.8829827478506
152.0,161.9692352387899
159.0,165.14235326088053
165.0,168.33791348815095
172.0,165.66912324239203
179.0,162.8417987834011
183.0,161.70032348611096
186.0,170.37795872772344
188.0,218.32776137897062
190.0,218.70357039036213
191.0,196.69607912859965
193.0,180.5189534555406
192.0,163.05799118681094
192.0,172.27735103746681
190.0,172.50727696881395
188.0,180.0329074549389
185.0,186.7664766240557
176.0,190.92839314189288
168.0,197.16167891253178
164.0,195.1620546241814
168.0,193.21711464183159
168.0,195.11947732505803
170.0,188.9407047145983
173.0,193.81717366196938
169.0,188.7160085008428
169.0,191.40472874065202
172.0,187.99852128065734
176.0,166.51715911874513
179.0,168.08718503921992
182.0,156.51632306652905
184.0,143.60698999313942
184.0,137.04891198764787
184.0,147.61832131114045
185.0,151.30621977870516
188.0,152.25559669700377
191.0,160.2695650397056
191.0,159.65318615000297
185.0,162.9613127449183
181.0,171.34377977117308
183.0,180.22698403460393
183.0,182.65094044381297
185.0,186.95563715333014
185.0,188.0733597796751
187.0,186.91437534608153
188.0,178.91368839224856
188.0,186.5807064460603
187.0,189.63380577544078
189.0,192.87776739677076
194.0,192.67241391657547
204.0,179.54199826934416
196.0,167.64240608407385
198.0,179.90482068155947
198.0,181.19461168964725
197.0,182.19867473861026
196.0,183.9516472142032
195.0,198.28873270121233
196.0,197.18466575914275
193.0,194.77882420987487
192.0,206.26537987111604
181.0,208.20326055238903
171.0,215.71641254424367
177.0,219.8885692741586
174.0,207.37882521363983
174.0,210.26225511075475
173.0,203.89373769984653
173.0,197.3242668611209
175.0,196.68783603573482
177.0,185.32741505371322
179.0,192.49588497647972
182.0,183.70283821487126
182.0,181.06952925632282
176.0,157.57582210040002
178.0,146.63261623221214
180.0,157.7844675399822
174.0,159.09967881420656
171.0,163.45675052141564
170.0,157.54690513956893
175.0,161.65419640092563
175.0,176.62781978428626
182.0,169.50975270500197
186.0,170.4455241710838
188.0,172.31419147378048
189.0,170.1912915921211
185.0,168.05378793094204
178.0,169.02368982052155
180.0,175.15891772594404
176.0,167.34177883069432
176.0,161.28798488010844
176.0,161.61659048387574
172.0,176.11225181260235
179.0,171.89002579410993
183.0,189.05606975186538
186.0,194.7561455361907
189.0,195.43983229599718
190.0,195.57756726882477
190.0,188.95580318828175
188.0,181.06501240604615
186.0,179.43743758070636
184.0,174.691103762098
181.0,174.44213422699497
180.0,173.1068184622793
178.0,167.3816791183187
176.0,178.7373438751982
175.0,195.0867613868961
174.0,193.92068128399103
172.0,202.68592857897434
173.0,200.30087644987523
173.0,199.85344118583072
174.0,196.51485696714465
174.0,192.1231309709933
174.0,188.5637642390072
178.0,184.58929648662914
174.0,184.9069256600669
177.0,183.10184817891619
181.0,179.4390740351581
178.0,179.27662128598823
180.0,177.541309446675
172.0,171.4461722130843
170.0,175.7878861693578
171.0,175.44636662259197
174.0,178.9882662776747
171.0,178.86913605831293
167.0,178.71476399256844
163.0,184.89707290342363
160.0,181.05863342192643
155.0,181.90946191235088
148.0,188.99044210264424
141.0,186.21769334279512
136.0,185.59624010578713
141.0,171.87068130613798
143.0,165.6671095278995
142.0,165.96116067192798
142.0,176.49406114574177
140.0,165.01521641108195
138.0,154.99237635039893
139.0,151.8604654462969
144.0,151.60070540440236
146.0,142.37174658806026
149.0,132.1164054429352
151.0,128.72653453751258
150.0,125.38103180190059
149.0,128.98894066052486
148.0,135.48784910725635
146.0,134.7586945891109
145.0,139.39887471857975
146.0,140.5212112864982
147.0,138.50218144598693
148.0,136.19453478056428
150.0,148.3929273497784
151.0,148.5573524639952
153.0,146.3312842317084
155.0,149.54029302934723
156.0,146.38020849261997
157.0,134.49191736655146
159.0,133.69608292591764
160.0,132.9008968259843
161.0,131.34913423821533
164.0,134.1645601941106
170.0,135.82297283862962
175.0,143.33709809732866
182.0,155.04081166167907
191.0,158.41988171334364
195.0,157.51707917264744
196.0,160.02023636111778
196.0,162.41232504778554
189.0,167.3443328167171
200.0,166.5530968335018
200.0,168.53152996416074
192.0,160.99899331499
184.0,158.8878056240602
175.0,160.8134623813511
168.0,165.16099269652955
158.0,164.52710196864308
149.0,167.67456020872362
142.0,166.9941918486856
136.0,159.46471158706228
131.0,153.69101013066785
127.0,144.09932369188797
124.0,154.6539515976946
120.0,156.77556804555016
115.0,138.91268140680427
111.0,133.30740963508853
107.0,125.17632552577587
103.0,121.25597301122663
100.0,103.38879146828735
100.0,97.25213122315125
102.0,92.12509693420189
101.0,88.78933373834505
97.0,85.09332655341478
94.0,83.89780357547525
92.0,82.96933081489183
90.0,80.36694255358898
86.0,84.16776475846355
87.0,86.29448931581832
86.0,85.69914683607334
81.0,82.91897735662786
81.0,80.1566259774404
88.0,80.77207373753147
88.0,86.61051071445922
88.0,89.3408693918956
87.0,82.75804361786278
80.0,82.45752869127077
78.0,82.45978044742235
78.0,81.7197131348195
82.0,79.36199284894126
86.0,81.05825396544476
88.0,80.31697282048017
90.0,78.90059312754265
89.0,78.76754848839758
89.0,83.59452196704366
89.0,97.74720199715269
87.0,92.36487522038585
84.0,90.46952971998131
86.0,86.15134839909038
87.0,86.28832573751059
92.0,84.65375377036418
95.0,86.46968761859011
96.0,89.40467360986595
98.0,97.5413444770937
107.0,104.57784459329126
122.0,102.79587393799315
117.0,103.63574713931308
122.0,105.23822829039132
129.0,96.32716360030581
137.0,87.5270354544415
146.0,89.81017402726236
153.0,90.95919190152311
163.0,101.1937324361121
171.0,100.57738096962603
176.0,101.4326810853031
180.0,105.47390595991963
183.0,119.59251271112696
186.0,141.3768242532976
192.0,127.91626173304928
190.0,134.41174683483058
189.0,146.64133452789542
189.0,155.89614742128114
188.0,162.6631367058511
192.0,167.94896226031472
190.0,175.94712616546954
187.0,178.3027515482601
184.0,179.72768067328371
182.0,173.25363810363436
184.0,169.56353128274858
187.0,158.4618186592602
184.0,152.28657238826185
180.0,151.680550895806
176.0,152.90020432361558
170.0,160.27499763296711
168.0,160.93809609893768
166.0,169.97717529936685
171.0,150.41627905635505
170.0,145.0946750327066
164.0,145.96987045453545
166.0,144.14350487805734
164.0,148.82246963005133
162.0,148.78343524018177
161.0,150.39805691935982
159.0,147.23604833138114
155.0,145.32287225736445
153.0,137.19941741592785
151.0,136.83174777057442
150.0,145.22729509487536
157.0,154.7310291301202
170.0,157.45635553224037
174.0,146.86231746602817
177.0,156.05518540548826
179.0,156.5791167525834
180.0,158.14828778784215
177.0,161.5487392446879
170.0,158.63970139339875
165.0,157.9984951773355
159.0,152.29792260228086
153.0,160.1698134390181
155.0,155.77783497140166
155.0,168.48969040862096
154.0,181.21891555598773
151.0,181.92049411000772
147.0,178.52895542142684
144.0,177.43058938046832
145.0,173.94647366990912
141.0,170.33559837741308
135.0,158.43750471758412
136.0,151.29549972956937
137.0,146.6826220867328
137.0,137.44825256043265
140.0,137.82860183722798
141.0,136.37036914474626
143.0,141.97524515885976
146.0,136.63122259106342
149.0,134.0027739684002
152.0,135.5867257501282
153.0,135.99803353259463
152.0,134.81631121405513
151.0,131.09429080375932
153.0,128.74879825397483
154.0,129.31499589509028
154.0,131.21418972108975
161.0,138.37787488796764
167.0,147.40860430505933
166.0,146.28849217851337
167.0,148.08579131760933
168.0,149.03187115786451
167.0,152.6899978110336
169.0,152.73978306554434
171.0,151.64123050509653
176.0,149.95174565427902
178.0,150.40429328108772
180.0,154.70838008946566
183.0,156.27997654997185
187.0,161.18044828322195
190.0,168.98965352135886
188.0,176.49619445322006
189.0,175.67995612813314
193.0,176.6190589065253
197.0,174.90703290366454
200.0,178.95495203778205
204.0,187.15512759168251
206.0,192.25469999316735
206.0,191.635094080208
208.0,189.7890566515749
212.0,203.35284853759927
212.0,206.6454104068373
218.0,208.6566106156114
221.0,199.91085787077816
225.0,201.84277082456342
222.0,208.93962371002132
229.0,211.0851426012721
234.0,214.49291248195107
231.0,220.92638662533543
221.0,219.24007719324396
214.0,216.48478900227792
210.0,216.5804234383274
209.0,219.91439417244976
211.0,218.42752477012573
213.0,222.35247286029738
217.0,226.94527059447375
214.0,213.09271035707226
217.0,206.08800657206007
226.0,207.5868262017142
235.0,211.8681508670855
245.0,203.33499708896673
256.0,188.8140701550684
258.0,162.2104510421492
257.0,165.28600221020628
255.0,166.91175703540924
254.0,173.09594248573237
253.0,179.77918807800907
249.0,184.33249822282212
242.0,181.74001861525466
235.0,195.80946407205593
228.0,200.94951248639154
222.0,222.57291359977577
213.0,225.42785768445324
209.0,235.741623686364
203.0,231.94377778280074
199.0,224.42457546468407
197.0,223.98399082138266
192.0,225.61608746876212
188.0,220.4290299541729
188.0,207.35250654895094
190.0,204.18230248803934
191.0,200.895890163598
190.0,184.115939497444
186.0,181.0735208331615
177.0,173.5710603835819
178.0,169.00308669811645
178.0,154.45922820097468
177.0,151.60806821277566
176.0,151.81724161497854
172.0,146.68818516167678
170.0,148.28586201015608
169.0,152.054942971678
167.0,154.3081835600186
167.0,155.93499575439134
166.0,158.08644206167264
166.0,160.8854870785535
168.0,148.05464527315968
174.0,153.03627751537275
179.0,157.42697196283083
179.0,158.4017420691221
180.0,157.65725407285382
181.0,147.42295300551973
183.0,145.993922792074
186.0,148.46191345917177
189.0,145.93690271023488
193.0,146.6146666553163
204.0,147.66436729089676
209.0,142.54543087012152
183.0,148.62558696633738
183.0,174.91168079137935
182.0,178.82241531476953
182.0,179.9305826350308
182.0,180.04187193741387
177.0,176.98535552969338
174.0,186.2425068109264
173.0,193.55693735069931
171.0,203.0092709059089
167.0,190.8077217039418
159.0,196.2123011428243
152.0,201.25628175075286
149.0,163.54474391318735
148.0,155.6850747469107
146.0,148.2984955023952
143.0,149.58313083667574
140.0,152.75330562515225
138.0,149.89053286023815
136.0,145.54099214555845
135.0,138.7394506091195
134.0,139.78192146932048
133.0,144.42149027583616
133.0,133.41312414131855
132.0,126.16371543643619
132.0,125.04908349289593
133.0,124.21434265183561
134.0,121.50836171125752
134.0,119.54489520593532
133.0,120.0183731737331
132.0,123.3972933178489
136.0,123.95336589255817
138.0,126.12515307067184
139.0,128.5296427507771
140.0,127.52043359793245
144.0,127.66659428946333
147.0,131.00003943665837
151.0,133.14624489425958
155.0,136.64704482711758
159.0,147.58624790520463
162.0,148.1647086054476
164.0,143.65211244982504
178.0,140.09885585313998
182.0,152.7792115890375
185.0,155.88429437874765
187.0,154.8158887732295
189.0,149.54188402468196
190.0,156.89299887608627
192.0,166.53615464861414
193.0,170.41982828948431
194.0,176.25638874711424
195.0,182.39414139171953
195.0,181.1123862461147
194.0,180.8746757961914
198.0,198.1852048229897
200.0,196.35134414891564
203.0,187.00261768106623
207.0,187.11246505729247
209.0,194.15635152783688
209.0,210.37340139895457
206.0,212.1888389716341
201.0,209.4805220954534
195.0,211.93569104741624
188.0,216.97675926413353
182.0,217.2912794199384
175.0,206.94904788265623
166.0,218.92054985693002
160.0,195.3765351756823
157.0,190.97109374724917
153.0,190.73846084749886
147.0,192.34254274193881
143.0,186.58374155379664
144.0,180.7223086320614
143.0,171.87051431535986
142.0,161.90581119010272
140.0,154.20355203281127
144.0,146.33309501347435
145.0,135.17300205265022
142.0,119.64456996693008
138.0,108.45123720052547
136.0,111.3766028125177
134.0,107.87028581028974
132.0,107.12550836542766
131.0,102.66719269520523
130.0,110.4776929059217
130.0,112.28927362019776
128.0,112.26568406612274
128.0,116.81193258047377
133.0,128.4075018715315
136.0,141.02972375963927
135.0,127.42011300360247
135.0,126.60962749913257
134.0,127.64949993939369
131.0,125.0353398181742
131.0,119.54808928222944
132.0,116.98023366451726
134.0,115.38372666270223
132.0,113.23029318826433
133.0,111.94887012475282
136.0,117.29947176066258
139.0,133.75338910974395
139.0,142.64103255049105
141.0,140.83918460734765
145.0,138.2137581965534
145.0,135.2000891982027
141.0,129.40008682473822
140.0,125.9558472174743
142.0,128.4799514816362
142.0,137.00358593375776
146.0,132.50915224090616
152.0,136.58400238073637
154.0,141.95010815395221
163.0,147.86485891671018
170.0,146.51344066899722
175.0,153.31965552168114
180.0,159.6697887401017
180.0,159.77513879469564
179.0,151.8260307049442
182.0,147.82834967119496
185.0,154.0796047447727
187.0,153.75407133880873
193.0,158.54301150123104
195.0,169.43732393202055
196.0,171.64768761185235
197.0,184.01162447765793
198.0,190.3353902535559
199.0,198.32727150012312
201.0,200.68253666456005
198.0,199.94696808822601
197.0,197.50231479244783
202.0,199.0216030090992
209.0,203.36669549408913
214.0,205.32471199053236
220.0,210.10174630074906
223.0,213.01797498603463
224.0,209.03441113344138
225.0,209.0318704469054
228.0,210.39789665696017
230.0,210.7055468525278
230.0,210.5380836336317
230.0,208.71738100092057
233.0,202.48237186142265
235.0,209.04347790865216
236.0,219.45783005159151
238.0,225.70281919190876
240.0,232.43747351699494
241.0,236.37605883500154
243.0,237.05300568338671
246.0,237.68922301493004
250.0,241.02580811200073
254.0,241.42780257066696
257.0,239.51942620365298
258.0,238.89854917704164
254.0,241.96633629862654
246.0,243.4923101501542
238.0,245.6870190264339
232.0,248.73740535846693
230.0,250.25673187849577
224.0,249.55225832432467
226.0,251.54025855971406
223.0,244.32790933640814
218.0,251.6233793810948
207.0,252.83009894671463
201.0,246.82990085219706
193.0,243.62794968953853
189.0,241.75512982987277
185.0,225.44563713838804
181.0,208.69379778808556
174.0,192.3923986862477
161.0,188.9791860978422
166.0,184.24220853089386
163.0,179.5432401168236
157.0,176.17930330102195
148.0,173.19806293492354
152.0,158.44575238274092
155.0,144.59326527663814
157.0,132.75150957510604
157.0,138.8446586125726
155.0,137.29304643910376
157.0,137.84619272344497
160.0,132.06249895451995
163.0,107.56560588021294
169.0,115.5513497893199
172.0,124.64722305611767
178.0,123.31359586279919
180.0,115.99386724539355
185.0,120.01426475095273
194.0,131.07026926790144
202.0,133.66508522129942
211.0,140.37971709271466
221.0,131.83991587051926
227.0,139.9721370295922
235.0,145.96761481907077
245.0,148.0008584321297
255.0,152.18815247295524
265.0,156.26884841639819
271.0,158.90105627676206
274.0,161.61459234098916
284.0,169.31550186640527
293.0,179.32434603794664
301.0,185.93600299465405
300.0,190.66067592771103
303.0,184.07596818064576
312.0,198.66491329790094
313.0,204.9752552151225
306.0,209.1135594854312
309.0,227.15730973610323
304.0,237.36963047392663
300.0,242.0473245142942
297.0,243.7226575929359
291.0,250.11839299544013
285.0,237.90983192544815
278.0,244.66413855079063
272.0,250.7772330980166
264.0,251.79473227027782
257.0,256.8418942431504
254.0,266.3337695385693
249.0,249.98234230477428
245.0,270.5723770308618
238.0,265.72613576449703
230.0,259.1721009319568
220.0,256.761808213263
213.0,247.0046957133022
206.0,240.44861236214513
200.0,227.07808753009914
196.0,218.23467336963688
184.0,201.73168518442472
180.0,179.64328315312164
159.0,178.71038209127752
154.0,172.58563210630805
149.0,172.42700889354762
142.0,170.95440125804978
146.0,163.71582509924883
135.0,159.48650216012922
123.0,158.82746695843417
120.0,157.132102998376
124.0,151.39653307679535
129.0,147.8865213536184
138.0,136.60415586861004
149.0,127.84676801283675
161.0,115.10290109948116
173.0,115.62699142549603
183.0,104.49221512063657
188.0,129.9941248455371
194.0,137.3327223951282
199.0,129.39036454095307
204.0,129.24980353555097
218.0,126.20607389087087
225.0,129.1849947910462
224.0,138.35391689691474
225.0,140.601471181441
230.0,176.01175729382734
226.0,174.2604594841395
218.0,178.5050339054107
211.0,190.88728135550087
206.0,201.5947744758311
200.0,210.6106437682337
195.0,215.31056880678491
192.0,218.3823139212099
190.0,237.53045888262693
193.0,240.33132145144688
196.0,238.05379020518964
194.0,231.09300709834727
189.0,237.75497207226428
185.0,218.33905286447168
187.0,207.13575956412015
189.0,176.97914617417288
189.0,158.42632746940228
188.0,149.4969513840243
190.0,144.17027660854043
192.0,143.03557487199282
191.0,146.38227549087878
191.0,152.19303935050323
184.0,158.2680990913399
180.0,154.37214378276283
180.0,149.10825668334454
181.0,147.95738091332885
179.0,161.47078166146207
178.0,170.10517154745483
180.0,166.59437390268093
180.0,163.41716045086508
181.0,175.20097145602674
181.0,177.31580162230986
184.0,181.6518643403605
186.0,182.29351217653945
188.0,165.8371521948704
194.0,159.21551088884266
199.0,165.31684233231016
203.0,164.38554577831422
206.0,166.06551035805168
207.0,167.02660654617105
209.0,173.64320462392857
210.0,176.89382858903258
210.0,178.53115017009392
205.0,176.46043207044832
197.0,187.5751860160026
187.0,188.31807442397846
179.0,193.14503427362013
169.0,205.7824759534943
157.0,211.68891496268716
144.0,213.4090818836264
130.0,219.0658834543902
117.0,215.94769264540074
106.0,211.6530742870338
95.0,211.15081892009792
87.0,195.8035276421338
80.0,190.16456568111644
75.0,177.2542062515498
71.0,168.8308186416663
71.0,145.29091940701372
75.0,133.21649500445093
81.0,116.38795194082286
85.0,109.33604164649338
89.0,98.08701720978553
87.0,96.4901031522527
82.0,92.54254180129142
76.0,89.34419434745053
72.0,96.39696057890508
68.0,96.09937675107429
65.0,96.95445416283951
64.0,96.02449690166682
62.0,97.908382911885
62.0,86.98876526962694
64.0,90.74085427934456
66.0,98.31810802947186
68.0,112.7680192305999
65.0,108.21686393284028
66.0,105.92938430781079
72.0,101.34772810550534
72.0,97.93161483734993
74.0,97.16849252977369
78.0,97.17000207869489
91.0,98.56809493854928
106.0,98.0096372875688
116.0,95.79799664178924
125.0,96.65478473417338
127.0,98.27811036192085
126.0,112.63301949868038
122.0,105.97106381771505
118.0,110.43972557229127
113.0,114.24774948067906
110.0,110.89843516844678
111.0,114.34413901679838
113.0,117.07498428497719
114.0,133.00737755825224
115.0,150.19256295137322
115.0,151.33624670517446
113.0,153.4857175526682
114.0,145.8140559502955
113.0,144.46942750460263
100.0,143.36610010378658
100.0,134.790728180858
101.0,123.30824284899658
104.0,122.54064955911194
107.0,116.75356481148552
111.0,120.03912543284048
114.0,113.69872213851194
107.0,112.00460345425174
102.0,117.76959141520842
108.0,127.32035552056999
111.0,130.8308808966456
118.0,127.72888027157249
123.0,108.11892376492408
127.0,98.63821838576322
130.0,97.49223325537196
132.0,103.60036488548104
134.0,112.68655754634523
139.0,121.41399041382672
144.0,130.29801327956017
143.0,115.24262518452213
142.0,106.93994336192888
143.0,114.74307270161948
144.0,118.52145459761266
146.0,133.85762858249342
148.0,139.46063011050455
151.0,146.5284820948342
155.0,145.59267446133833
154.0,141.03524760657402
153.0,141.41923183308404
152.0,147.69345263105018
154.0,157.3384392709496
156.0,147.43126730255753
166.0,145.20197215689143
175.0,149.44270713709125
182.0,154.87005710877418
185.0,156.03023229363808
184.0,157.00114583416124
185.0,155.68217590975627
186.0,162.86897775991804
185.0,154.7228131817565
188.0,153.52864675536648
189.0,153.44555199307425
191.0,156.06640338316217
196.0,164.59412847103513
196.0,182.13183278858432
192.0,198.67526060766818
194.0,201.0188286481863
199.0,203.37939043654814
202.0,198.71358516193112
206.0,202.14788324474983
206.0,202.4428680304893
207.0,197.148154359905
211.0,203.17313632871497
213.0,204.84983509931237
210.0,202.23450554260737
211.0,212.6877353259901
212.0,209.68271570236865
209.0,199.18206824453375
206.0,205.5355943102856
204.0,212.69154532373776
202.0,216.9461269654062
201.0,215.66020252481042
200.0,209.92635159620275
198.0,203.57840843693214
197.0,207.5739141693316
195.0,208.7607360103944
193.0,204.76912558789522
191.0,208.56083276673255
190.0,208.45216629116354
189.0,209.45050283293205
188.0,189.48599127160486
185.0,189.38658830882014
181.0,187.58982950272616
182.0,185.15356503461317
181.0,184.9230511097094
179.0,181.06590153504385
177.0,178.84899818184732
176.0,176.37274216654578
176.0,177.07301774715253
175.0,173.18382788981472
175.0,178.9284374923145
177.0,181.46315209390477
178.0,180.13349800156496
176.0,178.58881981690658
174.0,167.0432338058476
174.0,176.38451465773434
174.0,172.58899580534327
172.0,170.99921880606672
172.0,168.4354106528195
171.0,169.08659888985073
171.0,169.57250386964688
169.0,169.24563439659997
169.0,172.08709690326052
168.0,174.73296715672842
167.0,179.1821147589123
166.0,173.2491116866848
163.0,171.41003590810288
157.0,172.2545334072967
149.0,173.0481454983068
140.0,167.73044336764883
123.0,168.95054129200963
139.0,167.7386637928321
148.0,169.18958984665232
143.0,166.72461805275952
140.0,167.9525704239257
134.0,169.26913781520165
143.0,173.24098909061885
154.0,215.00633362371056
150.0,215.03323088322463
156.0,204.9067538427943
146.0,195.0472390606832
149.0,189.60871145889314
147.0,154.8924311051816
129.0,157.0783398947231
124.0,170.73118044381303
129.0,157.74023211649907
142.0,147.6176244617816
151.0,139.41414203635185
156.0,152.81154977520603
160.0,174.70774896168356
160.0,175.52721161148028
161.0,171.19930334460068
145.0,153.79968529917068
125.0,151.45390710606063
111.0,154.60001534798835
118.0,135.64447168011333
132.0,136.0907919169232
134.0,139.02308037652136
125.0,147.45612236515865
120.0,173.91395185642008
115.0,170.08868435870417
113.0,169.0609079972801
111.0,166.8369501415705
124.0,156.97746290607515
135.0,139.1185977239323
137.0,113.84020235238492
133.0,93.25545879487113
142.0,95.5361201200584
148.0,108.88842178858778
149.0,111.86751059269935
143.0,98.66155834373025
137.0,97.49775751008643
135.0,109.3563441379168
133.0,95.16581176023436
125.0,95.66467663351288
117.0,108.5377495132859
115.0,139.34187998545525
112.0,136.0896436534497
108.0,126.61802352631256
103.0,142.9332132815841
97.08249355349226,152.24297408247338
90.9247455583149,148.9961542594215
85.30462478398009,138.73896333208197
81.0,130.49107141524863
77.0,131.3638446451512
70.0,121.13824269351953
69.0,111.0217305333097
70.0,101.6523097905482
75.0,100.8187403211575
79.0,97.73407387812439
80.0,106.22805451126717
85.0,104.68825490483839
91.0,99.67513176102044
93.0,97.67895078091844
102.0,91.8434935885244
109.0,92.27148940674643
115.0,94.72692888061296
120.0,94.84761050471771
127.0,93.7565442392947
127.0,93.21681426516054
129.0,93.14337431646065
136.0,91.36125256777417
144.0,99.25767285359889
150.0,98.42293261917568
152.0,127.65075206195057
154.0,143.89234418969517
157.0,151.7972320568655
159.0,152.4518794629929
159.0,150.63232709388933
158.0,148.58364867509445
153.0,151.02333917833357
150.0,145.49945220709813
145.0,144.68783877050237
139.0,147.32767669774444
136.0,156.51109295273935
133.0,156.9356121517634
131.0,149.52056458588586
130.0,145.30126530693926
126.0,145.14920053522812
122.0,143.3567811650474
116.0,141.99915238158633
114.0,141.4816435466438
114.0,136.6658590325253
108.0,127.32205279029466
109.0,124.31425976133669
112.0,125.60462544867853
117.0,130.991025703101
123.0,126.33517745545058
128.0,124.35183244782799
129.0,117.51502155115621
126.0,117.20772472392902
125.0,115.37511722391781
123.0,110.42649464617509
120.0,111.50109024292313
114.0,112.20599071404594
108.0,108.73520747226466
116.0,108.15977445851463
121.0,110.60652889735417
121.0,117.03046905982349
119.0,137.04286532837008
120.0,136.37453467495723
122.0,130.5294546845451
123.0,124.72544625927677
122.0,123.01723537691777
117.0,126.09586058972734
114.0,119.41934800379676
119.0,115.51164587745347
122.0,113.64544277954013
122.0,123.29505658899369
121.0,129.55800182525996
119.0,127.9362913302735
120.0,127.93937919705827
119.0,130.47029770878328
119.0,130.51141843666062
118.0,130.62884079535536
115.0,129.45015218672384
112.0,125.79031384142458
112.0,121.42204686005009
114.0,126.5416988827939
114.0,132.16823480465325
114.0,130.46537159685076
114.0,129.12945638347395
117.0,128.10047949636538
122.0,129.02558978697016
124.0,125.72404933371119
122.0,126.46973936651676
125.0,125.43249838878096
132.0,123.21323048341979
138.0,115.14425233324664
147.0,115.9482841809139
144.0,119.67239691433697
146.0,121.28114983805105
148.0,120.10064050350071
152.0,121.48077510150452
156.0,128.189081818432
159.0,134.82720264739953
159.0,134.61677409315377
160.0,132.05201046443707
163.0,134.61286301090436
168.0,144.6160638195719
166.0,156.1180328022489
167.0,172.906727203915
174.0,166.34294655104136
172.0,167.11796969285132
173.0,166.35875752314135
179.0,171.68754604308248
187.0,174.74816093886062
195.0,176.62948790474135
198.0,175.2198265439886
193.0,177.02900733402296
189.0,180.9193790374592
187.0,184.86431168721188
185.0,181.9661105277422
187.0,181.158718144358
189.0,185.83139011635845
188.0,183.21853438785874
189.0,184.78687854156203
188.0,188.1954804803247
188.0,197.65647188671872
188.0,210.4783537238394
184.0,211.25271138373535
182.0,204.47785830018458
177.0,197.88009849490643
195.0,192.68446426785877
225.0,186.0543323122064
244.0,185.87621092003022
253.0,185.4684441684313
244.0,188.51099393734927
235.0,190.05334025296094
242.0,192.8448168539495
258.0,194.79134651439563
254.0,195.07453446152232
245.0,185.43490808246744
253.0,183.59844108484214
259.0,178.60934573209983
265.0,204.03055501770058
273.0,197.38489503157055
282.0,209.15833862066543
278.0,218.11200837319691
267.0,243.31219423879844
271.0,224.7481550500845
271.0,231.52771665604652
269.0,258.77734178415136
253.0,256.9663957522382
239.0,227.43755336238158
247.0,245.57234223958218
243.0,248.51960138759537
235.0,264.94072639715563
246.0,272.7730834688472
248.0,274.3207658516357
248.0,274.9495617848546
247.0,267.31684609902766
246.0,265.81289573179396
245.0,264.6234446771002
243.0,249.76198088503392
241.0,233.10898716147005
236.0,207.914563917152
232.0,230.75898213619624
227.0,216.44783252700236
216.0,209.1159595057046
212.0,241.81317132922266
208.0,245.0847413599981
204.0,249.33008861778464
199.0,214.955367821428
193.0,215.8602705396125
187.0,217.6520053298846
184.0,217.82013441918025
181.0,221.74414732415644
177.0,220.97988729137447
176.0,209.59801431001495
176.0,197.43526350036987
177.0,188.63159817076337
176.0,187.25218738644466
175.0,184.41467284382495
175.0,178.69124068978155
174.0,157.8788707781595
174.0,143.14614340507015
174.0,141.16083681714653
174.0,139.53195118230045
174.0,133.48368123109321
176.0,133.75070396595305
180.0,134.29061226854668
184.0,140.9688666115656
177.0,140.60548572903144
174.0,139.88506085371935
173.0,143.14024811940763
177.0,151.70643965864593
181.0,161.92034153854985
184.0,164.00619716882576
183.0,166.05274763670906
184.0,169.15708034103648
183.0,166.91377075296492
175.0,174.04882604053677
169.0,179.46364393694765
156.0,185.2085877475549
150.0,173.25964017878132
163.0,170.20433878356857
174.0,169.6060255960377
179.0,180.1617856522649
179.0,189.1790588968455
179.0,192.09176804439682
179.0,193.36525143690784
179.0,192.25089790431105
179.0,191.11395346016008
179.0,177.89616844213796
180.0,172.67358425523258
180.0,159.20015892872678
184.0,152.1643703720927
185.1020227106469,166.62731786312165
183.0,183.67899459346344
181.0,192.4417246302508
183.0,190.58091704157795
183.0,189.55486309395815
179.0,188.6038329609212
184.0,188.8363146518178
190.0,191.4419021639638
191.0,189.84136537072433
190.0,190.83207905264618
188.0,190.2795626898907
191.0,195.96700277971965
193.0,195.92944943753358
195.0,193.19734324518774
196.0,187.59906682348452
196.0,193.23322045022692
194.0,193.62374114678926
193.0,184.7894515280908
191.0,191.68692822707678
188.0,202.13083669354236
187.0,203.0032405882685
185.0,200.7263284938891
183.0,193.97659440721867
182.0,199.9458645315712
182.0,198.6217026992473
181.0,194.21866768259866
180.0,192.5832028934793
177.0,192.06681075339154
171.0,186.39187250800683
169.0,185.08220527030144
165.0,178.5132956794289
162.0,173.87925855998884
156.0,174.15832173881537
155.0,171.1153307504007
155.0,169.92237158047882
152.0,167.07237849413923
150.0,165.4576229452166
148.0,163.9225016209928
144.0,163.72923025313716
143.0,163.4310795337769
140.0,157.58575266649999
139.0,156.16572479535697
136.0,151.57659162756863
135.0,151.2854090367697
133.0,134.13922157540867
130.0,129.2645374413111
127.0,136.80177064790925
125.0,129.9538693107948
123.0,132.39121802234556
121.0,134.46355203285452
120.0,131.03171148305626
117.0,131.63098965018875
116.0,129.9271330025737
113.0,131.88028772258102
110.0,130.8877217670393
108.0,126.55848232110556
108.0,123.25108775971714
108.0,116.48088511390044
108.0,115.67821512631286
106.0,113.11972647755206
106.0,111.6065390356665
105.0,111.03783031744301
104.0,109.33134031897978
104.0,106.65422755594739
105.0,107.78558957229244
107.0,106.44577555359962
102.0,104.47813262649548
97.0,105.47864941269393
93.0,106.82318265229445
99.0,110.87668737754922
105.0,111.91503117366942
110.0,108.13293746520696
116.0,109.30594867659643
122.0,109.84521774802504
125.0,111.45268716045895
127.0,113.61015389051956
126.0,114.37147954371457
122.0,120.28080663420441
126.0,113.82251792959292
128.0,105.03913544916401
129.0,102.75893254857154
124.0,126.18251663676482
124.0,130.85588281499173
122.0,132.27349768913075
119.0,143.84229074093983
115.0,148.06989562593975
111.0,141.82853729638083
101.0,151.04140351838564
95.0,146.75076971507747
99.0,144.951376615205
104.0,149.99432719853345
107.0,154.27914809693385
110.0,153.1873207267438
113.0,140.96474641923507
118.0,141.69287923720057
123.0,144.57791127474619
128.0,140.24595063474575
133.0,137.37837713736664
131.0,136.24482160299976
122.0,115.97892155484517
128.0,113.5863336207252
136.0,116.88736267489473
144.0,119.99119783737744
141.0,120.78235640212283
115.0,128.86286019036334
106.0,141.41472561377427
117.0,144.51985410462282
129.0,154.87851222968536
109.0,160.27025680917006
112.0,160.72112539665835
133.0,154.23771019180768
144.0,140.27468237950413
146.0,147.8963291873995
155.0,154.14708089338973
163.0,162.83677680441747
163.0,176.1304928540845
162.0,153.42203262443851
146.0,143.75232329076655
140.0,128.64620484083767
140.0,143.69466655658573
139.0,128.00674686662185
144.0,124.84793795140455
147.0,149.90535692687945
156.0,162.9457924998135
163.0,166.17698813318586
156.0,168.2182069649065
151.0,170.8654985689227
133.0,166.01183413489161
124.0,168.04945900327297
129.0,137.1754312533166
150.0,115.5927567900689
161.0,117.48737589185163
194.0,115.85793474385865
224.0,134.3764298355225
220.0,140.16296869330546
157.0,158.85646633368202
109.0,166.7439034100698
161.0,153.8472621521065
155.0,148.4176295547993
127.0,113.69147943116624
159.0,104.20555865511096
145.0,117.45325470736933
109.0,148.06520628425017
100.0,175.99328853195104
182.0,174.6619784016186
215.0,208.48014014156396
186.0,200.33080400239666
155.0,125.8577573178934
154.0,95.70318637679519
196.0,131.5571679154028
241.0,123.39689787479838
273.0,106.29625665992117
286.0,125.46828205995182
277.0,112.25233672888585
274.0,95.03815354501775
276.0,91.03169439275631
279.0,166.41799070113916
281.0,193.01722171187785
281.0,151.78158412031425
279.0,122.04972817061909
277.0,120.31280711031094
275.0,165.85599440429385
273.0,209.51415145459586
263.0,241.09768971525082
260.0,249.92043718276403
255.0,243.72222394750216
250.0,233.69250130665395
245.0,233.2525314000002
240.0,227.64919890700645
234.0,234.04973942636045
230.0,229.42986713813954
225.0,234.00918827139876
222.0,227.65926523137762
219.0,223.38913509416685
213.0,236.30946104084387
211.0,219.6419798380446
208.0,220.01739955166232
203.0,217.0529350438689
196.0,195.45981322565362
190.0,190.0161578253312
185.0,176.7553842362064
178.0,177.0446938668937
171.0,168.00290541819365
165.0,160.44214476826957
159.0,167.25146412851245
152.0,165.82903549282545
141.0,174.36636574590244
125.0,178.19906192000903
106.0,166.7846496197052
92.0,164.11269469368915
85.0,161.8243465099709
83.0,152.8263437632754
81.0,153.734269025959
78.0,146.06800548102106
73.0,132.63352027619797
70.0,122.60203057824488
70.0,112.27484209483629
72.0,103.89085885477101
74.0,101.51510992308484
77.0,88.99831637256666
79.0,87.66924955118512
78.0,83.51354450491962
76.0,84.9019223176638
78.0,85.8304521233334
79.0,84.43809731343771
81.0,96.93266636043128
83.0,97.78149467380089
83.0,93.84689729132704
82.0,94.87372663830462
80.0,97.40011194144492
79.0,99.94735076665638
79.0,102.71394961975082
81.0,111.87048295603213
85.0,110.79860798233794
87.0,109.25557463199947
91.0,109.41718044930361
93.0,105.65095483814186
89.0,108.63639970372002
86.0,107.37309724961968
87.0,91.33864892452411
88.0,89.31976612765695
90.0,87.9050148680575
90.0,93.17591414092239
90.0,95.29782704269732
90.0,94.35124335185985
90.0,97.92618860166314
93.0,100.53626108378678
96.0,99.81896876008824
98.0,98.04631277628852
98.0,98.02054774101087
98.0,93.71401029914512
96.0,84.00176181287375
97.0,85.83037264260177
100.0,85.24691288948776
104.0,88.23632672315287
106.0,87.47767994163623
108.0,89.54548418831989
111.0,90.00773284797386
115.0,91.712079309499
120.0,100.36197839553597
124.0,102.09644183779733
129.0,100.6765900819648
133.0,100.6655711949713
135.0,97.92773938394356
136.0,101.17661538588655
138.0,106.21092147107252
140.0,120.06094223848704
144.0,120.31865362052076
150.0,118.93540688099303
153.0,122.93522157206138
155.0,135.3177237637412
160.0,142.68407839030664
147.0,148.27187420466876
152.0,155.81941929408754
157.0,155.88926424362623
161.0,147.87062631941265
168.0,151.49958960062784
174.0,154.9764220226049
175.0,154.2735321178755
175.0,164.11847365570827
174.0,168.06856460917083
173.0,173.64348581447544
172.0,173.20662222721037
173.0,176.3564131948654
172.0,155.42566973442158
167.0,164.2000859139217
164.0,168.78352187769292
163.0,169.15063452977685
164.0,173.7913254507334
173.0,185.93359907621212
187.0,181.56056084094678
183.0,179.8925097270157
187.0,178.50939182766888
189.0,171.34437445077435
191.0,169.91733698367804
192.0,167.6955621478654
192.0,162.1954235797076
195.0,153.63011182166483
198.0,149.20302233662582
200.0,151.42533202200377
193.0,155.0791871316712
199.0,175.06684732042464
206.0,195.24808542188393
205.0,191.96921068646904
204.0,194.31843529517704
203.0,201.27374948701473
203.0,203.86126562294362
203.0,202.3664152031972
203.0,203.76389697762886
204.0,213.21628225361096
202.0,212.4370833244148
187.0,209.79992749965535
177.0,198.5132107415273
184.0,205.8302739601882
187.0,212.90879749378723
196.0,212.3782280018333
209.0,211.53246835086102
215.0,208.559108160421
217.0,206.95995848355423
218.0,208.8630436701961
215.0,202.36865852665375
212.0,210.96989904926602
209.0,200.90254338904867
207.0,185.53635380203596
212.0,171.73852722189272
217.0,187.12003541679388
218.0,186.93628353669288
217.0,199.33536384575464
213.0,213.85871909351943
209.0,218.2040418732052
204.0,217.80503000633115
200.0,213.5640861703735
193.0,201.40346300501108
184.0,194.10568967898902
182.0,186.54524895019767
182.0,173.37634744264332
181.0,186.60956688816788
178.0,201.75150990073396
170.0,205.600572125901
166.0,205.17976158151166
162.0,198.30143873456652
156.0,194.42460592399746
149.0,181.13523342285546
144.0,176.12012694208272
145.0,168.58429253363445
145.0,147.703407184167
145.0,146.13587238073995
143.0,146.08158183231774
141.0,144.94821118797094
140.0,141.15020487459333
151.0,131.1039381993168
154.0,128.0061608250329
152.0,129.62752618689962
151.0,121.40439963922698
149.0,117.30787198842418
149.0,113.95581594679793
145.0,115.76176151378034
137.0,116.3079370252548
136.0,116.84348687830956
139.0,120.67888115774181
144.0,119.27271764363256
140.0,121.80899494986693
145.0,144.32672042673815
195.0,284.7790524697632
189.0,283.14159321617615
185.0,281.93617137755575
179.0,280.157966001136
154.0,273.1733535907048
138.0,255.5029277557391
151.0,239.84723403774618
146.0,218.49930663434347
141.0,199.7364687532419
135.0,165.2430401484506
130.0,164.68983102694304
126.0,154.94832424943326
123.0,150.89483868525903
121.0,145.5653812860011
121.0,147.321695102093
119.0,139.16512776567535
115.0,124.55912799388709
95.0,122.09882386051532
89.0,128.59666294116155
98.0,127.95363832630342
98.0,124.23291769409278
98.0,118.87383448502558
96.0,112.41301470399019
94.0,107.62124814858021
94.0,98.78002843869965
94.0,94.0960751586522
94.0,96.49765734997393
94.0,96.18120963605791
93.0,93.56090348778027
91.0,80.74119354352105
90.0,82.61444198348077
91.0,86.07219738243535
91.0,84.23380850908715
91.0,82.7976970351454
90.0,80.60779559629434
90.0,84.42553894345109
88.0,91.75631366145302
82.0,82.48751946237478
79.0,86.72929578227604
78.0,87.2125140816122
76.0,89.10821770322057
74.0,87.84961592131366
71.0,88.10581800152653
69.0,87.15817468166692
68.0,88.4422056484036
56.0,89.06170013453011
43.0,88.5999118567821
47.0,90.1969597173987
55.0,87.64521939272748
51.0,84.30939060325706
50.0,83.57067199692872
54.0,83.07645838464599
64.0,82.19027374318803
59.0,83.85117097147405
59.0,83.5987174443917
59.0,81.91961451710252
60.0,83.5396820422675
74.0,87.78797875890476
89.0,77.58109519267911
97.0,76.43217115549781
100.0,77.54414274505162
91.0,76.83140683011841
83.0,77.04597466802726
82.0,78.16751154140584
85.0,97.81821591311942
83.0,96.97089514411394
81.0,97.2084541398556
90.0,108.93979680229477
106.0,104.42439258384135
124.0,114.15690780292067
141.0,135.96569574620725
156.0,140.8528741428672
172.0,138.24680543241809
185.0,122.9982054243616
192.0,110.93902334333751
194.0,107.72986077537932
206.0,136.69078306662365
216.0,126.46450871287553
223.0,106.89874898114725
223.0,111.26347552459954
226.0,140.49695798030777
218.0,151.43287842621626
186.0,152.2455773418759
155.0,175.7636448438395
132.0,186.79372606047488
119.0,206.94565718634888
109.0,210.0443953281966
102.0,206.1677889566383
102.0,210.40382976048895
104.0,223.29480229412874
99.0,227.5799208366241
89.0,224.61180039277897
83.0,222.17972053393726
79.0,208.17191981531613
76.0,162.76794987529317
73.0,117.75080728888618
71.0,114.39475364630194
73.0,119.01499523008246
79.0,123.15246854215174
80.0,130.5658778015739
86.0,118.07859522752128
113.0,122.10263212685716
141.0,117.95632798325231
156.0,119.56017559913057
162.0,121.95339536000286
161.0,113.63816991137759
156.0,113.58274878931762
145.0,116.51487015451403
131.0,118.39363520210418
123.0,119.46785126203197
115.0,120.7677358280354
109.0,123.7004766890364
103.0,120.2024018667867
99.0,142.45045141585692
103.0,164.45558708669844
109.0,160.73557670041134
110.0,168.68616717640867
110.0,161.54266357943823
114.0,148.30909149748263
112.0,146.59177135601655
114.0,127.07312600684514
116.0,123.45336319907501
113.0,118.73565322771643
109.0,118.38531087373336
106.0,115.11142874320788
104.0,111.67838671149306
102.0,112.94938831549567
100.0,123.29849440733071
98.0,121.76537322360414
96.0,115.51283571794742
95.0,121.66086084402022
93.0,124.17789431732396
91.0,125.77219983281677
89.0,130.05660924325147
88.0,125.51106762025543
86.0,111.60493913082645
86.0,113.72037304137064
85.0,109.43700509721293
85.0,108.98020394969262
85.0,104.76465911941172
85.0,102.79849971523723
81.0,102.0238295879851
84.0,107.38347776099009
86.0,108.75737578105087
85.0,107.81043922848392
87.0,107.39309663215376
87.0,108.27332718197808
85.0,106.5017523242432
83.0,107.92498392372428
82.0,109.27226015729475
83.0,111.54717556238408
72.0,111.29938033484032
65.0,109.78925078503855
64.0,111.89843343463725
70.0,112.67705648187928
72.0,111.46810434125912
69.0,110.48816411941388
70.0,112.7949516528764
68.0,112.85750980620885
69.0,110.72718499027206
70.0,107.9827480602822
69.0,108.24684348150771
70.0,106.47536934416698
72.0,122.97516802917377
73.0,130.79828754022645
71.0,122.2840223815347
72.0,122.02443356500439
66.0,123.12543829652986
56.0,109.90768896695707
58.0,111.94976113787844
68.0,110.19342386982396
77.0,109.83722050891902
87.0,103.64283455827024
91.0,107.19039702782514
96.0,109.72648180666029
99.0,111.85835124604748
104.0,109.21357906692668
111.0,108.95981823729369
118.0,107.55680755120557
126.0,90.42430986086215
133.0,88.85479414027328
145.0,88.57788927936282
157.0,95.57747122241608
162.0,113.10055244289681
165.0,134.15372372054352
170.0,138.64765703969312
176.0,139.94541225202036
178.0,145.33005842989763
155.0,140.10555946267655
133.0,137.68117738198933
119.0,133.4540297733134
109.0,135.62488360140844
101.0,141.44464839531648
99.0,159.6898806623743
126.0,174.17271347654503
155.0,172.01304979119624
170.0,171.6868087077211
211.0,174.13124398759297
207.0,185.34534036036433
210.0,196.02717887855266
200.0,151.0026858193528
159.0,125.16313935310248
120.0,111.02900858966596
123.0,113.16044106161118
141.0,116.10569358548109
158.0,116.76386057064677
172.0,136.90382127757402
177.0,161.8287674517242
180.0,164.8663173545145
177.0,192.65847532613333
174.0,192.8713337552291
175.0,196.35263827037858
174.0,167.7392702869052
169.0,132.20744574823337
162.0,105.90214272911288
152.0,107.04207473051414
140.0,130.32687118993505
115.0,141.71435444206122
102.0,150.6027907051771
97.0,145.6900748209994
93.0,144.54182065284903
87.0,138.3632083382446
83.0,137.5788612587216
78.0,138.7842536883065
72.0,141.44881510196186
70.0,135.34861421376098
67.0,133.45984783893653
59.0,128.05576860633087
44.0,121.37131206190266
46.0,94.40289817034204
58.0,92.81833210897587
66.0,93.15055995118075
57.0,94.4707930163115
47.0,94.31295370279072
58.0,88.88822125295108
68.0,102.8360328616092
81.0,101.12321569109594
87.0,87.71853390950977
92.0,83.88482807933177
94.0,83.84909386221865
96.0,82.76095315860528
97.0,79.56798670155372
91.0,83.9283206425343
85.0,94.4558208062382
93.0,89.1803092095092
100.0,81.7066121133676
105.0,94.63186080094887
115.0,106.59142015817658
120.0,121.81336999294695
124.0,141.43010920346694
117.0,140.60031983334423
110.0,135.16002679828148
102.0,134.09816323670512
108.0,136.75000810839916
125.0,134.39875857347977
142.0,115.97381472733997
157.0,126.63187097596257
165.0,129.1350630277178
167.0,134.04707197803
177.0,151.21078956801057
193.0,149.28631548672706
200.0,153.95428651266243
180.0,135.74512497534448
177.0,122.5063780797666
159.0,111.35139371124582
138.0,113.64592967571085
152.0,153.83046726634208
176.0,179.8348721073276
184.0,195.9958381222075
184.0,196.7339749540936
183.0,193.63442458175786
179.0,210.7515820651065
176.0,224.57110596994923
175.0,223.2468490928607
177.0,197.99812908105739
180.0,189.12093343587588
184.0,164.49934638209385
189.0,140.49067005113216
196.0,145.4877623062907
198.0,170.59971034946545
201.0,178.32610853654558
205.0,173.65674642121158
209.0,164.00423029386812
211.0,154.72467912423656
207.0,151.81546733134917
215.0,154.45182749353285
221.0,154.1124016529092
217.0,158.0673593205815
208.0,177.877571656507
193.0,185.16246064822968
209.0,197.38648528138654
214.0,198.79462634097803
213.0,202.48149135838108
214.0,202.2284195917392
217.0,208.03894041883754
209.0,209.39993151294163
208.0,203.76048414864087
207.0,221.84023557691532
201.0,230.30541951245175
199.0,225.91535870116695
195.0,206.25344494992456
189.0,183.4348403284958
193.0,215.64140638521374
200.0,217.4477696996808
207.0,209.93218231084418
213.0,210.26403705207565
222.0,224.02156447201605
223.0,211.98646442069605
225.0,207.41677165510615
225.0,203.42071823151562
223.0,198.61887492089255
221.0,197.47662700174263
216.0,187.50770394044997
219.0,186.3384845590605
221.0,191.73796667898412
222.0,197.11414378435228
216.0,213.87388846411707
185.0,221.34853244829273
200.0,228.04374301938148
203.0,227.21666788662205
208.0,229.16795122733402
211.0,230.75947271048219
212.0,227.96733760907148
213.0,225.62184922922685
215.0,217.85754082070778
217.0,218.8927787000203
220.0,218.88446137606869
224.0,220.36106116412648
224.0,217.36977419932666
223.0,184.8616791531088
225.0,198.54987600127876
227.0,198.77320990839573
226.0,210.62206664406284
235.0,214.3558472589308
236.0,212.42485949265114
236.0,219.11958441390797
218.0,217.91848992254
211.0,220.45347144504217
218.0,227.2181719309352
216.0,228.97071367194286
209.0,228.64247884588886
210.0,227.8092863779248
210.0,227.70794621925359
198.0,227.45838953191128
174.0,226.41537481760471
162.0,231.33443507940754
173.0,233.42430494813829
185.0,233.67074694207744
186.0,216.37533605069464
179.0,211.3492815018721
174.0,216.58844073802004
169.0,215.7292619779406
164.0,209.37918006237476
163.0,210.7381000973797
162.0,208.52231503874566
161.0,199.76107368867522
159.0,145.0593690895007
152.0,129.8021348505725
151.0,151.33433873024393
154.0,161.14712982020419
149.0,161.27186625505908
145.0,154.04481255703155
139.0,146.5330460194063
110.0,139.63138626120138
111.0,132.40054468197306
119.0,140.2031953648564
106.0,145.38127943158355
92.0,143.2013875387847
90.0,136.85925432138887
97.0,132.2109806849835
101.0,136.38917663473006
104.0,137.38304273103242
108.0,137.85027673002577
92.0,134.23074997723973
68.0,133.1241362910647
57.0,95.66725159792124
50.23417145367599,96.90772020166123
44.16580387578523,101.63202632564699
38.769229019345005,97.06988194985809
34.018778637372634,98.6666998323111
29.88878448288536,119.84264556405263
26.353578308900516,118.18874965528002
78.0,154.85690872262987
78.0,162.8067270150974
79.0,166.2645249630948
80.0,166.2645249630948
77.0,161.98433838165062
74.0,161.98433838165062
71.0,101.66966627030163
68.0,101.3954509074101
67.0,103.4779682968871
68.0,105.97558348411178
64.0,107.660943264372
67.0,105.82790092854212
78.0,104.99668344620612
85.0,108.59303911332697
91.0,103.50386444876771
99.0,101.09698714836392
106.0,159.49946731602154
109.0,149.097722873929
111.0,155.2827801814577
116.0,141.5599716532941
122.0,124.14648585201172
126.0,120.50460973297655
129.0,117.44963950726132
131.0,114.32048266147068
132.0,123.58468913200589
135.0,122.63015361135514
140.0,125.10094838250126
145.0,132.18436133887053
147.0,144.74124208226374
146.0,142.50603108786297
148.0,137.39779828641102
143.0,136.85792701202345
140.0,137.85565962353184
142.0,135.82143114667807
146.0,133.836449442337
154.0,124.51137488253127
162.0,121.92158343502254
170.0,125.76011997873641
178.0,135.97602588868813
181.0,153.9675092837262
186.0,149.78001694336
190.0,141.20964512627353
187.0,140.2153196744466
192.0,142.33913927576256
194.0,132.86562681453034
191.0,135.14865355827476
187.0,150.52421448127185
185.0,163.07369548066146
188.0,175.78429544046227
188.0,187.8577848171804
195.0,196.6998247789226
200.0,192.36185020134602
198.0,199.0745824993654
205.0,204.48539080943542
213.0,195.63165155948658
258.0,209.1402754708082
252.0,214.14300460549228
250.0,200.2377814325525
249.0,187.97352080899682
249.0,176.14123919271745
250.0,185.52785738128853
251.0,178.5512811879505
255.0,193.67646349633947
262.0,202.00884087790578
277.0,199.25270121975572
284.0,184.95395226585504
291.0,188.40673906047098
291.0,243.78862955729466
281.0,228.52249067230426
277.0,213.72167608125636
277.0,191.91058403749886
275.0,186.6445645896246
278.0,193.20433724496615
271.0,191.81433045386936
262.0,197.73886338300449
257.0,203.6253170301298
252.0,216.13103777595856
256.0,219.98510962734997
259.0,228.38125781118805
260.0,223.0975183496161
263.0,215.2538999777794
259.0,202.9677319279008
253.0,204.2633624320723
249.0,203.6522695106467
244.0,216.15712984331728
239.0,208.8716209068709
233.0,205.36590981938545
229.0,193.70162534726023
223.0,191.43170976300198
216.0,210.2901911748383
210.0,228.60889694340176
206.0,227.01043488676552
199.0,237.79574987198737
195.0,237.64759879170364
190.0,233.08724871980647
182.0,222.5625243040515
173.0,220.72957286419214
168.0,213.2898283926685
160.0,195.3990746527472
152.0,188.20792873977211
147.0,178.54493601817873
144.0,177.91698095320157
139.0,170.8696898166449
130.0,171.04018097807852
131.0,157.4135661687908
130.0,157.40384506599437
129.0,155.56120956760168
126.0,150.60324578378143
119.0,141.68549060874494
114.0,130.91868207925145
121.0,129.39252436588467
113.0,122.55268596095108
111.0,122.2285359004241
109.0,134.21986674629628
106.0,135.77980759165428
104.0,131.71043258197386
104.0,132.9776959286144
108.0,136.84981246854542
113.0,135.7058011142914
115.0,127.92088338037819
113.0,107.9402900414254
109.0,114.22727111835795
111.0,115.44590611810725
99.0,110.8817448161097
93.0,98.34319657790014
94.0,91.00439853167387
94.0,89.62404716978081
95.0,90.85953651411569
98.0,91.75610289497935
99.0,99.83874177800931
101.0,117.87414458467795
102.0,117.92122479246304
102.0,119.19274457002052
104.0,115.04265317505461
107.0,120.54057054452862
109.0,98.8955209260741
108.0,95.88206778406862
108.0,99.05732126813844
110.0,97.66345851974306
112.0,96.73273167043106
112.0,98.47673524089973
112.0,98.8122899261893
115.0,110.80990806172719
116.0,110.89683372008182
112.0,113.51084355421354
105.0,118.45596172283203
101.0,120.76884077376911
98.0,122.58338833230853
96.0,124.80697238401372
95.0,124.58749212153688
93.0,125.57134882953079
91.0,129.9992383019226
92.0,129.5112308572464
93.0,131.06529002483836
92.0,137.9796199471029
91.0,137.747939282816
90.0,128.8400242880264
91.0,114.1033194842139
93.0,107.45017891857776
95.0,98.41172823867137
102.0,99.10099568416035
102.0,97.28019234545816
101.0,97.2840437654095
103.0,94.71629400718162
105.0,97.92526059314852
108.0,100.09495468682456
112.0,99.44771777167763
115.0,99.98064245141511
118.0,98.46167347580874
118.0,98.18462055979772
119.0,102.44631071078615
119.0,104.82008951374304
119.0,117.17177998405667
118.0,115.31023816496183
116.0,112.99492104737273
115.0,116.29812989912988
113.0,119.72407848884741
111.0,120.36160446401415
110.0,124.79052961547106
108.0,129.59358991482418
107.0,128.31263632222849
107.0,129.6359465483627
106.0,131.49983719419666
105.0,131.76476042593845
103.0,135.74083248318757
102.0,135.6340034314956
102.0,126.62928984568805
101.0,124.77749856705044
101.0,122.24282556608676
100.0,115.80295147482232
100.0,114.86647357872056
99.0,109.18241688399047
99.0,106.36004732460651
99.0,105.43499800936256
99.0,104.56066491678244
99.0,104.22901837304752
100.0,98.14800359007553
102.0,99.11599900402459
103.0,100.59117610139863
103.0,98.14572985186349
102.0,99.43933645221938
99.0,96.12030624118574
98.0,95.79291691165626
100.0,93.00235056504069
99.0,92.56223816477501
96.0,94.47251097154945
95.0,94.920856990446
93.0,95.98551913154309
95.0,105.33893724272318
94.0,115.50000615089147
89.0,115.98956636009002
87.0,115.98956636009002
86.0,116.22492220168184
87.0,104.05887481358185
104.0,102.02077061190099
111.0,105.5116478423661
106.0,103.45500374484617
109.0,100.87785873875896
108.0,100.27803669189672
106.0,99.2859591365161
104.0,106.53645646595673
101.0,106.48430408946837
99.0,102.72869157292823
99.0,99.96401887185198
103.0,96.74121638364254
104.0,97.98529227974238
114.0,125.69879010143205
116.0,124.86346439172411
112.0,121.56084103258604
125.0,121.60560329322455
140.0,119.97206438840745
153.0,120.03815458819143
169.0,118.90977144533619
178.0,116.16524987421572
181.0,112.19598415707823
183.0,108.68608186465524
189.0,117.98078339878552
191.0,121.63295768526243
192.0,165.1832631667288
193.0,166.10200335113083
193.0,156.98581140204274
190.0,165.76110476272018
189.0,167.9988051577389
189.0,163.28810222784125
185.0,170.2924785524024
179.0,175.46939286736088
176.0,172.41679134534664
167.0,173.5019372858041
163.0,174.78640203421634
156.0,174.46914767356918
145.0,166.54213996110735
142.0,165.8084718158994
147.0,164.81377553919503
150.0,158.9071712877812
159.0,161.7265359476536
170.0,148.778653519612
180.0,144.4823531200829
189.0,145.8124851448346
197.0,141.2764153967311
203.0,128.3772659154327
207.0,134.90122909911636
208.0,124.89440360250073
206.0,105.22182538220059
206.0,106.07366473103221
202.0,109.86917742217936
197.0,118.92310071002139
196.0,133.04265653145197
194.0,163.30680009381652
189.0,182.50125471382907
186.0,201.8432753800933
183.0,219.16759450863577
180.0,221.53108953435202
175.0,224.28145409967254
172.0,223.96438124718932
169.0,214.80382506916652
163.0,214.15928634042874
156.0,203.19261329566345
156.0,188.698486580462
146.0,182.5471204783072
141.0,174.03174172388984
146.0,168.96525603266525
151.0,164.08636248100157
149.0,160.68375581871356
145.0,154.94712052234868
140.0,148.54317891041708
140.0,142.57366172540628
135.0,158.7296384757192
125.0,147.44884841712553
123.0,142.96653985216034
128.0,144.43409106967508
123.0,140.47558319352694
118.0,138.89748427402597
115.0,142.90703973279392
114.0,144.3836895228042
111.0,143.24077286588962
107.0,142.6901104325389
102.0,138.57213929547305
106.0,146.84851342364496
106.0,135.6161846520949
110.0,126.95258125295341
117.0,123.12370834091736
118.0,153.77388168936105
117.0,143.51218625318845
115.0,125.3842340624584
114.0,118.46689591384767
116.0,119.25694613772693
114.0,119.52157560666086
110.0,114.20705075620019
104.0,107.74296662411301
100.0,112.53797618404896
99.0,113.91120532632448
100.0,122.14837410551257
104.0,146.28645335662546
107.0,144.80523298935893
110.0,141.49590266416809
111.0,138.04507141749335
112.0,140.84871408724194
113.0,146.700213757913
114.0,131.84276871522738
116.0,128.64393243146975
117.0,123.51448030641639
117.0,116.89671538588463
119.0,119.09672817571946
119.0,122.27253531591158
122.0,131.60878018452203
126.0,125.51796207709063
120.0,134.70958007238073
121.0,134.97610736356498
126.0,133.3783986119577
124.0,137.14085916437625
121.0,140.38524543036462
110.0,140.70543630829607
108.0,141.2343308774134
108.0,141.51565576698675
108.0,143.57205146075404
109.0,141.94177467267596
111.0,146.89151831226005
113.0,151.19659152974842
114.0,140.23127611129522
115.0,141.32440628778662
114.0,149.03649146795718
112.0,142.08301853244086
115.0,131.06480104192346
120.0,116.88002485173227
131.0,113.19360252768075
134.0,112.39804067793298
135.0,114.72805969507503
139.0,117.1702659484366
144.0,117.56824921742478
144.0,122.95758130311657
139.0,125.78177431128219
139.0,130.73833764145104
143.0,133.16088571462225
147.0,127.5681298439368
155.0,133.58499746127592
162.0,138.93337450165922
167.0,156.12022273277978
170.0,154.45005198703373
175.0,151.6223496184951
179.0,158.56557780112473
180.0,184.28600601346767
181.0,181.6468660423409
186.0,165.3495326763026
186.0,160.07155525400097
189.0,168.84552333935753
192.0,170.75060709125356
197.0,171.06522773102424
208.0,168.13688066995925
215.0,167.80706701245472
219.0,164.29782514851775
222.0,174.21537420861858
216.0,166.2959658083519
212.0,167.13323936260363
213.0,161.7048469329396
208.0,173.80587504967428
202.0,177.31297810448123
199.0,177.19326761590935
202.0,177.89392997740268
208.0,181.3899436750491
213.0,189.00636406032115
213.0,191.53788503821048
212.0,195.9057322760793
213.0,197.07759632541052
213.0,194.0366624714702
255.0,198.72687798757707
247.0,200.14735062996326
244.0,181.76925077818385
241.0,170.29545593584555
239.0,173.15341508111896
236.0,172.78235873400507
230.0,185.63827323848096
225.0,198.8406485759421
217.0,201.32742648562186
210.0,198.58598269320365
197.0,196.61604550701847
192.0,197.09343689358812
195.0,243.16884631027276
201.0,230.3530577455919
200.0,222.70800504119876
198.0,213.15054595111837
192.0,209.58168904347923
190.0,209.79218593098574
185.0,192.28465371547745
178.0,182.1164983105445
177.0,178.41606883922486
182.0,156.39142212377791
187.0,149.48300971550754
185.0,144.96938785670875
177.0,150.26474239500638
168.0,159.0322372018919
162.0,158.1554350659605
159.0,158.95128029138775
158.0,154.52390460561767
158.0,152.56338486905895
159.0,155.36260792824066
160.0,151.57927876311714
168.0,154.16265151368293
184.0,160.320447098644
196.0,166.70477566265984
203.0,166.2773009557097
205.0,151.83682269757625
205.0,140.35054903704142
204.0,138.405458339046
204.0,136.4783216937584
204.0,136.84961426067852
205.0,137.9099715946223
205.0,137.0482452145274
205.0,140.1437317212648
205.0,157.27652940407793
204.0,182.01355480829724
204.0,196.8153342700147
204.0,205.31185719799007
204.0,207.54133207185762
203.0,207.58223349914408
199.0,206.96761498726264
197.0,203.76056803349067
196.0,212.77540220860044
195.0,212.3897555019799
194.0,208.94846857387634
193.0,207.44598578814868
192.0,202.260481376003
193.0,199.69833545703247
195.0,198.50418298162475
194.0,197.88059799835509
194.0,197.88059799835509
193.0,190.29383356820054
193.0,185.65899637933
192.0,187.42571695369313
192.0,187.70725156986833
192.0,189.75562436428993
190.0,189.57386261968585
189.0,190.44699190692313
188.0,190.16587621552668
187.0,193.02505261826067
187.0,200.75953414707575
186.0,197.87647579441537
185.0,197.00659612681002
185.0,196.4842844298874
184.0,198.23219350308995
184.0,195.23404369220307
184.0,192.96112309486546
188.0,192.20366674959584
191.0,192.27624793192481
194.0,192.30846349235878
200.0,187.76147371869615
202.0,187.66696862794458
201.0,188.04776922769997
202.0,188.91909652132506
203.0,187.17158169418175
203.0,185.77314020292494
203.0,184.4477203889643
205.0,186.15434107104434
205.0,186.8528692075077
205.0,194.2364830212609
202.0,196.37992339952024
202.0,200.57242588190672
199.0,208.88251554552687
193.0,206.44602435307857
189.0,207.2964030921686
187.0,207.0785910420335
187.0,206.8192446830452
187.0,207.64493351779623
188.0,208.1242485743069
192.0,211.79289484515348
195.0,205.55022874240234
197.0,204.1154520649758
198.0,198.3730059175717
201.0,197.77367956173185
205.0,192.35174778867938
202.0,187.39903389434332
200.0,181.4125810500635
200.0,176.91060750196732
200.0,175.8536831302959
200.0,176.5587622555648
200.0,176.51279886420002
200.0,188.7225126730679
199.0,201.64083151547337
195.0,201.24501170897489
192.0,202.029637158187
192.0,205.23307465309077
204.0,210.78607582791818
210.0,206.02837610036644
208.0,204.5363204874581
200.0,203.65628684668718
201.0,200.63120849430143
194.0,198.7852401165372
191.0,196.41691311226566
189.0,195.98967602657308
185.0,200.81228098016288
183.0,196.93395255993752
192.0,194.0805251858887
190.0,195.1218630779696
185.0,210.08260699715856
183.0,211.2238234039323
187.0,212.49371589827922
192.0,207.6405875941791
192.0,208.06272983088908
200.0,198.831931564831
213.0,189.8068376324166
226.0,189.7866075616067
237.0,185.60373159199443
246.0,178.21487675051546
256.0,182.22001953633273
263.0,182.45710949035757
268.0,185.0781904160656
274.0,183.00061458154917
273.0,191.76287411664984
268.0,198.88433962987025
263.0,185.6484519576495
259.0,205.18204952967878
253.0,217.2416540953415
246.0,220.02690884590018
237.0,205.36462366343562
230.0,204.09415848941995
223.0,209.5615415719455
215.0,207.72336870414375
204.0,213.06107525288184
192.0,210.25884877652845
180.0,210.73078109272336
169.0,202.11635365384126
160.0,196.22340604485925
156.0,189.48169319146913
151.0,194.87103496488982
146.0,189.4505438769395
141.0,176.4317077066251
138.0,165.7457626548813
134.0,152.31962731763142
126.0,144.67809691206097
126.0,146.70540546290258
123.0,128.1356512111801
122.0,108.6384997793347
123.0,102.96058313880681
120.0,98.95473647278776
116.0,101.93708752670997
114.0,99.7304094882373
110.0,100.90814422119044
109.0,106.1515832770748
109.0,102.85042602091299
108.0,109.50918009374021
107.0,92.62597571661983
106.0,106.59057281870432
109.0,101.27607864255258
112.0,102.17996031416394
113.0,107.14255052902351
114.0,105.50324354604321
117.0,104.89986928753703
117.0,104.51318795045196
118.0,100.32530434625703
118.0,102.47437656557817
117.0,103.68764081917965
115.0,104.61612905011152
113.0,104.52582323914984
107.0,105.1465810965758
94.0,110.52000529063147
87.0,125.63604093342347
85.0,129.8412305789307
83.0,132.5837398510945
80.0,135.61893089335024
80.0,133.11954368349137
76.0,132.543086901799
74.0,133.19544703039995
69.0,132.15082304924982
67.0,127.0699360642515
66.0,123.50429233081753
68.0,120.52463734426856
72.0,108.97234867187913
74.0,105.69313653952105
74.0,106.34732916902144
71.0,106.41755067864182
71.0,109.53493976877802
71.0,109.46559459774593
74.0,109.31694253271571
74.0,108.30002747634133
74.0,109.34253758222522
75.0,108.45666930033101
74.0,128.34231140136453
74.0,126.09842824341966
77.0,125.14038140614007
82.0,120.14239259064071
91.0,123.44106486544972
97.0,118.99737363753373
98.0,120.00792718883136
104.0,121.43162818876031
110.0,123.76107972897404
111.0,119.25974333821465
119.0,120.84870615212586
118.0,120.51456393700313
112.0,119.00731373435535
111.0,117.44351810948731
112.0,119.7567749976229
115.0,139.2647853696299
119.0,147.34441170231008
123.0,143.59652363279065
125.0,137.2680449162738
128.0,143.07013954165566
131.0,137.4747607431981
133.0,138.61451358807295
134.0,148.4514412171531
136.0,145.3874004271868
140.0,132.03024849822503
154.0,124.88586425810107
176.0,124.37432606573661
166.0,129.45444806290425
168.0,121.41100914665272
168.0,135.64146365474352
169.0,133.37444897715233
171.0,139.75470728370414
175.0,135.44101028507487
178.0,136.9184211682095
173.0,139.97513508052887
174.0,142.72372903808542
180.0,145.1164993372476
182.0,169.88740185343178
191.0,200.67297063134623
204.0,177.9654085487626
214.0,168.0463765910221
225.0,162.19988910454958
238.0,171.93486794038128
248.0,182.6923445619026
256.0,185.74417106990268
263.0,194.66765537297164
267.0,177.12465997684765
267.0,177.02254706745094
269.0,183.10546783690174
273.0,189.58923824936542
277.0,207.34917064818336
277.0,222.95713845805437
276.0,219.62494499262874
273.0,221.1091889856018
266.0,226.02068423798517
265.0,239.31019456443943
259.0,246.1972801980761
255.0,250.96966139874354
254.0,255.6200528654682
262.0,254.5782627356934
257.0,246.50355334748764
251.0,243.39932489668024
246.0,244.2401195430346
242.0,256.93859934568553
242.0,257.83602088234375
241.0,253.7524343983184
237.0,243.06138876818994
234.0,229.0232558355919
232.0,222.2087885799271
222.0,209.10914715120393
211.0,211.60404915711194
204.0,217.03737946765747
201.0,228.9359167199309
198.0,214.46780462789465
201.0,207.08387705634274
196.0,209.573890587704
184.0,205.5768012720585
180.0,208.78211640465452
181.0,203.12393182096056
175.0,203.61260001236474
174.0,195.29973252184286
169.0,173.5244198196811
167.0,155.84589756054274
160.0,152.75882103936053
158.0,156.59415499413163
157.0,157.3559333723132
150.0,164.81701494903277
145.0,162.49305954551522
138.0,148.3882528416858
137.0,142.50289593105964
139.0,147.28619202209006
137.0,150.87457370986866
144.0,154.03363405237602
146.0,148.16493971996977
138.0,149.0825393178036
131.0,140.43745579509368
136.0,130.75489250034846
138.0,136.16478379491608
141.0,126.83211918501713
140.0,119.72400258608779
137.0,117.57833115992612
135.0,120.11060500535166
136.0,127.2814842863002
141.0,130.9282753426368
146.0,143.44149559634883
149.0,152.40653362958892
151.0,136.86830043041462
150.0,125.95501611230628
155.0,128.32917658318775
156.0,139.09114434892865
152.0,135.77924270459903
149.0,143.48825660069215
146.0,140.32741441130824
145.0,138.03281076179437
144.0,139.7549107450512
144.0,151.74281423299632
145.0,157.22713386356182
145.0,156.16611374661477
145.0,159.22762725555575
151.0,152.59628433453832
151.0,155.63310501548355
150.0,159.9461432348261
147.0,154.07444409895467
148.0,141.87314506473317
150.0,143.2854829313455
144.0,143.018559568502
136.0,139.79788814631746
131.0,142.01612118006688
132.0,146.59621917437207
131.0,148.56944011240475
131.0,152.93536883857624
133.0,162.42761425969422
129.0,160.77205088384835
125.0,160.8760514335418
122.0,151.6408990099815
120.0,149.2235204187062
118.0,160.8577428801238
119.0,141.1783061787068
121.0,134.3484761987965
130.0,125.7062749188167
133.0,125.70448697042067
130.0,125.98075038838847
133.0,127.26328607061619
137.0,129.52926827747615
135.0,128.87729500592116
133.0,119.87593308307166
129.0,117.41444471254616
126.0,110.95623876633283
124.0,109.29218376706382
123.0,109.28612070108262
122.0,111.98814027162454
121.0,135.990707447707
121.0,135.49760317296597
121.0,128.40070886487428
120.0,132.73437445831024
119.0,143.54848610327636
117.0,139.29706831310278
115.0,136.4578029204716
114.0,131.51127089080973
114.0,126.55959189970277
118.0,122.49258245757593
128.0,121.49840000618222
128.0,124.70111500145231
121.0,120.71441812697552
115.0,119.46727736493928
115.0,121.69526040355942
114.0,119.3904426517483
109.0,118.85599758030088
108.0,117.723111479799
107.0,115.83879452329437
103.0,113.44165090466964
100.0,115.047820127644
97.0,118.789024526135
95.0,140.91854075447307
92.0,136.819613317528
90.0,124.70860477364852
90.0,117.34527601864097
90.0,113.9359235823642
87.0,111.46712172049673
83.0,107.1095595277367
80.0,105.88166472723914
79.0,101.28168976842734
84.0,95.09751080466087
85.0,91.2183705726876
75.0,88.65734929356006
74.0,87.86954202658207
74.0,87.7150337660212
78.0,85.6622258906039
86.0,85.78520777405993
93.0,89.27357170758172
97.0,86.29367054743177
101.0,83.96323680089078
105.0,84.26998962309591
107.0,84.05181564629734
107.0,86.02431500920667
106.0,86.74879593332629
106.0,81.9985487764472
106.0,92.26430765873071
102.0,94.7477864421015
97.0,96.47548586715386
93.0,103.63008060031942
90.0,115.82627929365736
88.0,121.22127453708285
86.0,120.33542530476228
83.0,117.84663680644907
83.0,120.89872589238206
83.0,121.49403699720946
83.0,124.54235919071074
83.0,121.95403303356393
82.0,117.7798035480373
81.0,110.04160023722562
80.0,101.6453277600098
80.0,99.54008335460311
82.0,103.27334530263433
82.0,103.47700940009898
81.0,108.29100391227882
80.0,110.07307338222301
80.0,109.76545009879261
79.0,113.05406306571028
77.0,110.92999118747872
77.0,110.87565172343345
77.0,107.62556957883355
78.0,108.20067547476442
80.0,108.38974867097251
79.0,107.67826654844328
79.0,111.80258591989708
78.0,112.05818858162122
77.0,112.273835629726
76.0,113.3998942083768
74.0,113.24621772833795
73.0,113.53042452330945
74.0,113.13206394367157
75.0,116.27415028503067
75.0,116.7577661445471
76.0,116.00330332930805
81.0,118.65713892963531
88.0,117.5172309277444
99.0,105.00160959290334
113.0,102.71317440022376
127.0,104.4478597082369
136.0,105.26744659601752
143.0,105.84645916437562
151.0,106.13393226407403
144.0,123.64611503852112
145.0,151.1156851058582
146.0,139.30190187730915
149.0,136.03938658162707
152.0,139.56655819634994
154.0,146.56756116719905
149.0,150.55760074855743
144.0,156.92442351674902
141.0,158.2611002169931
135.0,145.84886654615804
126.0,128.28267719071545
121.0,139.45050498054866
114.0,111.49028604966855
108.0,112.55806258381176
103.0,120.77952331303456
100.0,118.77481699733023
99.0,128.3413991444586
93.0,128.9118359507106
88.0,120.89358058195413
84.0,123.75474013132956
81.0,114.68558784231539
73.0,117.26319416197744
69.0,108.76091931559392
66.0,104.414901579204
62.0,114.84334996433503
61.0,101.28884837781322
61.0,106.01070357383576
62.0,105.39378658179314
64.0,103.78478168201336
66.0,108.64869110827405
66.0,106.58884462589978
67.0,108.25886690645821
69.0,105.5453161627221
71.0,102.23071108628658
72.0,101.08268735984375
78.0,121.58785133991645
85.0,112.0157988995982
97.0,107.92413076996579
107.0,108.48961249606252
114.0,107.50719345990927
123.0,106.38961327451987
128.0,106.29069771476973
129.0,111.08437944418708
129.0,108.9200374047198
129.0,109.22764783710308
123.0,114.73415648559367
117.0,114.86141045430651
109.0,120.0528574691619
97.0,124.25000469958103
85.0,137.68824660316383
76.0,143.83704388706155
70.0,140.64717467840964
64.0,150.84594322676926
60.0,149.02516758163367
58.0,145.10524701237998
58.0,144.6894132877759
61.0,141.28626802486949
63.0,133.96958169597028
65.0,116.50759929969821
64.0,109.04358896346761
64.0,96.92656533424446
71.0,106.79461774362531
79.0,107.52932518808363
87.0,109.96917515867614
94.0,109.1056311049473
98.0,106.30627153588031
100.0,113.00212692138047
99.0,113.1641911845278
97.0,119.27477697798246
99.0,122.23262789265073
98.0,124.1747270731102
108.0,121.3171909935816
123.0,119.49663373515659
119.0,117.77693907166727
117.0,124.6230976046626
117.0,129.6621148926071
118.0,135.2797389886533
122.0,136.92776396159735
132.0,139.13858313972736
141.0,133.33103532091553
158.0,129.92417216341536
164.0,129.45060680060496
171.0,129.90395636499753
178.0,127.01684479232944
185.0,154.89447149780597
197.0,136.0279479550711
202.0,131.49149723049513
204.0,132.26130030620737
204.0,134.2308807807383
205.0,150.90324463050467
200.0,163.24053175285925
186.0,162.40420823500634
182.0,172.88506851217707
180.0,169.0681291398722
173.0,165.02608272779486
165.0,172.01596028627003
166.0,189.31585416708427
172.0,197.72146505262822
165.0,188.28284680167215
164.0,184.5777910412292
164.0,186.2093206141928
161.0,171.91986984566563
162.0,167.69275838823657
163.0,154.07658442517803
168.0,152.5493176163834
176.0,148.90133772209475
178.0,138.94199669128017
177.0,126.30321506461229
186.0,129.32699564088668
193.0,142.0825924287329
196.0,131.0716837212488
196.0,133.88696140714498
195.0,148.22286674256583
193.0,152.28049293151585
191.0,134.5030272963204
187.0,137.48167009045434
181.0,152.81339990999754
180.0,171.6056135772652
177.0,176.69095517540552
169.0,159.41697206014157
160.0,171.60239872867163
152.0,188.79624644539865
146.0,193.11225176891696
141.0,195.17989055406522
137.0,191.29568237706036
135.0,184.78164524265665
135.0,169.46787422981197
135.0,157.53224951591736
131.0,147.5445231498766
125.0,148.07973085640413
116.0,142.0335546748503
122.0,136.55066731350018
132.0,124.6105274877254
130.0,111.77214363714069
128.0,112.22445871036943
129.0,113.59881174897426
132.0,111.54996710876974
135.0,118.74812696475293
137.0,119.99662279688091
138.0,121.71592660288384
138.0,115.96315027447939
137.0,108.24186214862928
137.0,98.29081007812464
131.0,106.22692420525004
126.0,123.70459077678598
129.0,123.39335472203298
127.0,121.21191898866019
123.0,130.1228942073859
116.0,131.691906902859
111.0,139.80567176797734
104.0,140.46692653117424
95.0,141.4003145572916
88.0,138.9917547983814
84.0,138.49397949085517
78.0,141.99561518682907
77.0,128.8896914665172
74.0,123.956335766107
80.0,128.1879094890625
85.0,124.67769813056005
91.0,116.57189615065299
96.0,112.2517773209034
102.0,111.6547623739518
110.0,106.42934008299349
120.0,98.75268572413673
130.0,96.9348876519072
137.0,92.75433765506736
145.0,87.75254273798828
151.0,85.49904957834589
156.0,84.70657312299784
160.0,82.55622167694476
163.0,82.78412839348331
166.0,98.4919627404173
172.0,99.57431925150169
174.0,112.42536442018312
175.0,121.56068678002983
173.0,138.9107384882039
167.0,145.8654833739323
159.0,147.41663709909173
161.0,151.93038790624666
163.0,151.99280504275572
163.0,158.338302848329
162.0,164.69897004503218
169.0,164.38226742536273
170.0,163.89990774581935
171.0,164.96119683758565
173.0,174.5548788826412
173.0,174.20233926586525
173.0,166.2103890139373
175.0,159.74519596033684
166.0,155.24039767735485
159.0,158.85757125590584
156.0,168.00057234952777
153.0,171.23855167261937
154.0,172.90492274793615
156.0,174.52996462461334
157.0,176.08974534191034
157.0,179.36654005790996
157.0,179.59771881617442
160.0,183.5986590597082
161.0,181.5748975955235
160.0,182.83572391959456
159.0,167.93635248761007
156.0,158.00195559252558
154.0,153.77093422694458
154.0,148.32207771106866
154.0,147.22273845956758
153.0,152.96051944548415
154.0,155.07611770290248
153.0,156.10073689654936
149.0,159.51388043872043
146.0,165.98933297336512
148.0,167.91330477301565
148.0,168.61568563116043
146.0,169.21160587762574
147.0,166.9172731079383
145.0,160.23028246243607
142.0,159.740808060575
141.0,156.01526187269275
139.0,154.92902295726506
137.0,155.0430645194624
136.0,155.7675324110777
132.0,147.1457357306736
127.0,142.98600645673343
122.0,143.75800625637177
125.0,143.641816363283
126.0,144.38282579416838
125.0,144.27963561445273
125.0,143.13879059663532
121.0,137.79958376033073
111.0,136.04249916129922
104.0,130.1418283091177
111.0,128.86722094545112
114.0,130.56784419419978
113.0,123.07346798912974
112.0,124.83570979985667
112.0,117.6714988224937
107.0,120.23704023676923
95.0,125.48104814042428
93.0,121.32022030048984
91.0,121.2260111892892
95.0,116.67180191493051
106.0,108.18036262718951
108.0,99.03046386299823
112.0,105.22122367150098
118.0,114.30209634291269
127.0,109.8798816636002
137.0,115.94635836476189
149.0,116.67706962897626
155.0,112.4888532361362
156.0,94.74965583437864
154.0,105.5812802514763
147.0,132.07239833259484
142.0,126.73325800772524
136.0,146.96553989316772
135.0,147.87634724739365
131.0,147.76361037949408
124.0,149.18935376618015
123.0,150.77077588940088
124.0,152.03593298571883
127.0,149.1833362711184
123.0,149.63433547965633
118.0,142.72875261670683
114.0,121.94931995839123
108.0,108.57119310485702
106.0,109.7391061261297
102.0,101.6473504591119
104.0,105.97982859094607
104.0,107.11824423333377
97.0,101.72573814975478
89.0,102.22475241044096
84.0,103.21934530737501
84.0,111.59741150976903
83.0,107.59962976064772
84.0,126.50187954913466
86.0,129.7040254892409
87.0,111.72983527269811
88.0,111.75629555868332
88.0,109.79185149603505
91.0,113.02661920700491
91.0,113.18892059124195
89.0,104.46432828938232
94.0,103.89827436313814
96.0,104.43851670037502
106.0,102.35285329824602
124.0,103.88638684072741
111.0,102.99182880109213
103.0,108.06824293763775
96.0,98.63577862315337
95.0,106.18655859981723
95.0,106.49900805550716
93.0,106.91145351526787
93.0,107.34222955284505
94.0,105.73945586862781
97.0,110.84984504341851
98.0,111.70444690717909
97.0,123.30113159710736
96.0,148.60463311126009
94.0,123.9930883450851
91.0,120.09797619645956
85.0,111.56921704004523
80.0,107.35251379508496
77.0,107.31909329797358
76.0,106.31843566849143
77.0,107.80442462116049
74.0,103.80066414420307
75.0,105.37250581164066
75.0,112.75161388111081
73.0,113.54036888435931
76.0,112.55515118480814
87.0,109.10499859988035
85.0,107.07058210552688
84.0,153.5132522221062
89.0,148.83656929783055
91.0,148.30383404260598
98.0,140.29789691784833
103.0,127.86065570147295
112.0,128.85946099931328
118.0,125.8402206802612
111.0,121.77567214525914
109.0,119.12272737886293
117.0,119.99983045118589
121.0,129.40604771612564
123.0,129.37440335804126
127.0,127.89321418202806
124.0,125.26320474130961
120.0,136.23123609287998
119.0,141.0037631998486
124.0,146.05861950427942
124.0,151.6243661422947
123.0,153.39644802510114
113.0,141.88301375702252
119.0,141.12665028722085
120.0,152.18932958494952
116.0,160.14194428504476
115.0,166.4989629311712
119.0,145.1981008014077
124.0,138.12510473753338
129.0,135.239222394217
132.0,133.85868421872152
131.0,142.35148373064646
130.0,134.04282890552616
135.0,126.93054898527227
140.0,120.06124073416755
148.0,126.52273337731349
155.0,127.46905286731449
154.0,123.55350180399519
158.0,128.95978464471654
164.0,121.9658470150703
168.0,143.12427432430943
164.0,148.91692729061128
161.0,150.67507233096435
168.0,143.2448524107985
172.0,144.23999216831095
181.0,147.04182007510556
193.0,146.80778243291383
194.0,153.92179321415534
196.0,162.8773203091144
192.0,152.85273664004492
182.0,152.58498055622124
174.0,152.54834739006483
165.0,161.53904489308158
158.0,148.86186553878449
153.0,142.3182620381598
145.0,157.38362729462003
134.0,155.3248314478079
125.0,164.783177077104
115.0,174.82937256079603
103.0,175.52270734880224
101.0,177.74806028558672
107.0,169.62129044036644
112.0,152.14723575433553
113.0,139.55540042316673
115.0,123.07102310063769
117.0,118.86039884601315
117.0,109.5377220626215
126.0,103.3702548080364
122.0,98.28683067014407
129.0,95.3720890561253
131.0,92.63632561792109
134.0,89.05653698523476
133.0,87.68197939651671
134.0,91.26092936676501
153.0,96.38994073715928
148.0,96.66167028137748
144.0,95.07994115064731
135.0,138.36154776600586
129.0,134.6820718146458
119.0,140.94691513584107
116.0,133.54271261117205
115.0,137.63179406512182
114.0,133.29424718050947
112.0,126.51785857983205
110.0,122.60761170436656
108.0,122.26882748976561
106.0,153.83568617313549
102.0,144.03151906127707
96.0,133.70920704943072
96.0,129.1050543063552
101.0,124.15640133615155
95.0,117.4777457562366
89.0,113.88861824705282
87.0,117.03582579651285
87.0,115.41043667869306
78.0,117.42681029082362
73.0,124.35990106581161
66.0,126.84657105254044
60.0,126.21099415155368
54.0,122.2613758663665
50.0,114.50682136756687
47.0,92.84686778179625
47.0,102.76988035819784
49.0,96.86024046893324
56.0,92.48948479196258
64.0,93.95387107815769
68.0,99.1313193820572
73.0,94.67822385247595
77.0,98.78712228219774
83.0,92.08157421529867
90.0,90.1541179978068
92.0,89.79669401847588
107.0,88.33162583792462
128.0,75.75209653771763
130.0,77.5533123457286
136.0,79.61992890302055
143.0,89.096671153456
153.0,103.02074053375897
153.0,102.96787221756531
148.0,127.55649705093695
148.0,122.54732927762099
158.0,124.13068688383115
168.0,136.54620491618394
172.0,132.90741029491653
163.0,139.44853077145208
148.0,143.35923594186352
140.0,135.72857899972297
136.0,128.19032059871847
137.0,139.0243195766185
137.0,155.35310256382195
135.0,153.91439786565343
132.0,137.07186847361723
129.0,135.6442950727028
126.0,149.5213207866476
126.0,163.01144822552672
128.0,168.22816100328976
128.0,147.0882267070064
128.0,137.76878952789517
129.0,117.40486467164156
127.0,119.74279155861981
128.0,124.12795519535044
128.0,131.07158712869742
127.0,137.04231992738818
127.0,117.77553369211299
128.0,114.92894437531618
131.0,112.38555528270082
132.0,113.50696996449027
134.0,121.0482617132214
138.0,126.71312057147053
139.0,125.37785518117022
140.0,132.00004218168968
141.0,129.7653069579179
143.0,134.7036546357182
146.0,134.78960411807623
146.0,133.93822843781803
147.0,128.03538722488994
147.0,130.54391367105904
149.0,135.28704978521296
145.0,133.61626298314752
145.0,138.5772682875659
143.0,143.3066276440128
142.0,143.8735314809983
143.0,142.57510683047175
142.0,152.75816119218985
140.0,154.76308827461037
140.0,161.5516232778126
139.0,156.09128913562043
138.0,152.6578319583347
137.0,150.5432522935121
136.0,150.5100891501143
133.0,148.43247097308864
131.0,146.969709642292
132.0,147.00723597993246
131.0,145.36941266024886
122.0,148.2121970097933
117.0,145.5904761220997
116.0,140.8298548073723
115.0,140.05258507265103
114.0,139.7122773213571
114.0,138.82722403605322
114.0,138.52393453792996
112.0,139.29937528037252
116.0,134.622622886556
130.0,131.47868305201345
144.0,131.27199856011578
158.0,131.07707163474203
171.0,118.76066399496437
178.0,114.58547164605737
184.0,114.6522479263675
186.0,113.93772547673056
184.0,117.11245997369463
179.0,117.18700254871227
165.0,112.03061360786366
157.0,109.47603653269593
148.0,118.31919103338305
155.0,144.8170511762547
161.0,159.78676907892182
160.0,172.0040201420947
154.0,187.24451860487372
145.0,200.96289293828522
136.0,202.39486561487624
130.0,206.29258924894387
126.0,195.92683038150568
125.0,185.3040652436396
128.0,165.57619587076616
130.0,157.87581390806815
130.0,149.37449531934394
130.0,157.12127423057402
128.0,164.31510246417594
133.8161022210071,162.88275169261934
145.73008395232688,150.19469787496425
158.0,144.45818693211942
166.0,140.9906284828279
169.0,132.08696175575236
166.0,126.88742095196648
161.0,115.12471036103484
162.0,129.10525997184763
162.0,129.84395719544005
160.0,128.08539803167693
158.0,126.03873748189764
158.0,126.87186602107154
153.0,143.7789931245381
146.0,159.18770220881817
142.0,167.15065063209977
137.0,182.65998223481895
134.0,184.78703709811205
136.0,168.153008934864
127.0,159.69640801114875
118.0,161.21794929495957
115.0,168.57977936909583
111.0,158.78297658145493
106.0,158.38590265648466
111.0,158.3674557820695
112.0,150.68728170623496
107.0,139.996869106361
103.0,138.0910344103767
100.0,137.06773718081482
116.0,142.41781756301387
118.0,144.35384418539533
112.0,133.73880272470072
113.0,125.72399226216496
113.0,125.44205203347474
116.0,119.0740369003309
120.0,116.77056954931857
119.0,115.86716532726726
110.0,117.13128018415469
107.0,111.61414423070772
104.0,104.86170117925825
104.0,106.58353781060774
105.0,131.79471587490826
107.0,130.9908610749696
108.0,114.88709369465805
104.0,126.8040432956273
103.0,126.86786140121043
104.0,128.42182539066548
108.0,134.59092700626792
112.0,131.75165994409076
111.0,124.24497618458129
113.0,119.39528684827636
113.0,114.92488222980032
104.0,119.51617231736344
111.0,115.62013878838447
125.0,118.30550584308058
134.0,119.93094213385824
136.0,112.36492725386819
139.0,114.32798669042683
146.0,121.94661601210369
152.0,132.82896930992692
164.0,136.89808962164417
176.0,131.43795691477467
176.0,135.0331789994495
185.0,134.02598290245035
194.0,120.21455418980536
197.0,129.44586027375286
190.0,145.86428366689805
186.0,151.75313339789128
199.0,151.0853743889575
205.0,153.43524200902152
206.0,164.3197493842237
204.0,162.8282720935556
204.0,185.843337789942
204.0,209.0130387847134
203.0,206.03253233951412
203.0,209.44962359867927
201.0,221.65146235569912
200.0,221.2377273426374
212.0,206.5736473802829
213.0,200.8069612133683
210.0,216.72133053004856
200.0,222.4067971116116
203.0,216.1325844781351
207.0,209.77879457604521
197.0,204.54200378056476
199.0,201.05639257717
198.0,193.37516971751572
190.0,186.97255227045517
180.0,189.4543460184056
160.0,188.1055368181
159.0,209.57533579643183
154.0,210.7778129196626
165.0,203.66181312053692
168.0,183.61435320640282
168.0,192.9732936474388
171.0,199.86294034123415
173.0,189.46968820078385
173.0,191.19024679299878
168.0,192.4607524201984
167.0,176.52880806696615
174.0,164.3695829900368
180.0,130.8995995466423
187.0,137.90538710334224
188.0,130.6869360058034
180.0,145.651682952345
170.0,153.24439551432553
165.0,177.84586484190257
164.0,181.23071987052208
165.0,192.9885641133749
166.0,197.0081510729461
163.0,185.15868600538806
164.0,176.09858789170522
166.0,197.787987253821
168.0,200.9753982497303
171.0,197.08322701671838
162.0,202.4979032532904
158.0,184.77299999871357
170.0,173.3377246204498
171.0,141.24387537872414
161.0,144.76637843087641
160.0,147.84762045905373
158.0,149.8388307752212
155.0,157.45029842537934
153.0,156.50892614877895
151.0,161.71458807499133
150.0,175.55259626176644
159.0,174.5464796937263
170.0,154.2514592608636
181.0,151.27604386030697
192.0,175.2561755820273
182.0,170.7286430374583
177.0,151.0037115985032
189.0,148.89940682174793
201.0,145.07021338412136
213.0,139.36116679618183
221.0,136.8045768500377
224.0,134.8659034065094
214.0,136.13245202229845
203.0,154.92377048197125
195.0,170.1712070730162
191.0,181.10587726544446
188.0,201.64191762222993
187.0,177.48565041794947
189.0,164.46518852695644
190.0,204.3326534985874
202.782256194413,218.37443677098798
225.18393154112897,226.82736254032065
249.7436411172804,230.31867880915152
269.0,232.25298122772836
277.0,213.80296959009263
276.0,187.91032527006058
275.0,175.45891857196497
275.0,167.92179741937147
279.0,161.8527474326136
269.0,169.15208838731408
255.0,159.26040233290004
232.0,159.54758893905938
243.0,182.7443816283283
235.0,209.54805223081084
217.0,237.64457422267066
200.0,253.6118310597619
192.0,254.85486020898378
185.0,253.8968524923272
179.0,246.52291487749878
173.0,243.69325318015228
171.0,250.4258592668309
173.0,227.7345323747391
171.0,201.41819282889844
159.0,164.3142082955315
142.0,188.9749501288772
129.0,199.19443905244552
118.0,163.49650938715104
110.0,139.65276930302838
106.0,130.64315444335918
107.0,126.66436147651729
111.0,119.9014294340363
115.15600002953376,118.08083275320101
118.87562927804068,125.05898873337449
122.17048573721571,132.5331511687675
125.05216739875397,134.59849408594383
127.53227225435052,118.0727199272721
129.62239829570046,108.77784240989756
64.0,163.02553388444198
71.0,163.02553388444198
79.0,163.29240592021023
86.0,163.60178130855468
89.0,159.10916328821617
91.0,157.71305472695556
92.0,91.8158132534872
93.0,97.18965884675107
93.0,92.57443628864512
93.0,95.35372956701471
93.0,97.91114319395346
95.0,100.09054071378485
96.0,101.07002754778658
96.0,104.93023769004293
97.0,104.601313795105
97.0,128.33163276865866
98.0,138.7995132195651
99.0,141.6900500998661
101.0,135.44895089897068
103.0,129.47902054278325
103.0,127.90940458309828
103.0,126.49641063187583
103.0,121.32233726674026
103.0,114.29566355351648
102.0,102.05361636287313
102.0,98.93286968798739
102.0,98.12698005547055
101.0,97.2617510299718
100.0,93.15325629555048
99.0,94.31398269152952
97.0,106.40468184271703
95.0,112.00999165048327
95.0,112.61300420808887
97.0,108.86824217529681
99.0,109.88523876205814
97.0,110.61961273244663
92.0,112.65199398750053
89.0,112.25792154824654
85.0,110.98875433955729
82.0,107.44906469634894
78.0,99.89827763146148
75.0,97.24659686060666
71.0,94.05542025862563
69.0,94.01671514422195
67.0,95.29589155649906
65.0,97.95922946796033
64.0,100.707147490605
63.0,99.19600732117311
66.0,98.82980678149741
66.0,94.20312860245903
65.0,88.17919781899725
63.0,87.03775578471269
61.0,83.65010134010063
60.0,82.88495686232386
58.0,82.57113438943179
56.0,85.867100594349
54.0,85.38322919553906
53.0,82.96162687368611
58.0,82.87645136552956
63.0,81.24403591106903
67.0,77.82916520768987
66.0,79.27667834689846
64.0,80.51668587816839
60.0,78.46284059828184
58.0,79.73183152596222
58.0,78.01926135007164
59.0,79.82399058161894
59.0,80.81925528785993
60.0,75.16703739726523
70.0,73.51276699738281
84.0,77.02010589166149
93.0,87.25337644730507
106.0,89.52262990756049
104.0,89.89286571876245
103.0,88.2154807240273
108.0,84.93689384364231
113.0,75.47071643971033
117.0,75.97948535904426
120.0,84.01448524646055
121.0,82.09544878640281
125.0,84.4815942231375
129.0,92.19277364581144
130.0,115.60202110995483
130.0,134.9826084018635
126.0,150.47935296264512
124.0,143.38425202632556
121.0,140.01725764279547
119.0,138.9589212108847
118.0,139.81661733058144
117.0,133.02814274013772
123.0,131.0625041917839
130.0,130.140299901052
129.0,133.62686707046635
132.0,146.73707350898687
133.0,145.6908591659073
133.0,142.5309467518801
135.0,136.77057372589394
143.0,128.95185336626426
151.0,115.65282994340679
159.0,114.4452299959753
161.0,115.56981514995098
174.0,118.38865035441601
173.0,124.48836140562271
172.0,148.7189345680477
174.0,144.6077501506133
185.0,145.57737946524725
197.0,148.45499934314483
202.0,148.34752396122164
216.0,151.2088790432197
228.0,170.40999363802547
236.0,198.68737725464158
245.0,200.05830311685858
246.0,181.88919658999941
245.0,188.78971325606656
246.0,175.51206104418836
250.0,160.73901621808992
249.0,173.29348706499187
245.0,182.57747278422406
234.0,184.39281566410438
232.0,185.6022789469378
229.0,183.47868998819717
219.0,184.30424132391838
214.0,181.24836163515155
199.0,186.8177564516896
183.0,189.04091661455487
168.0,182.65024804249137
154.0,188.85789447402564
127.0,194.6672103922174
114.0,193.2675243360601
101.0,196.50726712953755
91.0,177.12636541635405
82.0,171.02318686162195
74.0,169.64241628855248
72.0,152.6937008386424
69.0,142.1437957727861
65.0,133.15208468502016
64.0,120.21547313226652
64.0,102.10496097064623
62.0,103.93198540394746
64.0,99.03518380952099
72.0,94.51278340276019
82.0,100.51528484099698
93.0,99.88005089701679
104.0,100.02130246651068
113.0,97.69941196113078
119.0,111.3205669185644
126.0,106.63731073835733
133.0,104.79110562368743
136.0,103.0624711021989
140.0,90.62965793876211
143.0,91.50027930197261
146.0,94.24090584162488
152.0,105.74098239096823
158.0,111.09388353348893
163.0,125.84013275604686
170.0,132.5962690848683
175.0,136.28456533456654
185.0,133.2671302787999
192.0,140.75928424998278
204.0,148.41818086133372
210.0,153.92605596267381
213.0,151.74295899183903
216.0,154.96881333864036
213.0,156.40126300041499
213.0,199.41926153567712
212.0,192.54157511970772
214.0,183.29070845677228
217.0,183.61825670654102
220.0,181.32603222882997
220.0,183.25779177563032
220.0,188.6151768577549
224.0,203.57582062143595
224.0,206.1656396112519
225.0,206.30491427013087
231.0,202.74389393241543
237.0,196.792079077305
237.0,188.93700206208624
241.0,184.69708228996004
237.0,195.3576844436819
258.0,201.19326215310014
263.0,208.50489352355967
262.0,196.70717006979697
258.0,202.04703163855262
261.0,215.75474531989843
256.0,216.01865915218264
257.0,226.23728186333005
254.0,235.4302083087344
249.0,248.92954892574537
244.0,224.63810009533134
237.0,224.6423441949946
231.0,219.9286660339645
219.0,241.5078784798984
213.0,241.11986469378803
210.0,230.96106084730746
205.0,230.41043776279986
204.0,229.34720161600572
198.0,224.8018996176633
190.0,223.49567126602156
187.0,216.02764566166022
186.0,210.39929874670568
184.0,215.51568119779103
182.0,204.0009060328965
182.0,194.03020873958812
182.0,181.29565796429807
184.0,176.07559301040513
185.0,173.4634158420648
187.0,165.12619347505074
188.0,164.39510016617336
193.0,158.1239417445979
196.0,147.12583588551283
192.0,146.3094089620443
188.0,152.69404732822792
184.0,152.61421338206546
184.0,152.28319248644638
187.0,152.06315573264726
189.0,151.81114268302707
192.0,153.6690065417602
194.0,165.97708608338667
196.0,181.8671433808556
202.0,202.53537283689056
209.0,203.55547695480942
211.0,205.2951035650022
210.0,193.4322284468315
203.0,189.12587075951365
196.0,174.71144994838113
194.0,175.3708898051448
192.0,180.9410701185322
186.0,183.19481098239228
180.0,188.47880036829653
175.0,192.28173453001676
168.0,198.9094859781666
163.0,206.98615864135627
158.0,213.41451595092713
153.0,214.58404776089512
147.0,212.3567083114123
140.0,204.67756833550163
134.0,204.84775856726588
130.0,197.13163300450742
126.0,201.74598376168754
120.0,194.80294219251124
114.0,182.26987536392997
112.0,170.28026717847834
108.0,166.92681372984111
101.0,139.67965124115236
83.0,136.77042660755887
80.0,133.29088191485286
79.0,128.77858808621278
78.0,121.73967960346472
78.0,114.57471830649969
79.0,109.95210213789777
82.0,107.71218932244426
86.0,104.58446070459121
92.0,105.60491562127206
98.0,104.9964968969676
105.0,105.1249272563557
110.0,98.43132196121093
116.0,100.79429968563245
123.0,100.36246777602
127.0,98.04230303929222
131.0,96.77823922458634
136.0,95.90737628529247
143.0,97.53996731214991
153.0,98.45260075500559
164.0,101.80648101473994
175.0,109.84428193698889
179.0,116.07503277818284
186.0,126.8007179205507
187.0,129.799001848442
189.0,143.9486863280271
191.0,148.3860844571836
195.0,150.46143296926527
199.0,148.5369936872613
204.0,165.07132305308468
210.0,160.81701466239116
213.0,172.79293867198427
210.0,175.93465776074524
200.0,192.47066636048586
193.0,179.57632748793543
189.0,179.4784668613206
188.0,173.27457542658024
187.0,172.47315817692802
185.0,173.25661078365738
182.0,181.196775434922
180.0,184.40111242562335
178.0,191.0610161021922
176.0,201.09822964932343
175.0,203.7867427575086
173.0,199.33784912962471
172.0,189.03381574929222
174.0,169.18400965774617
175.0,167.06728536527913
175.0,168.93797522773926
175.0,164.61424462676786
176.0,161.4751632142205
177.0,151.89866822507784
179.0,147.51567077460626
180.0,145.93132344274102
181.0,153.85918676247596
181.0,167.11176596616133
180.0,163.53253538894364
180.0,161.1074669925411
181.0,170.06361867951117
181.0,171.06374509676803
182.0,175.82083589977293
181.0,176.58559716821665
180.0,180.33727058924387
180.0,181.9065997738686
179.0,180.95504909847944
179.0,185.2218182425144
180.0,184.95416541437882
180.0,186.5169959167434
181.0,186.91070197606192
181.0,186.37094561237143
182.0,185.6581199821994
183.0,185.46443663475029
183.0,187.168166864548
183.0,182.95405243365886
182.0,182.52741350565393
182.0,182.73990985330735
183.0,179.29421656268795
183.0,180.37688449182977
184.0,180.3752524891685
184.0,182.85658913330332
183.0,185.52815310632485
184.0,182.35838271155646
184.0,185.09758761417748
183.0,188.38442634558353
183.0,188.2000192060951
182.0,189.0405504563735
182.0,184.7568542278796
183.0,184.74437413706934
183.0,187.84680572898696
183.0,185.95230959888164
184.0,188.3338134373797
185.0,188.21013824101837
185.0,187.97677068086907
186.0,189.11894389448167
184.0,188.32937064871504
182.0,186.55854971497104
182.0,185.84350518519946
178.0,183.02138292602154
182.0,182.8634692870113
188.0,185.8422256825676
195.0,185.8422256825676
194.0,185.8422256825676
192.0,187.6130466163116
191.0,189.3048586561664
192.0,188.31443482578234
193.0,189.28346386808337
193.0,186.85599034607685
192.0,181.87304545662724
190.0,182.05354171582005
188.0,177.40158699877068
185.0,181.7935719084451
178.0,193.66513703604403
175.0,203.98242220634427
172.0,200.98929106786358
169.0,199.9442131179824
165.0,198.159683221586
165.0,198.3073296519902
170.0,201.63949027240952
178.0,198.4833841533816
177.0,192.4272682733939
175.0,192.0982261681401
173.0,188.8809632778157
172.0,185.30440819221096
172.0,180.1800603235623
172.0,180.25618104746042
172.0,172.35470776781156
171.0,166.4044603009726
169.0,163.69821009068718
166.0,164.93698164441707
164.0,173.33083959043293
164.0,188.87944798067488
162.0,185.49916090394666
162.0,185.1273271942812
161.0,182.9181963038124
161.0,181.80104523760747
162.0,183.1190011181738
165.0,175.94220815960784
167.0,176.48601290935324
166.0,177.69691078885066
166.0,176.92777451850148
173.0,172.0349028650031
176.0,169.32476242945168
177.0,170.85870134576865
176.0,169.31042703199157
172.0,171.8665502613689
172.0,171.47225347900823
170.0,170.95269007118338
168.0,172.72642487714455
167.0,174.7962228534278
168.0,176.07308173555913
167.0,175.1095207878962
165.0,173.4182961992148
162.0,183.749336077456
158.0,186.82272660873537
154.0,184.6833538618808
149.0,180.7305697876689
145.0,175.38172307181173
141.0,174.23440070363506
139.0,170.3962629625629
137.0,172.2441297462081
137.0,172.60214290271438
138.0,172.83178866409548
148.0,173.50172348021314
156.0,171.48580827908728
163.0,167.10734881669214
171.0,162.88892020389312
179.0,156.99966657866452
191.0,147.02662439079188
197.0,171.26389456308138
200.0,171.87059930479217
203.0,163.37889306545543
195.0,162.16406598043667
186.0,162.51231023200188
180.0,168.09053881482677
176.0,178.12663698201382
172.0,177.46613378048292
166.0,180.6259452508932
165.0,187.2764980777559
162.0,183.9490773336843
161.0,189.26949500861858
164.0,189.13878609290038
165.0,186.74299250568038
164.0,188.50964637828088
163.0,175.88781574782325
158.0,170.23524275626073
153.0,154.61572739615534
143.0,155.97057569176104
132.0,148.85230688107796
125.0,139.55391731929913
118.0,134.06603364418626
110.0,136.7813487971843
104.0,138.763694150502
99.0,130.10757445841412
94.0,140.25770640893978
89.0,137.67590194262414
87.0,137.30622675119523
86.0,130.08056228689037
83.0,130.14207981732457
81.0,115.04063829125438
79.0,108.91991129229956
77.0,99.51395328312262
76.0,96.57182729415241
74.0,96.49633090599113
73.0,98.93030523082541
73.0,91.25098715954272
72.0,91.96941237627262
72.0,91.04714801280129
77.0,89.89088031062138
80.0,89.1973051782944
83.0,89.5552263881254
85.0,87.58684598539278
88.0,87.8448522132765
90.0,88.14252779676198
92.0,89.43027749290951
94.0,89.11502153087774
100.0,90.1148194551067
101.0,97.8760637974765
100.0,97.58495078885599
100.0,99.04501353017488
100.0,101.02800379300974
103.0,103.52676747402714
106.0,103.91054028584891
107.0,107.9486637195947
110.0,113.91836789308002
114.0,120.92948449116102
114.0,121.0423319929911
113.0,120.57316704049595
111.0,127.68080338257487
110.0,120.26146273878842
110.0,156.94912118424764
113.0,156.92779358650122
114.0,139.25381838257988
111.0,141.75893124025208
107.0,139.80665614526117
102.0,131.18397870647632
100.0,127.1347204772916
102.0,135.74230293515217
104.0,126.5147710521346
105.0,120.56374561356243
109.0,113.04785518936949
112.0,112.66581517142534
113.0,103.86024783552195
114.0,108.81247757722048
118.0,108.15261449956672
121.0,102.45546237431832
123.0,99.74112379623199
125.0,97.26870179070653
123.0,95.98151888932391
119.0,101.22093861842131
115.0,105.4467428813751
114.0,106.32599976519994
113.0,117.16221330787575
109.0,119.6034272872537
111.0,119.3083202336926
114.0,123.18561105770843
119.0,127.06714189201163
123.0,131.61296947069118
126.0,131.82196981171526
128.0,131.73229299867072
127.0,127.80930984337631
124.0,122.46175494701815
120.0,108.64892667456955
117.0,107.89491078489586
113.0,107.27756862716369
110.0,108.46535339554113
109.0,109.91767182320498
107.0,111.53825188104288
105.0,121.3014846636363
106.0,132.2155523580067
106.0,136.67803941993822
106.0,139.74098968415515
108.0,137.1584585584632
107.0,136.8467871152864
106.0,129.63620349713995
103.0,126.00406474451424
102.0,120.65978594000373
101.0,117.09190399474099
100.0,115.57597191600799
100.0,114.02200206177775
99.0,112.30110644896416
98.0,111.55021861495477
97.0,112.25752191721449
93.0,112.10290607025219
92.0,118.24181814120067
91.0,117.59353953822131
87.0,117.44231530564628
87.0,113.55170439155255
86.0,112.7973269463518
88.0,111.71654890236124
92.0,109.24658329600926
96.0,109.11876952403638
98.0,113.18634563800121
101.0,115.24877362928106
104.0,115.20607090527936
104.0,115.34176898120354
105.0,111.8451564368698
105.0,105.40985951552071
102.0,102.06250355977535
98.0,103.25234158888014
96.0,102.45875240424279
91.0,101.90037380071713
87.0,104.28844952610065
85.0,108.46505332260936
84.0,106.49814971435043
83.0,111.20373152131484
81.0,116.09926368736856
78.0,115.70604055538426
75.0,116.92399594494067
71.0,117.015968241146
68.0,112.65995323965102
66.0,99.61368437892403
65.0,100.19144318855048
66.0,97.06935578457208
67.0,95.21747597369671
65.0,95.99074689659524
67.0,99.3827448221031
70.0,96.13131762886664
73.0,99.69969216387312
79.0,101.45737295215802
84.0,102.63215741099448
88.0,103.34114997573795
93.0,101.12443270823175
99.0,102.32036115525023
105.0,99.15854923533945
111.0,84.6464529036011
117.0,84.6361752940648
124.0,85.097897587603
131.0,83.84571009091775
138.0,87.7601556302592
144.0,126.9294478073653
149.0,132.9975698241649
150.0,141.24665156418308
149.0,149.72604043420765
148.0,152.17372994664578
147.0,153.39567992427178
145.0,153.29852722629605
146.0,152.66867359239356
150.0,148.03361504928367
153.0,153.91390489642936
158.0,153.28588738352104
162.0,144.4644204483467
165.0,139.20707071014812
169.0,136.7064635443665
172.0,140.8042526109015
175.0,137.0109213188456
177.0,134.7595900426523
178.0,129.78266883901833
179.0,135.10434712807145
179.0,127.38330040690683
180.0,140.93450667978723
180.0,147.06168148837136
180.0,154.78672129740855
182.0,165.85604175642416
186.0,161.51911150259647
190.0,162.06225674158458
192.0,166.9362878712168
194.0,182.25945196234596
198.0,188.63016500738286
202.0,189.74281812465966
205.0,198.38022979854452
209.0,192.97107507141214
213.0,190.74561635004562
216.0,190.71352089366445
218.0,191.22523436886925
220.0,190.43146292527453
221.0,193.1036186549224
222.0,202.63984198181464
223.0,204.04257311255867
223.0,207.3072494268766
224.0,211.2573961873178
224.0,214.55875061850816
223.0,216.21316372607066
222.0,218.45548358656396
223.0,224.8177047735812
224.0,228.89716182170662
224.0,229.74332247068364
224.0,230.19298861439748
225.0,229.4982702678986
224.0,230.36263314025294
224.0,229.51649410128655
224.0,230.1734011896652
224.0,231.78046680365873
224.0,231.0757734695989
225.0,230.49625467228617
225.0,225.62821091507166
229.0,225.74769944235837
232.0,226.5883647577325
234.0,226.21859244696068
235.0,226.03184614435602
235.0,228.86156045254472
236.0,228.6571222315169
236.0,225.33034355802843
237.0,225.07828779724161
237.0,224.77670374293612
237.0,222.7335184023127
238.0,222.39385689506366
237.0,221.9996197707905
235.0,225.77265230448782
236.0,229.6371618364826
237.0,233.01394358655867
238.0,231.72784065977066
237.0,230.8747930718844
237.0,233.08318287604283
240.0,232.83921653809566
242.0,232.72633037143936
237.0,232.8925730245302
256.0,233.7240696725464
253.0,233.5717751393835
250.0,232.64148845308972
245.0,230.4633250495775
241.0,232.55551457456582
238.0,232.7357520857663
236.0,232.9863061249113
226.0,233.01588897357703
216.0,233.01588897357703
209.0,224.73515273411098
207.0,225.0728632546512
194.0,220.10789388109188
181.0,245.61059448259277
173.0,242.95491903446057
169.0,240.9235635435214
165.0,227.1081876923529
161.0,216.01700697535054
156.0,213.50404779514764
153.0,211.1123015927165
151.0,183.48844434518202
154.0,172.462432896435
155.0,169.22660720714183
152.0,169.5080142633212
150.0,140.22893951403083
147.0,133.30374920767443
142.0,122.02119313246709
145.0,122.36039264753363
146.0,119.29363160659791
151.0,121.84851378901791
162.0,121.3579351359468
171.0,119.63126711688015
182.0,121.63522242689542
195.0,127.60815592419469
201.0,135.91689872023412
206.0,131.56304807189753
209.0,146.95497751239716
208.0,141.9760243132845
205.0,142.09739558144722
206.0,136.9342169356229
212.0,139.83599065346652
211.0,142.31273929312138
203.0,153.18543920823177
194.0,162.56169247288713
190.0,168.7708951895947
179.0,179.07854718694475
167.0,193.27374219636053
156.0,192.42892927365372
148.0,194.58848827910205
134.0,195.48601729381093
129.0,196.70984823592428
124.0,195.4036881906861
119.0,202.1800617563137
115.0,202.4760471620871
110.0,160.77002769786233
108.0,152.99864319007523
105.0,142.89389648207802
102.0,127.11128170861717
99.0,138.32628368587146
99.0,138.70050240816502
97.0,113.6113852292016
93.0,108.69812239859878
91.0,108.62646440753761
89.0,103.48952263751839
87.0,104.19596847230397
86.0,105.75288832493543
85.0,106.126452177882
84.0,104.4491655375007
82.0,105.30714613991775
80.0,102.3486513471751
77.0,102.55374534819163
77.0,100.97434014555255
75.0,94.6121815230901
72.0,94.48660563964178
71.0,93.94437567488245
72.0,93.80155154627965
72.0,94.91954272720223
70.0,93.39233055940541
67.0,91.09628011813234
66.0,89.6892356705775
64.0,89.69692179981735
61.0,93.05436289556265
59.0,91.59987372007137
56.0,93.06097265528818
54.0,95.589627409208
53.0,99.54527597748573
52.0,100.0024322724594
54.0,103.45174386980297
56.0,104.5644885133516
59.0,101.14865959053186
66.0,98.92418415806223
80.0,98.09603596864426
95.0,97.01549126708636
109.0,97.29022188175166
122.0,116.5774177764523
131.0,116.7486348887202
134.0,110.18477904626684
134.0,107.51184758372008
132.0,104.09220885422488
133.0,99.02752079792322
133.0,102.03287685856611
133.0,105.79896341265987
133.0,106.09895668081586
135.0,121.57489238679995
137.0,146.77391003417532
137.0,157.68626707037822
137.0,147.39306298899749
139.0,146.64253626314994
140.0,145.41872851557417
142.0,140.18956331125543
145.0,135.98331242831813
147.0,138.02263588901448
150.0,138.38646300493355
152.0,134.25195354801764
154.0,121.74107758679406
157.0,140.054742730632
160.0,146.03960606895419
161.0,153.66072978396815
162.0,161.74724794354466
163.0,147.17376725507577
164.0,148.9681052512176
165.0,148.142973558321
167.0,157.48098775939883
169.0,169.79521836594978
171.0,177.47113666557527
173.0,178.40241423487112
175.0,177.7656295690229
177.0,176.59661482793777
179.0,176.84890027914693
181.0,180.51153986587858
183.0,185.70931794632747
186.0,185.7212765546242
187.0,187.3876116229437
189.0,187.32568627028908
191.0,189.49584412887106
193.0,190.6268338178627
193.0,194.34467175183926
192.0,192.15659429245704
191.0,193.88650889583133
192.0,190.51213077001685
192.0,190.7800005055361
191.0,190.86252176097605
194.0,194.86098923181285
198.0,196.28054470446642
213.0,196.7978696259243
219.0,201.07016050587035
222.0,200.2429876343321
225.0,203.69373776857307
228.0,204.1038762272226
230.0,197.28201129651572
228.0,196.21654681198922
226.0,195.74921817687422
230.0,195.53743320650167
231.0,188.9242678912231
225.0,196.13485224051388
222.0,202.16211395140198
217.0,215.11085925900215
213.0,220.4653593140232
211.0,214.74999900943703
208.0,207.50017997245524
200.0,208.588276845155
197.0,208.8821496843964
194.0,208.44285222177962
190.0,201.18530587792972
189.0,204.69810370734703
186.0,201.25542104339752
184.0,189.27104270779495
184.0,195.4686406454816
182.0,190.78137972186613
178.0,185.1869959200476
176.0,178.34257956469614
171.0,177.70088544586585
166.0,166.35037646218078
164.0,165.3373919595938
163.0,162.6955563776265
160.0,160.02927814236915
159.0,162.59505601649244
159.0,166.65106911822653
156.0,165.5510970794539
154.0,166.16984331471542
152.0,165.73757671316508
150.0,159.0189338969922
149.0,160.4946509771696
148.0,151.05095233781137
151.0,144.3868711917679
149.0,145.2384521561629
144.0,144.0110544858254
183.0,216.65513973245035
179.0,217.91620228648202
180.0,215.15167377482902
177.0,212.53148188001555
174.0,207.66745939832353
173.0,209.74257487507765
173.0,205.50904448339543
171.0,205.55422241140332
169.0,206.19767213178682
167.0,201.87703774696433
162.0,186.97570822768967
160.0,173.86748599371296
158.0,165.6028697606265
156.0,163.39628135713355
155.0,167.51900063175881
154.0,163.92476784102388
153.0,160.65733750363918
153.0,158.62340371286854
153.0,162.59347057864287
153.0,165.31007220381895
152.0,163.26901332992412
151.0,159.6165897691016
150.0,152.2814800065032
148.0,149.73316499280392
148.0,146.82869075298154
148.0,145.0657757815489
147.0,146.1046275443991
146.0,146.17790115964073
145.0,146.3303578966785
145.0,145.63183751515984
146.0,146.23892039563495
148.0,147.26910196419163
147.0,146.3103807874856
146.0,145.4866043065121
146.0,145.835003252765
146.0,145.14331243628277
146.0,143.12201098400274
145.0,142.1738351046555
145.0,141.25216640011607
143.0,140.4563561348563
142.0,140.59435630193298
142.0,140.65907084739337
142.0,141.40540831872306
142.0,144.9927657309404
141.0,144.57558299061276
141.0,146.635994670165
141.0,146.96493228507285
140.0,151.74273024005285
141.0,150.93790671161958
141.0,150.159677086243
141.0,150.06715468734998
144.0,147.34099637897359
146.0,143.85792672356087
146.0,145.85365655448493
146.0,146.46754071630065
147.0,146.62057327717406
147.0,145.36568819815497
147.0,145.2298337047638
148.0,152.33065993923037
149.0,143.03842271167488
150.0,152.34892891222057
150.0,153.41760765019066
150.0,153.20685451401712
150.0,158.89145262132266
150.0,162.76030832836375
150.0,162.48666949377608
150.0,158.75939897274856
150.0,156.43076636300444
148.0,155.2041356997657
148.0,155.36511781788616
148.0,155.5701170278874
148.0,156.20476211133132
149.0,162.92556217326558
150.0,161.52638431936043
152.0,160.91034345380325
154.0,161.38689732684423
155.0,160.89452300388163
156.0,160.81438534590205
156.0,163.42547034865572
156.0,164.07144675733682
157.0,156.04053586035127
157.0,156.26476237587124
156.0,155.31595319705403
155.0,156.05764747665495
155.0,155.17653912061124
156.0,163.49989499668092
157.0,162.8060143970931
158.0,166.91169750659148
159.0,169.64183851347363
160.0,171.60668218945798
163.0,171.28848112726968
163.0,171.58966873193842
162.0,172.63662820617463
164.0,172.6811356598295
166.0,172.02603355273598
171.0,169.56153574938054
173.0,169.15261775278702
175.0,169.85116706213358
179.0,169.99553930345232
183.0,170.61354837166175
185.0,170.82005675846867
191.0,172.07016591461263
199.0,176.26156359204887
202.0,177.56218272145162
208.0,177.4764554110856
171.0,180.23436755647202
179.0,181.30383258572974
188.0,188.15214378289923
197.0,182.75639033297216
204.0,184.89042389090974
212.0,184.87881973196122
219.0,192.74703945279222
224.0,191.80146248513603
230.0,200.76288373982086
235.0,227.26722038638616
241.0,218.58869014417598
248.0,216.64866538515997
252.0,172.7125891414617
255.0,183.43402779638882
257.0,186.7308567251597
258.0,193.7989696089124
257.0,214.97869599513132
261.0,215.1588257257366
261.0,204.50818999420662
260.0,196.31005241480673
257.0,182.68327108990925
252.0,176.46698794394234
246.0,174.21794045022273
240.0,181.97501133869304
236.0,201.38708098582106
233.0,204.81432806062753
230.0,207.4395060993528
226.0,226.49907537699838
224.0,227.96774899986153
221.0,232.30598625816427
217.0,233.43170820541613
212.0,235.218296827215
204.0,234.38442289961438
198.0,224.46238284116606
196.0,208.48311003256072
197.0,197.45998395089373
203.0,183.13050379707303
205.0,170.25464699939877
204.0,170.2016016124177
211.0,172.8440080375929
215.0,182.13897738856662
218.0,182.7159174623555
220.0,175.38298988354475
222.0,205.73086434088867
235.0,199.3448355604837
242.0,199.70892791591456
251.0,195.23178175889828
257.0,192.58759149656726
265.0,201.72557256931336
267.0,207.08857937356876
268.0,216.51021787563826
267.0,225.4710819303331
266.0,225.1633313599097
265.0,232.0912726808779
262.0,236.35754098165376
259.0,220.66780961181135
257.0,231.45679639553924
255.0,244.88223657076816
256.0,246.86093637819926
253.0,241.00786495928529
246.0,242.20639955565463
229.0,243.34417086362114
218.0,244.92306977048887
213.0,245.97721993456318
210.0,249.03692005026917
207.0,254.66626508476648
209.0,242.02780776631423
216.0,227.2946904096959
216.0,229.08869999241844
216.0,225.75907889369032
217.0,224.95081013789726
221.0,226.360320686206
225.0,219.01884854345175
228.0,194.55040329239523
229.0,173.56551987657903
227.0,167.80262315289306
229.0,168.1784872443171
231.0,170.93461091423353
230.0,174.77954256597394
229.0,177.09668913459808
229.0,178.90295801035816
227.0,184.12854780023312
222.0,205.00897615780445
221.0,210.1896672767517
221.0,212.6001570216652
224.0,215.3952360698397
232.0,216.70856686443705
235.0,210.3605078437648
230.0,213.72790532534765
224.0,212.85084201440765
221.0,211.74219823507528
218.0,196.42012862427515
219.0,196.55735992694503
219.0,191.89953092445614
222.0,185.2890232077368
226.0,188.03511001959674
234.0,190.32864965958726
239.0,195.02038704569765
240.0,209.94953705062258
245.0,216.9026161358174
250.0,211.35623433967552
254.0,226.61159496615878
253.0,224.82884182825825
248.0,223.85846930036638
241.0,223.65374054874886
233.0,225.1258410286663
225.0,227.69600677388445
218.0,241.7133543787391
208.0,244.25205016817148
199.0,239.30081054277494
192.0,238.74688317568675
183.0,240.07988147145144
175.0,243.06630698852132
166.0,244.34156107188082
158.0,235.39817069875087
152.0,227.27165933166268
146.0,220.1078553004532
137.0,206.16926743820045
132.0,200.1645948398627
126.0,199.118759135613
122.0,171.71795864673808
120.0,144.67984047742402
120.0,134.70482452016898
114.0,131.5334547314998
107.0,122.72730029485602
102.0,107.85017073076136
100.0,111.39968531980774
97.0,111.68519211387854
99.0,107.64199946296596
98.0,104.9181585992069
96.0,98.9256730912536
95.0,97.40583313697405
96.0,98.33991382832586
98.0,97.31899478791215
101.0,97.8362759998941
104.0,100.28702612993773
108.0,101.25084977832813
110.0,96.91428526738437
109.0,96.43842505499457
78.0,93.81884743966934
81.0,94.77566421761584
80.0,91.72835156940852
81.0,91.04147774275933
81.0,89.95104963187535
80.0,89.88600508992171
78.0,100.43293425144056
78.0,113.92234823297368
78.0,127.75872673341102
77.0,133.72474292561566
76.0,131.5818607242904
78.0,131.27808829503164
80.0,92.31991505222362
81.0,96.7906032326098
80.0,103.24916320847697
82.0,105.08691875182178
84.0,107.91151418086761
90.0,106.71189142078447
93.0,100.80789752281412
95.0,100.00555064038836
96.0,85.98761139151772
99.0,81.18108660486755
103.0,84.46629504756649
105.0,81.54020620415989
108.0,87.30594191235308
108.0,85.92076263920502
111.0,86.69067061304243
113.0,87.7271098622261
114.0,88.61281984015852
112.0,125.80005578896572
109.0,132.01827359374195
107.0,127.02105864031957
105.0,123.86196093963575
104.0,122.72024975316748
102.0,124.09859126647244
101.0,125.88405657930663
101.0,122.1771690104019
100.0,114.81783942228662
100.0,116.4863859189502
99.0,125.35444245499272
100.0,128.24157047697673
100.0,121.45434566701148
101.0,114.59924908903861
101.0,110.29549438467367
102.0,105.96853785009357
102.0,106.15695867626492
103.0,103.57535453218166
102.0,99.75949186928368
100.0,99.10206518265034
98.0,97.0908900320895
96.0,98.20417890164043
94.0,98.70229288653869
93.0,98.38304397454014
91.0,95.28862986903519
91.0,97.52683740757121
90.0,99.9063164255655
90.0,108.52109021272632
91.0,108.56175168594308
90.0,110.28826141016313
90.0,110.9214596464563
88.0,100.00776435613628
86.0,96.62028902805332
85.0,97.37834648453403
85.0,98.8321756422404
84.0,99.31504821902021
83.0,95.0987269056118
82.0,95.04819582835991
80.0,97.99324447283111
80.0,97.2368531976254
79.0,96.50544860673962
78.0,95.98019851223388
78.0,96.76959378577693
77.0,96.39467989335091
75.0,94.44765505326566
74.0,94.22872827673386
74.0,94.3851452687981
73.0,94.07610057986165
73.0,92.58134726277844
72.0,92.19962393313126
72.0,91.16928706852866
72.0,89.43651406118815
71.0,89.54543793186372
71.0,90.78467234179003
70.0,92.38799453477037
70.0,92.27364016075401
69.0,91.58871656440635
68.0,86.3789780092088
67.0,85.07843273430241
66.0,84.49450125051737
65.0,84.74167498339179
65.0,85.21803217047135
65.0,85.23703361310385
64.0,85.63577227532375
62.0,85.63577227532375
60.0,86.48786191415188
59.0,86.28729517377356
59.0,86.57653373972366
59.0,86.18369282600723
58.0,87.05666924573681
58.0,90.18432965099348
57.0,89.36151123558064
55.0,91.33830189870584
54.0,91.30121663874372
54.0,94.15450323037706
53.0,97.52653214642373
53.0,98.46261026754003
54.0,97.82961944832428
53.0,97.65696585950806
54.0,98.46707403088683
56.0,98.77417070786467
55.0,93.33990621897858
55.0,92.71195294367791
56.0,90.10801051102781
56.0,84.10998357965227
56.0,83.5976817427995
58.0,82.71593245699839
59.0,86.85589495166528
59.0,87.28395877459488
59.0,91.86563262831808
60.0,91.84950239471324
71.0,92.13204889388054
73.0,103.75917885929195
76.0,99.32505760744004
81.0,97.97703709743207
87.0,103.39227040979556
93.0,103.39227040979556
100.0,103.4287287440511
104.0,104.52058007504486
106.0,118.75896771188368
110.0,118.75896771188368
113.0,127.11707742045667
117.0,140.46449515084024
121.0,156.47400585524701
124.0,156.5831040028595
128.0,154.2991123163206
132.0,150.10997361187427
130.0,141.17521564260608
130.0,139.8142783606945
133.0,146.55518757117764
132.0,147.75125233951226
133.0,144.67616061306242
135.0,138.9319783600545
133.0,135.57376407181243
130.0,134.8783218023549
126.0,134.5500470811863
126.0,133.10349615151358
122.0,134.11095970499903
118.0,131.71850060062383
116.0,122.81924172786576
115.0,123.98541594523903
112.0,125.60265807726155
109.0,125.37969455921875
108.0,129.83776353824487
105.0,140.76714640004082
103.0,144.41789980433938
101.0,127.32404592727544
100.0,117.32087028148538
99.0,117.15910966045413
98.0,113.46002253767621
98.0,100.6537778868502
98.0,102.93540140210582
98.0,102.43693197637855
99.0,99.44262524358169
100.0,96.98397200315209
97.0,100.12692261714025
95.0,101.30705085093496
95.0,107.36378608818201
93.0,102.29445184408296
92.0,102.71937828190129
91.0,102.19780378138367
91.0,103.04379905179835
91.0,100.26356298909143
90.0,104.67874806979782
90.0,105.14902128660367
91.0,107.41953536374912
92.0,112.83322422027757
93.0,109.33201710618816
93.0,108.17307839286865
94.0,111.75170538255406
95.0,112.35738396039004
96.0,110.78000912993345
98.0,110.13750457808668
98.0,110.83561164442423
99.0,110.8753863701421
101.0,109.93671114357215
101.0,109.6768393497044
101.0,111.73379902643806
102.0,113.52204145674014
103.0,113.09731905815002
103.0,113.624787955382
104.0,114.17104226670564
105.0,114.92190163308491
106.0,114.48018843678801
106.0,115.53308931030185
107.0,115.5309845476215
107.0,116.52413667135123
108.0,121.61490180206955
108.0,121.59863053656946
109.0,121.63612228939188
109.0,123.37378561087793
107.0,122.53561013383614
108.0,123.2589441296665
110.0,125.16514365897058
111.0,124.06753928943714
116.0,125.38246406074968
123.0,125.76900757870044
132.0,125.22306888997568
142.0,125.23065871742524
152.0,125.63208915202331
161.0,126.91677778899123
167.0,127.50424645797726
172.0,127.42110153554357
176.0,167.528454937395
181.0,168.2275744286265
185.0,170.0605014783932
189.0,172.226422992826
193.0,177.50898425273863
195.0,183.5635437427717
195.0,186.48946988480606
194.0,195.04780018582193
195.0,201.73044512033456
196.0,206.63645708515352
194.0,206.16030948104955
187.0,211.01717180095326
185.0,209.70189228036912
184.0,198.68879422179398
181.0,196.67697093339413
177.0,198.46929531720357
170.0,198.20001529545135
166.0,187.6279978643681
162.0,182.61192017366747
158.0,178.82668738160103
154.0,188.67521222658377
152.0,194.26599267145158
148.0,185.67198777138995
144.0,168.21004463918618
140.0,151.08969813244545
138.0,141.19805609547714
136.0,133.43860132521726
131.0,129.01147987238548
126.0,124.60532658894725
124.0,118.08058635606017
122.0,119.35942172278514
117.0,121.01248723167997
115.0,119.53840429339417
114.0,120.37646108610758
113.0,119.4514843954097
109.0,117.95792036491764
106.0,118.92011376054776
106.0,118.49723588437622
102.0,120.95211255048845
100.0,110.61544955869434
99.0,107.06037097010329
102.0,104.14583111523199
101.0,103.87455822026101
98.0,95.68130446164629
95.0,96.35271445047235
95.0,94.6568552838712
96.0,94.12545628378523
96.0,92.02767990749979
96.0,94.80581308174011
95.0,93.29026257133506
96.0,92.32776201538006
119.0,90.71908084699494
127.0,90.33864751964454
134.0,94.97020297547407
141.0,97.27901270818062
144.0,95.37046283286438
145.0,94.16253905578968
152.0,97.24292451866592
161.0,111.95748267309544
168.0,116.58797637445245
172.0,113.64343145322579
173.0,118.66012249828213
178.0,118.85928346939473
182.0,137.86525779920922
182.0,149.4201219301417
183.0,150.27428989542693
185.0,146.73155217015938
188.0,144.33434245037344
192.0,137.89989543943628
194.0,148.94423387280693
199.0,152.06086958845083
202.0,161.7163425983234
204.0,150.72620665228013
205.0,146.67569253228663
205.0,155.06903659280144
207.0,163.5074404727933
202.0,160.37696769903192
192.0,164.56986499988872
192.0,147.0052320274565
188.0,147.73991792672783
184.0,153.78722185042767
180.0,179.91243679860585
177.0,187.5346086345043
173.0,188.29158811951478
170.0,187.79806946072335
165.0,185.89349889193554
158.0,181.53937973346896
152.0,177.4610203453654
148.0,174.75535317913756
147.0,150.41318088376795
146.0,160.2872049011381
144.0,156.5694812411342
143.0,156.15790955394326
142.0,145.56133410869492
139.0,142.026889347083
135.0,141.71736527030419
135.0,136.69192260184246
131.0,125.85628056157712
128.0,122.42714509046587
126.0,114.80092317504395
125.0,117.45829512685798
122.0,120.38547394320092
117.0,124.97340128291911
116.0,124.88779750506487
115.0,125.97041198613444
116.0,125.88275993753054
114.0,121.96977727197691
112.0,121.53987960853355
112.0,128.47495606350478
112.0,120.33674249312222
112.0,118.68555182556479
112.0,115.98145799944962
111.0,112.84096782172419
111.0,109.98069621949529
110.0,108.68037403137427
109.0,107.7152740298793
108.0,107.38221819335122
105.0,99.72832620366516
103.0,101.31329150941778
102.0,101.30223876197266
101.0,98.31793815160614
101.0,101.67341223009159
100.0,104.24725493183037
100.0,107.06107292289697
100.0,107.18530844930947
100.0,111.28434658952807
100.0,107.05916654798952
99.0,110.37355462082527
98.0,110.24793406473943
97.0,103.8167520425272
97.0,100.04440916662045
95.0,99.48824866168619
94.0,98.54495055592021
93.0,99.21291852483962
93.0,97.81429174233489
92.0,98.0915379191028
92.0,98.05921261265333
91.0,99.27860048277758
90.0,99.85741277385979
90.0,97.7483716619621
88.0,97.11287910563154
87.0,96.60564683054842
86.0,96.64449071391887
85.0,95.33989159456517
85.0,94.88802993423383
85.0,95.06275921165003
85.0,94.7683355753331
85.0,94.52329984047239
85.0,94.74981767921018
85.0,91.86234445767637
85.0,91.09965114219756
84.0,91.09965114219756
84.0,90.3114298893143
84.0,89.03148351517639
85.0,86.87199467961521
85.0,85.45792688383574
86.0,84.71367697954958
87.0,84.45188999418592
89.0,83.84523523826283
91.0,83.95010965925228
91.0,84.43676400918302
92.0,85.39357364327721
92.0,85.6730764583537
93.0,84.53446081202436
94.0,85.18653422070928
94.0,85.18653422070928
94.0,86.65118286754867
94.0,87.97895553072262
95.0,87.7792030731308
94.0,95.84955220711852
94.0,100.73493578024686
94.0,101.9592291632443
94.0,102.62738366558386
95.0,102.0507842358092
95.0,102.24895152200286
95.0,102.0114123321787
96.0,102.50109418113531
97.0,102.76664649359155
98.0,103.82993890627417
98.0,103.4406247949213
99.0,105.11114833336006
99.0,102.09427347832342
100.0,102.91925783473297
100.0,102.442584192797
100.0,102.27905736081848
101.0,101.6619516294011
101.0,101.5991717931378
101.0,98.78377370730348
102.0,101.35188063035284
102.0,102.61790240777029
103.0,103.32272185104154
106.0,104.0217246038213
107.0,105.42029281528228
109.17003020559704,105.56969152436108
113.23863156521534,108.26763060503622
118.68086665165984,109.08741783870576
124.97179803773548,110.07658184408982
131.58648829624724,112.4290684891581
138.0,113.29024985577053
143.0,112.70251549275045
145.0,115.60287486966793
149.0,114.87950965036826
155.0,116.02281038064639
164.0,118.639307833619
169.0,118.84615308703772
170.0,121.0147966851217
173.0,129.75382091504713
178.0,133.38396018454785
182.0,164.6429398190693
184.0,164.76550177042816
187.0,167.1652209130493
190.0,177.6853499035416
195.0,165.8633796993274
197.0,154.87809391692704
200.0,160.15054349910207
201.0,163.64700748668835
202.0,163.32989129040993
202.0,157.51475358075834
202.0,159.2193683374189
203.0,160.32805999593208
203.0,160.195528195255
206.0,163.81027848063604
208.0,161.81113915185333
206.0,167.01253542663937
205.0,174.06247575201562
205.0,170.9548408898979
203.0,179.56766849340235
201.0,179.8018537161164
198.0,168.00984320416867
194.0,172.5876717874293
193.0,175.57959389965896
190.0,176.28171839191126
189.0,185.22028966075922
187.0,194.53613718107368
185.0,193.88295774026923
184.0,190.38564693339703
182.0,191.44254120189316
181.0,192.17438179006732
180.0,180.9249377390294
179.0,174.28726825928075
176.0,173.90296420724425
176.0,167.28470765054035
177.0,165.8140403186995
177.0,162.8354511299425
177.0,168.27894915081464
177.0,166.49329388569396
178.0,163.1121371272278
180.0,163.86089101954065
181.0,162.5457671730676
183.0,160.9760303302846
185.0,164.12193683805506
188.0,162.23345689114169
189.0,158.07833122454372
191.0,160.4308136170245
194.0,161.8851431410577
198.0,162.7885613489366
200.0,170.6880852629463
203.0,170.05093384086055
205.0,178.69486720772426
208.0,182.06021145828373
210.0,182.63568393173244
211.0,187.56385047556404
211.0,189.3447168885905
212.0,194.8248073111679
211.0,197.65434826748935
212.0,198.0731055127373
214.0,202.7167759028128
214.0,209.32173820329493
215.0,208.29619128779677
217.0,208.50179398731782
223.0,210.56362879235314
223.0,213.16651266557693
223.0,213.43206570777787
227.0,217.21629588397988
232.0,216.00415360207154
237.0,212.6905699866153
242.0,210.50791543737884
246.0,210.1175703016526
252.0,210.35269108675868
263.0,210.77708380471657
267.0,209.1536538152692
268.0,213.92788024568628
267.0,219.69991650849124
272.0,220.77395379160706
276.0,220.0898274151626
282.0,222.43640694967564
287.0,225.91346109362658
290.0,228.46628891211125
296.0,235.31410802492738
301.0,245.15001223672945
308.0,254.74954556808112
315.0,258.4982940798155
317.0,264.38393786359666
324.0,261.41662898876524
331.0,260.7322159126903
334.0,261.5352133852078
337.0,271.4957055019085
339.0,277.8436247000942
338.0,282.2488052695691
338.0,284.35258845915325
339.0,258.683020477891
342.0,259.54880019102774
340.0,262.35922230196473
340.0,269.275268154638
338.0,260.2797582162893
333.0,250.9332785381841
332.0,249.6526893075144
331.0,249.63110238009995
329.0,250.99809396768876
325.0,250.25738654516147
319.0,247.3759556149096
318.0,246.13549605352623
315.0,257.675195579433
308.0,281.0853981036862
305.0,261.9755339591355
302.0,262.45831847188765
300.0,264.1578929916857
296.0,254.39887304161763
293.0,253.4540914682041
290.0,252.68241151128203
286.0,255.95895576578025
282.0,257.60271150469936
279.0,247.68945623966644
277.0,249.6441438257547
271.0,255.10300792738448
267.0,240.5637710400338
263.0,231.32443286925448
261.0,228.34969775749823
259.0,229.0673566010891
259.0,225.56692319412326
259.0,225.07029884748087
260.0,223.85248372737956
260.0,218.4945146736357
259.0,217.5376977628521
260.0,217.97119614877445
260.0,217.2029544108281
258.0,207.90312261812977
258.0,208.32609044579343
259.0,199.29708755508244
262.0,201.08848962404062
264.70770849729473,204.106116494277
266.4922633810949,215.34067867095527
267.474120182941,221.15187984125586
267.7737344343734,223.32135502911956
267.5115616669325,225.5948417729983
266.80805741215863,226.63606746847805
267.0,185.48100079751515
258.0,187.61874866620653
253.0,186.92539978916054
248.0,186.22251829277323
239.0,185.85379041993988
225.0,187.04396549236483
211.0,270.6876179593253
197.0,275.3768886841263
182.0,272.0603168510497
171.0,267.80720999155255
161.0,267.4519589588967
154.0,253.70080403649968
146.0,247.6698320336789
140.0,218.41321173468734
137.0,218.7226499737133
131.0,216.9032433214208
125.0,207.77931657645695
122.0,181.58883521372357
115.0,156.97641603347603
106.0,140.236086427636
98.0,130.7382005366988
92.0,118.38261218602385
88.0,112.04389400402682
86.0,102.3258045501756
84.0,99.6838584062043
81.0,101.79004771074457
77.0,101.6037222655625
75.0,102.83456847876859
74.0,99.27697247777118
72.0,98.62396811726728
69.0,96.25502124704516
63.0,91.51000259835048
57.0,87.89626760924189
52.0,85.87439665865644
50.0,84.08802216312378
51.0,83.64350377838474
55.0,87.8031047866629
59.0,86.5595155239295
62.0,88.1875656634218
68.0,94.26676037202766
73.0,90.40130718177974
77.0,90.56187917210691
76.0,90.7646222872552
76.0,103.11577013986467
77.0,97.2448664828283
76.0,93.40624561904336
77.0,90.4313030442139
78.0,79.59428554977637
77.0,79.62212378456717
75.0,84.29135056850622
75.0,110.23480357241479
76.0,111.50611860201283
77.0,127.03988166102684
80.0,141.84841871740778
82.0,146.70245856202678
85.0,144.96057756196194
88.0,145.26670218529037
91.0,143.21081350261997
93.0,142.21744019484416
94.0,128.46083687720883
95.0,114.39112646866582
97.0,110.80994876095893
99.0,108.97086598129808
100.0,110.09127492932191
99.0,111.60316412322102
98.0,125.82424089527949
96.0,127.54782897857041
95.0,117.42880692801616
94.0,128.56775858441682
93.0,134.3771119250435
92.0,138.48281085195867
91.0,139.63259915238376
91.0,139.056737798513
90.0,140.0001915183319
89.0,137.0387954928435
88.0,135.70109517898055
88.0,124.8589971409301
88.0,117.44539391517534
87.0,114.99515057388783
87.0,102.9530126842399
87.0,104.04661053052762
87.0,103.91171440097466
87.0,103.85367754417034
87.0,100.53772646821413
87.0,99.74193511725596
86.0,97.7049819588566
86.0,93.25442380445925
85.0,92.5001856447558
84.0,92.0827773889822
82.0,91.95474546741778
81.0,89.51364331620563
81.0,87.51894804167506
80.0,87.6391236882858
79.0,87.84161594926798
78.0,89.2114269260191
77.0,89.39435733021728
76.0,89.41670402135617
75.0,88.7804421628118
75.0,87.33964031655327
74.0,86.25799986545067
74.0,84.91322418324408
74.0,84.24391369755159
73.0,84.14224173468395
73.0,84.3134030961655
73.0,83.4762877594496
73.0,82.87882421071588
73.0,81.19663204083463
73.0,81.77062094658447
73.0,81.23551710577523
72.0,80.97791314575949
72.0,81.40076592962005
71.0,82.18608133860278
71.0,80.36051867546868
71.0,80.8375260619265
71.0,81.33255094818023
71.0,81.76799329026629
72.0,83.19582211024677
73.0,83.70110643776086
74.0,84.29296547652206
74.0,86.39356961227001
75.0,87.87726242429689
77.0,87.87726242429689
78.0,89.3655297646222
80.0,88.05422410933198
83.0,88.23137941980342
86.0,94.19627809353499
89.0,94.19627809353499
79.0,94.28762866726605
81.0,94.42885762287737
84.0,101.77726009072845
89.0,100.66253350530357
98.0,107.35304218428136
114.0,110.05453927975901
130.0,109.38494056228288
142.0,109.70605287185245
152.0,105.87461128596101
163.0,107.6498560414129
174.0,109.42174423019858
184.0,117.23613178233009
194.0,99.22832409897151
201.0,154.34292615099693
205.0,157.3701097785487
208.0,167.47288945059307
208.0,177.26239923181151
209.0,170.12237885259233
208.0,165.42397434136328
205.0,159.22971999309993
201.0,160.61056290681907
196.0,157.3134977045582
193.0,161.38695988944937
191.0,173.75762566508592
187.0,171.08247671369432
183.0,173.02553602032845
179.0,164.92365264780733
175.0,170.77501759430442
171.0,168.25954998857512
164.0,164.8154896691819
159.0,164.20048572349648
153.0,159.21735103296308
147.0,134.73141070212293
142.0,139.84632227548116
137.0,138.14718754460876
133.0,136.62940069056802
128.0,132.0442812021875
124.0,117.92370523623167
119.0,113.96332475104086
116.0,114.33477050804416
112.0,113.2360470196919
109.0,110.98690679973839
106.0,109.83163261909795
102.0,104.84132790491613
98.0,103.03948496733206
95.0,102.34722408703863
93.0,101.0829791077534
90.0,98.85364867941465
88.0,95.64439809028343
85.0,88.62361460530943
83.0,86.41851154121298
80.0,86.7590374570355
78.0,86.23467026235787
76.0,85.00518235767538
74.0,85.28947592305683
72.0,84.20270973451134
70.0,81.57339108773212
68.0,82.42075326298239
66.0,82.45977736979124
63.0,83.13067135295469
62.0,84.11896461015091
61.0,91.46169466467776
59.0,91.07275153179653
58.0,91.15324651176086
58.0,94.23321010876715
59.0,96.18236568593503
62.0,95.55266880529827
71.0,95.98315574085215
79.0,94.95111429930459
92.0,94.52090334295947
104.0,95.46896362907238
118.0,93.59875669798355
134.0,92.41507675376734
146.0,93.77286818327987
156.0,96.10868078138913
172.0,98.23177300416381
188.0,100.07708477357541
204.0,101.54245774577643
217.0,102.81200625551841
228.0,113.30520863342599
238.0,124.00569177873838
245.0,144.76296408635903
251.0,159.78547841593263
254.0,158.5435288947199
254.0,166.3658160062273
251.0,169.57955906487953
247.0,181.4343127931895
243.0,195.41081174754777
234.0,218.94550844906524
225.0,201.8922206675187
217.0,213.31646364464848
208.0,220.1507823907246
199.0,226.22132094385074
190.0,218.80329904816062
180.0,225.98233615756322
170.0,221.84464484005133
162.0,220.23145543472813
152.0,215.9309305663519
143.0,197.0993754313873
135.0,186.16256260298113
127.0,177.31069368118224
119.0,162.24252297647277
110.0,144.61131349279486
101.0,144.70481985383375
93.0,136.8006700162878
86.0,133.2753363194486
79.0,117.08365894114208
72.0,111.70692968907834
66.0,103.21095398701684
61.0,101.58741807910246
56.0,101.72078694865316
52.0,98.92491227677853
49.0,95.16180998427089
46.0,85.82597204814496
46.0,86.4255353742608
48.0,85.14830498922564
53.0,86.13879014381222
57.0,80.49663498869245
59.0,82.75120982133721
64.0,83.84560235385361
68.0,84.59587305959751
72.0,84.9635683251233
75.0,108.02538296095034
78.0,104.15496812914313
81.0,99.32629260311496
86.0,97.25347706897234
91.0,91.53685863310015
96.0,89.61259122826313
101.0,94.05095361312283
105.0,106.16333196493758
107.0,106.48682078665078
109.0,112.39014888553127
112.0,124.4756980333603
114.0,128.9161845318787
114.0,136.96775095246295
115.0,135.78174226057504
116.0,134.92556993494946
117.0,138.8281991327283
117.0,147.24337034853085
117.0,153.16720150183994
117.0,155.93136708259368
118.0,151.68529986957083
118.90002860002916,142.90511617697376
120.16131715501427,140.37888058041386
122.84194713249224,137.88160484412995
128.0,139.17700008669928
136.0,132.86628951531358
145.0,133.05872891785404
154.0,140.21303599957034
161.0,139.9466565521857
168.0,136.06327574068075
175.0,134.16209526627063
181.0,133.75139155632942
188.0,131.38906060983334
195.0,158.53807736644208
200.0,161.62497336256024
204.0,169.10065716269642
206.0,177.8964383641523
206.0,187.9517459200127
207.0,194.4799407202707
205.0,190.93741141290113
203.0,185.5336980870164
201.0,182.1991232582757
199.0,188.75504752520754
195.0,177.09877334723774
193.0,185.94028258969243
196.0,195.1556228606206
199.0,193.48000062152158
201.0,187.2996980240392
202.0,185.45635839213145
200.0,172.2793227106137
196.0,176.53080477193936
193.0,176.83829378904142
191.0,178.06050158721246
188.0,155.81645120809378
188.0,157.73592585967276
191.0,156.5556570723574
192.0,152.7600374636091
193.0,149.31932111677926
192.0,152.20296005172764
188.0,164.5535662035142
184.0,170.57553728054106
177.0,169.64096506664632
168.0,172.86732106480846
161.0,166.11910350030917
158.0,166.53570883411405
158.0,172.75948746586303
163.0,171.04090793018673
172.0,178.85456276166255
178.0,180.89758349236106
185.0,182.22565340185994
190.0,179.65367580224174
194.0,174.9349709504179
198.0,168.36279720317296
204.0,160.92258429224495
209.0,149.80614414591858
213.0,137.55102768792807
216.0,135.0138808934288
219.0,135.26687130723099
220.0,146.47019819789276
220.0,163.28058084682687
219.0,176.07234584905208
218.0,186.74670566714752
216.0,195.6708978888201
214.0,203.11242389306088
211.0,212.87223360120467
210.0,217.21901005394167
209.0,215.66646277079127
208.0,223.59710963379092
208.0,223.3149171147984
206.0,225.14006887221922
205.0,228.42724773025952
204.0,222.72837684112181
202.0,226.0264023683788
199.0,225.68645186237845
198.0,218.6747397082312
197.0,205.7213247223754
196.0,200.26367125368503
195.0,196.74531332125113
194.0,203.7130781700949
192.0,202.29744500916215
191.0,204.29810219328243
189.0,202.08731539954582
186.0,198.11225609880697
184.0,197.51093345314592
182.0,195.39079730511384
181.0,193.5039992265431
180.0,194.35003054318494
179.0,193.48148262877774
179.0,192.31601081894286
178.0,191.76307362249673
178.0,192.76559407698448
178.0,190.23609954574613
179.0,189.5831727120428
180.0,191.09713590989958
181.0,188.10362153519773
183.0,188.6337930693611
184.0,186.25544093108886
184.0,183.44136109861836
184.0,183.24259970261912
184.0,181.55614998035392
183.0,183.87312030727816
182.0,182.80344674742824
182.0,182.81227256836078
182.0,182.08304853174494
182.0,182.03015051877722
181.0,183.92003337006918
181.0,185.6674325460603
181.0,190.17720144563572
181.0,189.56268245762377
181.0,188.6214486033378
181.0,188.80430106903322
182.0,189.35453998686359
182.0,188.27348104541082
183.0,184.855855851352
184.0,184.3570006656141
185.0,185.27584948244368
186.0,184.69126614026183
187.0,180.38977638916367
187.0,180.01011470087175
187.0,178.8162865345848
188.0,178.82396333406535
188.0,178.3780818357387
188.0,180.46256961573323
187.0,184.27022683617182
187.0,182.9127032933765
186.0,186.2025820603952
186.0,186.32625725675652
184.0,188.24151902499392
184.0,190.32937447384535
185.0,192.34901683650412
188.0,192.45699574370195
189.0,192.65215229226763
190.0,194.08536771314164
190.0,194.08536771314164
191.0,193.1546249977108
193.0,189.08179961806962
194.0,189.17062076936173
195.0,188.18730315499266
197.0,188.6561306673674
199.0,190.3938972195486
200.0,190.6102163812914
202.0,191.91256952561196
202.0,197.4797691586495
203.0,199.39587927582514
204.0,199.3963614804561
207.19421907807669,199.65982292618574
212.8397837962673,200.2366500768461
220.32959397901493,202.60319302197857
229.05654945076225,203.1451874022021
238.41355003595245,207.68008401991767
247.79349555902837,208.61561430085416
270.0,210.94849229917236
272.0,209.8775330321888
267.0,209.44651781963813
265.0,212.4668097732289
268.0,230.29723742505175
267.0,240.42680827536597
266.0,248.15093501224302
274.0,250.50959338761717
273.0,179.2777972363416
269.0,177.2802642497685
261.0,246.35115050122937
256.0,239.24224788926685
249.0,214.17345604047733
244.0,202.65688374002687
242.0,208.56576741890703
239.0,208.30216465482377
235.0,212.00088830636258
230.0,218.34710575160452
223.0,229.0926801167833
216.0,220.9914917975674
209.0,220.82896684832565
203.0,214.14500294638145
193.0,196.2775738562533
182.0,196.33150546033988
171.0,189.56545310765793
162.0,185.13361224141354
155.0,179.37226234529425
150.0,186.54171093431938
146.0,188.10353484231896
143.0,185.4591354072521
139.0,178.04801134013007
135.0,169.65382190182845
130.0,156.24775099827016
125.0,146.0021401469175
121.0,136.66272862159096
116.0,127.76990751375304
109.0,115.91852633608936
105.0,101.47474393872395
100.0,101.33406117855897
95.0,99.6735092396082
90.0,102.77865416587719
86.0,104.68725231110619
81.0,109.34526531979903
77.0,107.01679690387283
72.0,103.68706671157263
67.0,102.21545609211785
61.0,100.76374702029361
58.0,101.24305653718972
54.0,97.65121288748229
51.0,96.74524287496841
49.0,95.94512071156475
48.0,93.26004143363097
48.0,92.23865112970519
48.0,94.45925097768631
50.0,95.37588002044114
57.0,97.09165748802478
65.0,96.9872277629476
69.0,96.87987719768206
75.0,94.66919508417307
80.0,91.6009334153664
91.0,86.40988405447159
106.0,85.4589080408367
117.0,82.49075518969016
127.0,81.95008461275171
134.0,82.18362414535622
139.0,106.0917550144096
146.0,103.92224171059041
153.0,123.01589609403305
153.0,135.72595659283544
150.0,141.24629926367115
145.0,148.07544873720215
139.0,150.06783664088704
132.0,161.42985779291035
126.0,164.1223201838535
121.0,160.4426240457223
118.0,165.35310113617066
116.0,162.141696291985
117.0,155.77678684097995
116.0,160.07916043401022
115.0,171.93793316071526
116.0,166.70394936063664
118.0,156.74012648732716
121.0,140.4691536261609
125.0,128.6719700191971
129.0,115.45725731956517
134.0,116.28776274829806
138.0,108.30488528865038
138.0,107.33013727185158
138.0,109.18730854363557
136.0,109.69133526510932
136.0,110.91607447163986
136.0,111.13510021318083
135.0,113.89167911191049
135.0,116.32988078993377
134.0,132.88736605928545
133.0,139.68532190369032
133.0,144.41959279461972
132.0,151.70674435978495
132.0,157.069215541194
132.0,153.23726725731888
133.0,150.45356168842312
133.0,146.43997862939952
131.0,147.85809156201813
132.0,143.6336590692869
133.0,139.88876233672477
134.0,139.71343487011924
134.0,139.62085815639273
134.0,136.78373896063826
135.0,138.02965115117206
134.0,136.44933780390892
135.0,138.38359246065667
137.0,138.38359246065667
137.0,140.89326226008103
138.0,141.63053890516701
139.0,138.4439816080803
140.0,140.1661592498332
140.0,145.14056200326337
140.0,142.42573908524972
139.0,141.89363741363746
139.0,142.42938662184272
140.0,145.88423024893686
140.0,143.77776180172017
140.0,144.78447485043085
140.0,150.0125658126084
140.0,149.26657383079848
140.0,150.51334631086908
140.0,151.40048099328558
141.0,152.37781634814135
142.0,154.2028015430593
143.0,154.90188032990076
144.0,155.16889798490124
145.0,154.65045503128414
144.0,153.92549472126606
144.0,154.0672404385097
146.0,153.371008920569
146.0,153.52018897949185
146.0,153.467861943117
146.0,153.467861943117
145.0,153.467861943117
143.0,158.79506232070082
142.0,163.02465770405473
133.0,166.05790016920267
134.0,168.27485502553216
132.0,168.5774153696538
131.0,166.97571958068522
132.0,167.20397713869167
131.0,171.0801743846159
130.0,169.92192902490382
128.0,166.65028412947717
127.0,165.29075161751194
124.0,161.9588028093128
124.0,162.24874463778198
123.0,156.51285264199933
125.0,138.97537844983498
127.0,140.47336549027833
129.0,136.34272299522488
130.0,135.26094406988435
133.0,135.22297011708568
139.0,135.0827132603041
141.0,134.94004827679817
142.0,133.32740179552164
142.0,128.84522763697035
143.0,165.0656098242377
142.0,161.2828044490432
142.0,153.9618341432793
144.0,144.76719429181392
145.0,141.76736454228958
147.0,130.82734834016404
151.0,128.7853444473338
153.0,127.19471922946572
154.0,134.65636811073384
160.0,140.82302184165968
165.0,133.4694548364298
171.0,132.91543228025958
180.0,135.73560557463534
187.0,135.20279723189688
192.0,134.9537094434614
196.0,142.57723984652853
199.0,143.31101955021455
201.0,151.05408653152782
197.0,157.87390261719187
188.0,169.82822772111152
178.0,169.07494837144418
167.0,176.80649436710277
154.0,184.09827179477324
143.0,197.7610311089796
134.0,211.52436149336904
123.0,219.97751742965144
112.0,226.81578211573446
106.0,230.48156214834714
101.0,231.2814080770287
99.0,233.28626430095022
101.0,229.32177068064365
103.0,208.11593793507964
102.0,190.89516708885952
105.0,176.3536179583656
112.0,149.77765179396133
119.0,136.24762533236066
125.0,140.29408172506103
130.0,145.34249141213968
136.0,134.3091905112636
142.0,131.33099048140483
148.0,128.75730257809207
154.0,121.68958317525009
159.0,140.58229526803598
164.0,117.51948673435486
167.0,116.35131752351344
169.0,124.50952826094282
170.0,128.30657489134074
170.0,141.76289040012793
168.0,153.11041602745777
166.0,151.5302505015098
162.0,160.63933909620806
156.0,162.42025511400485
151.0,168.62367594135262
148.0,175.6415181097408
145.0,178.0848845627822
143.0,171.9035374952171
139.0,176.1166421972536
135.0,180.90792240125649
132.0,183.9454698792439
130.0,183.57646362768142
128.0,185.98510584564582
125.0,182.89807069867737
123.0,170.39737894271437
119.0,166.99166977760035
116.0,163.15057998063423
115.0,156.884774048369
115.0,154.0827642860654
115.0,153.38762291469016
117.0,145.5732530573439
118.0,142.06976830330947
118.0,131.36077524377245
118.0,130.2353985811159
118.0,127.86374340807608
119.0,118.34263257971169
120.0,115.19069048859326
121.0,110.52734715213022
121.0,109.94399808763617
122.0,107.69776861318142
122.0,107.18485036767545
123.0,106.98215897885471
124.0,109.00420293494142
123.0,112.80728942970192
123.0,117.11622392420736
123.0,117.99511959485054
124.0,119.18939823689851
123.0,120.21762402244421
122.0,123.43806975248576
120.0,123.79431341939546
119.0,123.54324902108597
118.0,125.03555055860124
117.0,125.0983301099238
117.0,126.89922272342527
116.0,128.03239041382287
115.0,128.44858726304102
114.0,128.54587842042838
113.0,125.7111012812129
112.0,128.87422477506183
112.0,126.07776005214218
111.0,125.22825685725218
112.0,123.15389373164396
112.0,122.53073183055807
113.0,122.39981582406065
114.0,122.537630711994
115.0,122.12451026951918
116.0,120.57236294716077
119.0,118.67442178558854
121.0,116.54081127123382
123.0,116.09397921530504
126.0,115.11169574054125
129.0,114.96055677254793
131.0,116.53882076372068
133.0,117.1321987191202
136.0,117.01326258885224
136.0,122.02483274488152
134.0,125.72521615534387
139.0,126.76911798988783
147.0,127.5518909318115
154.0,128.8724053531341
160.0,130.75067408463988
168.0,133.3088330183283
173.0,139.75064570646686
178.0,150.87360703169017
182.0,156.17882125621358
181.0,157.11056941840417
180.0,168.63728276242213
182.0,166.11813165094776
186.0,155.03282334313823
188.0,159.01734234821654
190.0,170.87158093486843
192.0,165.5714536924187
192.0,171.8987567844598
191.0,177.00243032396273
190.0,178.10157355132912
188.0,172.1359576195946
183.0,173.36440283226887
178.0,162.223097584311
173.0,153.89899045049742
167.0,163.64162491579935
160.0,177.92219602784937
154.0,183.10761858104544
148.0,189.13989876829004
144.0,188.77398270518486
139.0,190.83038129029651
136.0,189.78050500749006
131.0,193.4404977851039
127.0,196.172824747434
122.0,182.261205153687
116.0,185.72863951305482
111.0,146.83918871950596
107.0,123.01830488157799
103.0,122.9558116015601
100.0,118.15690681334088
100.0,116.0151223152374
100.0,116.23001233276548
98.0,117.31674261952891
95.0,117.08548811343493
90.0,116.85053825775275
88.0,116.19766313889352
86.0,114.07532240909715
83.0,114.06179805532925
80.0,98.4471094818965
77.0,97.23841438928682
75.0,96.80632584976026
71.0,95.98475377201157
70.0,96.55399651042113
66.0,95.50450401581217
64.0,94.18457811629943
63.0,93.68515540480406
61.0,87.8998883253853
59.21259459895345,92.7632595044136
58.017119623006415,93.02353242316104
57.37085023633755,90.21184165828852
57.231061603125525,91.27200661038235
57.55502888754906,90.37543961003445
58.30002725378685,90.3650879495017
130.0,186.95730339919552
135.0,187.50707605713836
140.0,188.04053018180105
144.0,188.04053018180105
148.0,194.42135103013663
155.0,192.0708383622632
165.0,134.74734717334275
175.0,127.49110182968768
183.0,132.5755961238464
191.0,141.34630713418719
200.0,142.78845067546618
208.0,140.18552115515345
215.0,155.82533958518457
221.0,156.0525094814473
229.0,163.44743309465125
238.0,159.24276939311738
245.0,151.0916003597742
252.0,158.22325421210425
256.0,156.3468079708784
256.0,164.33648317320504
255.0,171.82908385968838
251.0,177.88206442105496
247.0,187.49832209678954
247.0,191.82178462730826
245.0,191.48125284279388
243.0,195.78388134699858
243.0,213.475628707148
243.0,228.97798156887262
242.0,245.5132932312197
240.0,251.79905173032202
238.0,257.9720427111596
237.0,257.298133696856
237.0,259.1196203308111
236.0,254.22366285228526
233.0,243.47202120264762
231.0,230.20889692916398
229.0,230.76606984446067
228.0,218.93332397256506
226.0,220.19920913133035
225.0,223.09743934068504
224.0,228.23407355397134
222.0,224.8835961862514
221.0,221.56570200532857
221.0,218.59215544603842
220.0,217.45954182287716
219.0,213.91433894621883
218.0,212.35915319634685
218.0,212.23222754468114
216.0,208.0200741097591
214.0,207.76180340297898
214.0,208.55901321413475
213.0,210.13959679817017
212.0,216.07460174288556
212.0,211.91454659268956
211.0,211.18697012581623
212.0,212.24585268511763
211.0,209.58191362550843
211.0,209.93094223371625
211.0,210.54458528265292
210.0,211.71887338861052
209.0,208.28678520508956
208.0,205.45456774867503
206.0,204.40036183259036
205.0,203.69894235897684
202.95674676714864,203.34304561214242
199.59605891807232,203.8896046205927
195.46898838479524,203.65727370190268
191.1265870993414,203.60324045535398
187.119906993735,204.99518597990243
184.0,204.38484315104796
182.0,207.4389514324655
180.0,201.03313397817115
177.0,201.03313397817115
174.0,199.41982520065451
170.0,196.7208431419909
167.0,195.94646719364314
165.0,193.28953617515106
161.0,193.2046648850613
157.0,189.14874665476853
154.0,180.80766565206608
151.0,175.1145044292515
149.0,174.41847512230268
146.0,171.30908356985614
144.0,169.6777708102266
145.0,164.18003793464197
152.0,159.49219009063526
162.0,151.1689948247774
171.0,150.08610978489176
182.0,152.16639930553563
197.0,143.72570821217008
210.0,138.99249243605328
223.0,136.25890981171858
233.0,135.94242728804923
237.0,169.3951001101009
233.0,169.53158571166992
229.0,173.82950086122307
219.0,174.6257800790608
206.0,182.9155193603566
193.0,193.95941308093396
180.0,206.91363372690267
166.0,217.0825737138978
151.0,205.11452990271226
138.0,202.43695797718755
127.0,218.65506497667792
115.0,216.3378389194316
105.0,216.11926350348338
93.0,205.08204171662842
88.0,198.1195685848966
80.0,182.3143496935877
74.0,150.89067199934834
67.0,145.65263340134422
62.0,116.86111458521093
60.0,96.31910944803239
59.0,93.97126130314739
58.0,93.59531771471934
59.0,90.7598006282838
58.0,89.60023278978363
58.0,86.20610586938687
61.0,96.81675989867495
65.0,94.9185720324187
61.0,92.33176261860581
55.0,91.7545990375877
53.0,95.2179158767373
52.0,95.42396811711217
52.0,96.73113767259433
56.0,89.34100161280497
61.0,90.61133439507944
66.0,93.8025856520798
70.0,96.91560133100324
73.0,97.01106183616332
77.0,98.7250148472206
81.0,113.81575154119993
85.0,112.16822547543377
89.0,99.19698512261633
94.0,98.16204737569993
99.0,98.2317964877977
104.0,96.02149714871983
108.0,93.03063976815827
113.0,94.84813786245424
118.0,108.3280183033494
123.0,114.21774752441786
129.0,128.39372361720567
133.0,139.56952225568517
131.0,142.58242823025373
124.0,141.94252863610606
121.0,152.96798290988247
121.0,154.18511429863855
126.0,159.59532760770594
131.0,164.4219281406422
133.0,167.1474988553512
135.0,164.91255959315666
140.0,148.94263053522712
146.0,146.1899116439182
150.0,156.68180523613924
155.0,158.00143556185623
158.0,150.6384993405017
159.0,138.52066750688783
162.0,135.8906830512718
164.0,134.54894088208204
166.0,136.50480400546988
168.0,142.2419984549143
170.0,148.45740484839945
172.0,155.92255461061472
174.0,155.07774476858827
176.0,171.16163755542448
177.0,177.360332040102
178.0,172.6679331712664
179.0,173.63484848212278
179.0,171.4215809577867
178.0,177.04630528657356
177.0,180.46870434245636
175.0,179.38160682034268
173.0,181.50865114995804
171.0,184.8807073449764
172.0,188.0803087333724
171.0,188.05270436999902
172.0,188.5082290984124
175.0,187.44830454177023
177.0,186.59684206022357
177.0,186.1208425190408
176.0,185.91624268036324
178.0,186.49722133259826
179.0,185.94760100942946
182.0,179.77112673035046
185.0,175.37175298332983
188.0,172.56750410742046
190.0,175.40263026942603
194.0,177.08380292900662
197.0,177.5484899404198
200.0,181.051928412929
204.0,185.27128050327303
207.0,183.81910238681772
213.0,180.13791953803724
219.0,182.4470914002473
226.0,182.77852019893817
230.0,187.3762669638709
231.0,192.01566705459334
233.0,196.6371236932013
233.0,200.59841963131674
233.0,206.96768782553636
233.0,210.82215284885277
232.0,213.5402197837009
232.0,216.40216290171676
231.0,216.3148411474062
231.0,224.8177739675601
230.0,229.09069869068531
229.0,233.09670172275978
228.0,234.2586823420663
227.0,233.1742574251836
227.0,235.3150870435468
226.0,237.1077959436585
227.44919356758857,238.53516160595333
231.8273802759832,237.93043126997813
238.3654215667491,237.2356594365844
246.2941788814518,234.66774335523323
254.84451366165652,228.64544836311333
263.24728734892886,229.78684621976166
280.0,224.5466946077255
277.0,224.758006634502
273.0,224.16073829209517
250.0,247.73971824612346
244.0,254.4526644099923
238.0,260.5617382786037
232.0,176.77095323027532
227.0,185.91626679655226
221.0,190.5195146416276
216.0,248.61056602192102
211.0,244.16399641787228
206.2531909353314,242.0734981035393
201.93693369245756,238.88379915083266
198.03543290285648,220.1274401995327
194.53289319800612,204.15612929358866
191.41351920938445,208.0422491685684
188.6615155684694,202.8610665279449
155.0,183.1248945542981
152.0,183.1248945542981
150.0,183.1248945542981
148.0,183.1248945542981
143.0,183.1248945542981
139.0,183.2023643394606
134.0,211.47076664224838
132.0,195.32623249350087
132.0,186.64214484252872
131.0,181.33889093454243
130.0,181.77156113012276
129.0,177.88358241714042
128.0,160.92610748220048
124.0,155.9066604035684
117.0,150.76501309382635
112.0,149.0594274423021
111.0,142.85960562222746
115.0,139.219889395627
111.0,134.6105806028019
108.0,127.68059712733941
106.0,126.59634322524484
105.0,126.65010442775439
102.0,125.05977138222353
101.0,123.51885352702512
100.0,124.28823362700349
99.0,115.64842910973267
96.0,111.11664842027857
93.0,107.85460454091633
92.0,106.9450298600785
93.0,109.80459018086783
102.0,106.28441693007105
114.0,102.25671658210115
121.0,101.79415031277979
127.0,101.47197768108306
130.0,100.77909904172262
132.0,100.48298191925761
145.0,105.37373752871466
149.0,104.89088464059017
144.0,103.78445279112587
144.0,104.8705578753758
144.0,121.60750289658164
140.0,114.75235864235292
137.0,123.0609734161767
144.0,135.36075196912304
144.0,137.3906320444745
142.0,143.6425923809178
139.0,140.88771977417287
127.0,140.15745455478014
134.0,159.11035693734178
136.0,156.40633433091574
139.0,141.7822379978208
141.0,141.18681673687303
141.0,140.87654212146123
132.0,140.5919940856823
129.0,136.25888139514356
125.0,147.61834694482545
113.0,153.7559122668665
107.0,145.8771651702901
103.0,137.60370192697619
105.0,125.03766729367892
113.0,129.9931155531204
122.0,138.0234167888171
135.0,139.56997114916973
150.0,152.16404822091107
155.0,147.06013440723788
168.0,133.95065472006843
172.0,126.03450835622537
180.0,165.49987484175261
195.0,155.3490535209877
204.0,151.4875669602234
205.0,143.86749472153068
217.0,147.30878149370713
225.0,151.7555792796792
235.0,163.3311917663206
235.0,182.31302177179808
232.0,197.29649724314268
225.0,174.91540686548885
216.0,171.61136791440626
208.0,166.06462615426918
201.0,168.35285889290384
199.0,183.9387369565552
201.0,185.68306402011532
196.0,184.28052361751415
193.0,195.3130063712319
192.0,217.60368056723968
193.0,221.07867180249022
204.0,218.63693731300052
209.0,212.8702362507395
210.0,196.81931409683622
210.0,179.6744359161016
210.0,159.01869744070544
199.0,158.646257920681
185.0,155.37143574245022
178.0,153.95081230345258
175.0,147.37834882775502
186.0,145.8116361876032
192.0,147.52980335801664
193.0,152.40002157064532
188.0,187.25201297270584
183.0,192.85446928845383
179.0,207.34046792577547
174.0,206.0227506983263
169.0,206.44878564175283
165.0,193.19131937299198
163.0,174.42103427456516
156.0,159.32000968526611
151.0,153.0855770530213
144.0,162.9935921016827
139.0,164.04200531101242
137.0,167.7596352400114
138.0,148.55382832779583
138.0,145.40831654327104
135.0,163.71549344692264
133.0,162.42700398196484
134.0,146.27663018602604
136.0,143.23702069647533
139.0,131.62103534278583
141.0,112.7736790595001
140.0,108.98692408901472
135.0,105.8637235166554
128.0,98.95496921763284
128.0,99.46092175670653
126.0,106.43351941226425
123.0,109.25929418656736
119.0,111.20195280775071
114.0,118.24763565245553
110.0,124.65289551584661
107.0,141.82612569031102
104.0,143.76077228489797
101.0,152.05428011333822
103.0,142.44192685344464
104.0,140.66014654855246
107.0,125.15043154222037
110.0,131.06342355161766
109.0,139.39152050905534
108.0,139.823992968274
106.0,109.82752815001702
105.0,109.77946546775856
105.0,106.46277083572842
104.0,102.75990488332752
105.0,101.70212848072212
109.0,100.16490696725907
111.0,104.90194360007715
113.0,112.82865021032013
114.0,113.70165303173039
116.0,127.2235986039018
116.0,126.41776011535245
115.0,127.5799693599454
112.0,121.55492011329943
110.0,117.29297645601974
109.0,118.36556872553977
108.0,119.72784024629273
105.0,119.27890801122162
103.0,125.41227366675156
101.0,125.8370433761482
100.0,132.11783129387464
99.0,132.0907811421887
96.0,132.17209298562491
96.0,128.24955014845244
99.0,128.70106042870484
100.0,119.38820916229113
100.0,116.63661729425102
99.0,115.96242480084972
103.0,114.68607332413467
106.0,110.96786998196572
106.0,108.12179094558324
106.0,105.37848906841083
102.0,102.80469934641312
95.0,100.7947878389442
92.0,97.58750292398265
95.0,97.51094330155284
103.0,101.54147072026888
105.0,104.72190851846129
106.0,104.6846418584467
107.0,102.05993615465842
107.0,112.07589664476826
105.0,116.4326495886215
104.0,115.85211552618503
104.0,115.99854628281082
105.0,112.76116802123938
105.0,97.48777701611392
105.0,97.72614497336583
105.0,97.64391739747511
104.0,112.36708033709942
103.0,113.43555582361272
111.0,117.99662645033219
113.0,116.95617629548845
111.0,117.49087364885304
100.0,116.89897267716783
97.0,116.16153156085161
97.0,115.40309636111652
96.0,115.92593505421968
103.0,114.8456597265672
110.0,115.78986053600502
112.0,116.98240364139144
110.72026513848031,115.23146712260721
107.28628520516672,113.65824458687771
102.34175587075272,122.35100488541097
96.53037280593183,127.01126019928346
90.4958316813977,121.17207071375293
84.88182816784389,105.20284702236992
77.0,99.79966203357581
79.0,113.42716763903664
81.0,123.47980199152705
80.0,124.68778513501444
80.0,121.99889828050712
79.0,109.1105806089441
79.0,105.79157929657698
77.0,98.53965524778022
77.0,144.83340794373834
77.0,143.25046231793286
76.0,101.86058415830102
74.0,101.2452700900375
76.0,99.92569853651261
76.0,99.9892630327033
75.0,101.65971934974482
74.0,96.32381150848039
75.0,96.71064933864655
71.0,95.66269169372924
72.0,95.84031521052798
76.0,94.91711114589845
79.0,95.3609134983859
83.0,95.67704024795165
86.0,98.25712033824543
90.0,97.45202856157319
91.0,100.87610683323248
93.0,101.306923409128
98.0,98.86224587420013
102.0,95.24424859522834
109.0,99.46906859598914
109.0,96.56482213647124
118.0,97.79955105498546
122.0,100.63867450979335
122.0,103.87735698002236
123.0,102.02989642839549
123.0,105.3805152539031
123.0,116.87702389346605
122.0,116.17908946860102
120.0,115.01485827674733
119.0,124.90146018415582
116.0,127.6633220416503
114.0,127.50449792908145
115.0,125.53511900280965
118.0,136.2148181592527
120.0,141.21331707725474
121.0,139.04496524893793
119.0,137.4412986106226
118.0,137.8517629977003
120.0,137.5600114811204
124.0,137.20636016144672
124.0,130.91754606525404
129.0,130.61195065553187
136.0,122.5893431882157
140.0,118.42536253662614
139.0,117.79003124741287
143.0,122.37350893111544
147.0,126.31980393320323
151.0,131.3669188315888
143.0,129.84754906018728
148.0,129.57182985350232
153.0,132.50485481276473
151.0,140.02298990855
145.0,140.6846413553364
131.0,192.3447705721845
112.0,204.41699222847595
100.0,207.25952444506464
96.0,203.1104751910987
122.0,203.4665266640573
162.0,206.49450773669935
185.0,217.09790281486903
193.0,175.32204501884658
191.0,171.59891413065517
184.0,181.95259435539035
174.0,176.28338270243955
165.0,151.8457818768117
158.0,136.6635215768039
149.0,119.10554474934263
141.0,105.350379376471
131.0,105.14584368804081
124.0,127.25705146602577
109.0,173.0260929152974
109.0,193.45897861937686
112.0,197.9702175566534
110.0,187.98386894360263
108.0,174.9566363479351
105.0,160.87276829418306
101.0,150.6942554580195
97.0,126.03752585115625
94.0,120.30244357454653
91.0,114.37754663020554
88.0,97.35899841300487
85.0,95.3361906507077
84.0,96.23890668047783
84.0,97.70373381012732
83.0,93.91771243111148
85.0,98.9923383516517
89.0,97.9473514605823
94.0,96.25310234819331
100.0,90.221501206115
107.0,84.29773268968886
115.0,81.48720228751745
120.0,83.64576106796919
126.0,85.97774009092127
132.0,102.84735998337187
137.0,105.66746642972741
140.0,105.69631138447365
140.0,104.57991085905573
139.0,107.447662984871
137.0,109.89826147749726
135.0,114.16949333263855
135.0,121.76903373595727
136.0,124.5872338462508
139.0,136.38807495844762
143.0,137.04586765843908
147.0,147.48417211349746
151.0,145.10630856886607
156.0,157.76822518418595
160.0,162.9864687515266
159.0,148.3892093462131
157.0,142.5009063838396
158.0,191.28086411616377
160.0,190.25362681397704
162.0,180.69949133823354
162.0,184.740289255449
160.0,194.27664718374942
157.0,198.47655106073321
154.0,198.45821718640505
149.0,181.51793496484618
145.0,181.2556105697692
149.0,167.12940587429918
151.0,158.69804475941362
142.0,148.07387931054157
129.0,150.01023038997025
119.0,158.4708932593907
106.0,165.58876361391452
96.0,165.03710036081156
91.0,159.60281840317504
97.0,159.93000286262586
102.0,143.95441483862157
105.0,137.78898662236443
107.0,134.74576365280433
109.0,139.190021557798
110.0,146.5571305721036
134.0,138.49062236634234
134.0,115.94356827050986
133.0,107.48616722075295
137.0,104.87747147621666
136.0,94.77755893071304
134.0,92.37046469607334
131.0,96.78650395774365
125.0,100.30050596437286
132.0,105.86864853174028
135.0,107.14167158362204
150.0,116.28816440692793
152.0,114.89451496711777
144.0,148.6036722440404
148.0,139.61168839142044
151.0,134.2238942759214
153.0,140.48234846429887
154.0,139.82255770395463
148.0,132.59334250401346
142.0,121.62474090810694
148.0,115.92880211581563
145.0,132.78242329335217
134.0,137.95298034685413
129.0,173.5796774492095
123.0,166.21923107974695
118.0,147.11347199727078
111.0,152.54958351142707
104.0,164.07561442251784
97.0,163.27563979651714
90.0,168.46591480712522
82.0,153.7402462581198
69.0,150.2820613907571
63.0,153.17666084600054
56.0,154.84478588944646
56.0,150.44412745183922
51.0,150.87870612602833
40.0,131.61547974378396
40.0,120.928367014156
40.0,112.41547280276903
40.0,100.65007460749463
40.0,90.95976614568015
54.0,84.14147695190164
61.0,86.35448851810011
62.0,75.32344514554713
61.0,74.55990093216317
60.0,86.47256757084857
54.0,87.85656098593034
40.0,88.05186270309723
40.0,83.51480913629484
40.0,84.22111262145118
40.0,84.20050398293377
41.0,85.43630944484171
46.0,81.99498227232344
48.0,102.7688874585631
53.0,99.72727714904703
57.0,100.4757267843175
56.0,107.52927527215041
56.0,123.40803892198115
62.0,111.61402855603724
74.0,83.72606533980353
88.0,81.44951882302696
96.0,83.17867859430554
99.0,83.16722833946538
85.0,84.49247112719172
69.0,84.82220104480078
63.0,99.84496016983861
59.0,97.98392147166986
72.0,105.7551731647024
109.0,128.53525687800263
135.0,134.8446652119587
152.0,148.80637335389235
162.0,160.95825895453262
170.0,172.28406227984908
175.0,174.06811575071228
179.0,181.37983955823327
177.0,154.43633540050052
161.0,117.08537378303109
147.0,104.10092867936746
141.0,101.70318183687493
141.0,117.85110668371114
145.0,180.63435553566183
150.0,196.6490430575614
170.0,203.9963544001606
190.0,203.48943470988985
203.0,209.24480098220565
210.0,212.68987408453896
215.0,216.75952179626572
221.0,212.85397432425745
227.0,190.49921292562527
232.0,155.17840698041283
235.0,153.70166882676244
234.0,156.06630806854244
230.0,165.2682403716741
227.0,170.19815532708702
233.0,200.5872046543722
232.0,222.43747402678608
232.0,229.89661826105277
230.0,237.04353087260105
227.0,243.00961019955562
227.0,241.4804361172152
221.0,231.2966531307059
205.0,233.10235610883862
191.0,236.21000553003202
183.0,240.23257479291382
180.0,227.95722748437612
180.0,225.33465065935155
181.0,234.395379524826
180.0,229.67771680307607
177.0,227.94757290167948
173.0,224.81308933133525
173.0,215.89801854901805
197.0,223.07822245656567
225.0,213.29216276444984
232.0,188.4479177031677
222.0,173.08515057415605
214.0,163.39584665387906
218.0,158.41961978030267
237.0,160.11075760795458
250.0,161.24836175898534
255.0,159.15720920094927
257.0,156.0466677339669
257.0,154.31755906947222
257.0,163.0232186562498
257.0,201.998669857574
257.0,229.44955038073564
257.0,228.96262988105806
257.0,221.41061586627208
257.0,213.93725501452337
257.0,216.82830424551577
257.0,221.5838559586405
259.0,242.29615548840655
261.0,242.59984526431734
262.0,243.28460037312902
254.0,246.43517009573083
255.0,254.42976302589548
251.0,256.1270507846856
251.0,255.30032840651032
259.0,257.6764206529527
263.0,264.539811455752
264.0,271.3685566910902
256.0,271.2016974515627
258.0,271.0615427636237
238.0,275.11474075394057
231.8387062077109,275.9973455981241
235.90009881419428,276.08156407780626
230.0,265.61919865520247
206.0,265.34369482573754
197.0,261.6823351029243
211.0,259.5692885467179
216.0,266.7805249392473
212.0,271.633683719989
259.0,280.33124301080124
290.0,264.49224590825725
260.0,267.52586440092466
240.0,234.2469885319143
221.0,218.59721855641598
209.0,237.60305910753732
204.0,218.69856677599896
211.0,178.03939530702752
230.0,149.7763731077877
256.0,170.9639335184422
239.0,179.0459361551638
202.0,177.7719863803576
177.0,211.34688328449803
189.0,219.13019498280357
239.0,204.24905384741544
290.0,172.59747648029528
329.0,139.77022813937964
333.0,128.30632544598092
329.0,137.4377305385099
328.0,145.28295444209363
318.0,165.5018264585457
281.0,201.26202203060328
247.0,174.33496651426768
237.0,132.72019180933236
235.0,114.78219328796605
237.0,131.70633143048633
231.0,198.55422910156148
224.0,236.48686074954543
212.0,275.511720110546
207.0,268.07161502598456
229.0,263.95678501590294
262.0,262.94185947205267
278.0,261.7182830516583
275.0,229.94852057963172
263.0,184.49228340926726
245.0,179.67251626677697
229.0,158.31469640194925
219.0,170.88242308791953
215.0,168.73940690356127
208.0,167.77812895797962
211.0,177.2748164494832
222.0,169.33148421361093
234.0,188.92110643534411
244.0,242.56877490681143
269.0,246.2216693971386
286.0,244.49353213898067
282.0,232.89795775695816
270.0,223.79851472139646
261.0,201.26478280564618
256.0,189.47588557748196
260.0,187.63019087712
268.0,172.1295538121025
285.0,182.00598328056407
298.0,188.61994233966007
304.0,207.5403790589028
306.0,221.91736862761894
304.0,252.44693033752063
299.0,264.36116632963626
286.0,263.5379825634693
240.0,247.71663804697454
226.0,230.17298042348693
241.0,222.48542339155776
226.0,211.01670164743018
212.0,233.30272313034803
205.0,275.7442147593767
188.0,288.04405803104106
183.0,285.53699013568735
164.0,289.8184572376564
184.0,280.56553487744276
224.0,279.9592337525774
260.0,261.2091072298093
280.0,182.695384397356
288.0,164.9998086959465
291.0,173.04767277927994
292.0,167.97007147366762
292.0,160.5694921411461
292.0,158.12920964007176
289.0,149.72720895012245
285.0,147.2087128171331
283.0,124.59456687861497
271.0,160.1139689658433
269.0,217.26428257573605
278.0,240.6675001062968
212.0,263.8041421332657
206.0,270.38689473858597
193.0,268.05785826612
188.0,267.1898859597832
185.0,265.7581005115806
187.0,262.4572385907276
177.0,256.26354432602807
181.0,240.92627500751118
189.0,244.60968949788466
186.0,216.47450942412922
165.0,238.96801798366639
138.0,247.18649357235572
127.0,167.1359007615027
132.0,145.6622611736377
140.0,123.5689985001641
157.0,120.54531048663704
164.0,122.22754529282395
197.0,127.05580547457313
214.0,118.13839317193695
212.0,121.12626682266458
193.0,136.9388898955482
147.0,156.13347935979206
125.0,121.09187816801276
168.0,105.26018337802203
169.0,101.36060208608453
157.0,108.97063493293147
152.0,120.42931225135207
173.0,146.19351508236323
198.0,160.63820172306444
205.0,175.28541527316108
197.0,194.70457867154795
210.0,189.3901311163021
221.0,174.16172176219905
225.0,120.10181532702491
221.0,101.6240855813837
209.0,130.88460255972942
205.0,138.05288779235232
195.0,127.42552104158761
179.0,111.02322878726088
168.0,140.84830919737627
161.0,190.34326939877718
159.0,210.65728930017357
158.0,210.67162452251014
163.0,218.6933093846446
159.0,222.62632084250677
150.0,225.17327123960183
148.0,222.0690083576666
152.0,212.12261063420328
147.0,210.76751005935415
144.0,182.64177510614317
142.0,157.37886878749924
138.0,147.3766579003976
136.0,137.9368943670428
131.0,136.03849103456932
128.0,135.32412832472428
126.0,138.883929951407
126.0,138.21641119784286
126.0,133.88200055336816
123.0,144.6672445335065
126.0,150.63354991853757
139.0,149.96700575978295
129.0,150.14020654512188
127.0,147.36305579119306
135.0,143.17134683115015
147.0,142.39731368962555
148.0,128.2595498559499
135.0,125.5975348009698
124.0,120.88066768832678
118.0,120.09078158236123
117.0,119.5873371153201
118.0,112.1185844309539
117.0,122.40429301477177
115.0,160.1833099308774
126.0,131.69304043991357
137.0,129.59405994653022
141.0,153.38307959644317
141.0,170.75970569494444
133.0,166.43377663976665
134.0,140.43843847368538
139.0,123.17904343221959
139.0,116.27622052685352
144.0,114.06892699665737
145.0,116.26737326808605
140.0,115.91255729437006
148.0,113.06633080184726
158.0,131.97675294811688
163.0,151.53907395760902
158.0,174.00504231079586
148.0,166.37473882067872
155.0,148.10652529866746
170.0,140.98126882619107
181.0,140.46327381825904
176.0,136.22455376107564
174.0,139.90782817933047
175.0,139.61838663893184
165.0,122.29661997145348
153.0,135.83723557258605
148.0,145.78966578091752
140.0,145.81766410442143
133.0,143.0473933620289
127.0,128.46243036400705
123.0,143.60487709169988
131.0,159.78186199794024
140.0,173.17928778958867
148.0,162.79869593065376
154.0,155.11835494008022
159.0,151.92394995872024
169.0,145.98892622488577
167.0,126.05868254297856
160.0,131.35857912847723
162.0,131.15081586694293
169.0,113.85155637797587
171.0,108.83717809218939
171.0,104.74345485099728
176.0,111.66588810632692
177.0,121.8315785953987
172.0,145.68098683363868
165.0,158.8985570625049
159.0,165.3487006946847
153.0,178.35788090990474
148.0,171.26436279379766
138.0,169.00640626892138
116.0,173.05709180741053
112.0,177.55044391419378
117.0,180.383937281959
116.0,179.4848393481125
109.0,189.15075798274427
103.0,187.09262970282057
95.0,179.10435137501221
99.0,157.19057819294505
99.0,154.0654263544492
93.0,143.3111191296466
87.0,130.5342047199389
80.0,117.84463798781208
73.0,93.98114233452954
72.0,100.77104598841545
80.0,103.27939784242722
86.0,104.56368043070373
93.0,99.02715011828798
96.0,93.43001076414916
97.0,86.67570847841147
97.0,86.2419192011878
97.0,85.89995219368097
97.0,83.93007728837067
98.0,82.54968971148925
98.0,79.18799461458478
98.0,77.80381614508447
97.0,78.8057779258583
96.0,75.54386700450424
95.0,76.72571145992347
94.0,91.12497605228835
94.0,90.8814147441709
96.0,89.75608394610883
96.0,92.61672316992436
96.0,102.768035003613
96.0,104.20501283581245
96.0,107.83194961282652
95.0,111.10476150571614
94.0,98.9228933702762
90.0,95.15987774510171
87.0,92.36173364294322
87.0,93.64832442045669
88.0,92.8465759091525
90.0,93.98267844435601
91.0,96.25358522603123
91.0,96.79980629317919
90.0,97.37554419339848
91.0,98.16280812068824
91.0,98.45896400999368
91.0,97.08967509354899
91.0,96.89575879117966
92.0,91.13731542737843
92.0,89.48755780071475
92.0,90.0874896308262
92.0,90.68270221846923
91.0,91.72739223256522
91.0,93.99912993374033
90.0,95.24299298848868
88.0,97.20561413123997
87.0,98.910952089313
87.0,99.30792458337119
87.0,99.59272583097697
87.0,98.65786232656998
87.0,101.7537847917738
88.0,102.1777572184174
88.0,101.15817480401961
89.0,101.15817480401961
90.0,99.16096677318849
92.0,99.17733129858831
94.0,96.46676447901648
96.0,95.42738004845332
96.0,93.33762505551837
97.0,92.67204735673107
98.0,93.32843757954022
98.0,93.1435867868257
99.0,92.67536594840004
99.0,95.93813073645866
99.0,95.31266059336754
98.0,101.09040298158396
98.0,101.39927438172761
95.0,103.8344716412095
89.0,104.1451193834173
89.0,103.4913990692602
91.0,103.72447850924145
85.0,106.02793644244468
88.0,117.49160282786268
100.0,118.13112307897399
89.0,119.19279384330801
96.0,118.4421374859731
102.0,117.7745611569937
107.0,116.140838635405
111.0,115.15677754344237
110.0,109.43174596876156
114.0,102.4512978229278
121.0,102.4512978229278
130.0,106.61448096096112
115.0,99.84436266267062
107.0,102.29348668903496
101.0,120.53994269065447
110.0,101.39108939214782
123.0,109.91585890589374
132.0,124.57688839238936
128.0,130.10195554809005
124.0,132.4229604690473
126.0,130.6579681678881
128.0,138.4294686527353
130.0,142.56224978660427
124.0,155.59096534969663
120.0,135.6342578271273
117.0,123.69975420553433
118.0,115.04922331904157
119.0,125.47845831424556
123.0,149.75937243339888
129.0,156.63512498336777
139.0,149.71200367421443
157.0,138.2559484794553
